"month","plant","module_id","module_name","check_item","permit_count","check_count","pass_count","defect_count","critical_defect_count","open_defect_count","overdue_defect_count","pass_rate","risk_score","risk_level"
"2024-01","桃園","permit","許可基本資料","工作內容與地點完整","96","97","95","2","0","1","0","0.9794","7","低"
"2024-01","桃園","permit","許可基本資料","作業分級正確","96","94","92","2","0","1","0","0.9787","7","低"
"2024-01","桃園","permit","許可基本資料","核准工作時間明確","96","84","82","2","0","1","0","0.9762","7","低"
"2024-01","桃園","permit","許可基本資料","回簽資料完整","96","86","84","2","0","1","0","0.9767","7","低"
"2024-01","桃園","workType","作業分級與工作項目","動火/非動火判定正確","96","88","85","3","0","1","0","0.9659","9","低"
"2024-01","桃園","workType","作業分級與工作項目","A/B/C級作業判定正確","96","84","81","3","0","1","0","0.9643","9","低"
"2024-01","桃園","workType","作業分級與工作項目","附加檢點表適用","96","92","89","3","0","1","0","0.9674","9","低"
"2024-01","桃園","workType","作業分級與工作項目","延時工作經核准","96","93","90","3","0","1","0","0.9677","9","低"
"2024-01","桃園","contractor","承攬商與人員資格","施工人員名冊完整","96","85","81","4","1","2","1","0.9529","27","中"
"2024-01","桃園","contractor","承攬商與人員資格","工地負責人到場","96","97","93","4","1","2","1","0.9588","27","中"
"2024-01","桃園","contractor","承攬商與人員資格","安衛人員到場","96","91","87","4","1","1","0","0.956","19","中"
"2024-01","桃園","contractor","承攬商與人員資格","特殊作業主管資格符合","96","87","84","3","1","1","0","0.9655","17","低"
"2024-01","桃園","hazardNotice","危害告知","承攬商已知悉注意事項","96","90","88","2","0","1","0","0.9778","7","低"
"2024-01","桃園","hazardNotice","危害告知","施工人員完成危害告知","96","88","85","3","0","1","0","0.9659","9","低"
"2024-01","桃園","hazardNotice","危害告知","勤前教育紀錄完整","96","87","84","3","0","1","0","0.9655","9","低"
"2024-01","桃園","hazardNotice","危害告知","緊急聯絡資訊明確","96","86","83","3","0","1","0","0.9651","9","低"
"2024-01","桃園","isolation","環境安全隔離","設備管線已釋壓清洗","96","94","89","5","1","2","1","0.9468","29","中"
"2024-01","桃園","isolation","環境安全隔離","進出口已關斷/盲封/掛牌","96","85","81","4","1","2","0","0.9529","22","中"
"2024-01","桃園","isolation","環境安全隔離","電源隔離加鎖掛牌","96","84","80","4","1","1","0","0.9524","19","中"
"2024-01","桃園","isolation","環境安全隔離","暗溝陰井已堵塞密封","96","93","88","5","2","1","0","0.9462","29","中"
"2024-01","桃園","gas","氣體偵測","可燃性氣體低於20%LEL","96","96","92","4","1","1","0","0.9583","19","中"
"2024-01","桃園","gas","氣體偵測","氧氣濃度符合標準","96","82","79","3","1","1","0","0.9634","17","低"
"2024-01","桃園","gas","氣體偵測","有害氣體低於容許濃度","96","92","87","5","1","2","1","0.9457","29","中"
"2024-01","桃園","gas","氣體偵測","上下午或連續測定紀錄完整","96","90","85","5","1","2","0","0.9444","24","中"
"2024-01","桃園","fireExplosion","消防與防爆設備","20型滅火器配置足夠","96","94","89","5","2","1","0","0.9468","29","中"
"2024-01","桃園","fireExplosion","消防與防爆設備","防爆電氣設備符合","96","83","79","4","1","2","1","0.9518","27","中"
"2024-01","桃園","fireExplosion","消防與防爆設備","安全工具使用正確","96","81","78","3","1","1","0","0.963","17","低"
"2024-01","桃園","fireExplosion","消防與防爆設備","消防水帶或防火措施到位","96","93","88","5","1","2","0","0.9462","24","中"
"2024-01","桃園","ppeHeight","PPE與高處防墜","個人防護具穿戴正確","96","93","88","5","2","2","1","0.9462","37","中"
"2024-01","桃園","ppeHeight","PPE與高處防墜","安全帶/安全母索使用","96","85","81","4","1","1","0","0.9529","19","中"
"2024-01","桃園","ppeHeight","PPE與高處防墜","施工架檢點合格","96","98","94","4","1","2","1","0.9592","27","中"
"2024-01","桃園","ppeHeight","PPE與高處防墜","安全網或工作平台設置","96","97","92","5","1","2","0","0.9485","24","中"
"2024-01","桃園","patrol","巡查會簽","轄區檢點簽認","96","94","91","3","1","1","0","0.9681","17","低"
"2024-01","桃園","patrol","巡查會簽","監造巡查簽認","96","83","80","3","0","1","0","0.9639","9","低"
"2024-01","桃園","patrol","巡查會簽","安衛人員巡查紀錄","96","88","85","3","0","1","0","0.9659","9","低"
"2024-01","桃園","patrol","巡查會簽","異常已即時通知","96","95","92","3","0","1","0","0.9684","9","低"
"2024-01","桃園","closeout","收工回簽與現場紀錄","環境整理完成","96","84","80","4","1","1","0","0.9524","19","中"
"2024-01","桃園","closeout","收工回簽與現場紀錄","施工前後照片完整","96","92","88","4","1","2","1","0.9565","27","中"
"2024-01","桃園","closeout","收工回簽與現場紀錄","氣體偵測照片上傳","96","95","92","3","0","1","0","0.9684","9","低"
"2024-01","桃園","closeout","收工回簽與現場紀錄","改善事項結案佐證完整","96","96","92","4","1","2","0","0.9583","22","中"
"2024-02","桃園","permit","許可基本資料","工作內容與地點完整","103","99","96","3","0","1","0","0.9697","9","低"
"2024-02","桃園","permit","許可基本資料","作業分級正確","103","94","91","3","1","1","0","0.9681","17","低"
"2024-02","桃園","permit","許可基本資料","核准工作時間明確","103","100","97","3","0","1","0","0.97","9","低"
"2024-02","桃園","permit","許可基本資料","回簽資料完整","103","99","96","3","0","1","0","0.9697","9","低"
"2024-02","桃園","workType","作業分級與工作項目","動火/非動火判定正確","103","100","97","3","0","1","0","0.97","9","低"
"2024-02","桃園","workType","作業分級與工作項目","A/B/C級作業判定正確","103","87","84","3","0","1","0","0.9655","9","低"
"2024-02","桃園","workType","作業分級與工作項目","附加檢點表適用","103","98","95","3","1","1","0","0.9694","17","低"
"2024-02","桃園","workType","作業分級與工作項目","延時工作經核准","103","95","91","4","1","1","0","0.9579","19","中"
"2024-02","桃園","contractor","承攬商與人員資格","施工人員名冊完整","103","104","99","5","1","2","1","0.9519","29","中"
"2024-02","桃園","contractor","承攬商與人員資格","工地負責人到場","103","85","82","3","0","1","0","0.9647","9","低"
"2024-02","桃園","contractor","承攬商與人員資格","安衛人員到場","103","95","92","3","0","1","0","0.9684","9","低"
"2024-02","桃園","contractor","承攬商與人員資格","特殊作業主管資格符合","103","97","94","3","0","1","0","0.9691","9","低"
"2024-02","桃園","hazardNotice","危害告知","承攬商已知悉注意事項","103","92","89","3","0","1","0","0.9674","9","低"
"2024-02","桃園","hazardNotice","危害告知","施工人員完成危害告知","103","100","96","4","1","1","0","0.96","19","中"
"2024-02","桃園","hazardNotice","危害告知","勤前教育紀錄完整","103","95","92","3","0","1","0","0.9684","9","低"
"2024-02","桃園","hazardNotice","危害告知","緊急聯絡資訊明確","103","102","98","4","1","1","0","0.9608","19","中"
"2024-02","桃園","isolation","環境安全隔離","設備管線已釋壓清洗","103","101","96","5","1","2","0","0.9505","24","中"
"2024-02","桃園","isolation","環境安全隔離","進出口已關斷/盲封/掛牌","103","86","83","3","1","1","0","0.9651","17","低"
"2024-02","桃園","isolation","環境安全隔離","電源隔離加鎖掛牌","103","90","86","4","1","2","1","0.9556","27","中"
"2024-02","桃園","isolation","環境安全隔離","暗溝陰井已堵塞密封","103","94","90","4","1","1","0","0.9574","19","中"
"2024-02","桃園","gas","氣體偵測","可燃性氣體低於20%LEL","103","90","85","5","1","2","1","0.9444","29","中"
"2024-02","桃園","gas","氣體偵測","氧氣濃度符合標準","103","92","87","5","1","2","1","0.9457","29","中"
"2024-02","桃園","gas","氣體偵測","有害氣體低於容許濃度","103","93","88","5","2","1","0","0.9462","29","中"
"2024-02","桃園","gas","氣體偵測","上下午或連續測定紀錄完整","103","92","89","3","1","1","0","0.9674","17","低"
"2024-02","桃園","fireExplosion","消防與防爆設備","20型滅火器配置足夠","103","85","81","4","1","2","0","0.9529","22","中"
"2024-02","桃園","fireExplosion","消防與防爆設備","防爆電氣設備符合","103","104","98","6","2","2","1","0.9423","39","中"
"2024-02","桃園","fireExplosion","消防與防爆設備","安全工具使用正確","103","92","88","4","1","2","1","0.9565","27","中"
"2024-02","桃園","fireExplosion","消防與防爆設備","消防水帶或防火措施到位","103","89","84","5","2","2","1","0.9438","37","中"
"2024-02","桃園","ppeHeight","PPE與高處防墜","個人防護具穿戴正確","103","104","99","5","1","2","0","0.9519","24","中"
"2024-02","桃園","ppeHeight","PPE與高處防墜","安全帶/安全母索使用","103","85","81","4","1","1","0","0.9529","19","中"
"2024-02","桃園","ppeHeight","PPE與高處防墜","施工架檢點合格","103","99","94","5","1","1","0","0.9495","21","中"
"2024-02","桃園","ppeHeight","PPE與高處防墜","安全網或工作平台設置","103","102","97","5","2","2","1","0.951","37","中"
"2024-02","桃園","patrol","巡查會簽","轄區檢點簽認","103","96","93","3","0","1","0","0.9688","9","低"
"2024-02","桃園","patrol","巡查會簽","監造巡查簽認","103","103","99","4","1","2","1","0.9612","27","中"
"2024-02","桃園","patrol","巡查會簽","安衛人員巡查紀錄","103","95","91","4","1","2","1","0.9579","27","中"
"2024-02","桃園","patrol","巡查會簽","異常已即時通知","103","89","86","3","0","1","0","0.9663","9","低"
"2024-02","桃園","closeout","收工回簽與現場紀錄","環境整理完成","103","85","82","3","0","1","0","0.9647","9","低"
"2024-02","桃園","closeout","收工回簽與現場紀錄","施工前後照片完整","103","88","85","3","0","1","0","0.9659","9","低"
"2024-02","桃園","closeout","收工回簽與現場紀錄","氣體偵測照片上傳","103","104","99","5","1","2","1","0.9519","29","中"
"2024-02","桃園","closeout","收工回簽與現場紀錄","改善事項結案佐證完整","103","90","86","4","1","1","0","0.9556","19","中"
"2024-03","桃園","permit","許可基本資料","工作內容與地點完整","111","111","108","3","1","1","0","0.973","17","低"
"2024-03","桃園","permit","許可基本資料","作業分級正確","111","111","108","3","1","1","0","0.973","17","低"
"2024-03","桃園","permit","許可基本資料","核准工作時間明確","111","108","105","3","0","1","0","0.9722","9","低"
"2024-03","桃園","permit","許可基本資料","回簽資料完整","111","99","96","3","0","1","0","0.9697","9","低"
"2024-03","桃園","workType","作業分級與工作項目","動火/非動火判定正確","111","111","107","4","1","2","1","0.964","27","中"
"2024-03","桃園","workType","作業分級與工作項目","A/B/C級作業判定正確","111","103","99","4","0","1","0","0.9612","11","低"
"2024-03","桃園","workType","作業分級與工作項目","附加檢點表適用","111","95","91","4","0","1","0","0.9579","11","低"
"2024-03","桃園","workType","作業分級與工作項目","延時工作經核准","111","107","104","3","1","1","0","0.972","17","低"
"2024-03","桃園","contractor","承攬商與人員資格","施工人員名冊完整","111","100","96","4","1","2","1","0.96","27","中"
"2024-03","桃園","contractor","承攬商與人員資格","工地負責人到場","111","99","96","3","0","1","0","0.9697","9","低"
"2024-03","桃園","contractor","承攬商與人員資格","安衛人員到場","111","104","100","4","1","1","0","0.9615","19","中"
"2024-03","桃園","contractor","承攬商與人員資格","特殊作業主管資格符合","111","112","109","3","1","1","0","0.9732","17","低"
"2024-03","桃園","hazardNotice","危害告知","承攬商已知悉注意事項","111","92","90","2","0","1","0","0.9783","7","低"
"2024-03","桃園","hazardNotice","危害告知","施工人員完成危害告知","111","98","96","2","0","1","0","0.9796","7","低"
"2024-03","桃園","hazardNotice","危害告知","勤前教育紀錄完整","111","96","93","3","0","1","0","0.9688","9","低"
"2024-03","桃園","hazardNotice","危害告知","緊急聯絡資訊明確","111","106","103","3","0","1","0","0.9717","9","低"
"2024-03","桃園","isolation","環境安全隔離","設備管線已釋壓清洗","111","97","92","5","2","2","0","0.9485","32","中"
"2024-03","桃園","isolation","環境安全隔離","進出口已關斷/盲封/掛牌","111","94","90","4","1","2","1","0.9574","27","中"
"2024-03","桃園","isolation","環境安全隔離","電源隔離加鎖掛牌","111","100","95","5","1","2","1","0.95","29","中"
"2024-03","桃園","isolation","環境安全隔離","暗溝陰井已堵塞密封","111","113","108","5","1","1","0","0.9558","21","中"
"2024-03","桃園","gas","氣體偵測","可燃性氣體低於20%LEL","111","98","93","5","1","2","1","0.949","29","中"
"2024-03","桃園","gas","氣體偵測","氧氣濃度符合標準","111","105","101","4","1","1","0","0.9619","19","中"
"2024-03","桃園","gas","氣體偵測","有害氣體低於容許濃度","111","101","95","6","2","2","0","0.9406","34","中"
"2024-03","桃園","gas","氣體偵測","上下午或連續測定紀錄完整","111","107","102","5","2","2","1","0.9533","37","中"
"2024-03","桃園","fireExplosion","消防與防爆設備","20型滅火器配置足夠","111","105","100","5","1","1","0","0.9524","21","中"
"2024-03","桃園","fireExplosion","消防與防爆設備","防爆電氣設備符合","111","101","96","5","2","2","0","0.9505","32","中"
"2024-03","桃園","fireExplosion","消防與防爆設備","安全工具使用正確","111","97","93","4","1","1","0","0.9588","19","中"
"2024-03","桃園","fireExplosion","消防與防爆設備","消防水帶或防火措施到位","111","94","90","4","1","1","0","0.9574","19","中"
"2024-03","桃園","ppeHeight","PPE與高處防墜","個人防護具穿戴正確","111","97","93","4","1","1","0","0.9588","19","中"
"2024-03","桃園","ppeHeight","PPE與高處防墜","安全帶/安全母索使用","111","97","93","4","1","2","1","0.9588","27","中"
"2024-03","桃園","ppeHeight","PPE與高處防墜","施工架檢點合格","111","98","94","4","1","1","0","0.9592","19","中"
"2024-03","桃園","ppeHeight","PPE與高處防墜","安全網或工作平台設置","111","101","97","4","1","2","0","0.9604","22","中"
"2024-03","桃園","patrol","巡查會簽","轄區檢點簽認","111","97","93","4","1","1","0","0.9588","19","中"
"2024-03","桃園","patrol","巡查會簽","監造巡查簽認","111","91","88","3","0","1","0","0.967","9","低"
"2024-03","桃園","patrol","巡查會簽","安衛人員巡查紀錄","111","99","96","3","0","1","0","0.9697","9","低"
"2024-03","桃園","patrol","巡查會簽","異常已即時通知","111","99","95","4","0","1","0","0.9596","11","低"
"2024-03","桃園","closeout","收工回簽與現場紀錄","環境整理完成","111","109","105","4","0","1","0","0.9633","11","低"
"2024-03","桃園","closeout","收工回簽與現場紀錄","施工前後照片完整","111","103","99","4","1","1","0","0.9612","19","中"
"2024-03","桃園","closeout","收工回簽與現場紀錄","氣體偵測照片上傳","111","110","106","4","0","2","1","0.9636","19","中"
"2024-03","桃園","closeout","收工回簽與現場紀錄","改善事項結案佐證完整","111","110","105","5","1","2","1","0.9545","29","中"
"2024-04","桃園","permit","許可基本資料","工作內容與地點完整","109","106","103","3","0","1","0","0.9717","9","低"
"2024-04","桃園","permit","許可基本資料","作業分級正確","109","110","107","3","0","1","0","0.9727","9","低"
"2024-04","桃園","permit","許可基本資料","核准工作時間明確","109","90","88","2","0","1","0","0.9778","7","低"
"2024-04","桃園","permit","許可基本資料","回簽資料完整","109","94","91","3","1","1","0","0.9681","17","低"
"2024-04","桃園","workType","作業分級與工作項目","動火/非動火判定正確","109","100","97","3","0","1","0","0.97","9","低"
"2024-04","桃園","workType","作業分級與工作項目","A/B/C級作業判定正確","109","110","107","3","0","1","0","0.9727","9","低"
"2024-04","桃園","workType","作業分級與工作項目","附加檢點表適用","109","110","106","4","1","2","0","0.9636","22","中"
"2024-04","桃園","workType","作業分級與工作項目","延時工作經核准","109","103","99","4","1","2","1","0.9612","27","中"
"2024-04","桃園","contractor","承攬商與人員資格","施工人員名冊完整","109","104","100","4","1","2","1","0.9615","27","中"
"2024-04","桃園","contractor","承攬商與人員資格","工地負責人到場","109","101","97","4","1","2","1","0.9604","27","中"
"2024-04","桃園","contractor","承攬商與人員資格","安衛人員到場","109","106","102","4","0","1","0","0.9623","11","低"
"2024-04","桃園","contractor","承攬商與人員資格","特殊作業主管資格符合","109","101","98","3","0","1","0","0.9703","9","低"
"2024-04","桃園","hazardNotice","危害告知","承攬商已知悉注意事項","109","93","90","3","0","1","0","0.9677","9","低"
"2024-04","桃園","hazardNotice","危害告知","施工人員完成危害告知","109","107","103","4","1","1","0","0.9626","19","中"
"2024-04","桃園","hazardNotice","危害告知","勤前教育紀錄完整","109","103","99","4","1","1","0","0.9612","19","中"
"2024-04","桃園","hazardNotice","危害告知","緊急聯絡資訊明確","109","108","104","4","1","1","0","0.963","19","中"
"2024-04","桃園","isolation","環境安全隔離","設備管線已釋壓清洗","109","105","100","5","2","2","0","0.9524","32","中"
"2024-04","桃園","isolation","環境安全隔離","進出口已關斷/盲封/掛牌","109","96","92","4","1","2","0","0.9583","22","中"
"2024-04","桃園","isolation","環境安全隔離","電源隔離加鎖掛牌","109","108","104","4","1","1","0","0.963","19","中"
"2024-04","桃園","isolation","環境安全隔離","暗溝陰井已堵塞密封","109","101","97","4","1","1","0","0.9604","19","中"
"2024-04","桃園","gas","氣體偵測","可燃性氣體低於20%LEL","109","91","88","3","1","1","0","0.967","17","低"
"2024-04","桃園","gas","氣體偵測","氧氣濃度符合標準","109","98","93","5","1","2","1","0.949","29","中"
"2024-04","桃園","gas","氣體偵測","有害氣體低於容許濃度","109","95","90","5","2","2","1","0.9474","37","中"
"2024-04","桃園","gas","氣體偵測","上下午或連續測定紀錄完整","109","107","102","5","1","2","0","0.9533","24","中"
"2024-04","桃園","fireExplosion","消防與防爆設備","20型滅火器配置足夠","109","104","99","5","2","1","0","0.9519","29","中"
"2024-04","桃園","fireExplosion","消防與防爆設備","防爆電氣設備符合","109","90","86","4","1","1","0","0.9556","19","中"
"2024-04","桃園","fireExplosion","消防與防爆設備","安全工具使用正確","109","92","88","4","1","2","0","0.9565","22","中"
"2024-04","桃園","fireExplosion","消防與防爆設備","消防水帶或防火措施到位","109","91","86","5","1","2","1","0.9451","29","中"
"2024-04","桃園","ppeHeight","PPE與高處防墜","個人防護具穿戴正確","109","105","100","5","2","2","0","0.9524","32","中"
"2024-04","桃園","ppeHeight","PPE與高處防墜","安全帶/安全母索使用","109","107","101","6","1","2","1","0.9439","31","中"
"2024-04","桃園","ppeHeight","PPE與高處防墜","施工架檢點合格","109","99","95","4","1","2","1","0.9596","27","中"
"2024-04","桃園","ppeHeight","PPE與高處防墜","安全網或工作平台設置","109","106","101","5","1","2","1","0.9528","29","中"
"2024-04","桃園","patrol","巡查會簽","轄區檢點簽認","109","99","96","3","0","1","0","0.9697","9","低"
"2024-04","桃園","patrol","巡查會簽","監造巡查簽認","109","102","98","4","1","1","0","0.9608","19","中"
"2024-04","桃園","patrol","巡查會簽","安衛人員巡查紀錄","109","106","102","4","1","2","1","0.9623","27","中"
"2024-04","桃園","patrol","巡查會簽","異常已即時通知","109","109","105","4","1","1","0","0.9633","19","中"
"2024-04","桃園","closeout","收工回簽與現場紀錄","環境整理完成","109","104","100","4","1","2","0","0.9615","22","中"
"2024-04","桃園","closeout","收工回簽與現場紀錄","施工前後照片完整","109","102","98","4","1","2","1","0.9608","27","中"
"2024-04","桃園","closeout","收工回簽與現場紀錄","氣體偵測照片上傳","109","98","95","3","1","1","0","0.9694","17","低"
"2024-04","桃園","closeout","收工回簽與現場紀錄","改善事項結案佐證完整","109","91","88","3","1","1","0","0.967","17","低"
"2024-05","桃園","permit","許可基本資料","工作內容與地點完整","101","86","83","3","0","1","0","0.9651","9","低"
"2024-05","桃園","permit","許可基本資料","作業分級正確","101","96","93","3","1","1","0","0.9688","17","低"
"2024-05","桃園","permit","許可基本資料","核准工作時間明確","101","92","89","3","0","1","0","0.9674","9","低"
"2024-05","桃園","permit","許可基本資料","回簽資料完整","101","92","89","3","1","1","0","0.9674","17","低"
"2024-05","桃園","workType","作業分級與工作項目","動火/非動火判定正確","101","96","93","3","0","1","0","0.9688","9","低"
"2024-05","桃園","workType","作業分級與工作項目","A/B/C級作業判定正確","101","101","98","3","1","1","0","0.9703","17","低"
"2024-05","桃園","workType","作業分級與工作項目","附加檢點表適用","101","91","87","4","1","1","0","0.956","19","中"
"2024-05","桃園","workType","作業分級與工作項目","延時工作經核准","101","85","82","3","0","1","0","0.9647","9","低"
"2024-05","桃園","contractor","承攬商與人員資格","施工人員名冊完整","101","103","99","4","1","2","0","0.9612","22","中"
"2024-05","桃園","contractor","承攬商與人員資格","工地負責人到場","101","83","80","3","1","1","0","0.9639","17","低"
"2024-05","桃園","contractor","承攬商與人員資格","安衛人員到場","101","102","99","3","0","1","0","0.9706","9","低"
"2024-05","桃園","contractor","承攬商與人員資格","特殊作業主管資格符合","101","96","93","3","0","1","0","0.9688","9","低"
"2024-05","桃園","hazardNotice","危害告知","承攬商已知悉注意事項","101","90","87","3","0","1","0","0.9667","9","低"
"2024-05","桃園","hazardNotice","危害告知","施工人員完成危害告知","101","84","82","2","0","0","0","0.9762","4","低"
"2024-05","桃園","hazardNotice","危害告知","勤前教育紀錄完整","101","102","98","4","0","2","0","0.9608","14","低"
"2024-05","桃園","hazardNotice","危害告知","緊急聯絡資訊明確","101","102","99","3","0","1","0","0.9706","9","低"
"2024-05","桃園","isolation","環境安全隔離","設備管線已釋壓清洗","101","87","82","5","1","2","1","0.9425","29","中"
"2024-05","桃園","isolation","環境安全隔離","進出口已關斷/盲封/掛牌","101","85","80","5","2","2","0","0.9412","32","中"
"2024-05","桃園","isolation","環境安全隔離","電源隔離加鎖掛牌","101","92","89","3","1","1","0","0.9674","17","低"
"2024-05","桃園","isolation","環境安全隔離","暗溝陰井已堵塞密封","101","83","80","3","1","1","0","0.9639","17","低"
"2024-05","桃園","gas","氣體偵測","可燃性氣體低於20%LEL","101","84","80","4","1","1","0","0.9524","19","中"
"2024-05","桃園","gas","氣體偵測","氧氣濃度符合標準","101","100","95","5","1","2","0","0.95","24","中"
"2024-05","桃園","gas","氣體偵測","有害氣體低於容許濃度","101","88","83","5","1","2","1","0.9432","29","中"
"2024-05","桃園","gas","氣體偵測","上下午或連續測定紀錄完整","101","83","79","4","1","1","0","0.9518","19","中"
"2024-05","桃園","fireExplosion","消防與防爆設備","20型滅火器配置足夠","101","93","89","4","1","1","0","0.957","19","中"
"2024-05","桃園","fireExplosion","消防與防爆設備","防爆電氣設備符合","101","85","81","4","1","1","0","0.9529","19","中"
"2024-05","桃園","fireExplosion","消防與防爆設備","安全工具使用正確","101","93","89","4","1","1","0","0.957","19","中"
"2024-05","桃園","fireExplosion","消防與防爆設備","消防水帶或防火措施到位","101","94","89","5","1","2","0","0.9468","24","中"
"2024-05","桃園","ppeHeight","PPE與高處防墜","個人防護具穿戴正確","101","94","90","4","1","1","0","0.9574","19","中"
"2024-05","桃園","ppeHeight","PPE與高處防墜","安全帶/安全母索使用","101","90","86","4","1","1","0","0.9556","19","中"
"2024-05","桃園","ppeHeight","PPE與高處防墜","施工架檢點合格","101","93","89","4","1","2","1","0.957","27","中"
"2024-05","桃園","ppeHeight","PPE與高處防墜","安全網或工作平台設置","101","99","95","4","1","2","1","0.9596","27","中"
"2024-05","桃園","patrol","巡查會簽","轄區檢點簽認","101","84","81","3","0","1","0","0.9643","9","低"
"2024-05","桃園","patrol","巡查會簽","監造巡查簽認","101","89","86","3","1","1","0","0.9663","17","低"
"2024-05","桃園","patrol","巡查會簽","安衛人員巡查紀錄","101","95","92","3","0","1","0","0.9684","9","低"
"2024-05","桃園","patrol","巡查會簽","異常已即時通知","101","102","99","3","1","1","0","0.9706","17","低"
"2024-05","桃園","closeout","收工回簽與現場紀錄","環境整理完成","101","91","87","4","1","2","0","0.956","22","中"
"2024-05","桃園","closeout","收工回簽與現場紀錄","施工前後照片完整","101","100","96","4","0","2","1","0.96","19","中"
"2024-05","桃園","closeout","收工回簽與現場紀錄","氣體偵測照片上傳","101","95","92","3","0","1","0","0.9684","9","低"
"2024-05","桃園","closeout","收工回簽與現場紀錄","改善事項結案佐證完整","101","96","92","4","0","1","0","0.9583","11","低"
"2024-06","桃園","permit","許可基本資料","工作內容與地點完整","100","101","98","3","0","1","0","0.9703","9","低"
"2024-06","桃園","permit","許可基本資料","作業分級正確","100","98","95","3","1","1","0","0.9694","17","低"
"2024-06","桃園","permit","許可基本資料","核准工作時間明確","100","95","92","3","0","1","0","0.9684","9","低"
"2024-06","桃園","permit","許可基本資料","回簽資料完整","100","92","89","3","0","1","0","0.9674","9","低"
"2024-06","桃園","workType","作業分級與工作項目","動火/非動火判定正確","100","101","97","4","1","2","1","0.9604","27","中"
"2024-06","桃園","workType","作業分級與工作項目","A/B/C級作業判定正確","100","85","83","2","0","1","0","0.9765","7","低"
"2024-06","桃園","workType","作業分級與工作項目","附加檢點表適用","100","93","90","3","1","1","0","0.9677","17","低"
"2024-06","桃園","workType","作業分級與工作項目","延時工作經核准","100","85","82","3","0","1","0","0.9647","9","低"
"2024-06","桃園","contractor","承攬商與人員資格","施工人員名冊完整","100","99","95","4","1","2","1","0.9596","27","中"
"2024-06","桃園","contractor","承攬商與人員資格","工地負責人到場","100","88","85","3","0","1","0","0.9659","9","低"
"2024-06","桃園","contractor","承攬商與人員資格","安衛人員到場","100","92","88","4","1","2","0","0.9565","22","中"
"2024-06","桃園","contractor","承攬商與人員資格","特殊作業主管資格符合","100","94","90","4","1","2","0","0.9574","22","中"
"2024-06","桃園","hazardNotice","危害告知","承攬商已知悉注意事項","100","100","96","4","1","1","0","0.96","19","中"
"2024-06","桃園","hazardNotice","危害告知","施工人員完成危害告知","100","100","96","4","1","2","1","0.96","27","中"
"2024-06","桃園","hazardNotice","危害告知","勤前教育紀錄完整","100","98","95","3","0","1","0","0.9694","9","低"
"2024-06","桃園","hazardNotice","危害告知","緊急聯絡資訊明確","100","95","92","3","0","1","0","0.9684","9","低"
"2024-06","桃園","isolation","環境安全隔離","設備管線已釋壓清洗","100","94","90","4","1","1","0","0.9574","19","中"
"2024-06","桃園","isolation","環境安全隔離","進出口已關斷/盲封/掛牌","100","93","89","4","1","2","1","0.957","27","中"
"2024-06","桃園","isolation","環境安全隔離","電源隔離加鎖掛牌","100","99","95","4","1","1","0","0.9596","19","中"
"2024-06","桃園","isolation","環境安全隔離","暗溝陰井已堵塞密封","100","94","89","5","1","2","1","0.9468","29","中"
"2024-06","桃園","gas","氣體偵測","可燃性氣體低於20%LEL","100","98","94","4","1","1","0","0.9592","19","中"
"2024-06","桃園","gas","氣體偵測","氧氣濃度符合標準","100","87","83","4","1","2","1","0.954","27","中"
"2024-06","桃園","gas","氣體偵測","有害氣體低於容許濃度","100","97","93","4","1","2","1","0.9588","27","中"
"2024-06","桃園","gas","氣體偵測","上下午或連續測定紀錄完整","100","90","85","5","1","2","1","0.9444","29","中"
"2024-06","桃園","fireExplosion","消防與防爆設備","20型滅火器配置足夠","100","101","96","5","1","2","0","0.9505","24","中"
"2024-06","桃園","fireExplosion","消防與防爆設備","防爆電氣設備符合","100","93","88","5","2","1","0","0.9462","29","中"
"2024-06","桃園","fireExplosion","消防與防爆設備","安全工具使用正確","100","100","96","4","1","2","0","0.96","22","中"
"2024-06","桃園","fireExplosion","消防與防爆設備","消防水帶或防火措施到位","100","88","83","5","1","2","0","0.9432","24","中"
"2024-06","桃園","ppeHeight","PPE與高處防墜","個人防護具穿戴正確","100","97","93","4","1","2","1","0.9588","27","中"
"2024-06","桃園","ppeHeight","PPE與高處防墜","安全帶/安全母索使用","100","98","93","5","1","2","0","0.949","24","中"
"2024-06","桃園","ppeHeight","PPE與高處防墜","施工架檢點合格","100","93","88","5","1","2","1","0.9462","29","中"
"2024-06","桃園","ppeHeight","PPE與高處防墜","安全網或工作平台設置","100","84","81","3","1","1","0","0.9643","17","低"
"2024-06","桃園","patrol","巡查會簽","轄區檢點簽認","100","86","83","3","1","1","0","0.9651","17","低"
"2024-06","桃園","patrol","巡查會簽","監造巡查簽認","100","97","93","4","0","2","1","0.9588","19","中"
"2024-06","桃園","patrol","巡查會簽","安衛人員巡查紀錄","100","95","91","4","1","1","0","0.9579","19","中"
"2024-06","桃園","patrol","巡查會簽","異常已即時通知","100","84","81","3","0","1","0","0.9643","9","低"
"2024-06","桃園","closeout","收工回簽與現場紀錄","環境整理完成","100","89","85","4","0","2","0","0.9551","14","低"
"2024-06","桃園","closeout","收工回簽與現場紀錄","施工前後照片完整","100","94","90","4","1","1","0","0.9574","19","中"
"2024-06","桃園","closeout","收工回簽與現場紀錄","氣體偵測照片上傳","100","96","93","3","0","1","0","0.9688","9","低"
"2024-06","桃園","closeout","收工回簽與現場紀錄","改善事項結案佐證完整","100","98","94","4","0","1","0","0.9592","11","低"
"2024-07","桃園","permit","許可基本資料","工作內容與地點完整","98","96","93","3","0","1","0","0.9688","9","低"
"2024-07","桃園","permit","許可基本資料","作業分級正確","98","83","81","2","0","1","0","0.9759","7","低"
"2024-07","桃園","permit","許可基本資料","核准工作時間明確","98","91","88","3","0","1","0","0.967","9","低"
"2024-07","桃園","permit","許可基本資料","回簽資料完整","98","81","79","2","0","1","0","0.9753","7","低"
"2024-07","桃園","workType","作業分級與工作項目","動火/非動火判定正確","98","88","85","3","1","1","0","0.9659","17","低"
"2024-07","桃園","workType","作業分級與工作項目","A/B/C級作業判定正確","98","92","88","4","1","2","1","0.9565","27","中"
"2024-07","桃園","workType","作業分級與工作項目","附加檢點表適用","98","90","88","2","0","1","0","0.9778","7","低"
"2024-07","桃園","workType","作業分級與工作項目","延時工作經核准","98","84","82","2","0","1","0","0.9762","7","低"
"2024-07","桃園","contractor","承攬商與人員資格","施工人員名冊完整","98","85","82","3","1","1","0","0.9647","17","低"
"2024-07","桃園","contractor","承攬商與人員資格","工地負責人到場","98","88","85","3","0","1","0","0.9659","9","低"
"2024-07","桃園","contractor","承攬商與人員資格","安衛人員到場","98","91","88","3","1","1","0","0.967","17","低"
"2024-07","桃園","contractor","承攬商與人員資格","特殊作業主管資格符合","98","95","91","4","1","2","1","0.9579","27","中"
"2024-07","桃園","hazardNotice","危害告知","承攬商已知悉注意事項","98","97","94","3","0","1","0","0.9691","9","低"
"2024-07","桃園","hazardNotice","危害告知","施工人員完成危害告知","98","89","87","2","0","1","0","0.9775","7","低"
"2024-07","桃園","hazardNotice","危害告知","勤前教育紀錄完整","98","95","93","2","0","1","0","0.9789","7","低"
"2024-07","桃園","hazardNotice","危害告知","緊急聯絡資訊明確","98","97","94","3","1","1","0","0.9691","17","低"
"2024-07","桃園","isolation","環境安全隔離","設備管線已釋壓清洗","98","91","87","4","1","1","0","0.956","19","中"
"2024-07","桃園","isolation","環境安全隔離","進出口已關斷/盲封/掛牌","98","82","78","4","1","1","0","0.9512","19","中"
"2024-07","桃園","isolation","環境安全隔離","電源隔離加鎖掛牌","98","94","89","5","1","2","0","0.9468","24","中"
"2024-07","桃園","isolation","環境安全隔離","暗溝陰井已堵塞密封","98","86","83","3","1","1","0","0.9651","17","低"
"2024-07","桃園","gas","氣體偵測","可燃性氣體低於20%LEL","98","84","80","4","1","2","0","0.9524","22","中"
"2024-07","桃園","gas","氣體偵測","氧氣濃度符合標準","98","96","91","5","1","2","1","0.9479","29","中"
"2024-07","桃園","gas","氣體偵測","有害氣體低於容許濃度","98","86","83","3","1","1","0","0.9651","17","低"
"2024-07","桃園","gas","氣體偵測","上下午或連續測定紀錄完整","98","93","89","4","1","2","0","0.957","22","中"
"2024-07","桃園","fireExplosion","消防與防爆設備","20型滅火器配置足夠","98","85","80","5","1","2","0","0.9412","24","中"
"2024-07","桃園","fireExplosion","消防與防爆設備","防爆電氣設備符合","98","99","94","5","2","2","1","0.9495","37","中"
"2024-07","桃園","fireExplosion","消防與防爆設備","安全工具使用正確","98","84","80","4","1","1","0","0.9524","19","中"
"2024-07","桃園","fireExplosion","消防與防爆設備","消防水帶或防火措施到位","98","95","90","5","1","2","1","0.9474","29","中"
"2024-07","桃園","ppeHeight","PPE與高處防墜","個人防護具穿戴正確","98","94","90","4","1","1","0","0.9574","19","中"
"2024-07","桃園","ppeHeight","PPE與高處防墜","安全帶/安全母索使用","98","95","90","5","2","1","0","0.9474","29","中"
"2024-07","桃園","ppeHeight","PPE與高處防墜","施工架檢點合格","98","92","87","5","1","2","0","0.9457","24","中"
"2024-07","桃園","ppeHeight","PPE與高處防墜","安全網或工作平台設置","98","81","77","4","1","2","1","0.9506","27","中"
"2024-07","桃園","patrol","巡查會簽","轄區檢點簽認","98","90","87","3","0","1","0","0.9667","9","低"
"2024-07","桃園","patrol","巡查會簽","監造巡查簽認","98","83","80","3","0","1","0","0.9639","9","低"
"2024-07","桃園","patrol","巡查會簽","安衛人員巡查紀錄","98","94","91","3","0","1","0","0.9681","9","低"
"2024-07","桃園","patrol","巡查會簽","異常已即時通知","98","81","79","2","0","1","0","0.9753","7","低"
"2024-07","桃園","closeout","收工回簽與現場紀錄","環境整理完成","98","81","78","3","0","1","0","0.963","9","低"
"2024-07","桃園","closeout","收工回簽與現場紀錄","施工前後照片完整","98","96","92","4","1","2","0","0.9583","22","中"
"2024-07","桃園","closeout","收工回簽與現場紀錄","氣體偵測照片上傳","98","93","90","3","1","1","0","0.9677","17","低"
"2024-07","桃園","closeout","收工回簽與現場紀錄","改善事項結案佐證完整","98","89","85","4","0","2","1","0.9551","19","中"
"2024-08","桃園","permit","許可基本資料","工作內容與地點完整","87","84","82","2","0","1","0","0.9762","7","低"
"2024-08","桃園","permit","許可基本資料","作業分級正確","87","85","83","2","0","1","0","0.9765","7","低"
"2024-08","桃園","permit","許可基本資料","核准工作時間明確","87","77","75","2","0","1","0","0.974","7","低"
"2024-08","桃園","permit","許可基本資料","回簽資料完整","87","73","71","2","0","1","0","0.9726","7","低"
"2024-08","桃園","workType","作業分級與工作項目","動火/非動火判定正確","87","87","85","2","0","1","0","0.977","7","低"
"2024-08","桃園","workType","作業分級與工作項目","A/B/C級作業判定正確","87","78","75","3","1","1","0","0.9615","17","低"
"2024-08","桃園","workType","作業分級與工作項目","附加檢點表適用","87","85","82","3","0","1","0","0.9647","9","低"
"2024-08","桃園","workType","作業分級與工作項目","延時工作經核准","87","73","71","2","0","1","0","0.9726","7","低"
"2024-08","桃園","contractor","承攬商與人員資格","施工人員名冊完整","87","81","77","4","1","1","0","0.9506","19","中"
"2024-08","桃園","contractor","承攬商與人員資格","工地負責人到場","87","79","76","3","0","1","0","0.962","9","低"
"2024-08","桃園","contractor","承攬商與人員資格","安衛人員到場","87","74","71","3","1","1","0","0.9595","17","低"
"2024-08","桃園","contractor","承攬商與人員資格","特殊作業主管資格符合","87","83","80","3","1","1","0","0.9639","17","低"
"2024-08","桃園","hazardNotice","危害告知","承攬商已知悉注意事項","87","83","80","3","0","1","0","0.9639","9","低"
"2024-08","桃園","hazardNotice","危害告知","施工人員完成危害告知","87","86","84","2","0","0","0","0.9767","4","低"
"2024-08","桃園","hazardNotice","危害告知","勤前教育紀錄完整","87","74","72","2","0","1","0","0.973","7","低"
"2024-08","桃園","hazardNotice","危害告知","緊急聯絡資訊明確","87","83","80","3","0","1","0","0.9639","9","低"
"2024-08","桃園","isolation","環境安全隔離","設備管線已釋壓清洗","87","89","86","3","1","1","0","0.9663","17","低"
"2024-08","桃園","isolation","環境安全隔離","進出口已關斷/盲封/掛牌","87","85","81","4","1","2","0","0.9529","22","中"
"2024-08","桃園","isolation","環境安全隔離","電源隔離加鎖掛牌","87","82","78","4","1","1","0","0.9512","19","中"
"2024-08","桃園","isolation","環境安全隔離","暗溝陰井已堵塞密封","87","79","76","3","1","1","0","0.962","17","低"
"2024-08","桃園","gas","氣體偵測","可燃性氣體低於20%LEL","87","72","69","3","1","1","0","0.9583","17","低"
"2024-08","桃園","gas","氣體偵測","氧氣濃度符合標準","87","85","81","4","1","1","0","0.9529","19","中"
"2024-08","桃園","gas","氣體偵測","有害氣體低於容許濃度","87","85","82","3","1","1","0","0.9647","17","低"
"2024-08","桃園","gas","氣體偵測","上下午或連續測定紀錄完整","87","74","70","4","1","2","1","0.9459","27","中"
"2024-08","桃園","fireExplosion","消防與防爆設備","20型滅火器配置足夠","87","86","83","3","1","1","0","0.9651","17","低"
"2024-08","桃園","fireExplosion","消防與防爆設備","防爆電氣設備符合","87","80","77","3","1","1","0","0.9625","17","低"
"2024-08","桃園","fireExplosion","消防與防爆設備","安全工具使用正確","87","75","72","3","1","1","0","0.96","17","低"
"2024-08","桃園","fireExplosion","消防與防爆設備","消防水帶或防火措施到位","87","72","69","3","1","1","0","0.9583","17","低"
"2024-08","桃園","ppeHeight","PPE與高處防墜","個人防護具穿戴正確","87","76","73","3","1","1","0","0.9605","17","低"
"2024-08","桃園","ppeHeight","PPE與高處防墜","安全帶/安全母索使用","87","77","73","4","1","2","1","0.9481","27","中"
"2024-08","桃園","ppeHeight","PPE與高處防墜","施工架檢點合格","87","82","78","4","1","1","0","0.9512","19","中"
"2024-08","桃園","ppeHeight","PPE與高處防墜","安全網或工作平台設置","87","76","72","4","1","1","0","0.9474","19","中"
"2024-08","桃園","patrol","巡查會簽","轄區檢點簽認","87","88","85","3","0","1","0","0.9659","9","低"
"2024-08","桃園","patrol","巡查會簽","監造巡查簽認","87","84","81","3","1","1","0","0.9643","17","低"
"2024-08","桃園","patrol","巡查會簽","安衛人員巡查紀錄","87","76","74","2","0","1","0","0.9737","7","低"
"2024-08","桃園","patrol","巡查會簽","異常已即時通知","87","83","80","3","0","1","0","0.9639","9","低"
"2024-08","桃園","closeout","收工回簽與現場紀錄","環境整理完成","87","82","79","3","0","1","0","0.9634","9","低"
"2024-08","桃園","closeout","收工回簽與現場紀錄","施工前後照片完整","87","77","75","2","0","0","0","0.974","4","低"
"2024-08","桃園","closeout","收工回簽與現場紀錄","氣體偵測照片上傳","87","79","76","3","0","1","0","0.962","9","低"
"2024-08","桃園","closeout","收工回簽與現場紀錄","改善事項結案佐證完整","87","75","72","3","1","1","0","0.96","17","低"
"2024-09","桃園","permit","許可基本資料","工作內容與地點完整","93","92","89","3","0","1","0","0.9674","9","低"
"2024-09","桃園","permit","許可基本資料","作業分級正確","93","82","80","2","0","0","0","0.9756","4","低"
"2024-09","桃園","permit","許可基本資料","核准工作時間明確","93","78","76","2","0","1","0","0.9744","7","低"
"2024-09","桃園","permit","許可基本資料","回簽資料完整","93","83","81","2","0","1","0","0.9759","7","低"
"2024-09","桃園","workType","作業分級與工作項目","動火/非動火判定正確","93","78","75","3","0","1","0","0.9615","9","低"
"2024-09","桃園","workType","作業分級與工作項目","A/B/C級作業判定正確","93","91","88","3","0","1","0","0.967","9","低"
"2024-09","桃園","workType","作業分級與工作項目","附加檢點表適用","93","87","85","2","0","0","0","0.977","4","低"
"2024-09","桃園","workType","作業分級與工作項目","延時工作經核准","93","89","87","2","0","1","0","0.9775","7","低"
"2024-09","桃園","contractor","承攬商與人員資格","施工人員名冊完整","93","77","74","3","1","1","0","0.961","17","低"
"2024-09","桃園","contractor","承攬商與人員資格","工地負責人到場","93","87","83","4","1","1","0","0.954","19","中"
"2024-09","桃園","contractor","承攬商與人員資格","安衛人員到場","93","93","90","3","0","1","0","0.9677","9","低"
"2024-09","桃園","contractor","承攬商與人員資格","特殊作業主管資格符合","93","80","76","4","1","1","0","0.95","19","中"
"2024-09","桃園","hazardNotice","危害告知","承攬商已知悉注意事項","93","94","91","3","0","1","0","0.9681","9","低"
"2024-09","桃園","hazardNotice","危害告知","施工人員完成危害告知","93","77","75","2","0","1","0","0.974","7","低"
"2024-09","桃園","hazardNotice","危害告知","勤前教育紀錄完整","93","81","79","2","0","0","0","0.9753","4","低"
"2024-09","桃園","hazardNotice","危害告知","緊急聯絡資訊明確","93","91","89","2","0","1","0","0.978","7","低"
"2024-09","桃園","isolation","環境安全隔離","設備管線已釋壓清洗","93","78","75","3","1","1","0","0.9615","17","低"
"2024-09","桃園","isolation","環境安全隔離","進出口已關斷/盲封/掛牌","93","79","75","4","1","1","0","0.9494","19","中"
"2024-09","桃園","isolation","環境安全隔離","電源隔離加鎖掛牌","93","84","80","4","1","2","0","0.9524","22","中"
"2024-09","桃園","isolation","環境安全隔離","暗溝陰井已堵塞密封","93","77","74","3","1","1","0","0.961","17","低"
"2024-09","桃園","gas","氣體偵測","可燃性氣體低於20%LEL","93","84","79","5","2","1","0","0.9405","29","中"
"2024-09","桃園","gas","氣體偵測","氧氣濃度符合標準","93","77","74","3","1","1","0","0.961","17","低"
"2024-09","桃園","gas","氣體偵測","有害氣體低於容許濃度","93","86","82","4","1","1","0","0.9535","19","中"
"2024-09","桃園","gas","氣體偵測","上下午或連續測定紀錄完整","93","93","89","4","1","2","1","0.957","27","中"
"2024-09","桃園","fireExplosion","消防與防爆設備","20型滅火器配置足夠","93","84","79","5","2","2","0","0.9405","32","中"
"2024-09","桃園","fireExplosion","消防與防爆設備","防爆電氣設備符合","93","87","83","4","1","2","0","0.954","22","中"
"2024-09","桃園","fireExplosion","消防與防爆設備","安全工具使用正確","93","91","87","4","1","2","1","0.956","27","中"
"2024-09","桃園","fireExplosion","消防與防爆設備","消防水帶或防火措施到位","93","93","89","4","1","2","1","0.957","27","中"
"2024-09","桃園","ppeHeight","PPE與高處防墜","個人防護具穿戴正確","93","81","77","4","1","1","0","0.9506","19","中"
"2024-09","桃園","ppeHeight","PPE與高處防墜","安全帶/安全母索使用","93","79","75","4","1","1","0","0.9494","19","中"
"2024-09","桃園","ppeHeight","PPE與高處防墜","施工架檢點合格","93","89","85","4","1","1","0","0.9551","19","中"
"2024-09","桃園","ppeHeight","PPE與高處防墜","安全網或工作平台設置","93","92","87","5","2","1","0","0.9457","29","中"
"2024-09","桃園","patrol","巡查會簽","轄區檢點簽認","93","91","88","3","0","1","0","0.967","9","低"
"2024-09","桃園","patrol","巡查會簽","監造巡查簽認","93","90","87","3","0","1","0","0.9667","9","低"
"2024-09","桃園","patrol","巡查會簽","安衛人員巡查紀錄","93","87","84","3","0","1","0","0.9655","9","低"
"2024-09","桃園","patrol","巡查會簽","異常已即時通知","93","79","76","3","1","1","0","0.962","17","低"
"2024-09","桃園","closeout","收工回簽與現場紀錄","環境整理完成","93","84","81","3","1","1","0","0.9643","17","低"
"2024-09","桃園","closeout","收工回簽與現場紀錄","施工前後照片完整","93","85","81","4","1","2","0","0.9529","22","中"
"2024-09","桃園","closeout","收工回簽與現場紀錄","氣體偵測照片上傳","93","79","76","3","0","1","0","0.962","9","低"
"2024-09","桃園","closeout","收工回簽與現場紀錄","改善事項結案佐證完整","93","81","78","3","0","1","0","0.963","9","低"
"2024-10","桃園","permit","許可基本資料","工作內容與地點完整","94","88","85","3","0","1","0","0.9659","9","低"
"2024-10","桃園","permit","許可基本資料","作業分級正確","94","96","94","2","0","1","0","0.9792","7","低"
"2024-10","桃園","permit","許可基本資料","核准工作時間明確","94","86","84","2","0","1","0","0.9767","7","低"
"2024-10","桃園","permit","許可基本資料","回簽資料完整","94","92","89","3","0","1","0","0.9674","9","低"
"2024-10","桃園","workType","作業分級與工作項目","動火/非動火判定正確","94","95","91","4","0","2","0","0.9579","14","低"
"2024-10","桃園","workType","作業分級與工作項目","A/B/C級作業判定正確","94","81","78","3","0","1","0","0.963","9","低"
"2024-10","桃園","workType","作業分級與工作項目","附加檢點表適用","94","92","89","3","1","1","0","0.9674","17","低"
"2024-10","桃園","workType","作業分級與工作項目","延時工作經核准","94","87","84","3","0","1","0","0.9655","9","低"
"2024-10","桃園","contractor","承攬商與人員資格","施工人員名冊完整","94","89","85","4","0","2","1","0.9551","19","中"
"2024-10","桃園","contractor","承攬商與人員資格","工地負責人到場","94","91","88","3","0","1","0","0.967","9","低"
"2024-10","桃園","contractor","承攬商與人員資格","安衛人員到場","94","83","79","4","0","2","1","0.9518","19","中"
"2024-10","桃園","contractor","承攬商與人員資格","特殊作業主管資格符合","94","80","77","3","0","1","0","0.9625","9","低"
"2024-10","桃園","hazardNotice","危害告知","承攬商已知悉注意事項","94","89","87","2","0","1","0","0.9775","7","低"
"2024-10","桃園","hazardNotice","危害告知","施工人員完成危害告知","94","80","77","3","1","1","0","0.9625","17","低"
"2024-10","桃園","hazardNotice","危害告知","勤前教育紀錄完整","94","84","81","3","0","1","0","0.9643","9","低"
"2024-10","桃園","hazardNotice","危害告知","緊急聯絡資訊明確","94","78","76","2","0","1","0","0.9744","7","低"
"2024-10","桃園","isolation","環境安全隔離","設備管線已釋壓清洗","94","81","78","3","1","1","0","0.963","17","低"
"2024-10","桃園","isolation","環境安全隔離","進出口已關斷/盲封/掛牌","94","91","87","4","1","1","0","0.956","19","中"
"2024-10","桃園","isolation","環境安全隔離","電源隔離加鎖掛牌","94","83","80","3","1","1","0","0.9639","17","低"
"2024-10","桃園","isolation","環境安全隔離","暗溝陰井已堵塞密封","94","91","86","5","1","2","1","0.9451","29","中"
"2024-10","桃園","gas","氣體偵測","可燃性氣體低於20%LEL","94","91","87","4","1","2","0","0.956","22","中"
"2024-10","桃園","gas","氣體偵測","氧氣濃度符合標準","94","96","91","5","1","1","0","0.9479","21","中"
"2024-10","桃園","gas","氣體偵測","有害氣體低於容許濃度","94","94","89","5","1","2","1","0.9468","29","中"
"2024-10","桃園","gas","氣體偵測","上下午或連續測定紀錄完整","94","83","80","3","1","1","0","0.9639","17","低"
"2024-10","桃園","fireExplosion","消防與防爆設備","20型滅火器配置足夠","94","78","74","4","1","2","0","0.9487","22","中"
"2024-10","桃園","fireExplosion","消防與防爆設備","防爆電氣設備符合","94","95","90","5","2","2","0","0.9474","32","中"
"2024-10","桃園","fireExplosion","消防與防爆設備","安全工具使用正確","94","86","81","5","1","2","0","0.9419","24","中"
"2024-10","桃園","fireExplosion","消防與防爆設備","消防水帶或防火措施到位","94","88","84","4","1","1","0","0.9545","19","中"
"2024-10","桃園","ppeHeight","PPE與高處防墜","個人防護具穿戴正確","94","80","77","3","1","1","0","0.9625","17","低"
"2024-10","桃園","ppeHeight","PPE與高處防墜","安全帶/安全母索使用","94","91","88","3","1","1","0","0.967","17","低"
"2024-10","桃園","ppeHeight","PPE與高處防墜","施工架檢點合格","94","84","80","4","1","2","0","0.9524","22","中"
"2024-10","桃園","ppeHeight","PPE與高處防墜","安全網或工作平台設置","94","78","74","4","1","2","1","0.9487","27","中"
"2024-10","桃園","patrol","巡查會簽","轄區檢點簽認","94","89","86","3","0","1","0","0.9663","9","低"
"2024-10","桃園","patrol","巡查會簽","監造巡查簽認","94","85","82","3","0","1","0","0.9647","9","低"
"2024-10","桃園","patrol","巡查會簽","安衛人員巡查紀錄","94","82","80","2","0","1","0","0.9756","7","低"
"2024-10","桃園","patrol","巡查會簽","異常已即時通知","94","80","77","3","1","1","0","0.9625","17","低"
"2024-10","桃園","closeout","收工回簽與現場紀錄","環境整理完成","94","84","81","3","0","1","0","0.9643","9","低"
"2024-10","桃園","closeout","收工回簽與現場紀錄","施工前後照片完整","94","94","91","3","0","1","0","0.9681","9","低"
"2024-10","桃園","closeout","收工回簽與現場紀錄","氣體偵測照片上傳","94","94","90","4","1","1","0","0.9574","19","中"
"2024-10","桃園","closeout","收工回簽與現場紀錄","改善事項結案佐證完整","94","85","81","4","1","2","1","0.9529","27","中"
"2024-11","桃園","permit","許可基本資料","工作內容與地點完整","93","91","88","3","0","1","0","0.967","9","低"
"2024-11","桃園","permit","許可基本資料","作業分級正確","93","82","80","2","0","1","0","0.9756","7","低"
"2024-11","桃園","permit","許可基本資料","核准工作時間明確","93","79","77","2","0","1","0","0.9747","7","低"
"2024-11","桃園","permit","許可基本資料","回簽資料完整","93","84","82","2","0","0","0","0.9762","4","低"
"2024-11","桃園","workType","作業分級與工作項目","動火/非動火判定正確","93","77","74","3","0","1","0","0.961","9","低"
"2024-11","桃園","workType","作業分級與工作項目","A/B/C級作業判定正確","93","78","75","3","1","1","0","0.9615","17","低"
"2024-11","桃園","workType","作業分級與工作項目","附加檢點表適用","93","90","87","3","0","1","0","0.9667","9","低"
"2024-11","桃園","workType","作業分級與工作項目","延時工作經核准","93","77","74","3","0","1","0","0.961","9","低"
"2024-11","桃園","contractor","承攬商與人員資格","施工人員名冊完整","93","86","83","3","0","1","0","0.9651","9","低"
"2024-11","桃園","contractor","承攬商與人員資格","工地負責人到場","93","80","76","4","1","1","0","0.95","19","中"
"2024-11","桃園","contractor","承攬商與人員資格","安衛人員到場","93","77","74","3","0","1","0","0.961","9","低"
"2024-11","桃園","contractor","承攬商與人員資格","特殊作業主管資格符合","93","80","78","2","0","1","0","0.975","7","低"
"2024-11","桃園","hazardNotice","危害告知","承攬商已知悉注意事項","93","77","75","2","0","1","0","0.974","7","低"
"2024-11","桃園","hazardNotice","危害告知","施工人員完成危害告知","93","78","75","3","0","1","0","0.9615","9","低"
"2024-11","桃園","hazardNotice","危害告知","勤前教育紀錄完整","93","78","76","2","0","1","0","0.9744","7","低"
"2024-11","桃園","hazardNotice","危害告知","緊急聯絡資訊明確","93","80","78","2","0","1","0","0.975","7","低"
"2024-11","桃園","isolation","環境安全隔離","設備管線已釋壓清洗","93","85","81","4","1","1","0","0.9529","19","中"
"2024-11","桃園","isolation","環境安全隔離","進出口已關斷/盲封/掛牌","93","78","75","3","1","1","0","0.9615","17","低"
"2024-11","桃園","isolation","環境安全隔離","電源隔離加鎖掛牌","93","85","82","3","1","1","0","0.9647","17","低"
"2024-11","桃園","isolation","環境安全隔離","暗溝陰井已堵塞密封","93","91","87","4","1","1","0","0.956","19","中"
"2024-11","桃園","gas","氣體偵測","可燃性氣體低於20%LEL","93","81","77","4","1","2","1","0.9506","27","中"
"2024-11","桃園","gas","氣體偵測","氧氣濃度符合標準","93","90","86","4","1","1","0","0.9556","19","中"
"2024-11","桃園","gas","氣體偵測","有害氣體低於容許濃度","93","92","88","4","1","2","1","0.9565","27","中"
"2024-11","桃園","gas","氣體偵測","上下午或連續測定紀錄完整","93","88","83","5","1","1","0","0.9432","21","中"
"2024-11","桃園","fireExplosion","消防與防爆設備","20型滅火器配置足夠","93","93","89","4","1","1","0","0.957","19","中"
"2024-11","桃園","fireExplosion","消防與防爆設備","防爆電氣設備符合","93","86","81","5","1","1","0","0.9419","21","中"
"2024-11","桃園","fireExplosion","消防與防爆設備","安全工具使用正確","93","82","77","5","2","2","1","0.939","37","中"
"2024-11","桃園","fireExplosion","消防與防爆設備","消防水帶或防火措施到位","93","84","80","4","1","1","0","0.9524","19","中"
"2024-11","桃園","ppeHeight","PPE與高處防墜","個人防護具穿戴正確","93","80","77","3","1","1","0","0.9625","17","低"
"2024-11","桃園","ppeHeight","PPE與高處防墜","安全帶/安全母索使用","93","93","88","5","1","2","1","0.9462","29","中"
"2024-11","桃園","ppeHeight","PPE與高處防墜","施工架檢點合格","93","77","74","3","1","1","0","0.961","17","低"
"2024-11","桃園","ppeHeight","PPE與高處防墜","安全網或工作平台設置","93","92","88","4","1","1","0","0.9565","19","中"
"2024-11","桃園","patrol","巡查會簽","轄區檢點簽認","93","80","77","3","0","1","0","0.9625","9","低"
"2024-11","桃園","patrol","巡查會簽","監造巡查簽認","93","86","83","3","0","1","0","0.9651","9","低"
"2024-11","桃園","patrol","巡查會簽","安衛人員巡查紀錄","93","81","79","2","0","1","0","0.9753","7","低"
"2024-11","桃園","patrol","巡查會簽","異常已即時通知","93","86","83","3","0","1","0","0.9651","9","低"
"2024-11","桃園","closeout","收工回簽與現場紀錄","環境整理完成","93","88","85","3","0","1","0","0.9659","9","低"
"2024-11","桃園","closeout","收工回簽與現場紀錄","施工前後照片完整","93","94","90","4","0","2","0","0.9574","14","低"
"2024-11","桃園","closeout","收工回簽與現場紀錄","氣體偵測照片上傳","93","81","77","4","1","2","1","0.9506","27","中"
"2024-11","桃園","closeout","收工回簽與現場紀錄","改善事項結案佐證完整","93","85","81","4","1","1","0","0.9529","19","中"
"2024-12","桃園","permit","許可基本資料","工作內容與地點完整","103","104","101","3","1","1","0","0.9712","17","低"
"2024-12","桃園","permit","許可基本資料","作業分級正確","103","87","84","3","0","1","0","0.9655","9","低"
"2024-12","桃園","permit","許可基本資料","核准工作時間明確","103","89","86","3","0","1","0","0.9663","9","低"
"2024-12","桃園","permit","許可基本資料","回簽資料完整","103","89","86","3","1","1","0","0.9663","17","低"
"2024-12","桃園","workType","作業分級與工作項目","動火/非動火判定正確","103","105","102","3","0","1","0","0.9714","9","低"
"2024-12","桃園","workType","作業分級與工作項目","A/B/C級作業判定正確","103","102","98","4","0","1","0","0.9608","11","低"
"2024-12","桃園","workType","作業分級與工作項目","附加檢點表適用","103","89","86","3","0","1","0","0.9663","9","低"
"2024-12","桃園","workType","作業分級與工作項目","延時工作經核准","103","104","101","3","1","1","0","0.9712","17","低"
"2024-12","桃園","contractor","承攬商與人員資格","施工人員名冊完整","103","90","87","3","0","1","0","0.9667","9","低"
"2024-12","桃園","contractor","承攬商與人員資格","工地負責人到場","103","86","83","3","0","1","0","0.9651","9","低"
"2024-12","桃園","contractor","承攬商與人員資格","安衛人員到場","103","92","88","4","0","1","0","0.9565","11","低"
"2024-12","桃園","contractor","承攬商與人員資格","特殊作業主管資格符合","103","87","84","3","0","1","0","0.9655","9","低"
"2024-12","桃園","hazardNotice","危害告知","承攬商已知悉注意事項","103","86","84","2","0","1","0","0.9767","7","低"
"2024-12","桃園","hazardNotice","危害告知","施工人員完成危害告知","103","98","96","2","0","0","0","0.9796","4","低"
"2024-12","桃園","hazardNotice","危害告知","勤前教育紀錄完整","103","95","92","3","0","1","0","0.9684","9","低"
"2024-12","桃園","hazardNotice","危害告知","緊急聯絡資訊明確","103","94","91","3","0","1","0","0.9681","9","低"
"2024-12","桃園","isolation","環境安全隔離","設備管線已釋壓清洗","103","93","89","4","1","1","0","0.957","19","中"
"2024-12","桃園","isolation","環境安全隔離","進出口已關斷/盲封/掛牌","103","91","86","5","1","2","0","0.9451","24","中"
"2024-12","桃園","isolation","環境安全隔離","電源隔離加鎖掛牌","103","103","98","5","1","2","1","0.9515","29","中"
"2024-12","桃園","isolation","環境安全隔離","暗溝陰井已堵塞密封","103","104","100","4","1","1","0","0.9615","19","中"
"2024-12","桃園","gas","氣體偵測","可燃性氣體低於20%LEL","103","86","82","4","1","1","0","0.9535","19","中"
"2024-12","桃園","gas","氣體偵測","氧氣濃度符合標準","103","92","88","4","1","2","0","0.9565","22","中"
"2024-12","桃園","gas","氣體偵測","有害氣體低於容許濃度","103","94","90","4","1","1","0","0.9574","19","中"
"2024-12","桃園","gas","氣體偵測","上下午或連續測定紀錄完整","103","90","86","4","1","1","0","0.9556","19","中"
"2024-12","桃園","fireExplosion","消防與防爆設備","20型滅火器配置足夠","103","94","90","4","1","1","0","0.9574","19","中"
"2024-12","桃園","fireExplosion","消防與防爆設備","防爆電氣設備符合","103","102","96","6","1","2","1","0.9412","31","中"
"2024-12","桃園","fireExplosion","消防與防爆設備","安全工具使用正確","103","88","84","4","1","1","0","0.9545","19","中"
"2024-12","桃園","fireExplosion","消防與防爆設備","消防水帶或防火措施到位","103","91","86","5","2","2","1","0.9451","37","中"
"2024-12","桃園","ppeHeight","PPE與高處防墜","個人防護具穿戴正確","103","103","98","5","2","1","0","0.9515","29","中"
"2024-12","桃園","ppeHeight","PPE與高處防墜","安全帶/安全母索使用","103","86","81","5","1","2","1","0.9419","29","中"
"2024-12","桃園","ppeHeight","PPE與高處防墜","施工架檢點合格","103","93","89","4","1","1","0","0.957","19","中"
"2024-12","桃園","ppeHeight","PPE與高處防墜","安全網或工作平台設置","103","102","98","4","1","2","1","0.9608","27","中"
"2024-12","桃園","patrol","巡查會簽","轄區檢點簽認","103","91","88","3","0","1","0","0.967","9","低"
"2024-12","桃園","patrol","巡查會簽","監造巡查簽認","103","91","87","4","1","2","0","0.956","22","中"
"2024-12","桃園","patrol","巡查會簽","安衛人員巡查紀錄","103","103","100","3","0","1","0","0.9709","9","低"
"2024-12","桃園","patrol","巡查會簽","異常已即時通知","103","105","101","4","1","1","0","0.9619","19","中"
"2024-12","桃園","closeout","收工回簽與現場紀錄","環境整理完成","103","103","99","4","1","1","0","0.9612","19","中"
"2024-12","桃園","closeout","收工回簽與現場紀錄","施工前後照片完整","103","87","83","4","0","1","0","0.954","11","低"
"2024-12","桃園","closeout","收工回簽與現場紀錄","氣體偵測照片上傳","103","99","96","3","1","1","0","0.9697","17","低"
"2024-12","桃園","closeout","收工回簽與現場紀錄","改善事項結案佐證完整","103","96","92","4","0","2","1","0.9583","19","中"
"2025-01","桃園","permit","許可基本資料","工作內容與地點完整","104","105","102","3","0","1","0","0.9714","9","低"
"2025-01","桃園","permit","許可基本資料","作業分級正確","104","93","90","3","0","1","0","0.9677","9","低"
"2025-01","桃園","permit","許可基本資料","核准工作時間明確","104","90","88","2","0","1","0","0.9778","7","低"
"2025-01","桃園","permit","許可基本資料","回簽資料完整","104","96","94","2","0","1","0","0.9792","7","低"
"2025-01","桃園","workType","作業分級與工作項目","動火/非動火判定正確","104","89","86","3","1","1","0","0.9663","17","低"
"2025-01","桃園","workType","作業分級與工作項目","A/B/C級作業判定正確","104","104","101","3","0","1","0","0.9712","9","低"
"2025-01","桃園","workType","作業分級與工作項目","附加檢點表適用","104","98","95","3","0","1","0","0.9694","9","低"
"2025-01","桃園","workType","作業分級與工作項目","延時工作經核准","104","94","90","4","1","1","0","0.9574","19","中"
"2025-01","桃園","contractor","承攬商與人員資格","施工人員名冊完整","104","105","101","4","0","2","1","0.9619","19","中"
"2025-01","桃園","contractor","承攬商與人員資格","工地負責人到場","104","103","99","4","0","1","0","0.9612","11","低"
"2025-01","桃園","contractor","承攬商與人員資格","安衛人員到場","104","103","99","4","1","1","0","0.9612","19","中"
"2025-01","桃園","contractor","承攬商與人員資格","特殊作業主管資格符合","104","105","101","4","1","1","0","0.9619","19","中"
"2025-01","桃園","hazardNotice","危害告知","承攬商已知悉注意事項","104","102","99","3","0","1","0","0.9706","9","低"
"2025-01","桃園","hazardNotice","危害告知","施工人員完成危害告知","104","98","95","3","1","1","0","0.9694","17","低"
"2025-01","桃園","hazardNotice","危害告知","勤前教育紀錄完整","104","86","83","3","0","1","0","0.9651","9","低"
"2025-01","桃園","hazardNotice","危害告知","緊急聯絡資訊明確","104","89","87","2","0","1","0","0.9775","7","低"
"2025-01","桃園","isolation","環境安全隔離","設備管線已釋壓清洗","104","91","86","5","1","2","0","0.9451","24","中"
"2025-01","桃園","isolation","環境安全隔離","進出口已關斷/盲封/掛牌","104","93","88","5","2","1","0","0.9462","29","中"
"2025-01","桃園","isolation","環境安全隔離","電源隔離加鎖掛牌","104","87","83","4","1","2","0","0.954","22","中"
"2025-01","桃園","isolation","環境安全隔離","暗溝陰井已堵塞密封","104","96","92","4","1","1","0","0.9583","19","中"
"2025-01","桃園","gas","氣體偵測","可燃性氣體低於20%LEL","104","97","92","5","1","2","1","0.9485","29","中"
"2025-01","桃園","gas","氣體偵測","氧氣濃度符合標準","104","96","91","5","1","1","0","0.9479","21","中"
"2025-01","桃園","gas","氣體偵測","有害氣體低於容許濃度","104","95","90","5","1","2","0","0.9474","24","中"
"2025-01","桃園","gas","氣體偵測","上下午或連續測定紀錄完整","104","95","91","4","1","2","1","0.9579","27","中"
"2025-01","桃園","fireExplosion","消防與防爆設備","20型滅火器配置足夠","104","87","83","4","1","1","0","0.954","19","中"
"2025-01","桃園","fireExplosion","消防與防爆設備","防爆電氣設備符合","104","101","97","4","1","2","0","0.9604","22","中"
"2025-01","桃園","fireExplosion","消防與防爆設備","安全工具使用正確","104","87","83","4","1","2","0","0.954","22","中"
"2025-01","桃園","fireExplosion","消防與防爆設備","消防水帶或防火措施到位","104","88","85","3","1","1","0","0.9659","17","低"
"2025-01","桃園","ppeHeight","PPE與高處防墜","個人防護具穿戴正確","104","88","84","4","1","2","1","0.9545","27","中"
"2025-01","桃園","ppeHeight","PPE與高處防墜","安全帶/安全母索使用","104","102","98","4","1","1","0","0.9608","19","中"
"2025-01","桃園","ppeHeight","PPE與高處防墜","施工架檢點合格","104","103","99","4","1","2","0","0.9612","22","中"
"2025-01","桃園","ppeHeight","PPE與高處防墜","安全網或工作平台設置","104","96","91","5","1","1","0","0.9479","21","中"
"2025-01","桃園","patrol","巡查會簽","轄區檢點簽認","104","105","102","3","1","1","0","0.9714","17","低"
"2025-01","桃園","patrol","巡查會簽","監造巡查簽認","104","105","101","4","1","1","0","0.9619","19","中"
"2025-01","桃園","patrol","巡查會簽","安衛人員巡查紀錄","104","89","86","3","0","1","0","0.9663","9","低"
"2025-01","桃園","patrol","巡查會簽","異常已即時通知","104","102","99","3","0","1","0","0.9706","9","低"
"2025-01","桃園","closeout","收工回簽與現場紀錄","環境整理完成","104","91","88","3","0","1","0","0.967","9","低"
"2025-01","桃園","closeout","收工回簽與現場紀錄","施工前後照片完整","104","101","98","3","0","1","0","0.9703","9","低"
"2025-01","桃園","closeout","收工回簽與現場紀錄","氣體偵測照片上傳","104","90","87","3","1","1","0","0.9667","17","低"
"2025-01","桃園","closeout","收工回簽與現場紀錄","改善事項結案佐證完整","104","103","99","4","1","1","0","0.9612","19","中"
"2025-02","桃園","permit","許可基本資料","工作內容與地點完整","104","95","92","3","1","1","0","0.9684","17","低"
"2025-02","桃園","permit","許可基本資料","作業分級正確","104","88","85","3","0","1","0","0.9659","9","低"
"2025-02","桃園","permit","許可基本資料","核准工作時間明確","104","93","90","3","0","1","0","0.9677","9","低"
"2025-02","桃園","permit","許可基本資料","回簽資料完整","104","91","89","2","0","1","0","0.978","7","低"
"2025-02","桃園","workType","作業分級與工作項目","動火/非動火判定正確","104","88","85","3","0","1","0","0.9659","9","低"
"2025-02","桃園","workType","作業分級與工作項目","A/B/C級作業判定正確","104","90","88","2","0","1","0","0.9778","7","低"
"2025-02","桃園","workType","作業分級與工作項目","附加檢點表適用","104","87","85","2","0","1","0","0.977","7","低"
"2025-02","桃園","workType","作業分級與工作項目","延時工作經核准","104","102","99","3","0","1","0","0.9706","9","低"
"2025-02","桃園","contractor","承攬商與人員資格","施工人員名冊完整","104","97","93","4","0","2","0","0.9588","14","低"
"2025-02","桃園","contractor","承攬商與人員資格","工地負責人到場","104","98","94","4","1","2","1","0.9592","27","中"
"2025-02","桃園","contractor","承攬商與人員資格","安衛人員到場","104","90","87","3","1","1","0","0.9667","17","低"
"2025-02","桃園","contractor","承攬商與人員資格","特殊作業主管資格符合","104","97","93","4","0","1","0","0.9588","11","低"
"2025-02","桃園","hazardNotice","危害告知","承攬商已知悉注意事項","104","97","94","3","0","1","0","0.9691","9","低"
"2025-02","桃園","hazardNotice","危害告知","施工人員完成危害告知","104","103","100","3","0","1","0","0.9709","9","低"
"2025-02","桃園","hazardNotice","危害告知","勤前教育紀錄完整","104","87","84","3","1","1","0","0.9655","17","低"
"2025-02","桃園","hazardNotice","危害告知","緊急聯絡資訊明確","104","92","89","3","1","1","0","0.9674","17","低"
"2025-02","桃園","isolation","環境安全隔離","設備管線已釋壓清洗","104","99","95","4","1","2","1","0.9596","27","中"
"2025-02","桃園","isolation","環境安全隔離","進出口已關斷/盲封/掛牌","104","99","95","4","1","1","0","0.9596","19","中"
"2025-02","桃園","isolation","環境安全隔離","電源隔離加鎖掛牌","104","96","93","3","1","1","0","0.9688","17","低"
"2025-02","桃園","isolation","環境安全隔離","暗溝陰井已堵塞密封","104","90","87","3","1","1","0","0.9667","17","低"
"2025-02","桃園","gas","氣體偵測","可燃性氣體低於20%LEL","104","87","83","4","1","1","0","0.954","19","中"
"2025-02","桃園","gas","氣體偵測","氧氣濃度符合標準","104","95","90","5","1","2","0","0.9474","24","中"
"2025-02","桃園","gas","氣體偵測","有害氣體低於容許濃度","104","88","83","5","1","2","1","0.9432","29","中"
"2025-02","桃園","gas","氣體偵測","上下午或連續測定紀錄完整","104","106","102","4","1","1","0","0.9623","19","中"
"2025-02","桃園","fireExplosion","消防與防爆設備","20型滅火器配置足夠","104","91","86","5","2","2","0","0.9451","32","中"
"2025-02","桃園","fireExplosion","消防與防爆設備","防爆電氣設備符合","104","88","84","4","1","2","1","0.9545","27","中"
"2025-02","桃園","fireExplosion","消防與防爆設備","安全工具使用正確","104","89","85","4","1","1","0","0.9551","19","中"
"2025-02","桃園","fireExplosion","消防與防爆設備","消防水帶或防火措施到位","104","93","88","5","1","2","0","0.9462","24","中"
"2025-02","桃園","ppeHeight","PPE與高處防墜","個人防護具穿戴正確","104","100","96","4","1","1","0","0.96","19","中"
"2025-02","桃園","ppeHeight","PPE與高處防墜","安全帶/安全母索使用","104","105","101","4","1","1","0","0.9619","19","中"
"2025-02","桃園","ppeHeight","PPE與高處防墜","施工架檢點合格","104","86","82","4","1","1","0","0.9535","19","中"
"2025-02","桃園","ppeHeight","PPE與高處防墜","安全網或工作平台設置","104","101","96","5","1","2","0","0.9505","24","中"
"2025-02","桃園","patrol","巡查會簽","轄區檢點簽認","104","101","97","4","0","1","0","0.9604","11","低"
"2025-02","桃園","patrol","巡查會簽","監造巡查簽認","104","87","84","3","0","1","0","0.9655","9","低"
"2025-02","桃園","patrol","巡查會簽","安衛人員巡查紀錄","104","99","96","3","0","1","0","0.9697","9","低"
"2025-02","桃園","patrol","巡查會簽","異常已即時通知","104","89","87","2","0","1","0","0.9775","7","低"
"2025-02","桃園","closeout","收工回簽與現場紀錄","環境整理完成","104","85","82","3","0","1","0","0.9647","9","低"
"2025-02","桃園","closeout","收工回簽與現場紀錄","施工前後照片完整","104","87","84","3","1","1","0","0.9655","17","低"
"2025-02","桃園","closeout","收工回簽與現場紀錄","氣體偵測照片上傳","104","96","93","3","0","1","0","0.9688","9","低"
"2025-02","桃園","closeout","收工回簽與現場紀錄","改善事項結案佐證完整","104","88","84","4","1","2","0","0.9545","22","中"
"2025-03","桃園","permit","許可基本資料","工作內容與地點完整","106","105","102","3","1","1","0","0.9714","17","低"
"2025-03","桃園","permit","許可基本資料","作業分級正確","106","92","89","3","0","1","0","0.9674","9","低"
"2025-03","桃園","permit","許可基本資料","核准工作時間明確","106","90","88","2","0","1","0","0.9778","7","低"
"2025-03","桃園","permit","許可基本資料","回簽資料完整","106","95","92","3","0","1","0","0.9684","9","低"
"2025-03","桃園","workType","作業分級與工作項目","動火/非動火判定正確","106","104","101","3","0","1","0","0.9712","9","低"
"2025-03","桃園","workType","作業分級與工作項目","A/B/C級作業判定正確","106","97","93","4","0","1","0","0.9588","11","低"
"2025-03","桃園","workType","作業分級與工作項目","附加檢點表適用","106","106","103","3","1","1","0","0.9717","17","低"
"2025-03","桃園","workType","作業分級與工作項目","延時工作經核准","106","107","104","3","0","1","0","0.972","9","低"
"2025-03","桃園","contractor","承攬商與人員資格","施工人員名冊完整","106","97","93","4","1","2","0","0.9588","22","中"
"2025-03","桃園","contractor","承攬商與人員資格","工地負責人到場","106","106","103","3","0","1","0","0.9717","9","低"
"2025-03","桃園","contractor","承攬商與人員資格","安衛人員到場","106","99","96","3","0","1","0","0.9697","9","低"
"2025-03","桃園","contractor","承攬商與人員資格","特殊作業主管資格符合","106","96","93","3","0","1","0","0.9688","9","低"
"2025-03","桃園","hazardNotice","危害告知","承攬商已知悉注意事項","106","95","93","2","0","1","0","0.9789","7","低"
"2025-03","桃園","hazardNotice","危害告知","施工人員完成危害告知","106","105","102","3","0","1","0","0.9714","9","低"
"2025-03","桃園","hazardNotice","危害告知","勤前教育紀錄完整","106","95","92","3","1","1","0","0.9684","17","低"
"2025-03","桃園","hazardNotice","危害告知","緊急聯絡資訊明確","106","107","104","3","0","1","0","0.972","9","低"
"2025-03","桃園","isolation","環境安全隔離","設備管線已釋壓清洗","106","88","83","5","1","1","0","0.9432","21","中"
"2025-03","桃園","isolation","環境安全隔離","進出口已關斷/盲封/掛牌","106","97","92","5","1","1","0","0.9485","21","中"
"2025-03","桃園","isolation","環境安全隔離","電源隔離加鎖掛牌","106","92","88","4","1","1","0","0.9565","19","中"
"2025-03","桃園","isolation","環境安全隔離","暗溝陰井已堵塞密封","106","92","89","3","1","1","0","0.9674","17","低"
"2025-03","桃園","gas","氣體偵測","可燃性氣體低於20%LEL","106","90","86","4","1","2","1","0.9556","27","中"
"2025-03","桃園","gas","氣體偵測","氧氣濃度符合標準","106","106","102","4","1","1","0","0.9623","19","中"
"2025-03","桃園","gas","氣體偵測","有害氣體低於容許濃度","106","100","96","4","1","1","0","0.96","19","中"
"2025-03","桃園","gas","氣體偵測","上下午或連續測定紀錄完整","106","95","91","4","1","1","0","0.9579","19","中"
"2025-03","桃園","fireExplosion","消防與防爆設備","20型滅火器配置足夠","106","93","90","3","1","1","0","0.9677","17","低"
"2025-03","桃園","fireExplosion","消防與防爆設備","防爆電氣設備符合","106","96","91","5","1","1","0","0.9479","21","中"
"2025-03","桃園","fireExplosion","消防與防爆設備","安全工具使用正確","106","104","99","5","1","2","0","0.9519","24","中"
"2025-03","桃園","fireExplosion","消防與防爆設備","消防水帶或防火措施到位","106","95","91","4","1","1","0","0.9579","19","中"
"2025-03","桃園","ppeHeight","PPE與高處防墜","個人防護具穿戴正確","106","97","93","4","1","2","0","0.9588","22","中"
"2025-03","桃園","ppeHeight","PPE與高處防墜","安全帶/安全母索使用","106","88","84","4","1","1","0","0.9545","19","中"
"2025-03","桃園","ppeHeight","PPE與高處防墜","施工架檢點合格","106","96","92","4","1","1","0","0.9583","19","中"
"2025-03","桃園","ppeHeight","PPE與高處防墜","安全網或工作平台設置","106","102","98","4","1","1","0","0.9608","19","中"
"2025-03","桃園","patrol","巡查會簽","轄區檢點簽認","106","92","89","3","0","1","0","0.9674","9","低"
"2025-03","桃園","patrol","巡查會簽","監造巡查簽認","106","102","99","3","0","1","0","0.9706","9","低"
"2025-03","桃園","patrol","巡查會簽","安衛人員巡查紀錄","106","89","86","3","1","1","0","0.9663","17","低"
"2025-03","桃園","patrol","巡查會簽","異常已即時通知","106","97","94","3","0","1","0","0.9691","9","低"
"2025-03","桃園","closeout","收工回簽與現場紀錄","環境整理完成","106","94","90","4","1","1","0","0.9574","19","中"
"2025-03","桃園","closeout","收工回簽與現場紀錄","施工前後照片完整","106","91","88","3","1","1","0","0.967","17","低"
"2025-03","桃園","closeout","收工回簽與現場紀錄","氣體偵測照片上傳","106","95","91","4","0","1","0","0.9579","11","低"
"2025-03","桃園","closeout","收工回簽與現場紀錄","改善事項結案佐證完整","106","90","87","3","0","1","0","0.9667","9","低"
"2025-04","桃園","permit","許可基本資料","工作內容與地點完整","112","104","101","3","0","1","0","0.9712","9","低"
"2025-04","桃園","permit","許可基本資料","作業分級正確","112","101","98","3","1","1","0","0.9703","17","低"
"2025-04","桃園","permit","許可基本資料","核准工作時間明確","112","99","97","2","0","0","0","0.9798","4","低"
"2025-04","桃園","permit","許可基本資料","回簽資料完整","112","102","99","3","1","1","0","0.9706","17","低"
"2025-04","桃園","workType","作業分級與工作項目","動火/非動火判定正確","112","114","111","3","0","1","0","0.9737","9","低"
"2025-04","桃園","workType","作業分級與工作項目","A/B/C級作業判定正確","112","102","98","4","1","1","0","0.9608","19","中"
"2025-04","桃園","workType","作業分級與工作項目","附加檢點表適用","112","111","108","3","0","1","0","0.973","9","低"
"2025-04","桃園","workType","作業分級與工作項目","延時工作經核准","112","98","95","3","1","1","0","0.9694","17","低"
"2025-04","桃園","contractor","承攬商與人員資格","施工人員名冊完整","112","103","99","4","0","1","0","0.9612","11","低"
"2025-04","桃園","contractor","承攬商與人員資格","工地負責人到場","112","93","89","4","1","1","0","0.957","19","中"
"2025-04","桃園","contractor","承攬商與人員資格","安衛人員到場","112","99","95","4","1","2","0","0.9596","22","中"
"2025-04","桃園","contractor","承攬商與人員資格","特殊作業主管資格符合","112","102","99","3","1","1","0","0.9706","17","低"
"2025-04","桃園","hazardNotice","危害告知","承攬商已知悉注意事項","112","94","91","3","0","1","0","0.9681","9","低"
"2025-04","桃園","hazardNotice","危害告知","施工人員完成危害告知","112","106","103","3","1","1","0","0.9717","17","低"
"2025-04","桃園","hazardNotice","危害告知","勤前教育紀錄完整","112","105","102","3","0","1","0","0.9714","9","低"
"2025-04","桃園","hazardNotice","危害告知","緊急聯絡資訊明確","112","95","92","3","0","1","0","0.9684","9","低"
"2025-04","桃園","isolation","環境安全隔離","設備管線已釋壓清洗","112","97","93","4","1","2","0","0.9588","22","中"
"2025-04","桃園","isolation","環境安全隔離","進出口已關斷/盲封/掛牌","112","113","109","4","1","1","0","0.9646","19","中"
"2025-04","桃園","isolation","環境安全隔離","電源隔離加鎖掛牌","112","104","99","5","2","2","0","0.9519","32","中"
"2025-04","桃園","isolation","環境安全隔離","暗溝陰井已堵塞密封","112","95","90","5","1","2","1","0.9474","29","中"
"2025-04","桃園","gas","氣體偵測","可燃性氣體低於20%LEL","112","108","102","6","1","2","1","0.9444","31","中"
"2025-04","桃園","gas","氣體偵測","氧氣濃度符合標準","112","112","108","4","1","2","1","0.9643","27","中"
"2025-04","桃園","gas","氣體偵測","有害氣體低於容許濃度","112","94","89","5","1","1","0","0.9468","21","中"
"2025-04","桃園","gas","氣體偵測","上下午或連續測定紀錄完整","112","102","98","4","1","1","0","0.9608","19","中"
"2025-04","桃園","fireExplosion","消防與防爆設備","20型滅火器配置足夠","112","100","94","6","2","2","0","0.94","34","中"
"2025-04","桃園","fireExplosion","消防與防爆設備","防爆電氣設備符合","112","104","100","4","1","1","0","0.9615","19","中"
"2025-04","桃園","fireExplosion","消防與防爆設備","安全工具使用正確","112","102","97","5","1","2","0","0.951","24","中"
"2025-04","桃園","fireExplosion","消防與防爆設備","消防水帶或防火措施到位","112","96","91","5","1","1","0","0.9479","21","中"
"2025-04","桃園","ppeHeight","PPE與高處防墜","個人防護具穿戴正確","112","109","104","5","1","1","0","0.9541","21","中"
"2025-04","桃園","ppeHeight","PPE與高處防墜","安全帶/安全母索使用","112","92","88","4","1","1","0","0.9565","19","中"
"2025-04","桃園","ppeHeight","PPE與高處防墜","施工架檢點合格","112","98","94","4","1","2","1","0.9592","27","中"
"2025-04","桃園","ppeHeight","PPE與高處防墜","安全網或工作平台設置","112","104","100","4","1","1","0","0.9615","19","中"
"2025-04","桃園","patrol","巡查會簽","轄區檢點簽認","112","95","92","3","0","1","0","0.9684","9","低"
"2025-04","桃園","patrol","巡查會簽","監造巡查簽認","112","108","105","3","0","1","0","0.9722","9","低"
"2025-04","桃園","patrol","巡查會簽","安衛人員巡查紀錄","112","94","91","3","0","1","0","0.9681","9","低"
"2025-04","桃園","patrol","巡查會簽","異常已即時通知","112","96","93","3","0","1","0","0.9688","9","低"
"2025-04","桃園","closeout","收工回簽與現場紀錄","環境整理完成","112","98","94","4","1","2","1","0.9592","27","中"
"2025-04","桃園","closeout","收工回簽與現場紀錄","施工前後照片完整","112","107","102","5","0","2","0","0.9533","16","低"
"2025-04","桃園","closeout","收工回簽與現場紀錄","氣體偵測照片上傳","112","94","90","4","1","2","1","0.9574","27","中"
"2025-04","桃園","closeout","收工回簽與現場紀錄","改善事項結案佐證完整","112","102","98","4","0","2","0","0.9608","14","低"
"2025-05","桃園","permit","許可基本資料","工作內容與地點完整","101","100","97","3","0","1","0","0.97","9","低"
"2025-05","桃園","permit","許可基本資料","作業分級正確","101","101","99","2","0","1","0","0.9802","7","低"
"2025-05","桃園","permit","許可基本資料","核准工作時間明確","101","101","98","3","0","1","0","0.9703","9","低"
"2025-05","桃園","permit","許可基本資料","回簽資料完整","101","96","93","3","0","1","0","0.9688","9","低"
"2025-05","桃園","workType","作業分級與工作項目","動火/非動火判定正確","101","101","97","4","1","1","0","0.9604","19","中"
"2025-05","桃園","workType","作業分級與工作項目","A/B/C級作業判定正確","101","97","94","3","1","1","0","0.9691","17","低"
"2025-05","桃園","workType","作業分級與工作項目","附加檢點表適用","101","102","98","4","0","1","0","0.9608","11","低"
"2025-05","桃園","workType","作業分級與工作項目","延時工作經核准","101","92","89","3","0","1","0","0.9674","9","低"
"2025-05","桃園","contractor","承攬商與人員資格","施工人員名冊完整","101","97","93","4","1","2","0","0.9588","22","中"
"2025-05","桃園","contractor","承攬商與人員資格","工地負責人到場","101","89","85","4","1","2","0","0.9551","22","中"
"2025-05","桃園","contractor","承攬商與人員資格","安衛人員到場","101","96","93","3","1","1","0","0.9688","17","低"
"2025-05","桃園","contractor","承攬商與人員資格","特殊作業主管資格符合","101","94","90","4","1","1","0","0.9574","19","中"
"2025-05","桃園","hazardNotice","危害告知","承攬商已知悉注意事項","101","94","92","2","0","0","0","0.9787","4","低"
"2025-05","桃園","hazardNotice","危害告知","施工人員完成危害告知","101","87","85","2","0","1","0","0.977","7","低"
"2025-05","桃園","hazardNotice","危害告知","勤前教育紀錄完整","101","97","94","3","0","1","0","0.9691","9","低"
"2025-05","桃園","hazardNotice","危害告知","緊急聯絡資訊明確","101","102","99","3","0","1","0","0.9706","9","低"
"2025-05","桃園","isolation","環境安全隔離","設備管線已釋壓清洗","101","96","92","4","1","1","0","0.9583","19","中"
"2025-05","桃園","isolation","環境安全隔離","進出口已關斷/盲封/掛牌","101","100","96","4","1","1","0","0.96","19","中"
"2025-05","桃園","isolation","環境安全隔離","電源隔離加鎖掛牌","101","85","82","3","1","1","0","0.9647","17","低"
"2025-05","桃園","isolation","環境安全隔離","暗溝陰井已堵塞密封","101","89","85","4","1","1","0","0.9551","19","中"
"2025-05","桃園","gas","氣體偵測","可燃性氣體低於20%LEL","101","94","90","4","1","1","0","0.9574","19","中"
"2025-05","桃園","gas","氣體偵測","氧氣濃度符合標準","101","94","90","4","1","1","0","0.9574","19","中"
"2025-05","桃園","gas","氣體偵測","有害氣體低於容許濃度","101","103","99","4","1","1","0","0.9612","19","中"
"2025-05","桃園","gas","氣體偵測","上下午或連續測定紀錄完整","101","95","91","4","1","1","0","0.9579","19","中"
"2025-05","桃園","fireExplosion","消防與防爆設備","20型滅火器配置足夠","101","86","83","3","1","1","0","0.9651","17","低"
"2025-05","桃園","fireExplosion","消防與防爆設備","防爆電氣設備符合","101","85","82","3","1","1","0","0.9647","17","低"
"2025-05","桃園","fireExplosion","消防與防爆設備","安全工具使用正確","101","83","80","3","1","1","0","0.9639","17","低"
"2025-05","桃園","fireExplosion","消防與防爆設備","消防水帶或防火措施到位","101","97","93","4","1","2","1","0.9588","27","中"
"2025-05","桃園","ppeHeight","PPE與高處防墜","個人防護具穿戴正確","101","89","85","4","1","1","0","0.9551","19","中"
"2025-05","桃園","ppeHeight","PPE與高處防墜","安全帶/安全母索使用","101","90","86","4","1","2","1","0.9556","27","中"
"2025-05","桃園","ppeHeight","PPE與高處防墜","施工架檢點合格","101","87","84","3","1","1","0","0.9655","17","低"
"2025-05","桃園","ppeHeight","PPE與高處防墜","安全網或工作平台設置","101","100","96","4","1","1","0","0.96","19","中"
"2025-05","桃園","patrol","巡查會簽","轄區檢點簽認","101","86","83","3","1","1","0","0.9651","17","低"
"2025-05","桃園","patrol","巡查會簽","監造巡查簽認","101","88","85","3","1","1","0","0.9659","17","低"
"2025-05","桃園","patrol","巡查會簽","安衛人員巡查紀錄","101","94","91","3","0","1","0","0.9681","9","低"
"2025-05","桃園","patrol","巡查會簽","異常已即時通知","101","83","80","3","0","1","0","0.9639","9","低"
"2025-05","桃園","closeout","收工回簽與現場紀錄","環境整理完成","101","98","95","3","0","1","0","0.9694","9","低"
"2025-05","桃園","closeout","收工回簽與現場紀錄","施工前後照片完整","101","93","90","3","0","1","0","0.9677","9","低"
"2025-05","桃園","closeout","收工回簽與現場紀錄","氣體偵測照片上傳","101","88","84","4","0","2","1","0.9545","19","中"
"2025-05","桃園","closeout","收工回簽與現場紀錄","改善事項結案佐證完整","101","102","99","3","0","1","0","0.9706","9","低"
"2025-06","桃園","permit","許可基本資料","工作內容與地點完整","100","85","83","2","0","1","0","0.9765","7","低"
"2025-06","桃園","permit","許可基本資料","作業分級正確","100","99","96","3","0","1","0","0.9697","9","低"
"2025-06","桃園","permit","許可基本資料","核准工作時間明確","100","100","97","3","1","1","0","0.97","17","低"
"2025-06","桃園","permit","許可基本資料","回簽資料完整","100","87","84","3","0","1","0","0.9655","9","低"
"2025-06","桃園","workType","作業分級與工作項目","動火/非動火判定正確","100","97","95","2","0","1","0","0.9794","7","低"
"2025-06","桃園","workType","作業分級與工作項目","A/B/C級作業判定正確","100","94","91","3","0","1","0","0.9681","9","低"
"2025-06","桃園","workType","作業分級與工作項目","附加檢點表適用","100","93","90","3","1","1","0","0.9677","17","低"
"2025-06","桃園","workType","作業分級與工作項目","延時工作經核准","100","95","92","3","0","1","0","0.9684","9","低"
"2025-06","桃園","contractor","承攬商與人員資格","施工人員名冊完整","100","96","92","4","1","1","0","0.9583","19","中"
"2025-06","桃園","contractor","承攬商與人員資格","工地負責人到場","100","89","85","4","1","2","1","0.9551","27","中"
"2025-06","桃園","contractor","承攬商與人員資格","安衛人員到場","100","87","84","3","0","1","0","0.9655","9","低"
"2025-06","桃園","contractor","承攬商與人員資格","特殊作業主管資格符合","100","93","89","4","1","2","1","0.957","27","中"
"2025-06","桃園","hazardNotice","危害告知","承攬商已知悉注意事項","100","100","97","3","0","1","0","0.97","9","低"
"2025-06","桃園","hazardNotice","危害告知","施工人員完成危害告知","100","96","93","3","0","1","0","0.9688","9","低"
"2025-06","桃園","hazardNotice","危害告知","勤前教育紀錄完整","100","87","85","2","0","1","0","0.977","7","低"
"2025-06","桃園","hazardNotice","危害告知","緊急聯絡資訊明確","100","98","95","3","0","1","0","0.9694","9","低"
"2025-06","桃園","isolation","環境安全隔離","設備管線已釋壓清洗","100","100","96","4","1","2","1","0.96","27","中"
"2025-06","桃園","isolation","環境安全隔離","進出口已關斷/盲封/掛牌","100","84","80","4","1","1","0","0.9524","19","中"
"2025-06","桃園","isolation","環境安全隔離","電源隔離加鎖掛牌","100","98","94","4","1","1","0","0.9592","19","中"
"2025-06","桃園","isolation","環境安全隔離","暗溝陰井已堵塞密封","100","86","82","4","1","2","0","0.9535","22","中"
"2025-06","桃園","gas","氣體偵測","可燃性氣體低於20%LEL","100","97","93","4","1","2","0","0.9588","22","中"
"2025-06","桃園","gas","氣體偵測","氧氣濃度符合標準","100","88","84","4","1","2","1","0.9545","27","中"
"2025-06","桃園","gas","氣體偵測","有害氣體低於容許濃度","100","87","82","5","1","1","0","0.9425","21","中"
"2025-06","桃園","gas","氣體偵測","上下午或連續測定紀錄完整","100","95","91","4","1","2","0","0.9579","22","中"
"2025-06","桃園","fireExplosion","消防與防爆設備","20型滅火器配置足夠","100","85","80","5","1","1","0","0.9412","21","中"
"2025-06","桃園","fireExplosion","消防與防爆設備","防爆電氣設備符合","100","92","88","4","1","2","1","0.9565","27","中"
"2025-06","桃園","fireExplosion","消防與防爆設備","安全工具使用正確","100","101","96","5","2","1","0","0.9505","29","中"
"2025-06","桃園","fireExplosion","消防與防爆設備","消防水帶或防火措施到位","100","98","93","5","1","1","0","0.949","21","中"
"2025-06","桃園","ppeHeight","PPE與高處防墜","個人防護具穿戴正確","100","93","90","3","1","1","0","0.9677","17","低"
"2025-06","桃園","ppeHeight","PPE與高處防墜","安全帶/安全母索使用","100","87","83","4","1","2","0","0.954","22","中"
"2025-06","桃園","ppeHeight","PPE與高處防墜","施工架檢點合格","100","97","93","4","1","2","1","0.9588","27","中"
"2025-06","桃園","ppeHeight","PPE與高處防墜","安全網或工作平台設置","100","87","83","4","1","2","1","0.954","27","中"
"2025-06","桃園","patrol","巡查會簽","轄區檢點簽認","100","95","91","4","0","2","0","0.9579","14","低"
"2025-06","桃園","patrol","巡查會簽","監造巡查簽認","100","87","84","3","0","1","0","0.9655","9","低"
"2025-06","桃園","patrol","巡查會簽","安衛人員巡查紀錄","100","83","80","3","0","1","0","0.9639","9","低"
"2025-06","桃園","patrol","巡查會簽","異常已即時通知","100","86","83","3","0","1","0","0.9651","9","低"
"2025-06","桃園","closeout","收工回簽與現場紀錄","環境整理完成","100","96","93","3","0","1","0","0.9688","9","低"
"2025-06","桃園","closeout","收工回簽與現場紀錄","施工前後照片完整","100","94","90","4","1","1","0","0.9574","19","中"
"2025-06","桃園","closeout","收工回簽與現場紀錄","氣體偵測照片上傳","100","98","94","4","1","2","1","0.9592","27","中"
"2025-06","桃園","closeout","收工回簽與現場紀錄","改善事項結案佐證完整","100","88","85","3","0","1","0","0.9659","9","低"
"2025-07","桃園","permit","許可基本資料","工作內容與地點完整","99","92","90","2","0","1","0","0.9783","7","低"
"2025-07","桃園","permit","許可基本資料","作業分級正確","99","86","83","3","0","1","0","0.9651","9","低"
"2025-07","桃園","permit","許可基本資料","核准工作時間明確","99","96","94","2","0","1","0","0.9792","7","低"
"2025-07","桃園","permit","許可基本資料","回簽資料完整","99","85","83","2","0","1","0","0.9765","7","低"
"2025-07","桃園","workType","作業分級與工作項目","動火/非動火判定正確","99","87","84","3","0","1","0","0.9655","9","低"
"2025-07","桃園","workType","作業分級與工作項目","A/B/C級作業判定正確","99","93","91","2","0","1","0","0.9785","7","低"
"2025-07","桃園","workType","作業分級與工作項目","附加檢點表適用","99","98","95","3","1","1","0","0.9694","17","低"
"2025-07","桃園","workType","作業分級與工作項目","延時工作經核准","99","83","80","3","0","1","0","0.9639","9","低"
"2025-07","桃園","contractor","承攬商與人員資格","施工人員名冊完整","99","96","92","4","1","1","0","0.9583","19","中"
"2025-07","桃園","contractor","承攬商與人員資格","工地負責人到場","99","94","91","3","0","1","0","0.9681","9","低"
"2025-07","桃園","contractor","承攬商與人員資格","安衛人員到場","99","84","81","3","1","1","0","0.9643","17","低"
"2025-07","桃園","contractor","承攬商與人員資格","特殊作業主管資格符合","99","86","83","3","0","1","0","0.9651","9","低"
"2025-07","桃園","hazardNotice","危害告知","承攬商已知悉注意事項","99","85","83","2","0","1","0","0.9765","7","低"
"2025-07","桃園","hazardNotice","危害告知","施工人員完成危害告知","99","100","97","3","0","1","0","0.97","9","低"
"2025-07","桃園","hazardNotice","危害告知","勤前教育紀錄完整","99","90","88","2","0","1","0","0.9778","7","低"
"2025-07","桃園","hazardNotice","危害告知","緊急聯絡資訊明確","99","95","92","3","0","1","0","0.9684","9","低"
"2025-07","桃園","isolation","環境安全隔離","設備管線已釋壓清洗","99","97","92","5","2","1","0","0.9485","29","中"
"2025-07","桃園","isolation","環境安全隔離","進出口已關斷/盲封/掛牌","99","86","81","5","1","1","0","0.9419","21","中"
"2025-07","桃園","isolation","環境安全隔離","電源隔離加鎖掛牌","99","86","82","4","1","2","1","0.9535","27","中"
"2025-07","桃園","isolation","環境安全隔離","暗溝陰井已堵塞密封","99","95","90","5","2","2","1","0.9474","37","中"
"2025-07","桃園","gas","氣體偵測","可燃性氣體低於20%LEL","99","99","94","5","2","1","0","0.9495","29","中"
"2025-07","桃園","gas","氣體偵測","氧氣濃度符合標準","99","86","82","4","1","2","0","0.9535","22","中"
"2025-07","桃園","gas","氣體偵測","有害氣體低於容許濃度","99","93","90","3","1","1","0","0.9677","17","低"
"2025-07","桃園","gas","氣體偵測","上下午或連續測定紀錄完整","99","96","92","4","1","2","1","0.9583","27","中"
"2025-07","桃園","fireExplosion","消防與防爆設備","20型滅火器配置足夠","99","86","83","3","1","1","0","0.9651","17","低"
"2025-07","桃園","fireExplosion","消防與防爆設備","防爆電氣設備符合","99","100","95","5","1","2","0","0.95","24","中"
"2025-07","桃園","fireExplosion","消防與防爆設備","安全工具使用正確","99","99","95","4","1","2","1","0.9596","27","中"
"2025-07","桃園","fireExplosion","消防與防爆設備","消防水帶或防火措施到位","99","99","94","5","2","1","0","0.9495","29","中"
"2025-07","桃園","ppeHeight","PPE與高處防墜","個人防護具穿戴正確","99","93","89","4","1","2","0","0.957","22","中"
"2025-07","桃園","ppeHeight","PPE與高處防墜","安全帶/安全母索使用","99","93","89","4","1","1","0","0.957","19","中"
"2025-07","桃園","ppeHeight","PPE與高處防墜","施工架檢點合格","99","100","95","5","1","2","0","0.95","24","中"
"2025-07","桃園","ppeHeight","PPE與高處防墜","安全網或工作平台設置","99","92","87","5","1","2","1","0.9457","29","中"
"2025-07","桃園","patrol","巡查會簽","轄區檢點簽認","99","96","93","3","0","1","0","0.9688","9","低"
"2025-07","桃園","patrol","巡查會簽","監造巡查簽認","99","93","90","3","1","1","0","0.9677","17","低"
"2025-07","桃園","patrol","巡查會簽","安衛人員巡查紀錄","99","83","80","3","0","1","0","0.9639","9","低"
"2025-07","桃園","patrol","巡查會簽","異常已即時通知","99","100","97","3","1","1","0","0.97","17","低"
"2025-07","桃園","closeout","收工回簽與現場紀錄","環境整理完成","99","86","82","4","1","2","1","0.9535","27","中"
"2025-07","桃園","closeout","收工回簽與現場紀錄","施工前後照片完整","99","93","90","3","1","1","0","0.9677","17","低"
"2025-07","桃園","closeout","收工回簽與現場紀錄","氣體偵測照片上傳","99","100","97","3","0","1","0","0.97","9","低"
"2025-07","桃園","closeout","收工回簽與現場紀錄","改善事項結案佐證完整","99","83","80","3","1","1","0","0.9639","17","低"
"2025-08","桃園","permit","許可基本資料","工作內容與地點完整","90","75","73","2","0","0","0","0.9733","4","低"
"2025-08","桃園","permit","許可基本資料","作業分級正確","90","87","85","2","0","1","0","0.977","7","低"
"2025-08","桃園","permit","許可基本資料","核准工作時間明確","90","74","72","2","0","1","0","0.973","7","低"
"2025-08","桃園","permit","許可基本資料","回簽資料完整","90","88","86","2","0","1","0","0.9773","7","低"
"2025-08","桃園","workType","作業分級與工作項目","動火/非動火判定正確","90","74","71","3","0","1","0","0.9595","9","低"
"2025-08","桃園","workType","作業分級與工作項目","A/B/C級作業判定正確","90","74","71","3","1","1","0","0.9595","17","低"
"2025-08","桃園","workType","作業分級與工作項目","附加檢點表適用","90","86","84","2","0","1","0","0.9767","7","低"
"2025-08","桃園","workType","作業分級與工作項目","延時工作經核准","90","89","86","3","0","1","0","0.9663","9","低"
"2025-08","桃園","contractor","承攬商與人員資格","施工人員名冊完整","90","81","78","3","0","1","0","0.963","9","低"
"2025-08","桃園","contractor","承攬商與人員資格","工地負責人到場","90","90","87","3","0","1","0","0.9667","9","低"
"2025-08","桃園","contractor","承攬商與人員資格","安衛人員到場","90","82","79","3","0","1","0","0.9634","9","低"
"2025-08","桃園","contractor","承攬商與人員資格","特殊作業主管資格符合","90","76","74","2","0","1","0","0.9737","7","低"
"2025-08","桃園","hazardNotice","危害告知","承攬商已知悉注意事項","90","74","72","2","0","1","0","0.973","7","低"
"2025-08","桃園","hazardNotice","危害告知","施工人員完成危害告知","90","87","85","2","0","1","0","0.977","7","低"
"2025-08","桃園","hazardNotice","危害告知","勤前教育紀錄完整","90","83","81","2","0","1","0","0.9759","7","低"
"2025-08","桃園","hazardNotice","危害告知","緊急聯絡資訊明確","90","80","78","2","0","0","0","0.975","4","低"
"2025-08","桃園","isolation","環境安全隔離","設備管線已釋壓清洗","90","80","76","4","1","2","1","0.95","27","中"
"2025-08","桃園","isolation","環境安全隔離","進出口已關斷/盲封/掛牌","90","90","87","3","1","1","0","0.9667","17","低"
"2025-08","桃園","isolation","環境安全隔離","電源隔離加鎖掛牌","90","91","87","4","1","2","0","0.956","22","中"
"2025-08","桃園","isolation","環境安全隔離","暗溝陰井已堵塞密封","90","84","81","3","1","1","0","0.9643","17","低"
"2025-08","桃園","gas","氣體偵測","可燃性氣體低於20%LEL","90","76","73","3","1","1","0","0.9605","17","低"
"2025-08","桃園","gas","氣體偵測","氧氣濃度符合標準","90","91","86","5","1","2","0","0.9451","24","中"
"2025-08","桃園","gas","氣體偵測","有害氣體低於容許濃度","90","75","71","4","1","2","1","0.9467","27","中"
"2025-08","桃園","gas","氣體偵測","上下午或連續測定紀錄完整","90","86","81","5","1","2","1","0.9419","29","中"
"2025-08","桃園","fireExplosion","消防與防爆設備","20型滅火器配置足夠","90","89","86","3","1","1","0","0.9663","17","低"
"2025-08","桃園","fireExplosion","消防與防爆設備","防爆電氣設備符合","90","84","80","4","1","1","0","0.9524","19","中"
"2025-08","桃園","fireExplosion","消防與防爆設備","安全工具使用正確","90","90","86","4","1","2","1","0.9556","27","中"
"2025-08","桃園","fireExplosion","消防與防爆設備","消防水帶或防火措施到位","90","92","87","5","1","2","1","0.9457","29","中"
"2025-08","桃園","ppeHeight","PPE與高處防墜","個人防護具穿戴正確","90","92","89","3","1","1","0","0.9674","17","低"
"2025-08","桃園","ppeHeight","PPE與高處防墜","安全帶/安全母索使用","90","89","84","5","2","2","1","0.9438","37","中"
"2025-08","桃園","ppeHeight","PPE與高處防墜","施工架檢點合格","90","89","85","4","1","1","0","0.9551","19","中"
"2025-08","桃園","ppeHeight","PPE與高處防墜","安全網或工作平台設置","90","78","75","3","1","1","0","0.9615","17","低"
"2025-08","桃園","patrol","巡查會簽","轄區檢點簽認","90","77","75","2","0","1","0","0.974","7","低"
"2025-08","桃園","patrol","巡查會簽","監造巡查簽認","90","90","87","3","0","1","0","0.9667","9","低"
"2025-08","桃園","patrol","巡查會簽","安衛人員巡查紀錄","90","85","82","3","1","1","0","0.9647","17","低"
"2025-08","桃園","patrol","巡查會簽","異常已即時通知","90","83","80","3","0","1","0","0.9639","9","低"
"2025-08","桃園","closeout","收工回簽與現場紀錄","環境整理完成","90","86","83","3","1","1","0","0.9651","17","低"
"2025-08","桃園","closeout","收工回簽與現場紀錄","施工前後照片完整","90","83","80","3","0","1","0","0.9639","9","低"
"2025-08","桃園","closeout","收工回簽與現場紀錄","氣體偵測照片上傳","90","77","74","3","0","1","0","0.961","9","低"
"2025-08","桃園","closeout","收工回簽與現場紀錄","改善事項結案佐證完整","90","89","86","3","0","1","0","0.9663","9","低"
"2025-09","桃園","permit","許可基本資料","工作內容與地點完整","98","81","79","2","0","0","0","0.9753","4","低"
"2025-09","桃園","permit","許可基本資料","作業分級正確","98","86","83","3","1","1","0","0.9651","17","低"
"2025-09","桃園","permit","許可基本資料","核准工作時間明確","98","83","81","2","0","1","0","0.9759","7","低"
"2025-09","桃園","permit","許可基本資料","回簽資料完整","98","96","94","2","0","0","0","0.9792","4","低"
"2025-09","桃園","workType","作業分級與工作項目","動火/非動火判定正確","98","88","86","2","0","1","0","0.9773","7","低"
"2025-09","桃園","workType","作業分級與工作項目","A/B/C級作業判定正確","98","85","82","3","1","1","0","0.9647","17","低"
"2025-09","桃園","workType","作業分級與工作項目","附加檢點表適用","98","87","85","2","0","1","0","0.977","7","低"
"2025-09","桃園","workType","作業分級與工作項目","延時工作經核准","98","95","91","4","1","1","0","0.9579","19","中"
"2025-09","桃園","contractor","承攬商與人員資格","施工人員名冊完整","98","99","96","3","1","1","0","0.9697","17","低"
"2025-09","桃園","contractor","承攬商與人員資格","工地負責人到場","98","85","82","3","0","1","0","0.9647","9","低"
"2025-09","桃園","contractor","承攬商與人員資格","安衛人員到場","98","82","79","3","0","1","0","0.9634","9","低"
"2025-09","桃園","contractor","承攬商與人員資格","特殊作業主管資格符合","98","91","87","4","0","2","0","0.956","14","低"
"2025-09","桃園","hazardNotice","危害告知","承攬商已知悉注意事項","98","93","91","2","0","1","0","0.9785","7","低"
"2025-09","桃園","hazardNotice","危害告知","施工人員完成危害告知","98","97","94","3","0","1","0","0.9691","9","低"
"2025-09","桃園","hazardNotice","危害告知","勤前教育紀錄完整","98","91","88","3","1","1","0","0.967","17","低"
"2025-09","桃園","hazardNotice","危害告知","緊急聯絡資訊明確","98","95","93","2","0","1","0","0.9789","7","低"
"2025-09","桃園","isolation","環境安全隔離","設備管線已釋壓清洗","98","81","78","3","1","1","0","0.963","17","低"
"2025-09","桃園","isolation","環境安全隔離","進出口已關斷/盲封/掛牌","98","89","85","4","1","2","0","0.9551","22","中"
"2025-09","桃園","isolation","環境安全隔離","電源隔離加鎖掛牌","98","96","91","5","1","2","1","0.9479","29","中"
"2025-09","桃園","isolation","環境安全隔離","暗溝陰井已堵塞密封","98","83","80","3","1","1","0","0.9639","17","低"
"2025-09","桃園","gas","氣體偵測","可燃性氣體低於20%LEL","98","85","81","4","1","1","0","0.9529","19","中"
"2025-09","桃園","gas","氣體偵測","氧氣濃度符合標準","98","90","86","4","1","1","0","0.9556","19","中"
"2025-09","桃園","gas","氣體偵測","有害氣體低於容許濃度","98","93","89","4","1","2","0","0.957","22","中"
"2025-09","桃園","gas","氣體偵測","上下午或連續測定紀錄完整","98","95","91","4","1","1","0","0.9579","19","中"
"2025-09","桃園","fireExplosion","消防與防爆設備","20型滅火器配置足夠","98","91","86","5","2","2","0","0.9451","32","中"
"2025-09","桃園","fireExplosion","消防與防爆設備","防爆電氣設備符合","98","88","84","4","1","2","0","0.9545","22","中"
"2025-09","桃園","fireExplosion","消防與防爆設備","安全工具使用正確","98","93","89","4","1","2","1","0.957","27","中"
"2025-09","桃園","fireExplosion","消防與防爆設備","消防水帶或防火措施到位","98","86","83","3","1","1","0","0.9651","17","低"
"2025-09","桃園","ppeHeight","PPE與高處防墜","個人防護具穿戴正確","98","83","79","4","1","1","0","0.9518","19","中"
"2025-09","桃園","ppeHeight","PPE與高處防墜","安全帶/安全母索使用","98","92","88","4","1","1","0","0.9565","19","中"
"2025-09","桃園","ppeHeight","PPE與高處防墜","施工架檢點合格","98","91","87","4","1","2","1","0.956","27","中"
"2025-09","桃園","ppeHeight","PPE與高處防墜","安全網或工作平台設置","98","98","93","5","1","1","0","0.949","21","中"
"2025-09","桃園","patrol","巡查會簽","轄區檢點簽認","98","99","95","4","1","2","0","0.9596","22","中"
"2025-09","桃園","patrol","巡查會簽","監造巡查簽認","98","97","93","4","1","1","0","0.9588","19","中"
"2025-09","桃園","patrol","巡查會簽","安衛人員巡查紀錄","98","99","96","3","1","1","0","0.9697","17","低"
"2025-09","桃園","patrol","巡查會簽","異常已即時通知","98","82","80","2","0","1","0","0.9756","7","低"
"2025-09","桃園","closeout","收工回簽與現場紀錄","環境整理完成","98","81","78","3","0","1","0","0.963","9","低"
"2025-09","桃園","closeout","收工回簽與現場紀錄","施工前後照片完整","98","95","92","3","0","1","0","0.9684","9","低"
"2025-09","桃園","closeout","收工回簽與現場紀錄","氣體偵測照片上傳","98","82","79","3","0","1","0","0.9634","9","低"
"2025-09","桃園","closeout","收工回簽與現場紀錄","改善事項結案佐證完整","98","96","93","3","1","1","0","0.9688","17","低"
"2025-10","桃園","permit","許可基本資料","工作內容與地點完整","92","82","80","2","0","1","0","0.9756","7","低"
"2025-10","桃園","permit","許可基本資料","作業分級正確","92","92","90","2","0","1","0","0.9783","7","低"
"2025-10","桃園","permit","許可基本資料","核准工作時間明確","92","80","78","2","0","1","0","0.975","7","低"
"2025-10","桃園","permit","許可基本資料","回簽資料完整","92","79","76","3","1","1","0","0.962","17","低"
"2025-10","桃園","workType","作業分級與工作項目","動火/非動火判定正確","92","93","90","3","0","1","0","0.9677","9","低"
"2025-10","桃園","workType","作業分級與工作項目","A/B/C級作業判定正確","92","76","73","3","1","1","0","0.9605","17","低"
"2025-10","桃園","workType","作業分級與工作項目","附加檢點表適用","92","76","74","2","0","1","0","0.9737","7","低"
"2025-10","桃園","workType","作業分級與工作項目","延時工作經核准","92","90","88","2","0","1","0","0.9778","7","低"
"2025-10","桃園","contractor","承攬商與人員資格","施工人員名冊完整","92","78","76","2","0","1","0","0.9744","7","低"
"2025-10","桃園","contractor","承攬商與人員資格","工地負責人到場","92","84","81","3","1","1","0","0.9643","17","低"
"2025-10","桃園","contractor","承攬商與人員資格","安衛人員到場","92","94","91","3","0","1","0","0.9681","9","低"
"2025-10","桃園","contractor","承攬商與人員資格","特殊作業主管資格符合","92","85","82","3","0","1","0","0.9647","9","低"
"2025-10","桃園","hazardNotice","危害告知","承攬商已知悉注意事項","92","80","78","2","0","0","0","0.975","4","低"
"2025-10","桃園","hazardNotice","危害告知","施工人員完成危害告知","92","92","89","3","1","1","0","0.9674","17","低"
"2025-10","桃園","hazardNotice","危害告知","勤前教育紀錄完整","92","79","76","3","1","1","0","0.962","17","低"
"2025-10","桃園","hazardNotice","危害告知","緊急聯絡資訊明確","92","92","90","2","0","1","0","0.9783","7","低"
"2025-10","桃園","isolation","環境安全隔離","設備管線已釋壓清洗","92","77","74","3","1","1","0","0.961","17","低"
"2025-10","桃園","isolation","環境安全隔離","進出口已關斷/盲封/掛牌","92","87","83","4","1","1","0","0.954","19","中"
"2025-10","桃園","isolation","環境安全隔離","電源隔離加鎖掛牌","92","85","82","3","1","1","0","0.9647","17","低"
"2025-10","桃園","isolation","環境安全隔離","暗溝陰井已堵塞密封","92","86","83","3","1","1","0","0.9651","17","低"
"2025-10","桃園","gas","氣體偵測","可燃性氣體低於20%LEL","92","76","72","4","1","1","0","0.9474","19","中"
"2025-10","桃園","gas","氣體偵測","氧氣濃度符合標準","92","85","80","5","2","2","0","0.9412","32","中"
"2025-10","桃園","gas","氣體偵測","有害氣體低於容許濃度","92","83","79","4","1","2","1","0.9518","27","中"
"2025-10","桃園","gas","氣體偵測","上下午或連續測定紀錄完整","92","88","85","3","1","1","0","0.9659","17","低"
"2025-10","桃園","fireExplosion","消防與防爆設備","20型滅火器配置足夠","92","77","73","4","1","1","0","0.9481","19","中"
"2025-10","桃園","fireExplosion","消防與防爆設備","防爆電氣設備符合","92","88","84","4","1","2","1","0.9545","27","中"
"2025-10","桃園","fireExplosion","消防與防爆設備","安全工具使用正確","92","82","79","3","1","1","0","0.9634","17","低"
"2025-10","桃園","fireExplosion","消防與防爆設備","消防水帶或防火措施到位","92","77","73","4","1","1","0","0.9481","19","中"
"2025-10","桃園","ppeHeight","PPE與高處防墜","個人防護具穿戴正確","92","93","89","4","1","1","0","0.957","19","中"
"2025-10","桃園","ppeHeight","PPE與高處防墜","安全帶/安全母索使用","92","90","86","4","1","1","0","0.9556","19","中"
"2025-10","桃園","ppeHeight","PPE與高處防墜","施工架檢點合格","92","89","85","4","1","2","0","0.9551","22","中"
"2025-10","桃園","ppeHeight","PPE與高處防墜","安全網或工作平台設置","92","90","86","4","1","2","0","0.9556","22","中"
"2025-10","桃園","patrol","巡查會簽","轄區檢點簽認","92","89","86","3","1","1","0","0.9663","17","低"
"2025-10","桃園","patrol","巡查會簽","監造巡查簽認","92","87","84","3","0","1","0","0.9655","9","低"
"2025-10","桃園","patrol","巡查會簽","安衛人員巡查紀錄","92","79","77","2","0","1","0","0.9747","7","低"
"2025-10","桃園","patrol","巡查會簽","異常已即時通知","92","83","80","3","0","1","0","0.9639","9","低"
"2025-10","桃園","closeout","收工回簽與現場紀錄","環境整理完成","92","81","78","3","0","1","0","0.963","9","低"
"2025-10","桃園","closeout","收工回簽與現場紀錄","施工前後照片完整","92","89","86","3","0","1","0","0.9663","9","低"
"2025-10","桃園","closeout","收工回簽與現場紀錄","氣體偵測照片上傳","92","92","89","3","0","1","0","0.9674","9","低"
"2025-10","桃園","closeout","收工回簽與現場紀錄","改善事項結案佐證完整","92","89","86","3","0","1","0","0.9663","9","低"
"2025-11","桃園","permit","許可基本資料","工作內容與地點完整","95","79","77","2","0","1","0","0.9747","7","低"
"2025-11","桃園","permit","許可基本資料","作業分級正確","95","93","90","3","1","1","0","0.9677","17","低"
"2025-11","桃園","permit","許可基本資料","核准工作時間明確","95","88","85","3","0","1","0","0.9659","9","低"
"2025-11","桃園","permit","許可基本資料","回簽資料完整","95","86","84","2","0","1","0","0.9767","7","低"
"2025-11","桃園","workType","作業分級與工作項目","動火/非動火判定正確","95","86","83","3","0","1","0","0.9651","9","低"
"2025-11","桃園","workType","作業分級與工作項目","A/B/C級作業判定正確","95","85","83","2","0","1","0","0.9765","7","低"
"2025-11","桃園","workType","作業分級與工作項目","附加檢點表適用","95","78","76","2","0","1","0","0.9744","7","低"
"2025-11","桃園","workType","作業分級與工作項目","延時工作經核准","95","86","83","3","1","1","0","0.9651","17","低"
"2025-11","桃園","contractor","承攬商與人員資格","施工人員名冊完整","95","87","83","4","1","2","1","0.954","27","中"
"2025-11","桃園","contractor","承攬商與人員資格","工地負責人到場","95","96","93","3","0","1","0","0.9688","9","低"
"2025-11","桃園","contractor","承攬商與人員資格","安衛人員到場","95","95","91","4","0","1","0","0.9579","11","低"
"2025-11","桃園","contractor","承攬商與人員資格","特殊作業主管資格符合","95","87","83","4","1","2","0","0.954","22","中"
"2025-11","桃園","hazardNotice","危害告知","承攬商已知悉注意事項","95","94","91","3","0","1","0","0.9681","9","低"
"2025-11","桃園","hazardNotice","危害告知","施工人員完成危害告知","95","81","78","3","0","1","0","0.963","9","低"
"2025-11","桃園","hazardNotice","危害告知","勤前教育紀錄完整","95","93","90","3","1","1","0","0.9677","17","低"
"2025-11","桃園","hazardNotice","危害告知","緊急聯絡資訊明確","95","95","93","2","0","1","0","0.9789","7","低"
"2025-11","桃園","isolation","環境安全隔離","設備管線已釋壓清洗","95","80","77","3","1","1","0","0.9625","17","低"
"2025-11","桃園","isolation","環境安全隔離","進出口已關斷/盲封/掛牌","95","86","82","4","1","1","0","0.9535","19","中"
"2025-11","桃園","isolation","環境安全隔離","電源隔離加鎖掛牌","95","94","90","4","1","2","0","0.9574","22","中"
"2025-11","桃園","isolation","環境安全隔離","暗溝陰井已堵塞密封","95","86","83","3","1","1","0","0.9651","17","低"
"2025-11","桃園","gas","氣體偵測","可燃性氣體低於20%LEL","95","82","78","4","1","2","1","0.9512","27","中"
"2025-11","桃園","gas","氣體偵測","氧氣濃度符合標準","95","83","79","4","1","2","0","0.9518","22","中"
"2025-11","桃園","gas","氣體偵測","有害氣體低於容許濃度","95","94","90","4","1","2","1","0.9574","27","中"
"2025-11","桃園","gas","氣體偵測","上下午或連續測定紀錄完整","95","82","79","3","1","1","0","0.9634","17","低"
"2025-11","桃園","fireExplosion","消防與防爆設備","20型滅火器配置足夠","95","81","78","3","1","1","0","0.963","17","低"
"2025-11","桃園","fireExplosion","消防與防爆設備","防爆電氣設備符合","95","95","90","5","1","2","1","0.9474","29","中"
"2025-11","桃園","fireExplosion","消防與防爆設備","安全工具使用正確","95","88","84","4","1","2","1","0.9545","27","中"
"2025-11","桃園","fireExplosion","消防與防爆設備","消防水帶或防火措施到位","95","79","75","4","1","1","0","0.9494","19","中"
"2025-11","桃園","ppeHeight","PPE與高處防墜","個人防護具穿戴正確","95","97","93","4","1","1","0","0.9588","19","中"
"2025-11","桃園","ppeHeight","PPE與高處防墜","安全帶/安全母索使用","95","97","93","4","1","1","0","0.9588","19","中"
"2025-11","桃園","ppeHeight","PPE與高處防墜","施工架檢點合格","95","90","85","5","2","2","1","0.9444","37","中"
"2025-11","桃園","ppeHeight","PPE與高處防墜","安全網或工作平台設置","95","96","92","4","1","1","0","0.9583","19","中"
"2025-11","桃園","patrol","巡查會簽","轄區檢點簽認","95","85","82","3","1","1","0","0.9647","17","低"
"2025-11","桃園","patrol","巡查會簽","監造巡查簽認","95","91","87","4","1","2","1","0.956","27","中"
"2025-11","桃園","patrol","巡查會簽","安衛人員巡查紀錄","95","78","76","2","0","1","0","0.9744","7","低"
"2025-11","桃園","patrol","巡查會簽","異常已即時通知","95","84","81","3","0","1","0","0.9643","9","低"
"2025-11","桃園","closeout","收工回簽與現場紀錄","環境整理完成","95","83","80","3","0","1","0","0.9639","9","低"
"2025-11","桃園","closeout","收工回簽與現場紀錄","施工前後照片完整","95","84","81","3","1","1","0","0.9643","17","低"
"2025-11","桃園","closeout","收工回簽與現場紀錄","氣體偵測照片上傳","95","83","80","3","0","1","0","0.9639","9","低"
"2025-11","桃園","closeout","收工回簽與現場紀錄","改善事項結案佐證完整","95","96","92","4","0","1","0","0.9583","11","低"
"2025-12","桃園","permit","許可基本資料","工作內容與地點完整","98","92","89","3","0","1","0","0.9674","9","低"
"2025-12","桃園","permit","許可基本資料","作業分級正確","98","98","95","3","0","1","0","0.9694","9","低"
"2025-12","桃園","permit","許可基本資料","核准工作時間明確","98","88","86","2","0","1","0","0.9773","7","低"
"2025-12","桃園","permit","許可基本資料","回簽資料完整","98","82","80","2","0","1","0","0.9756","7","低"
"2025-12","桃園","workType","作業分級與工作項目","動火/非動火判定正確","98","88","85","3","0","1","0","0.9659","9","低"
"2025-12","桃園","workType","作業分級與工作項目","A/B/C級作業判定正確","98","96","94","2","0","1","0","0.9792","7","低"
"2025-12","桃園","workType","作業分級與工作項目","附加檢點表適用","98","88","85","3","0","1","0","0.9659","9","低"
"2025-12","桃園","workType","作業分級與工作項目","延時工作經核准","98","82","79","3","1","1","0","0.9634","17","低"
"2025-12","桃園","contractor","承攬商與人員資格","施工人員名冊完整","98","96","92","4","1","1","0","0.9583","19","中"
"2025-12","桃園","contractor","承攬商與人員資格","工地負責人到場","98","85","82","3","0","1","0","0.9647","9","低"
"2025-12","桃園","contractor","承攬商與人員資格","安衛人員到場","98","88","85","3","1","1","0","0.9659","17","低"
"2025-12","桃園","contractor","承攬商與人員資格","特殊作業主管資格符合","98","85","82","3","1","1","0","0.9647","17","低"
"2025-12","桃園","hazardNotice","危害告知","承攬商已知悉注意事項","98","87","84","3","0","1","0","0.9655","9","低"
"2025-12","桃園","hazardNotice","危害告知","施工人員完成危害告知","98","87","85","2","0","1","0","0.977","7","低"
"2025-12","桃園","hazardNotice","危害告知","勤前教育紀錄完整","98","90","88","2","0","1","0","0.9778","7","低"
"2025-12","桃園","hazardNotice","危害告知","緊急聯絡資訊明確","98","93","90","3","1","1","0","0.9677","17","低"
"2025-12","桃園","isolation","環境安全隔離","設備管線已釋壓清洗","98","97","93","4","1","1","0","0.9588","19","中"
"2025-12","桃園","isolation","環境安全隔離","進出口已關斷/盲封/掛牌","98","82","78","4","1","2","1","0.9512","27","中"
"2025-12","桃園","isolation","環境安全隔離","電源隔離加鎖掛牌","98","91","88","3","1","1","0","0.967","17","低"
"2025-12","桃園","isolation","環境安全隔離","暗溝陰井已堵塞密封","98","84","80","4","1","1","0","0.9524","19","中"
"2025-12","桃園","gas","氣體偵測","可燃性氣體低於20%LEL","98","90","85","5","1","1","0","0.9444","21","中"
"2025-12","桃園","gas","氣體偵測","氧氣濃度符合標準","98","90","86","4","1","2","1","0.9556","27","中"
"2025-12","桃園","gas","氣體偵測","有害氣體低於容許濃度","98","98","94","4","1","2","0","0.9592","22","中"
"2025-12","桃園","gas","氣體偵測","上下午或連續測定紀錄完整","98","93","88","5","2","1","0","0.9462","29","中"
"2025-12","桃園","fireExplosion","消防與防爆設備","20型滅火器配置足夠","98","97","92","5","1","2","1","0.9485","29","中"
"2025-12","桃園","fireExplosion","消防與防爆設備","防爆電氣設備符合","98","92","88","4","1","1","0","0.9565","19","中"
"2025-12","桃園","fireExplosion","消防與防爆設備","安全工具使用正確","98","81","78","3","1","1","0","0.963","17","低"
"2025-12","桃園","fireExplosion","消防與防爆設備","消防水帶或防火措施到位","98","81","77","4","1","2","1","0.9506","27","中"
"2025-12","桃園","ppeHeight","PPE與高處防墜","個人防護具穿戴正確","98","99","95","4","1","2","0","0.9596","22","中"
"2025-12","桃園","ppeHeight","PPE與高處防墜","安全帶/安全母索使用","98","99","95","4","1","1","0","0.9596","19","中"
"2025-12","桃園","ppeHeight","PPE與高處防墜","施工架檢點合格","98","85","81","4","1","1","0","0.9529","19","中"
"2025-12","桃園","ppeHeight","PPE與高處防墜","安全網或工作平台設置","98","92","88","4","1","1","0","0.9565","19","中"
"2025-12","桃園","patrol","巡查會簽","轄區檢點簽認","98","84","82","2","0","0","0","0.9762","4","低"
"2025-12","桃園","patrol","巡查會簽","監造巡查簽認","98","98","95","3","0","1","0","0.9694","9","低"
"2025-12","桃園","patrol","巡查會簽","安衛人員巡查紀錄","98","93","89","4","1","1","0","0.957","19","中"
"2025-12","桃園","patrol","巡查會簽","異常已即時通知","98","87","85","2","0","1","0","0.977","7","低"
"2025-12","桃園","closeout","收工回簽與現場紀錄","環境整理完成","98","82","79","3","0","1","0","0.9634","9","低"
"2025-12","桃園","closeout","收工回簽與現場紀錄","施工前後照片完整","98","91","88","3","0","1","0","0.967","9","低"
"2025-12","桃園","closeout","收工回簽與現場紀錄","氣體偵測照片上傳","98","86","83","3","1","1","0","0.9651","17","低"
"2025-12","桃園","closeout","收工回簽與現場紀錄","改善事項結案佐證完整","98","85","82","3","0","1","0","0.9647","9","低"
"2026-01","桃園","permit","許可基本資料","工作內容與地點完整","104","99","97","2","0","1","0","0.9798","7","低"
"2026-01","桃園","permit","許可基本資料","作業分級正確","104","92","90","2","0","1","0","0.9783","7","低"
"2026-01","桃園","permit","許可基本資料","核准工作時間明確","104","106","104","2","0","1","0","0.9811","7","低"
"2026-01","桃園","permit","許可基本資料","回簽資料完整","104","99","97","2","0","1","0","0.9798","7","低"
"2026-01","桃園","workType","作業分級與工作項目","動火/非動火判定正確","104","85","82","3","0","1","0","0.9647","9","低"
"2026-01","桃園","workType","作業分級與工作項目","A/B/C級作業判定正確","104","88","85","3","1","1","0","0.9659","17","低"
"2026-01","桃園","workType","作業分級與工作項目","附加檢點表適用","104","95","92","3","0","1","0","0.9684","9","低"
"2026-01","桃園","workType","作業分級與工作項目","延時工作經核准","104","86","83","3","0","1","0","0.9651","9","低"
"2026-01","桃園","contractor","承攬商與人員資格","施工人員名冊完整","104","97","93","4","1","1","0","0.9588","19","中"
"2026-01","桃園","contractor","承攬商與人員資格","工地負責人到場","104","90","87","3","0","1","0","0.9667","9","低"
"2026-01","桃園","contractor","承攬商與人員資格","安衛人員到場","104","102","99","3","0","1","0","0.9706","9","低"
"2026-01","桃園","contractor","承攬商與人員資格","特殊作業主管資格符合","104","92","89","3","0","1","0","0.9674","9","低"
"2026-01","桃園","hazardNotice","危害告知","承攬商已知悉注意事項","104","88","86","2","0","1","0","0.9773","7","低"
"2026-01","桃園","hazardNotice","危害告知","施工人員完成危害告知","104","87","84","3","1","1","0","0.9655","17","低"
"2026-01","桃園","hazardNotice","危害告知","勤前教育紀錄完整","104","105","102","3","0","1","0","0.9714","9","低"
"2026-01","桃園","hazardNotice","危害告知","緊急聯絡資訊明確","104","104","101","3","0","1","0","0.9712","9","低"
"2026-01","桃園","isolation","環境安全隔離","設備管線已釋壓清洗","104","101","97","4","1","1","0","0.9604","19","中"
"2026-01","桃園","isolation","環境安全隔離","進出口已關斷/盲封/掛牌","104","96","92","4","1","2","0","0.9583","22","中"
"2026-01","桃園","isolation","環境安全隔離","電源隔離加鎖掛牌","104","99","94","5","1","2","0","0.9495","24","中"
"2026-01","桃園","isolation","環境安全隔離","暗溝陰井已堵塞密封","104","93","90","3","1","1","0","0.9677","17","低"
"2026-01","桃園","gas","氣體偵測","可燃性氣體低於20%LEL","104","88","84","4","1","2","1","0.9545","27","中"
"2026-01","桃園","gas","氣體偵測","氧氣濃度符合標準","104","93","90","3","1","1","0","0.9677","17","低"
"2026-01","桃園","gas","氣體偵測","有害氣體低於容許濃度","104","101","97","4","1","1","0","0.9604","19","中"
"2026-01","桃園","gas","氣體偵測","上下午或連續測定紀錄完整","104","93","88","5","1","1","0","0.9462","21","中"
"2026-01","桃園","fireExplosion","消防與防爆設備","20型滅火器配置足夠","104","105","101","4","1","1","0","0.9619","19","中"
"2026-01","桃園","fireExplosion","消防與防爆設備","防爆電氣設備符合","104","94","89","5","2","2","1","0.9468","37","中"
"2026-01","桃園","fireExplosion","消防與防爆設備","安全工具使用正確","104","101","96","5","1","2","0","0.9505","24","中"
"2026-01","桃園","fireExplosion","消防與防爆設備","消防水帶或防火措施到位","104","91","87","4","1","2","1","0.956","27","中"
"2026-01","桃園","ppeHeight","PPE與高處防墜","個人防護具穿戴正確","104","93","88","5","1","1","0","0.9462","21","中"
"2026-01","桃園","ppeHeight","PPE與高處防墜","安全帶/安全母索使用","104","94","91","3","1","1","0","0.9681","17","低"
"2026-01","桃園","ppeHeight","PPE與高處防墜","施工架檢點合格","104","90","87","3","1","1","0","0.9667","17","低"
"2026-01","桃園","ppeHeight","PPE與高處防墜","安全網或工作平台設置","104","106","102","4","1","2","0","0.9623","22","中"
"2026-01","桃園","patrol","巡查會簽","轄區檢點簽認","104","91","88","3","1","1","0","0.967","17","低"
"2026-01","桃園","patrol","巡查會簽","監造巡查簽認","104","102","99","3","0","1","0","0.9706","9","低"
"2026-01","桃園","patrol","巡查會簽","安衛人員巡查紀錄","104","102","99","3","1","1","0","0.9706","17","低"
"2026-01","桃園","patrol","巡查會簽","異常已即時通知","104","95","92","3","0","1","0","0.9684","9","低"
"2026-01","桃園","closeout","收工回簽與現場紀錄","環境整理完成","104","97","93","4","1","1","0","0.9588","19","中"
"2026-01","桃園","closeout","收工回簽與現場紀錄","施工前後照片完整","104","100","97","3","1","1","0","0.97","17","低"
"2026-01","桃園","closeout","收工回簽與現場紀錄","氣體偵測照片上傳","104","102","99","3","0","1","0","0.9706","9","低"
"2026-01","桃園","closeout","收工回簽與現場紀錄","改善事項結案佐證完整","104","105","102","3","1","1","0","0.9714","17","低"
"2026-02","桃園","permit","許可基本資料","工作內容與地點完整","108","93","91","2","0","1","0","0.9785","7","低"
"2026-02","桃園","permit","許可基本資料","作業分級正確","108","92","89","3","0","1","0","0.9674","9","低"
"2026-02","桃園","permit","許可基本資料","核准工作時間明確","108","93","91","2","0","1","0","0.9785","7","低"
"2026-02","桃園","permit","許可基本資料","回簽資料完整","108","97","94","3","0","1","0","0.9691","9","低"
"2026-02","桃園","workType","作業分級與工作項目","動火/非動火判定正確","108","108","104","4","1","1","0","0.963","19","中"
"2026-02","桃園","workType","作業分級與工作項目","A/B/C級作業判定正確","108","90","88","2","0","0","0","0.9778","4","低"
"2026-02","桃園","workType","作業分級與工作項目","附加檢點表適用","108","89","86","3","0","1","0","0.9663","9","低"
"2026-02","桃園","workType","作業分級與工作項目","延時工作經核准","108","106","102","4","1","1","0","0.9623","19","中"
"2026-02","桃園","contractor","承攬商與人員資格","施工人員名冊完整","108","108","105","3","0","1","0","0.9722","9","低"
"2026-02","桃園","contractor","承攬商與人員資格","工地負責人到場","108","94","91","3","1","1","0","0.9681","17","低"
"2026-02","桃園","contractor","承攬商與人員資格","安衛人員到場","108","101","98","3","0","1","0","0.9703","9","低"
"2026-02","桃園","contractor","承攬商與人員資格","特殊作業主管資格符合","108","109","106","3","1","1","0","0.9725","17","低"
"2026-02","桃園","hazardNotice","危害告知","承攬商已知悉注意事項","108","89","87","2","0","1","0","0.9775","7","低"
"2026-02","桃園","hazardNotice","危害告知","施工人員完成危害告知","108","103","100","3","0","1","0","0.9709","9","低"
"2026-02","桃園","hazardNotice","危害告知","勤前教育紀錄完整","108","89","86","3","1","1","0","0.9663","17","低"
"2026-02","桃園","hazardNotice","危害告知","緊急聯絡資訊明確","108","91","88","3","0","1","0","0.967","9","低"
"2026-02","桃園","isolation","環境安全隔離","設備管線已釋壓清洗","108","102","97","5","1","2","1","0.951","29","中"
"2026-02","桃園","isolation","環境安全隔離","進出口已關斷/盲封/掛牌","108","106","101","5","2","2","1","0.9528","37","中"
"2026-02","桃園","isolation","環境安全隔離","電源隔離加鎖掛牌","108","89","85","4","1","2","1","0.9551","27","中"
"2026-02","桃園","isolation","環境安全隔離","暗溝陰井已堵塞密封","108","92","87","5","1","2","1","0.9457","29","中"
"2026-02","桃園","gas","氣體偵測","可燃性氣體低於20%LEL","108","108","104","4","1","2","0","0.963","22","中"
"2026-02","桃園","gas","氣體偵測","氧氣濃度符合標準","108","99","96","3","1","1","0","0.9697","17","低"
"2026-02","桃園","gas","氣體偵測","有害氣體低於容許濃度","108","108","103","5","1","1","0","0.9537","21","中"
"2026-02","桃園","gas","氣體偵測","上下午或連續測定紀錄完整","108","90","85","5","1","2","0","0.9444","24","中"
"2026-02","桃園","fireExplosion","消防與防爆設備","20型滅火器配置足夠","108","108","104","4","1","1","0","0.963","19","中"
"2026-02","桃園","fireExplosion","消防與防爆設備","防爆電氣設備符合","108","105","101","4","1","2","1","0.9619","27","中"
"2026-02","桃園","fireExplosion","消防與防爆設備","安全工具使用正確","108","110","105","5","1","1","0","0.9545","21","中"
"2026-02","桃園","fireExplosion","消防與防爆設備","消防水帶或防火措施到位","108","98","93","5","1","2","0","0.949","24","中"
"2026-02","桃園","ppeHeight","PPE與高處防墜","個人防護具穿戴正確","108","108","103","5","2","2","1","0.9537","37","中"
"2026-02","桃園","ppeHeight","PPE與高處防墜","安全帶/安全母索使用","108","90","86","4","1","1","0","0.9556","19","中"
"2026-02","桃園","ppeHeight","PPE與高處防墜","施工架檢點合格","108","107","103","4","1","2","1","0.9626","27","中"
"2026-02","桃園","ppeHeight","PPE與高處防墜","安全網或工作平台設置","108","92","88","4","1","1","0","0.9565","19","中"
"2026-02","桃園","patrol","巡查會簽","轄區檢點簽認","108","103","99","4","1","2","1","0.9612","27","中"
"2026-02","桃園","patrol","巡查會簽","監造巡查簽認","108","94","91","3","0","1","0","0.9681","9","低"
"2026-02","桃園","patrol","巡查會簽","安衛人員巡查紀錄","108","104","100","4","1","1","0","0.9615","19","中"
"2026-02","桃園","patrol","巡查會簽","異常已即時通知","108","106","103","3","0","1","0","0.9717","9","低"
"2026-02","桃園","closeout","收工回簽與現場紀錄","環境整理完成","108","90","86","4","1","1","0","0.9556","19","中"
"2026-02","桃園","closeout","收工回簽與現場紀錄","施工前後照片完整","108","105","101","4","0","2","1","0.9619","19","中"
"2026-02","桃園","closeout","收工回簽與現場紀錄","氣體偵測照片上傳","108","97","93","4","1","1","0","0.9588","19","中"
"2026-02","桃園","closeout","收工回簽與現場紀錄","改善事項結案佐證完整","108","108","105","3","0","1","0","0.9722","9","低"
"2026-03","桃園","permit","許可基本資料","工作內容與地點完整","114","95","93","2","0","1","0","0.9789","7","低"
"2026-03","桃園","permit","許可基本資料","作業分級正確","114","94","92","2","0","1","0","0.9787","7","低"
"2026-03","桃園","permit","許可基本資料","核准工作時間明確","114","101","98","3","1","1","0","0.9703","17","低"
"2026-03","桃園","permit","許可基本資料","回簽資料完整","114","111","108","3","0","1","0","0.973","9","低"
"2026-03","桃園","workType","作業分級與工作項目","動火/非動火判定正確","114","115","111","4","1","1","0","0.9652","19","中"
"2026-03","桃園","workType","作業分級與工作項目","A/B/C級作業判定正確","114","103","99","4","1","1","0","0.9612","19","中"
"2026-03","桃園","workType","作業分級與工作項目","附加檢點表適用","114","111","108","3","1","1","0","0.973","17","低"
"2026-03","桃園","workType","作業分級與工作項目","延時工作經核准","114","114","110","4","0","1","0","0.9649","11","低"
"2026-03","桃園","contractor","承攬商與人員資格","施工人員名冊完整","114","105","102","3","1","1","0","0.9714","17","低"
"2026-03","桃園","contractor","承攬商與人員資格","工地負責人到場","114","110","106","4","0","2","1","0.9636","19","中"
"2026-03","桃園","contractor","承攬商與人員資格","安衛人員到場","114","110","107","3","1","1","0","0.9727","17","低"
"2026-03","桃園","contractor","承攬商與人員資格","特殊作業主管資格符合","114","105","102","3","0","1","0","0.9714","9","低"
"2026-03","桃園","hazardNotice","危害告知","承攬商已知悉注意事項","114","94","92","2","0","1","0","0.9787","7","低"
"2026-03","桃園","hazardNotice","危害告知","施工人員完成危害告知","114","96","93","3","0","1","0","0.9688","9","低"
"2026-03","桃園","hazardNotice","危害告知","勤前教育紀錄完整","114","102","99","3","0","1","0","0.9706","9","低"
"2026-03","桃園","hazardNotice","危害告知","緊急聯絡資訊明確","114","111","107","4","0","1","0","0.964","11","低"
"2026-03","桃園","isolation","環境安全隔離","設備管線已釋壓清洗","114","115","109","6","2","1","0","0.9478","31","中"
"2026-03","桃園","isolation","環境安全隔離","進出口已關斷/盲封/掛牌","114","106","102","4","1","1","0","0.9623","19","中"
"2026-03","桃園","isolation","環境安全隔離","電源隔離加鎖掛牌","114","98","94","4","1","1","0","0.9592","19","中"
"2026-03","桃園","isolation","環境安全隔離","暗溝陰井已堵塞密封","114","113","108","5","2","2","0","0.9558","32","中"
"2026-03","桃園","gas","氣體偵測","可燃性氣體低於20%LEL","114","109","104","5","2","2","1","0.9541","37","中"
"2026-03","桃園","gas","氣體偵測","氧氣濃度符合標準","114","102","97","5","1","2","1","0.951","29","中"
"2026-03","桃園","gas","氣體偵測","有害氣體低於容許濃度","114","102","98","4","1","2","0","0.9608","22","中"
"2026-03","桃園","gas","氣體偵測","上下午或連續測定紀錄完整","114","111","107","4","1","1","0","0.964","19","中"
"2026-03","桃園","fireExplosion","消防與防爆設備","20型滅火器配置足夠","114","96","92","4","1","1","0","0.9583","19","中"
"2026-03","桃園","fireExplosion","消防與防爆設備","防爆電氣設備符合","114","98","93","5","2","2","1","0.949","37","中"
"2026-03","桃園","fireExplosion","消防與防爆設備","安全工具使用正確","114","102","97","5","1","2","1","0.951","29","中"
"2026-03","桃園","fireExplosion","消防與防爆設備","消防水帶或防火措施到位","114","111","106","5","1","1","0","0.955","21","中"
"2026-03","桃園","ppeHeight","PPE與高處防墜","個人防護具穿戴正確","114","110","105","5","1","2","0","0.9545","24","中"
"2026-03","桃園","ppeHeight","PPE與高處防墜","安全帶/安全母索使用","114","115","110","5","1","1","0","0.9565","21","中"
"2026-03","桃園","ppeHeight","PPE與高處防墜","施工架檢點合格","114","104","100","4","1","2","0","0.9615","22","中"
"2026-03","桃園","ppeHeight","PPE與高處防墜","安全網或工作平台設置","114","102","98","4","1","1","0","0.9608","19","中"
"2026-03","桃園","patrol","巡查會簽","轄區檢點簽認","114","106","103","3","0","1","0","0.9717","9","低"
"2026-03","桃園","patrol","巡查會簽","監造巡查簽認","114","102","99","3","0","1","0","0.9706","9","低"
"2026-03","桃園","patrol","巡查會簽","安衛人員巡查紀錄","114","94","91","3","0","1","0","0.9681","9","低"
"2026-03","桃園","patrol","巡查會簽","異常已即時通知","114","108","105","3","0","1","0","0.9722","9","低"
"2026-03","桃園","closeout","收工回簽與現場紀錄","環境整理完成","114","94","91","3","0","1","0","0.9681","9","低"
"2026-03","桃園","closeout","收工回簽與現場紀錄","施工前後照片完整","114","111","106","5","1","2","0","0.955","24","中"
"2026-03","桃園","closeout","收工回簽與現場紀錄","氣體偵測照片上傳","114","95","92","3","1","1","0","0.9684","17","低"
"2026-03","桃園","closeout","收工回簽與現場紀錄","改善事項結案佐證完整","114","96","92","4","0","1","0","0.9583","11","低"
"2026-04","桃園","permit","許可基本資料","工作內容與地點完整","110","106","104","2","0","1","0","0.9811","7","低"
"2026-04","桃園","permit","許可基本資料","作業分級正確","110","98","95","3","0","1","0","0.9694","9","低"
"2026-04","桃園","permit","許可基本資料","核准工作時間明確","110","99","96","3","0","1","0","0.9697","9","低"
"2026-04","桃園","permit","許可基本資料","回簽資料完整","110","91","89","2","0","1","0","0.978","7","低"
"2026-04","桃園","workType","作業分級與工作項目","動火/非動火判定正確","110","100","97","3","0","1","0","0.97","9","低"
"2026-04","桃園","workType","作業分級與工作項目","A/B/C級作業判定正確","110","99","96","3","0","1","0","0.9697","9","低"
"2026-04","桃園","workType","作業分級與工作項目","附加檢點表適用","110","102","99","3","1","1","0","0.9706","17","低"
"2026-04","桃園","workType","作業分級與工作項目","延時工作經核准","110","93","90","3","0","1","0","0.9677","9","低"
"2026-04","桃園","contractor","承攬商與人員資格","施工人員名冊完整","110","100","96","4","0","1","0","0.96","11","低"
"2026-04","桃園","contractor","承攬商與人員資格","工地負責人到場","110","95","91","4","1","2","0","0.9579","22","中"
"2026-04","桃園","contractor","承攬商與人員資格","安衛人員到場","110","110","106","4","0","2","1","0.9636","19","中"
"2026-04","桃園","contractor","承攬商與人員資格","特殊作業主管資格符合","110","104","100","4","1","2","1","0.9615","27","中"
"2026-04","桃園","hazardNotice","危害告知","承攬商已知悉注意事項","110","108","105","3","0","1","0","0.9722","9","低"
"2026-04","桃園","hazardNotice","危害告知","施工人員完成危害告知","110","111","107","4","0","1","0","0.964","11","低"
"2026-04","桃園","hazardNotice","危害告知","勤前教育紀錄完整","110","97","94","3","0","1","0","0.9691","9","低"
"2026-04","桃園","hazardNotice","危害告知","緊急聯絡資訊明確","110","93","90","3","0","1","0","0.9677","9","低"
"2026-04","桃園","isolation","環境安全隔離","設備管線已釋壓清洗","110","109","105","4","1","1","0","0.9633","19","中"
"2026-04","桃園","isolation","環境安全隔離","進出口已關斷/盲封/掛牌","110","104","100","4","1","2","0","0.9615","22","中"
"2026-04","桃園","isolation","環境安全隔離","電源隔離加鎖掛牌","110","106","102","4","1","1","0","0.9623","19","中"
"2026-04","桃園","isolation","環境安全隔離","暗溝陰井已堵塞密封","110","93","89","4","1","2","1","0.957","27","中"
"2026-04","桃園","gas","氣體偵測","可燃性氣體低於20%LEL","110","97","92","5","2","2","0","0.9485","32","中"
"2026-04","桃園","gas","氣體偵測","氧氣濃度符合標準","110","91","88","3","1","1","0","0.967","17","低"
"2026-04","桃園","gas","氣體偵測","有害氣體低於容許濃度","110","104","99","5","1","2","1","0.9519","29","中"
"2026-04","桃園","gas","氣體偵測","上下午或連續測定紀錄完整","110","93","88","5","1","1","0","0.9462","21","中"
"2026-04","桃園","fireExplosion","消防與防爆設備","20型滅火器配置足夠","110","109","104","5","1","2","1","0.9541","29","中"
"2026-04","桃園","fireExplosion","消防與防爆設備","防爆電氣設備符合","110","95","91","4","1","1","0","0.9579","19","中"
"2026-04","桃園","fireExplosion","消防與防爆設備","安全工具使用正確","110","103","98","5","1","2","0","0.9515","24","中"
"2026-04","桃園","fireExplosion","消防與防爆設備","消防水帶或防火措施到位","110","110","104","6","2","3","1","0.9455","42","高"
"2026-04","桃園","ppeHeight","PPE與高處防墜","個人防護具穿戴正確","110","108","104","4","1","1","0","0.963","19","中"
"2026-04","桃園","ppeHeight","PPE與高處防墜","安全帶/安全母索使用","110","105","100","5","1","2","1","0.9524","29","中"
"2026-04","桃園","ppeHeight","PPE與高處防墜","施工架檢點合格","110","94","90","4","1","1","0","0.9574","19","中"
"2026-04","桃園","ppeHeight","PPE與高處防墜","安全網或工作平台設置","110","95","92","3","1","1","0","0.9684","17","低"
"2026-04","桃園","patrol","巡查會簽","轄區檢點簽認","110","93","90","3","0","1","0","0.9677","9","低"
"2026-04","桃園","patrol","巡查會簽","監造巡查簽認","110","104","101","3","0","1","0","0.9712","9","低"
"2026-04","桃園","patrol","巡查會簽","安衛人員巡查紀錄","110","109","106","3","0","1","0","0.9725","9","低"
"2026-04","桃園","patrol","巡查會簽","異常已即時通知","110","107","103","4","1","2","0","0.9626","22","中"
"2026-04","桃園","closeout","收工回簽與現場紀錄","環境整理完成","110","104","101","3","1","1","0","0.9712","17","低"
"2026-04","桃園","closeout","收工回簽與現場紀錄","施工前後照片完整","110","100","96","4","1","2","1","0.96","27","中"
"2026-04","桃園","closeout","收工回簽與現場紀錄","氣體偵測照片上傳","110","108","104","4","1","2","0","0.963","22","中"
"2026-04","桃園","closeout","收工回簽與現場紀錄","改善事項結案佐證完整","110","102","98","4","0","1","0","0.9608","11","低"
"2026-05","桃園","permit","許可基本資料","工作內容與地點完整","112","103","100","3","0","1","0","0.9709","9","低"
"2026-05","桃園","permit","許可基本資料","作業分級正確","112","109","106","3","0","1","0","0.9725","9","低"
"2026-05","桃園","permit","許可基本資料","核准工作時間明確","112","113","111","2","0","1","0","0.9823","7","低"
"2026-05","桃園","permit","許可基本資料","回簽資料完整","112","114","111","3","0","1","0","0.9737","9","低"
"2026-05","桃園","workType","作業分級與工作項目","動火/非動火判定正確","112","108","105","3","1","1","0","0.9722","17","低"
"2026-05","桃園","workType","作業分級與工作項目","A/B/C級作業判定正確","112","110","106","4","0","2","1","0.9636","19","中"
"2026-05","桃園","workType","作業分級與工作項目","附加檢點表適用","112","94","91","3","0","1","0","0.9681","9","低"
"2026-05","桃園","workType","作業分級與工作項目","延時工作經核准","112","101","98","3","0","1","0","0.9703","9","低"
"2026-05","桃園","contractor","承攬商與人員資格","施工人員名冊完整","112","104","101","3","0","1","0","0.9712","9","低"
"2026-05","桃園","contractor","承攬商與人員資格","工地負責人到場","112","100","96","4","1","2","1","0.96","27","中"
"2026-05","桃園","contractor","承攬商與人員資格","安衛人員到場","112","103","100","3","0","1","0","0.9709","9","低"
"2026-05","桃園","contractor","承攬商與人員資格","特殊作業主管資格符合","112","111","107","4","1","1","0","0.964","19","中"
"2026-05","桃園","hazardNotice","危害告知","承攬商已知悉注意事項","112","106","103","3","0","1","0","0.9717","9","低"
"2026-05","桃園","hazardNotice","危害告知","施工人員完成危害告知","112","110","106","4","1","2","0","0.9636","22","中"
"2026-05","桃園","hazardNotice","危害告知","勤前教育紀錄完整","112","104","101","3","0","1","0","0.9712","9","低"
"2026-05","桃園","hazardNotice","危害告知","緊急聯絡資訊明確","112","106","102","4","1","2","1","0.9623","27","中"
"2026-05","桃園","isolation","環境安全隔離","設備管線已釋壓清洗","112","112","107","5","2","1","0","0.9554","29","中"
"2026-05","桃園","isolation","環境安全隔離","進出口已關斷/盲封/掛牌","112","94","91","3","1","1","0","0.9681","17","低"
"2026-05","桃園","isolation","環境安全隔離","電源隔離加鎖掛牌","112","96","92","4","1","2","1","0.9583","27","中"
"2026-05","桃園","isolation","環境安全隔離","暗溝陰井已堵塞密封","112","93","88","5","2","2","1","0.9462","37","中"
"2026-05","桃園","gas","氣體偵測","可燃性氣體低於20%LEL","112","113","108","5","1","2","1","0.9558","29","中"
"2026-05","桃園","gas","氣體偵測","氧氣濃度符合標準","112","114","109","5","1","1","0","0.9561","21","中"
"2026-05","桃園","gas","氣體偵測","有害氣體低於容許濃度","112","106","102","4","1","1","0","0.9623","19","中"
"2026-05","桃園","gas","氣體偵測","上下午或連續測定紀錄完整","112","108","103","5","2","2","1","0.9537","37","中"
"2026-05","桃園","fireExplosion","消防與防爆設備","20型滅火器配置足夠","112","102","97","5","1","1","0","0.951","21","中"
"2026-05","桃園","fireExplosion","消防與防爆設備","防爆電氣設備符合","112","105","100","5","1","2","1","0.9524","29","中"
"2026-05","桃園","fireExplosion","消防與防爆設備","安全工具使用正確","112","98","93","5","2","2","1","0.949","37","中"
"2026-05","桃園","fireExplosion","消防與防爆設備","消防水帶或防火措施到位","112","104","100","4","1","1","0","0.9615","19","中"
"2026-05","桃園","ppeHeight","PPE與高處防墜","個人防護具穿戴正確","112","92","87","5","2","2","0","0.9457","32","中"
"2026-05","桃園","ppeHeight","PPE與高處防墜","安全帶/安全母索使用","112","102","98","4","1","2","1","0.9608","27","中"
"2026-05","桃園","ppeHeight","PPE與高處防墜","施工架檢點合格","112","113","109","4","1","1","0","0.9646","19","中"
"2026-05","桃園","ppeHeight","PPE與高處防墜","安全網或工作平台設置","112","103","98","5","2","2","0","0.9515","32","中"
"2026-05","桃園","patrol","巡查會簽","轄區檢點簽認","112","110","107","3","0","1","0","0.9727","9","低"
"2026-05","桃園","patrol","巡查會簽","監造巡查簽認","112","102","98","4","1","2","0","0.9608","22","中"
"2026-05","桃園","patrol","巡查會簽","安衛人員巡查紀錄","112","94","91","3","0","1","0","0.9681","9","低"
"2026-05","桃園","patrol","巡查會簽","異常已即時通知","112","111","107","4","0","1","0","0.964","11","低"
"2026-05","桃園","closeout","收工回簽與現場紀錄","環境整理完成","112","108","104","4","1","1","0","0.963","19","中"
"2026-05","桃園","closeout","收工回簽與現場紀錄","施工前後照片完整","112","99","96","3","0","1","0","0.9697","9","低"
"2026-05","桃園","closeout","收工回簽與現場紀錄","氣體偵測照片上傳","112","102","99","3","0","1","0","0.9706","9","低"
"2026-05","桃園","closeout","收工回簽與現場紀錄","改善事項結案佐證完整","112","94","90","4","1","2","1","0.9574","27","中"
"2026-06","桃園","permit","許可基本資料","工作內容與地點完整","110","111","108","3","0","1","0","0.973","9","低"
"2026-06","桃園","permit","許可基本資料","作業分級正確","110","91","88","3","0","1","0","0.967","9","低"
"2026-06","桃園","permit","許可基本資料","核准工作時間明確","110","102","99","3","0","1","0","0.9706","9","低"
"2026-06","桃園","permit","許可基本資料","回簽資料完整","110","102","100","2","0","1","0","0.9804","7","低"
"2026-06","桃園","workType","作業分級與工作項目","動火/非動火判定正確","110","97","94","3","0","1","0","0.9691","9","低"
"2026-06","桃園","workType","作業分級與工作項目","A/B/C級作業判定正確","110","105","102","3","0","1","0","0.9714","9","低"
"2026-06","桃園","workType","作業分級與工作項目","附加檢點表適用","110","106","103","3","0","1","0","0.9717","9","低"
"2026-06","桃園","workType","作業分級與工作項目","延時工作經核准","110","103","100","3","0","1","0","0.9709","9","低"
"2026-06","桃園","contractor","承攬商與人員資格","施工人員名冊完整","110","95","92","3","1","1","0","0.9684","17","低"
"2026-06","桃園","contractor","承攬商與人員資格","工地負責人到場","110","95","91","4","1","2","0","0.9579","22","中"
"2026-06","桃園","contractor","承攬商與人員資格","安衛人員到場","110","99","95","4","1","1","0","0.9596","19","中"
"2026-06","桃園","contractor","承攬商與人員資格","特殊作業主管資格符合","110","92","89","3","1","1","0","0.9674","17","低"
"2026-06","桃園","hazardNotice","危害告知","承攬商已知悉注意事項","110","95","93","2","0","1","0","0.9789","7","低"
"2026-06","桃園","hazardNotice","危害告知","施工人員完成危害告知","110","104","101","3","0","1","0","0.9712","9","低"
"2026-06","桃園","hazardNotice","危害告知","勤前教育紀錄完整","110","92","89","3","1","1","0","0.9674","17","低"
"2026-06","桃園","hazardNotice","危害告知","緊急聯絡資訊明確","110","106","102","4","0","2","1","0.9623","19","中"
"2026-06","桃園","isolation","環境安全隔離","設備管線已釋壓清洗","110","111","107","4","1","1","0","0.964","19","中"
"2026-06","桃園","isolation","環境安全隔離","進出口已關斷/盲封/掛牌","110","91","87","4","1","1","0","0.956","19","中"
"2026-06","桃園","isolation","環境安全隔離","電源隔離加鎖掛牌","110","111","106","5","1","2","1","0.955","29","中"
"2026-06","桃園","isolation","環境安全隔離","暗溝陰井已堵塞密封","110","111","107","4","1","2","1","0.964","27","中"
"2026-06","桃園","gas","氣體偵測","可燃性氣體低於20%LEL","110","91","88","3","1","1","0","0.967","17","低"
"2026-06","桃園","gas","氣體偵測","氧氣濃度符合標準","110","91","87","4","1","1","0","0.956","19","中"
"2026-06","桃園","gas","氣體偵測","有害氣體低於容許濃度","110","106","102","4","1","1","0","0.9623","19","中"
"2026-06","桃園","gas","氣體偵測","上下午或連續測定紀錄完整","110","96","92","4","1","2","1","0.9583","27","中"
"2026-06","桃園","fireExplosion","消防與防爆設備","20型滅火器配置足夠","110","96","92","4","1","2","1","0.9583","27","中"
"2026-06","桃園","fireExplosion","消防與防爆設備","防爆電氣設備符合","110","98","94","4","1","2","1","0.9592","27","中"
"2026-06","桃園","fireExplosion","消防與防爆設備","安全工具使用正確","110","106","101","5","1","2","1","0.9528","29","中"
"2026-06","桃園","fireExplosion","消防與防爆設備","消防水帶或防火措施到位","110","102","98","4","1","1","0","0.9608","19","中"
"2026-06","桃園","ppeHeight","PPE與高處防墜","個人防護具穿戴正確","110","93","89","4","1","1","0","0.957","19","中"
"2026-06","桃園","ppeHeight","PPE與高處防墜","安全帶/安全母索使用","110","92","88","4","1","1","0","0.9565","19","中"
"2026-06","桃園","ppeHeight","PPE與高處防墜","施工架檢點合格","110","103","98","5","2","2","0","0.9515","32","中"
"2026-06","桃園","ppeHeight","PPE與高處防墜","安全網或工作平台設置","110","108","103","5","1","1","0","0.9537","21","中"
"2026-06","桃園","patrol","巡查會簽","轄區檢點簽認","110","105","102","3","0","1","0","0.9714","9","低"
"2026-06","桃園","patrol","巡查會簽","監造巡查簽認","110","108","104","4","1","1","0","0.963","19","中"
"2026-06","桃園","patrol","巡查會簽","安衛人員巡查紀錄","110","100","97","3","0","1","0","0.97","9","低"
"2026-06","桃園","patrol","巡查會簽","異常已即時通知","110","104","101","3","0","1","0","0.9712","9","低"
"2026-06","桃園","closeout","收工回簽與現場紀錄","環境整理完成","110","92","88","4","1","1","0","0.9565","19","中"
"2026-06","桃園","closeout","收工回簽與現場紀錄","施工前後照片完整","110","103","99","4","1","2","1","0.9612","27","中"
"2026-06","桃園","closeout","收工回簽與現場紀錄","氣體偵測照片上傳","110","90","86","4","1","1","0","0.9556","19","中"
"2026-06","桃園","closeout","收工回簽與現場紀錄","改善事項結案佐證完整","110","99","96","3","0","1","0","0.9697","9","低"
"2026-07","桃園","permit","許可基本資料","工作內容與地點完整","106","90","87","3","0","1","0","0.9667","9","低"
"2026-07","桃園","permit","許可基本資料","作業分級正確","106","97","94","3","1","1","0","0.9691","17","低"
"2026-07","桃園","permit","許可基本資料","核准工作時間明確","106","102","99","3","1","1","0","0.9706","17","低"
"2026-07","桃園","permit","許可基本資料","回簽資料完整","106","105","102","3","0","1","0","0.9714","9","低"
"2026-07","桃園","workType","作業分級與工作項目","動火/非動火判定正確","106","102","99","3","0","1","0","0.9706","9","低"
"2026-07","桃園","workType","作業分級與工作項目","A/B/C級作業判定正確","106","97","94","3","0","1","0","0.9691","9","低"
"2026-07","桃園","workType","作業分級與工作項目","附加檢點表適用","106","101","97","4","1","1","0","0.9604","19","中"
"2026-07","桃園","workType","作業分級與工作項目","延時工作經核准","106","91","88","3","1","1","0","0.967","17","低"
"2026-07","桃園","contractor","承攬商與人員資格","施工人員名冊完整","106","98","95","3","0","1","0","0.9694","9","低"
"2026-07","桃園","contractor","承攬商與人員資格","工地負責人到場","106","100","96","4","0","2","1","0.96","19","中"
"2026-07","桃園","contractor","承攬商與人員資格","安衛人員到場","106","91","88","3","0","1","0","0.967","9","低"
"2026-07","桃園","contractor","承攬商與人員資格","特殊作業主管資格符合","106","90","87","3","0","1","0","0.9667","9","低"
"2026-07","桃園","hazardNotice","危害告知","承攬商已知悉注意事項","106","92","90","2","0","1","0","0.9783","7","低"
"2026-07","桃園","hazardNotice","危害告知","施工人員完成危害告知","106","95","93","2","0","1","0","0.9789","7","低"
"2026-07","桃園","hazardNotice","危害告知","勤前教育紀錄完整","106","102","100","2","0","1","0","0.9804","7","低"
"2026-07","桃園","hazardNotice","危害告知","緊急聯絡資訊明確","106","87","84","3","0","1","0","0.9655","9","低"
"2026-07","桃園","isolation","環境安全隔離","設備管線已釋壓清洗","106","105","101","4","1","2","0","0.9619","22","中"
"2026-07","桃園","isolation","環境安全隔離","進出口已關斷/盲封/掛牌","106","95","92","3","1","1","0","0.9684","17","低"
"2026-07","桃園","isolation","環境安全隔離","電源隔離加鎖掛牌","106","97","92","5","1","1","0","0.9485","21","中"
"2026-07","桃園","isolation","環境安全隔離","暗溝陰井已堵塞密封","106","106","101","5","2","2","1","0.9528","37","中"
"2026-07","桃園","gas","氣體偵測","可燃性氣體低於20%LEL","106","102","98","4","1","2","1","0.9608","27","中"
"2026-07","桃園","gas","氣體偵測","氧氣濃度符合標準","106","98","94","4","1","1","0","0.9592","19","中"
"2026-07","桃園","gas","氣體偵測","有害氣體低於容許濃度","106","88","84","4","1","2","0","0.9545","22","中"
"2026-07","桃園","gas","氣體偵測","上下午或連續測定紀錄完整","106","90","86","4","1","1","0","0.9556","19","中"
"2026-07","桃園","fireExplosion","消防與防爆設備","20型滅火器配置足夠","106","95","90","5","2","1","0","0.9474","29","中"
"2026-07","桃園","fireExplosion","消防與防爆設備","防爆電氣設備符合","106","90","87","3","1","1","0","0.9667","17","低"
"2026-07","桃園","fireExplosion","消防與防爆設備","安全工具使用正確","106","104","99","5","1","1","0","0.9519","21","中"
"2026-07","桃園","fireExplosion","消防與防爆設備","消防水帶或防火措施到位","106","91","88","3","1","1","0","0.967","17","低"
"2026-07","桃園","ppeHeight","PPE與高處防墜","個人防護具穿戴正確","106","90","86","4","1","1","0","0.9556","19","中"
"2026-07","桃園","ppeHeight","PPE與高處防墜","安全帶/安全母索使用","106","101","97","4","1","2","1","0.9604","27","中"
"2026-07","桃園","ppeHeight","PPE與高處防墜","施工架檢點合格","106","93","90","3","1","1","0","0.9677","17","低"
"2026-07","桃園","ppeHeight","PPE與高處防墜","安全網或工作平台設置","106","105","100","5","1","2","0","0.9524","24","中"
"2026-07","桃園","patrol","巡查會簽","轄區檢點簽認","106","103","99","4","0","1","0","0.9612","11","低"
"2026-07","桃園","patrol","巡查會簽","監造巡查簽認","106","90","87","3","0","1","0","0.9667","9","低"
"2026-07","桃園","patrol","巡查會簽","安衛人員巡查紀錄","106","88","85","3","1","1","0","0.9659","17","低"
"2026-07","桃園","patrol","巡查會簽","異常已即時通知","106","95","92","3","0","1","0","0.9684","9","低"
"2026-07","桃園","closeout","收工回簽與現場紀錄","環境整理完成","106","103","100","3","0","1","0","0.9709","9","低"
"2026-07","桃園","closeout","收工回簽與現場紀錄","施工前後照片完整","106","100","97","3","1","1","0","0.97","17","低"
"2026-07","桃園","closeout","收工回簽與現場紀錄","氣體偵測照片上傳","106","103","99","4","1","2","0","0.9612","22","中"
"2026-07","桃園","closeout","收工回簽與現場紀錄","改善事項結案佐證完整","106","89","86","3","1","1","0","0.9663","17","低"
"2026-08","桃園","permit","許可基本資料","工作內容與地點完整","103","96","94","2","0","1","0","0.9792","7","低"
"2026-08","桃園","permit","許可基本資料","作業分級正確","103","86","84","2","0","1","0","0.9767","7","低"
"2026-08","桃園","permit","許可基本資料","核准工作時間明確","103","105","102","3","0","1","0","0.9714","9","低"
"2026-08","桃園","permit","許可基本資料","回簽資料完整","103","90","88","2","0","0","0","0.9778","4","低"
"2026-08","桃園","workType","作業分級與工作項目","動火/非動火判定正確","103","92","89","3","0","1","0","0.9674","9","低"
"2026-08","桃園","workType","作業分級與工作項目","A/B/C級作業判定正確","103","103","100","3","0","1","0","0.9709","9","低"
"2026-08","桃園","workType","作業分級與工作項目","附加檢點表適用","103","95","92","3","0","1","0","0.9684","9","低"
"2026-08","桃園","workType","作業分級與工作項目","延時工作經核准","103","86","83","3","0","1","0","0.9651","9","低"
"2026-08","桃園","contractor","承攬商與人員資格","施工人員名冊完整","103","93","90","3","0","1","0","0.9677","9","低"
"2026-08","桃園","contractor","承攬商與人員資格","工地負責人到場","103","88","84","4","1","2","1","0.9545","27","中"
"2026-08","桃園","contractor","承攬商與人員資格","安衛人員到場","103","85","82","3","0","1","0","0.9647","9","低"
"2026-08","桃園","contractor","承攬商與人員資格","特殊作業主管資格符合","103","86","83","3","1","1","0","0.9651","17","低"
"2026-08","桃園","hazardNotice","危害告知","承攬商已知悉注意事項","103","87","85","2","0","1","0","0.977","7","低"
"2026-08","桃園","hazardNotice","危害告知","施工人員完成危害告知","103","86","83","3","1","1","0","0.9651","17","低"
"2026-08","桃園","hazardNotice","危害告知","勤前教育紀錄完整","103","100","97","3","0","1","0","0.97","9","低"
"2026-08","桃園","hazardNotice","危害告知","緊急聯絡資訊明確","103","88","85","3","0","1","0","0.9659","9","低"
"2026-08","桃園","isolation","環境安全隔離","設備管線已釋壓清洗","103","101","97","4","1","2","1","0.9604","27","中"
"2026-08","桃園","isolation","環境安全隔離","進出口已關斷/盲封/掛牌","103","98","94","4","1","2","1","0.9592","27","中"
"2026-08","桃園","isolation","環境安全隔離","電源隔離加鎖掛牌","103","88","84","4","1","2","1","0.9545","27","中"
"2026-08","桃園","isolation","環境安全隔離","暗溝陰井已堵塞密封","103","95","92","3","1","1","0","0.9684","17","低"
"2026-08","桃園","gas","氣體偵測","可燃性氣體低於20%LEL","103","88","84","4","1","2","1","0.9545","27","中"
"2026-08","桃園","gas","氣體偵測","氧氣濃度符合標準","103","98","94","4","1","2","1","0.9592","27","中"
"2026-08","桃園","gas","氣體偵測","有害氣體低於容許濃度","103","89","84","5","1","1","0","0.9438","21","中"
"2026-08","桃園","gas","氣體偵測","上下午或連續測定紀錄完整","103","85","81","4","1","2","1","0.9529","27","中"
"2026-08","桃園","fireExplosion","消防與防爆設備","20型滅火器配置足夠","103","96","92","4","1","1","0","0.9583","19","中"
"2026-08","桃園","fireExplosion","消防與防爆設備","防爆電氣設備符合","103","101","97","4","1","2","1","0.9604","27","中"
"2026-08","桃園","fireExplosion","消防與防爆設備","安全工具使用正確","103","100","95","5","1","2","1","0.95","29","中"
"2026-08","桃園","fireExplosion","消防與防爆設備","消防水帶或防火措施到位","103","96","91","5","2","2","1","0.9479","37","中"
"2026-08","桃園","ppeHeight","PPE與高處防墜","個人防護具穿戴正確","103","101","98","3","1","1","0","0.9703","17","低"
"2026-08","桃園","ppeHeight","PPE與高處防墜","安全帶/安全母索使用","103","87","83","4","1","1","0","0.954","19","中"
"2026-08","桃園","ppeHeight","PPE與高處防墜","施工架檢點合格","103","103","99","4","1","1","0","0.9612","19","中"
"2026-08","桃園","ppeHeight","PPE與高處防墜","安全網或工作平台設置","103","93","88","5","2","2","1","0.9462","37","中"
"2026-08","桃園","patrol","巡查會簽","轄區檢點簽認","103","101","98","3","0","1","0","0.9703","9","低"
"2026-08","桃園","patrol","巡查會簽","監造巡查簽認","103","95","92","3","0","1","0","0.9684","9","低"
"2026-08","桃園","patrol","巡查會簽","安衛人員巡查紀錄","103","96","92","4","1","2","0","0.9583","22","中"
"2026-08","桃園","patrol","巡查會簽","異常已即時通知","103","88","86","2","0","1","0","0.9773","7","低"
"2026-08","桃園","closeout","收工回簽與現場紀錄","環境整理完成","103","88","85","3","0","1","0","0.9659","9","低"
"2026-08","桃園","closeout","收工回簽與現場紀錄","施工前後照片完整","103","93","89","4","0","2","0","0.957","14","低"
"2026-08","桃園","closeout","收工回簽與現場紀錄","氣體偵測照片上傳","103","100","96","4","0","1","0","0.96","11","低"
"2026-08","桃園","closeout","收工回簽與現場紀錄","改善事項結案佐證完整","103","91","88","3","1","1","0","0.967","17","低"
"2026-09","桃園","permit","許可基本資料","工作內容與地點完整","91","82","80","2","0","1","0","0.9756","7","低"
"2026-09","桃園","permit","許可基本資料","作業分級正確","91","89","86","3","0","1","0","0.9663","9","低"
"2026-09","桃園","permit","許可基本資料","核准工作時間明確","91","89","86","3","0","1","0","0.9663","9","低"
"2026-09","桃園","permit","許可基本資料","回簽資料完整","91","86","84","2","0","1","0","0.9767","7","低"
"2026-09","桃園","workType","作業分級與工作項目","動火/非動火判定正確","91","86","84","2","0","1","0","0.9767","7","低"
"2026-09","桃園","workType","作業分級與工作項目","A/B/C級作業判定正確","91","78","75","3","0","1","0","0.9615","9","低"
"2026-09","桃園","workType","作業分級與工作項目","附加檢點表適用","91","84","81","3","1","1","0","0.9643","17","低"
"2026-09","桃園","workType","作業分級與工作項目","延時工作經核准","91","90","88","2","0","1","0","0.9778","7","低"
"2026-09","桃園","contractor","承攬商與人員資格","施工人員名冊完整","91","75","73","2","0","1","0","0.9733","7","低"
"2026-09","桃園","contractor","承攬商與人員資格","工地負責人到場","91","92","88","4","1","1","0","0.9565","19","中"
"2026-09","桃園","contractor","承攬商與人員資格","安衛人員到場","91","86","83","3","1","1","0","0.9651","17","低"
"2026-09","桃園","contractor","承攬商與人員資格","特殊作業主管資格符合","91","92","88","4","0","2","1","0.9565","19","中"
"2026-09","桃園","hazardNotice","危害告知","承攬商已知悉注意事項","91","88","85","3","0","1","0","0.9659","9","低"
"2026-09","桃園","hazardNotice","危害告知","施工人員完成危害告知","91","78","76","2","0","1","0","0.9744","7","低"
"2026-09","桃園","hazardNotice","危害告知","勤前教育紀錄完整","91","85","83","2","0","1","0","0.9765","7","低"
"2026-09","桃園","hazardNotice","危害告知","緊急聯絡資訊明確","91","75","73","2","0","1","0","0.9733","7","低"
"2026-09","桃園","isolation","環境安全隔離","設備管線已釋壓清洗","91","84","81","3","1","1","0","0.9643","17","低"
"2026-09","桃園","isolation","環境安全隔離","進出口已關斷/盲封/掛牌","91","86","83","3","1","1","0","0.9651","17","低"
"2026-09","桃園","isolation","環境安全隔離","電源隔離加鎖掛牌","91","85","81","4","1","2","0","0.9529","22","中"
"2026-09","桃園","isolation","環境安全隔離","暗溝陰井已堵塞密封","91","81","77","4","1","1","0","0.9506","19","中"
"2026-09","桃園","gas","氣體偵測","可燃性氣體低於20%LEL","91","87","84","3","1","1","0","0.9655","17","低"
"2026-09","桃園","gas","氣體偵測","氧氣濃度符合標準","91","90","85","5","1","1","0","0.9444","21","中"
"2026-09","桃園","gas","氣體偵測","有害氣體低於容許濃度","91","79","76","3","1","1","0","0.962","17","低"
"2026-09","桃園","gas","氣體偵測","上下午或連續測定紀錄完整","91","88","83","5","2","1","0","0.9432","29","中"
"2026-09","桃園","fireExplosion","消防與防爆設備","20型滅火器配置足夠","91","92","88","4","1","2","0","0.9565","22","中"
"2026-09","桃園","fireExplosion","消防與防爆設備","防爆電氣設備符合","91","91","88","3","1","1","0","0.967","17","低"
"2026-09","桃園","fireExplosion","消防與防爆設備","安全工具使用正確","91","75","71","4","1","2","1","0.9467","27","中"
"2026-09","桃園","fireExplosion","消防與防爆設備","消防水帶或防火措施到位","91","79","76","3","1","1","0","0.962","17","低"
"2026-09","桃園","ppeHeight","PPE與高處防墜","個人防護具穿戴正確","91","80","77","3","1","1","0","0.9625","17","低"
"2026-09","桃園","ppeHeight","PPE與高處防墜","安全帶/安全母索使用","91","89","85","4","1","2","1","0.9551","27","中"
"2026-09","桃園","ppeHeight","PPE與高處防墜","施工架檢點合格","91","77","73","4","1","1","0","0.9481","19","中"
"2026-09","桃園","ppeHeight","PPE與高處防墜","安全網或工作平台設置","91","93","90","3","1","1","0","0.9677","17","低"
"2026-09","桃園","patrol","巡查會簽","轄區檢點簽認","91","77","75","2","0","1","0","0.974","7","低"
"2026-09","桃園","patrol","巡查會簽","監造巡查簽認","91","89","86","3","1","1","0","0.9663","17","低"
"2026-09","桃園","patrol","巡查會簽","安衛人員巡查紀錄","91","85","82","3","1","1","0","0.9647","17","低"
"2026-09","桃園","patrol","巡查會簽","異常已即時通知","91","78","75","3","0","1","0","0.9615","9","低"
"2026-09","桃園","closeout","收工回簽與現場紀錄","環境整理完成","91","89","85","4","1","2","1","0.9551","27","中"
"2026-09","桃園","closeout","收工回簽與現場紀錄","施工前後照片完整","91","76","73","3","1","1","0","0.9605","17","低"
"2026-09","桃園","closeout","收工回簽與現場紀錄","氣體偵測照片上傳","91","86","83","3","0","1","0","0.9651","9","低"
"2026-09","桃園","closeout","收工回簽與現場紀錄","改善事項結案佐證完整","91","80","78","2","0","1","0","0.975","7","低"
"2026-10","桃園","permit","許可基本資料","工作內容與地點完整","97","80","78","2","0","1","0","0.975","7","低"
"2026-10","桃園","permit","許可基本資料","作業分級正確","97","91","88","3","0","1","0","0.967","9","低"
"2026-10","桃園","permit","許可基本資料","核准工作時間明確","97","89","86","3","0","1","0","0.9663","9","低"
"2026-10","桃園","permit","許可基本資料","回簽資料完整","97","93","90","3","0","1","0","0.9677","9","低"
"2026-10","桃園","workType","作業分級與工作項目","動火/非動火判定正確","97","92","89","3","0","1","0","0.9674","9","低"
"2026-10","桃園","workType","作業分級與工作項目","A/B/C級作業判定正確","97","87","84","3","0","1","0","0.9655","9","低"
"2026-10","桃園","workType","作業分級與工作項目","附加檢點表適用","97","95","92","3","0","1","0","0.9684","9","低"
"2026-10","桃園","workType","作業分級與工作項目","延時工作經核准","97","94","92","2","0","1","0","0.9787","7","低"
"2026-10","桃園","contractor","承攬商與人員資格","施工人員名冊完整","97","80","77","3","0","1","0","0.9625","9","低"
"2026-10","桃園","contractor","承攬商與人員資格","工地負責人到場","97","92","89","3","1","1","0","0.9674","17","低"
"2026-10","桃園","contractor","承攬商與人員資格","安衛人員到場","97","88","85","3","0","1","0","0.9659","9","低"
"2026-10","桃園","contractor","承攬商與人員資格","特殊作業主管資格符合","97","85","82","3","0","1","0","0.9647","9","低"
"2026-10","桃園","hazardNotice","危害告知","承攬商已知悉注意事項","97","88","86","2","0","0","0","0.9773","4","低"
"2026-10","桃園","hazardNotice","危害告知","施工人員完成危害告知","97","87","84","3","1","1","0","0.9655","17","低"
"2026-10","桃園","hazardNotice","危害告知","勤前教育紀錄完整","97","86","84","2","0","1","0","0.9767","7","低"
"2026-10","桃園","hazardNotice","危害告知","緊急聯絡資訊明確","97","84","82","2","0","1","0","0.9762","7","低"
"2026-10","桃園","isolation","環境安全隔離","設備管線已釋壓清洗","97","90","85","5","1","1","0","0.9444","21","中"
"2026-10","桃園","isolation","環境安全隔離","進出口已關斷/盲封/掛牌","97","98","94","4","1","1","0","0.9592","19","中"
"2026-10","桃園","isolation","環境安全隔離","電源隔離加鎖掛牌","97","93","90","3","1","1","0","0.9677","17","低"
"2026-10","桃園","isolation","環境安全隔離","暗溝陰井已堵塞密封","97","92","88","4","1","1","0","0.9565","19","中"
"2026-10","桃園","gas","氣體偵測","可燃性氣體低於20%LEL","97","91","87","4","1","2","1","0.956","27","中"
"2026-10","桃園","gas","氣體偵測","氧氣濃度符合標準","97","83","79","4","1","1","0","0.9518","19","中"
"2026-10","桃園","gas","氣體偵測","有害氣體低於容許濃度","97","94","90","4","1","2","0","0.9574","22","中"
"2026-10","桃園","gas","氣體偵測","上下午或連續測定紀錄完整","97","85","82","3","1","1","0","0.9647","17","低"
"2026-10","桃園","fireExplosion","消防與防爆設備","20型滅火器配置足夠","97","82","78","4","1","1","0","0.9512","19","中"
"2026-10","桃園","fireExplosion","消防與防爆設備","防爆電氣設備符合","97","84","80","4","1","2","1","0.9524","27","中"
"2026-10","桃園","fireExplosion","消防與防爆設備","安全工具使用正確","97","90","85","5","1","2","1","0.9444","29","中"
"2026-10","桃園","fireExplosion","消防與防爆設備","消防水帶或防火措施到位","97","81","78","3","1","1","0","0.963","17","低"
"2026-10","桃園","ppeHeight","PPE與高處防墜","個人防護具穿戴正確","97","80","77","3","1","1","0","0.9625","17","低"
"2026-10","桃園","ppeHeight","PPE與高處防墜","安全帶/安全母索使用","97","97","93","4","1","2","1","0.9588","27","中"
"2026-10","桃園","ppeHeight","PPE與高處防墜","施工架檢點合格","97","92","89","3","1","1","0","0.9674","17","低"
"2026-10","桃園","ppeHeight","PPE與高處防墜","安全網或工作平台設置","97","87","83","4","1","2","1","0.954","27","中"
"2026-10","桃園","patrol","巡查會簽","轄區檢點簽認","97","90","86","4","0","2","0","0.9556","14","低"
"2026-10","桃園","patrol","巡查會簽","監造巡查簽認","97","98","95","3","1","1","0","0.9694","17","低"
"2026-10","桃園","patrol","巡查會簽","安衛人員巡查紀錄","97","86","83","3","0","1","0","0.9651","9","低"
"2026-10","桃園","patrol","巡查會簽","異常已即時通知","97","97","93","4","1","2","1","0.9588","27","中"
"2026-10","桃園","closeout","收工回簽與現場紀錄","環境整理完成","97","95","91","4","0","1","0","0.9579","11","低"
"2026-10","桃園","closeout","收工回簽與現場紀錄","施工前後照片完整","97","89","85","4","1","2","0","0.9551","22","中"
"2026-10","桃園","closeout","收工回簽與現場紀錄","氣體偵測照片上傳","97","91","87","4","0","1","0","0.956","11","低"
"2026-10","桃園","closeout","收工回簽與現場紀錄","改善事項結案佐證完整","97","86","83","3","0","1","0","0.9651","9","低"
"2026-11","桃園","permit","許可基本資料","工作內容與地點完整","96","88","85","3","0","1","0","0.9659","9","低"
"2026-11","桃園","permit","許可基本資料","作業分級正確","96","82","80","2","0","1","0","0.9756","7","低"
"2026-11","桃園","permit","許可基本資料","核准工作時間明確","96","98","96","2","0","1","0","0.9796","7","低"
"2026-11","桃園","permit","許可基本資料","回簽資料完整","96","82","79","3","1","1","0","0.9634","17","低"
"2026-11","桃園","workType","作業分級與工作項目","動火/非動火判定正確","96","96","93","3","0","1","0","0.9688","9","低"
"2026-11","桃園","workType","作業分級與工作項目","A/B/C級作業判定正確","96","85","83","2","0","1","0","0.9765","7","低"
"2026-11","桃園","workType","作業分級與工作項目","附加檢點表適用","96","92","89","3","0","1","0","0.9674","9","低"
"2026-11","桃園","workType","作業分級與工作項目","延時工作經核准","96","84","82","2","0","1","0","0.9762","7","低"
"2026-11","桃園","contractor","承攬商與人員資格","施工人員名冊完整","96","87","84","3","0","1","0","0.9655","9","低"
"2026-11","桃園","contractor","承攬商與人員資格","工地負責人到場","96","97","93","4","1","1","0","0.9588","19","中"
"2026-11","桃園","contractor","承攬商與人員資格","安衛人員到場","96","85","82","3","0","1","0","0.9647","9","低"
"2026-11","桃園","contractor","承攬商與人員資格","特殊作業主管資格符合","96","92","88","4","0","1","0","0.9565","11","低"
"2026-11","桃園","hazardNotice","危害告知","承攬商已知悉注意事項","96","93","91","2","0","1","0","0.9785","7","低"
"2026-11","桃園","hazardNotice","危害告知","施工人員完成危害告知","96","85","83","2","0","1","0","0.9765","7","低"
"2026-11","桃園","hazardNotice","危害告知","勤前教育紀錄完整","96","86","83","3","0","1","0","0.9651","9","低"
"2026-11","桃園","hazardNotice","危害告知","緊急聯絡資訊明確","96","82","80","2","0","1","0","0.9756","7","低"
"2026-11","桃園","isolation","環境安全隔離","設備管線已釋壓清洗","96","85","81","4","1","1","0","0.9529","19","中"
"2026-11","桃園","isolation","環境安全隔離","進出口已關斷/盲封/掛牌","96","96","92","4","1","1","0","0.9583","19","中"
"2026-11","桃園","isolation","環境安全隔離","電源隔離加鎖掛牌","96","88","84","4","1","1","0","0.9545","19","中"
"2026-11","桃園","isolation","環境安全隔離","暗溝陰井已堵塞密封","96","83","80","3","1","1","0","0.9639","17","低"
"2026-11","桃園","gas","氣體偵測","可燃性氣體低於20%LEL","96","83","79","4","1","1","0","0.9518","19","中"
"2026-11","桃園","gas","氣體偵測","氧氣濃度符合標準","96","98","93","5","2","2","1","0.949","37","中"
"2026-11","桃園","gas","氣體偵測","有害氣體低於容許濃度","96","95","91","4","1","1","0","0.9579","19","中"
"2026-11","桃園","gas","氣體偵測","上下午或連續測定紀錄完整","96","96","93","3","1","1","0","0.9688","17","低"
"2026-11","桃園","fireExplosion","消防與防爆設備","20型滅火器配置足夠","96","79","76","3","1","1","0","0.962","17","低"
"2026-11","桃園","fireExplosion","消防與防爆設備","防爆電氣設備符合","96","83","79","4","1","1","0","0.9518","19","中"
"2026-11","桃園","fireExplosion","消防與防爆設備","安全工具使用正確","96","83","80","3","1","1","0","0.9639","17","低"
"2026-11","桃園","fireExplosion","消防與防爆設備","消防水帶或防火措施到位","96","80","76","4","1","1","0","0.95","19","中"
"2026-11","桃園","ppeHeight","PPE與高處防墜","個人防護具穿戴正確","96","92","88","4","1","2","1","0.9565","27","中"
"2026-11","桃園","ppeHeight","PPE與高處防墜","安全帶/安全母索使用","96","81","77","4","1","1","0","0.9506","19","中"
"2026-11","桃園","ppeHeight","PPE與高處防墜","施工架檢點合格","96","89","85","4","1","1","0","0.9551","19","中"
"2026-11","桃園","ppeHeight","PPE與高處防墜","安全網或工作平台設置","96","98","94","4","1","1","0","0.9592","19","中"
"2026-11","桃園","patrol","巡查會簽","轄區檢點簽認","96","89","86","3","0","1","0","0.9663","9","低"
"2026-11","桃園","patrol","巡查會簽","監造巡查簽認","96","82","79","3","0","1","0","0.9634","9","低"
"2026-11","桃園","patrol","巡查會簽","安衛人員巡查紀錄","96","89","86","3","0","1","0","0.9663","9","低"
"2026-11","桃園","patrol","巡查會簽","異常已即時通知","96","90","87","3","0","1","0","0.9667","9","低"
"2026-11","桃園","closeout","收工回簽與現場紀錄","環境整理完成","96","88","85","3","1","1","0","0.9659","17","低"
"2026-11","桃園","closeout","收工回簽與現場紀錄","施工前後照片完整","96","88","85","3","1","1","0","0.9659","17","低"
"2026-11","桃園","closeout","收工回簽與現場紀錄","氣體偵測照片上傳","96","88","85","3","0","1","0","0.9659","9","低"
"2026-11","桃園","closeout","收工回簽與現場紀錄","改善事項結案佐證完整","96","85","82","3","0","1","0","0.9647","9","低"
"2026-12","桃園","permit","許可基本資料","工作內容與地點完整","103","94","92","2","0","1","0","0.9787","7","低"
"2026-12","桃園","permit","許可基本資料","作業分級正確","103","94","92","2","0","1","0","0.9787","7","低"
"2026-12","桃園","permit","許可基本資料","核准工作時間明確","103","91","88","3","0","1","0","0.967","9","低"
"2026-12","桃園","permit","許可基本資料","回簽資料完整","103","102","100","2","0","1","0","0.9804","7","低"
"2026-12","桃園","workType","作業分級與工作項目","動火/非動火判定正確","103","89","86","3","1","1","0","0.9663","17","低"
"2026-12","桃園","workType","作業分級與工作項目","A/B/C級作業判定正確","103","87","84","3","1","1","0","0.9655","17","低"
"2026-12","桃園","workType","作業分級與工作項目","附加檢點表適用","103","91","88","3","1","1","0","0.967","17","低"
"2026-12","桃園","workType","作業分級與工作項目","延時工作經核准","103","99","96","3","1","1","0","0.9697","17","低"
"2026-12","桃園","contractor","承攬商與人員資格","施工人員名冊完整","103","90","87","3","0","1","0","0.9667","9","低"
"2026-12","桃園","contractor","承攬商與人員資格","工地負責人到場","103","104","100","4","1","1","0","0.9615","19","中"
"2026-12","桃園","contractor","承攬商與人員資格","安衛人員到場","103","89","86","3","0","1","0","0.9663","9","低"
"2026-12","桃園","contractor","承攬商與人員資格","特殊作業主管資格符合","103","104","100","4","0","1","0","0.9615","11","低"
"2026-12","桃園","hazardNotice","危害告知","承攬商已知悉注意事項","103","99","96","3","0","1","0","0.9697","9","低"
"2026-12","桃園","hazardNotice","危害告知","施工人員完成危害告知","103","91","88","3","0","1","0","0.967","9","低"
"2026-12","桃園","hazardNotice","危害告知","勤前教育紀錄完整","103","98","95","3","0","1","0","0.9694","9","低"
"2026-12","桃園","hazardNotice","危害告知","緊急聯絡資訊明確","103","97","94","3","0","1","0","0.9691","9","低"
"2026-12","桃園","isolation","環境安全隔離","設備管線已釋壓清洗","103","92","88","4","1","1","0","0.9565","19","中"
"2026-12","桃園","isolation","環境安全隔離","進出口已關斷/盲封/掛牌","103","94","89","5","2","2","1","0.9468","37","中"
"2026-12","桃園","isolation","環境安全隔離","電源隔離加鎖掛牌","103","95","90","5","2","1","0","0.9474","29","中"
"2026-12","桃園","isolation","環境安全隔離","暗溝陰井已堵塞密封","103","91","88","3","1","1","0","0.967","17","低"
"2026-12","桃園","gas","氣體偵測","可燃性氣體低於20%LEL","103","90","85","5","1","2","1","0.9444","29","中"
"2026-12","桃園","gas","氣體偵測","氧氣濃度符合標準","103","87","83","4","1","1","0","0.954","19","中"
"2026-12","桃園","gas","氣體偵測","有害氣體低於容許濃度","103","91","87","4","1","1","0","0.956","19","中"
"2026-12","桃園","gas","氣體偵測","上下午或連續測定紀錄完整","103","96","92","4","1","2","1","0.9583","27","中"
"2026-12","桃園","fireExplosion","消防與防爆設備","20型滅火器配置足夠","103","91","87","4","1","1","0","0.956","19","中"
"2026-12","桃園","fireExplosion","消防與防爆設備","防爆電氣設備符合","103","90","87","3","1","1","0","0.9667","17","低"
"2026-12","桃園","fireExplosion","消防與防爆設備","安全工具使用正確","103","86","82","4","1","1","0","0.9535","19","中"
"2026-12","桃園","fireExplosion","消防與防爆設備","消防水帶或防火措施到位","103","97","93","4","1","1","0","0.9588","19","中"
"2026-12","桃園","ppeHeight","PPE與高處防墜","個人防護具穿戴正確","103","88","84","4","1","2","0","0.9545","22","中"
"2026-12","桃園","ppeHeight","PPE與高處防墜","安全帶/安全母索使用","103","96","91","5","1","2","1","0.9479","29","中"
"2026-12","桃園","ppeHeight","PPE與高處防墜","施工架檢點合格","103","99","95","4","1","1","0","0.9596","19","中"
"2026-12","桃園","ppeHeight","PPE與高處防墜","安全網或工作平台設置","103","96","92","4","1","2","0","0.9583","22","中"
"2026-12","桃園","patrol","巡查會簽","轄區檢點簽認","103","90","87","3","0","1","0","0.9667","9","低"
"2026-12","桃園","patrol","巡查會簽","監造巡查簽認","103","91","88","3","1","1","0","0.967","17","低"
"2026-12","桃園","patrol","巡查會簽","安衛人員巡查紀錄","103","96","92","4","1","1","0","0.9583","19","中"
"2026-12","桃園","patrol","巡查會簽","異常已即時通知","103","102","99","3","0","1","0","0.9706","9","低"
"2026-12","桃園","closeout","收工回簽與現場紀錄","環境整理完成","103","94","90","4","1","2","1","0.9574","27","中"
"2026-12","桃園","closeout","收工回簽與現場紀錄","施工前後照片完整","103","85","81","4","1","2","1","0.9529","27","中"
"2026-12","桃園","closeout","收工回簽與現場紀錄","氣體偵測照片上傳","103","96","93","3","0","1","0","0.9688","9","低"
"2026-12","桃園","closeout","收工回簽與現場紀錄","改善事項結案佐證完整","103","87","84","3","0","1","0","0.9655","9","低"
"2024-01","台中","permit","許可基本資料","工作內容與地點完整","91","89","86","3","0","1","0","0.9663","9","低"
"2024-01","台中","permit","許可基本資料","作業分級正確","91","80","78","2","0","1","0","0.975","7","低"
"2024-01","台中","permit","許可基本資料","核准工作時間明確","91","77","75","2","0","1","0","0.974","7","低"
"2024-01","台中","permit","許可基本資料","回簽資料完整","91","82","80","2","0","0","0","0.9756","4","低"
"2024-01","台中","workType","作業分級與工作項目","動火/非動火判定正確","91","76","73","3","0","1","0","0.9605","9","低"
"2024-01","台中","workType","作業分級與工作項目","A/B/C級作業判定正確","91","76","73","3","1","1","0","0.9605","17","低"
"2024-01","台中","workType","作業分級與工作項目","附加檢點表適用","91","88","85","3","0","1","0","0.9659","9","低"
"2024-01","台中","workType","作業分級與工作項目","延時工作經核准","91","76","74","2","0","0","0","0.9737","4","低"
"2024-01","台中","contractor","承攬商與人員資格","施工人員名冊完整","91","84","81","3","0","1","0","0.9643","9","低"
"2024-01","台中","contractor","承攬商與人員資格","工地負責人到場","91","78","75","3","0","1","0","0.9615","9","低"
"2024-01","台中","contractor","承攬商與人員資格","安衛人員到場","91","75","72","3","0","1","0","0.96","9","低"
"2024-01","台中","contractor","承攬商與人員資格","特殊作業主管資格符合","91","78","76","2","0","1","0","0.9744","7","低"
"2024-01","台中","hazardNotice","危害告知","承攬商已知悉注意事項","91","75","73","2","0","1","0","0.9733","7","低"
"2024-01","台中","hazardNotice","危害告知","施工人員完成危害告知","91","77","74","3","0","1","0","0.961","9","低"
"2024-01","台中","hazardNotice","危害告知","勤前教育紀錄完整","91","76","74","2","0","1","0","0.9737","7","低"
"2024-01","台中","hazardNotice","危害告知","緊急聯絡資訊明確","91","78","76","2","0","1","0","0.9744","7","低"
"2024-01","台中","isolation","環境安全隔離","設備管線已釋壓清洗","91","83","80","3","1","1","0","0.9639","17","低"
"2024-01","台中","isolation","環境安全隔離","進出口已關斷/盲封/掛牌","91","76","73","3","1","1","0","0.9605","17","低"
"2024-01","台中","isolation","環境安全隔離","電源隔離加鎖掛牌","91","83","80","3","1","1","0","0.9639","17","低"
"2024-01","台中","isolation","環境安全隔離","暗溝陰井已堵塞密封","91","89","86","3","1","1","0","0.9663","17","低"
"2024-01","台中","gas","氣體偵測","可燃性氣體低於20%LEL","91","79","75","4","1","2","1","0.9494","27","中"
"2024-01","台中","gas","氣體偵測","氧氣濃度符合標準","91","88","84","4","1","1","0","0.9545","19","中"
"2024-01","台中","gas","氣體偵測","有害氣體低於容許濃度","91","90","86","4","1","2","1","0.9556","27","中"
"2024-01","台中","gas","氣體偵測","上下午或連續測定紀錄完整","91","86","81","5","1","1","0","0.9419","21","中"
"2024-01","台中","fireExplosion","消防與防爆設備","20型滅火器配置足夠","91","91","88","3","1","1","0","0.967","17","低"
"2024-01","台中","fireExplosion","消防與防爆設備","防爆電氣設備符合","91","84","79","5","1","1","0","0.9405","21","中"
"2024-01","台中","fireExplosion","消防與防爆設備","安全工具使用正確","91","80","76","4","1","1","0","0.95","19","中"
"2024-01","台中","fireExplosion","消防與防爆設備","消防水帶或防火措施到位","91","82","79","3","1","1","0","0.9634","17","低"
"2024-01","台中","ppeHeight","PPE與高處防墜","個人防護具穿戴正確","91","78","75","3","1","1","0","0.9615","17","低"
"2024-01","台中","ppeHeight","PPE與高處防墜","安全帶/安全母索使用","91","91","87","4","1","2","1","0.956","27","中"
"2024-01","台中","ppeHeight","PPE與高處防墜","施工架檢點合格","91","75","72","3","1","1","0","0.96","17","低"
"2024-01","台中","ppeHeight","PPE與高處防墜","安全網或工作平台設置","91","90","86","4","1","1","0","0.9556","19","中"
"2024-01","台中","patrol","巡查會簽","轄區檢點簽認","91","79","76","3","0","1","0","0.962","9","低"
"2024-01","台中","patrol","巡查會簽","監造巡查簽認","91","84","81","3","0","1","0","0.9643","9","低"
"2024-01","台中","patrol","巡查會簽","安衛人員巡查紀錄","91","79","77","2","0","1","0","0.9747","7","低"
"2024-01","台中","patrol","巡查會簽","異常已即時通知","91","84","81","3","0","1","0","0.9643","9","低"
"2024-01","台中","closeout","收工回簽與現場紀錄","環境整理完成","91","86","83","3","0","1","0","0.9651","9","低"
"2024-01","台中","closeout","收工回簽與現場紀錄","施工前後照片完整","91","92","88","4","0","2","0","0.9565","14","低"
"2024-01","台中","closeout","收工回簽與現場紀錄","氣體偵測照片上傳","91","79","76","3","1","1","0","0.962","17","低"
"2024-01","台中","closeout","收工回簽與現場紀錄","改善事項結案佐證完整","91","83","79","4","1","1","0","0.9518","19","中"
"2024-02","台中","permit","許可基本資料","工作內容與地點完整","82","83","80","3","1","1","0","0.9639","17","低"
"2024-02","台中","permit","許可基本資料","作業分級正確","82","69","67","2","0","1","0","0.971","7","低"
"2024-02","台中","permit","許可基本資料","核准工作時間明確","82","71","69","2","0","0","0","0.9718","4","低"
"2024-02","台中","permit","許可基本資料","回簽資料完整","82","71","69","2","0","1","0","0.9718","7","低"
"2024-02","台中","workType","作業分級與工作項目","動火/非動火判定正確","82","84","82","2","0","1","0","0.9762","7","低"
"2024-02","台中","workType","作業分級與工作項目","A/B/C級作業判定正確","82","82","79","3","0","1","0","0.9634","9","低"
"2024-02","台中","workType","作業分級與工作項目","附加檢點表適用","82","71","69","2","0","1","0","0.9718","7","低"
"2024-02","台中","workType","作業分級與工作項目","延時工作經核准","82","83","81","2","0","1","0","0.9759","7","低"
"2024-02","台中","contractor","承攬商與人員資格","施工人員名冊完整","82","72","70","2","0","1","0","0.9722","7","低"
"2024-02","台中","contractor","承攬商與人員資格","工地負責人到場","82","68","66","2","0","1","0","0.9706","7","低"
"2024-02","台中","contractor","承攬商與人員資格","安衛人員到場","82","74","71","3","0","1","0","0.9595","9","低"
"2024-02","台中","contractor","承攬商與人員資格","特殊作業主管資格符合","82","69","67","2","0","1","0","0.971","7","低"
"2024-02","台中","hazardNotice","危害告知","承攬商已知悉注意事項","82","68","66","2","0","1","0","0.9706","7","低"
"2024-02","台中","hazardNotice","危害告知","施工人員完成危害告知","82","78","76","2","0","0","0","0.9744","4","低"
"2024-02","台中","hazardNotice","危害告知","勤前教育紀錄完整","82","76","74","2","0","1","0","0.9737","7","低"
"2024-02","台中","hazardNotice","危害告知","緊急聯絡資訊明確","82","75","73","2","0","1","0","0.9733","7","低"
"2024-02","台中","isolation","環境安全隔離","設備管線已釋壓清洗","82","74","71","3","1","1","0","0.9595","17","低"
"2024-02","台中","isolation","環境安全隔離","進出口已關斷/盲封/掛牌","82","73","69","4","1","1","0","0.9452","19","中"
"2024-02","台中","isolation","環境安全隔離","電源隔離加鎖掛牌","82","82","78","4","1","2","1","0.9512","27","中"
"2024-02","台中","isolation","環境安全隔離","暗溝陰井已堵塞密封","82","83","80","3","1","1","0","0.9639","17","低"
"2024-02","台中","gas","氣體偵測","可燃性氣體低於20%LEL","82","69","66","3","1","1","0","0.9565","17","低"
"2024-02","台中","gas","氣體偵測","氧氣濃度符合標準","82","73","70","3","1","1","0","0.9589","17","低"
"2024-02","台中","gas","氣體偵測","有害氣體低於容許濃度","82","75","72","3","1","1","0","0.96","17","低"
"2024-02","台中","gas","氣體偵測","上下午或連續測定紀錄完整","82","71","68","3","1","1","0","0.9577","17","低"
"2024-02","台中","fireExplosion","消防與防爆設備","20型滅火器配置足夠","82","75","72","3","1","1","0","0.96","17","低"
"2024-02","台中","fireExplosion","消防與防爆設備","防爆電氣設備符合","82","81","77","4","1","1","0","0.9506","19","中"
"2024-02","台中","fireExplosion","消防與防爆設備","安全工具使用正確","82","70","67","3","1","1","0","0.9571","17","低"
"2024-02","台中","fireExplosion","消防與防爆設備","消防水帶或防火措施到位","82","73","69","4","1","2","1","0.9452","27","中"
"2024-02","台中","ppeHeight","PPE與高處防墜","個人防護具穿戴正確","82","82","78","4","1","1","0","0.9512","19","中"
"2024-02","台中","ppeHeight","PPE與高處防墜","安全帶/安全母索使用","82","68","65","3","1","1","0","0.9559","17","低"
"2024-02","台中","ppeHeight","PPE與高處防墜","施工架檢點合格","82","74","71","3","1","1","0","0.9595","17","低"
"2024-02","台中","ppeHeight","PPE與高處防墜","安全網或工作平台設置","82","81","78","3","1","1","0","0.963","17","低"
"2024-02","台中","patrol","巡查會簽","轄區檢點簽認","82","73","71","2","0","0","0","0.9726","4","低"
"2024-02","台中","patrol","巡查會簽","監造巡查簽認","82","72","69","3","0","1","0","0.9583","9","低"
"2024-02","台中","patrol","巡查會簽","安衛人員巡查紀錄","82","82","80","2","0","1","0","0.9756","7","低"
"2024-02","台中","patrol","巡查會簽","異常已即時通知","82","84","81","3","0","1","0","0.9643","9","低"
"2024-02","台中","closeout","收工回簽與現場紀錄","環境整理完成","82","82","79","3","0","1","0","0.9634","9","低"
"2024-02","台中","closeout","收工回簽與現場紀錄","施工前後照片完整","82","69","66","3","0","1","0","0.9565","9","低"
"2024-02","台中","closeout","收工回簽與現場紀錄","氣體偵測照片上傳","82","79","77","2","0","1","0","0.9747","7","低"
"2024-02","台中","closeout","收工回簽與現場紀錄","改善事項結案佐證完整","82","76","73","3","0","1","0","0.9605","9","低"
"2024-03","台中","permit","許可基本資料","工作內容與地點完整","87","88","86","2","0","0","0","0.9773","4","低"
"2024-03","台中","permit","許可基本資料","作業分級正確","87","78","76","2","0","1","0","0.9744","7","低"
"2024-03","台中","permit","許可基本資料","核准工作時間明確","87","75","73","2","0","1","0","0.9733","7","低"
"2024-03","台中","permit","許可基本資料","回簽資料完整","87","80","78","2","0","1","0","0.975","7","低"
"2024-03","台中","workType","作業分級與工作項目","動火/非動火判定正確","87","74","72","2","0","1","0","0.973","7","低"
"2024-03","台中","workType","作業分級與工作項目","A/B/C級作業判定正確","87","87","84","3","0","1","0","0.9655","9","低"
"2024-03","台中","workType","作業分級與工作項目","附加檢點表適用","87","82","80","2","0","1","0","0.9756","7","低"
"2024-03","台中","workType","作業分級與工作項目","延時工作經核准","87","78","75","3","0","1","0","0.9615","9","低"
"2024-03","台中","contractor","承攬商與人員資格","施工人員名冊完整","87","88","85","3","0","1","0","0.9659","9","低"
"2024-03","台中","contractor","承攬商與人員資格","工地負責人到場","87","86","83","3","0","1","0","0.9651","9","低"
"2024-03","台中","contractor","承攬商與人員資格","安衛人員到場","87","86","83","3","1","1","0","0.9651","17","低"
"2024-03","台中","contractor","承攬商與人員資格","特殊作業主管資格符合","87","88","84","4","1","1","0","0.9545","19","中"
"2024-03","台中","hazardNotice","危害告知","承攬商已知悉注意事項","87","85","83","2","0","1","0","0.9765","7","低"
"2024-03","台中","hazardNotice","危害告知","施工人員完成危害告知","87","82","80","2","0","1","0","0.9756","7","低"
"2024-03","台中","hazardNotice","危害告知","勤前教育紀錄完整","87","72","70","2","0","1","0","0.9722","7","低"
"2024-03","台中","hazardNotice","危害告知","緊急聯絡資訊明確","87","74","72","2","0","1","0","0.973","7","低"
"2024-03","台中","isolation","環境安全隔離","設備管線已釋壓清洗","87","76","72","4","1","2","0","0.9474","22","中"
"2024-03","台中","isolation","環境安全隔離","進出口已關斷/盲封/掛牌","87","78","74","4","1","1","0","0.9487","19","中"
"2024-03","台中","isolation","環境安全隔離","電源隔離加鎖掛牌","87","73","70","3","1","1","0","0.9589","17","低"
"2024-03","台中","isolation","環境安全隔離","暗溝陰井已堵塞密封","87","80","76","4","1","1","0","0.95","19","中"
"2024-03","台中","gas","氣體偵測","可燃性氣體低於20%LEL","87","82","78","4","1","2","1","0.9512","27","中"
"2024-03","台中","gas","氣體偵測","氧氣濃度符合標準","87","81","77","4","1","1","0","0.9506","19","中"
"2024-03","台中","gas","氣體偵測","有害氣體低於容許濃度","87","79","75","4","1","2","0","0.9494","22","中"
"2024-03","台中","gas","氣體偵測","上下午或連續測定紀錄完整","87","79","76","3","1","1","0","0.962","17","低"
"2024-03","台中","fireExplosion","消防與防爆設備","20型滅火器配置足夠","87","73","69","4","1","1","0","0.9452","19","中"
"2024-03","台中","fireExplosion","消防與防爆設備","防爆電氣設備符合","87","85","82","3","1","1","0","0.9647","17","低"
"2024-03","台中","fireExplosion","消防與防爆設備","安全工具使用正確","87","73","69","4","1","2","0","0.9452","22","中"
"2024-03","台中","fireExplosion","消防與防爆設備","消防水帶或防火措施到位","87","74","71","3","1","1","0","0.9595","17","低"
"2024-03","台中","ppeHeight","PPE與高處防墜","個人防護具穿戴正確","87","73","70","3","1","1","0","0.9589","17","低"
"2024-03","台中","ppeHeight","PPE與高處防墜","安全帶/安全母索使用","87","85","82","3","1","1","0","0.9647","17","低"
"2024-03","台中","ppeHeight","PPE與高處防墜","施工架檢點合格","87","86","83","3","1","1","0","0.9651","17","低"
"2024-03","台中","ppeHeight","PPE與高處防墜","安全網或工作平台設置","87","80","76","4","1","1","0","0.95","19","中"
"2024-03","台中","patrol","巡查會簽","轄區檢點簽認","87","88","85","3","1","1","0","0.9659","17","低"
"2024-03","台中","patrol","巡查會簽","監造巡查簽認","87","88","85","3","1","1","0","0.9659","17","低"
"2024-03","台中","patrol","巡查會簽","安衛人員巡查紀錄","87","74","71","3","0","1","0","0.9595","9","低"
"2024-03","台中","patrol","巡查會簽","異常已即時通知","87","85","82","3","0","1","0","0.9647","9","低"
"2024-03","台中","closeout","收工回簽與現場紀錄","環境整理完成","87","76","73","3","0","1","0","0.9605","9","低"
"2024-03","台中","closeout","收工回簽與現場紀錄","施工前後照片完整","87","84","81","3","0","1","0","0.9643","9","低"
"2024-03","台中","closeout","收工回簽與現場紀錄","氣體偵測照片上傳","87","75","73","2","0","1","0","0.9733","7","低"
"2024-03","台中","closeout","收工回簽與現場紀錄","改善事項結案佐證完整","87","86","83","3","0","1","0","0.9651","9","低"
"2024-04","台中","permit","許可基本資料","工作內容與地點完整","83","76","74","2","0","0","0","0.9737","4","低"
"2024-04","台中","permit","許可基本資料","作業分級正確","83","70","68","2","0","1","0","0.9714","7","低"
"2024-04","台中","permit","許可基本資料","核准工作時間明確","83","74","72","2","0","1","0","0.973","7","低"
"2024-04","台中","permit","許可基本資料","回簽資料完整","83","73","71","2","0","1","0","0.9726","7","低"
"2024-04","台中","workType","作業分級與工作項目","動火/非動火判定正確","83","71","69","2","0","1","0","0.9718","7","低"
"2024-04","台中","workType","作業分級與工作項目","A/B/C級作業判定正確","83","72","70","2","0","1","0","0.9722","7","低"
"2024-04","台中","workType","作業分級與工作項目","附加檢點表適用","83","69","67","2","0","1","0","0.971","7","低"
"2024-04","台中","workType","作業分級與工作項目","延時工作經核准","83","81","78","3","0","1","0","0.963","9","低"
"2024-04","台中","contractor","承攬商與人員資格","施工人員名冊完整","83","78","75","3","0","1","0","0.9615","9","低"
"2024-04","台中","contractor","承攬商與人員資格","工地負責人到場","83","78","75","3","0","1","0","0.9615","9","低"
"2024-04","台中","contractor","承攬商與人員資格","安衛人員到場","83","72","70","2","0","1","0","0.9722","7","低"
"2024-04","台中","contractor","承攬商與人員資格","特殊作業主管資格符合","83","77","74","3","0","1","0","0.961","9","低"
"2024-04","台中","hazardNotice","危害告知","承攬商已知悉注意事項","83","78","76","2","0","0","0","0.9744","4","低"
"2024-04","台中","hazardNotice","危害告知","施工人員完成危害告知","83","82","80","2","0","0","0","0.9756","4","低"
"2024-04","台中","hazardNotice","危害告知","勤前教育紀錄完整","83","69","67","2","0","1","0","0.971","7","低"
"2024-04","台中","hazardNotice","危害告知","緊急聯絡資訊明確","83","73","71","2","0","1","0","0.9726","7","低"
"2024-04","台中","isolation","環境安全隔離","設備管線已釋壓清洗","83","79","76","3","1","1","0","0.962","17","低"
"2024-04","台中","isolation","環境安全隔離","進出口已關斷/盲封/掛牌","83","79","76","3","1","1","0","0.962","17","低"
"2024-04","台中","isolation","環境安全隔離","電源隔離加鎖掛牌","83","77","74","3","1","1","0","0.961","17","低"
"2024-04","台中","isolation","環境安全隔離","暗溝陰井已堵塞密封","83","72","69","3","1","1","0","0.9583","17","低"
"2024-04","台中","gas","氣體偵測","可燃性氣體低於20%LEL","83","70","67","3","1","1","0","0.9571","17","低"
"2024-04","台中","gas","氣體偵測","氧氣濃度符合標準","83","76","72","4","1","2","0","0.9474","22","中"
"2024-04","台中","gas","氣體偵測","有害氣體低於容許濃度","83","70","66","4","1","2","1","0.9429","27","中"
"2024-04","台中","gas","氣體偵測","上下午或連續測定紀錄完整","83","85","81","4","1","1","0","0.9529","19","中"
"2024-04","台中","fireExplosion","消防與防爆設備","20型滅火器配置足夠","83","73","69","4","1","2","0","0.9452","22","中"
"2024-04","台中","fireExplosion","消防與防爆設備","防爆電氣設備符合","83","70","67","3","1","1","0","0.9571","17","低"
"2024-04","台中","fireExplosion","消防與防爆設備","安全工具使用正確","83","71","68","3","1","1","0","0.9577","17","低"
"2024-04","台中","fireExplosion","消防與防爆設備","消防水帶或防火措施到位","83","74","70","4","1","2","0","0.9459","22","中"
"2024-04","台中","ppeHeight","PPE與高處防墜","個人防護具穿戴正確","83","80","77","3","1","1","0","0.9625","17","低"
"2024-04","台中","ppeHeight","PPE與高處防墜","安全帶/安全母索使用","83","84","81","3","1","1","0","0.9643","17","低"
"2024-04","台中","ppeHeight","PPE與高處防墜","施工架檢點合格","83","68","65","3","1","1","0","0.9559","17","低"
"2024-04","台中","ppeHeight","PPE與高處防墜","安全網或工作平台設置","83","81","77","4","1","1","0","0.9506","19","中"
"2024-04","台中","patrol","巡查會簽","轄區檢點簽認","83","80","77","3","0","1","0","0.9625","9","低"
"2024-04","台中","patrol","巡查會簽","監造巡查簽認","83","70","67","3","0","1","0","0.9571","9","低"
"2024-04","台中","patrol","巡查會簽","安衛人員巡查紀錄","83","79","76","3","0","1","0","0.962","9","低"
"2024-04","台中","patrol","巡查會簽","異常已即時通知","83","71","69","2","0","1","0","0.9718","7","低"
"2024-04","台中","closeout","收工回簽與現場紀錄","環境整理完成","83","68","65","3","0","1","0","0.9559","9","低"
"2024-04","台中","closeout","收工回簽與現場紀錄","施工前後照片完整","83","69","67","2","0","1","0","0.971","7","低"
"2024-04","台中","closeout","收工回簽與現場紀錄","氣體偵測照片上傳","83","76","74","2","0","1","0","0.9737","7","低"
"2024-04","台中","closeout","收工回簽與現場紀錄","改善事項結案佐證完整","83","70","67","3","0","1","0","0.9571","9","低"
"2024-05","台中","permit","許可基本資料","工作內容與地點完整","83","82","80","2","0","1","0","0.9756","7","低"
"2024-05","台中","permit","許可基本資料","作業分級正確","83","72","70","2","0","1","0","0.9722","7","低"
"2024-05","台中","permit","許可基本資料","核准工作時間明確","83","70","68","2","0","1","0","0.9714","7","低"
"2024-05","台中","permit","許可基本資料","回簽資料完整","83","75","73","2","0","1","0","0.9733","7","低"
"2024-05","台中","workType","作業分級與工作項目","動火/非動火判定正確","83","82","80","2","0","0","0","0.9756","4","低"
"2024-05","台中","workType","作業分級與工作項目","A/B/C級作業判定正確","83","76","73","3","0","1","0","0.9605","9","低"
"2024-05","台中","workType","作業分級與工作項目","附加檢點表適用","83","83","80","3","1","1","0","0.9639","17","低"
"2024-05","台中","workType","作業分級與工作項目","延時工作經核准","83","84","81","3","0","1","0","0.9643","9","低"
"2024-05","台中","contractor","承攬商與人員資格","施工人員名冊完整","83","76","73","3","1","1","0","0.9605","17","低"
"2024-05","台中","contractor","承攬商與人員資格","工地負責人到場","83","83","80","3","0","1","0","0.9639","9","低"
"2024-05","台中","contractor","承攬商與人員資格","安衛人員到場","83","78","76","2","0","1","0","0.9744","7","低"
"2024-05","台中","contractor","承攬商與人員資格","特殊作業主管資格符合","83","75","72","3","0","1","0","0.96","9","低"
"2024-05","台中","hazardNotice","危害告知","承攬商已知悉注意事項","83","74","72","2","0","1","0","0.973","7","低"
"2024-05","台中","hazardNotice","危害告知","施工人員完成危害告知","83","82","80","2","0","1","0","0.9756","7","低"
"2024-05","台中","hazardNotice","危害告知","勤前教育紀錄完整","83","75","72","3","1","1","0","0.96","17","低"
"2024-05","台中","hazardNotice","危害告知","緊急聯絡資訊明確","83","84","82","2","0","1","0","0.9762","7","低"
"2024-05","台中","isolation","環境安全隔離","設備管線已釋壓清洗","83","69","65","4","1","1","0","0.942","19","中"
"2024-05","台中","isolation","環境安全隔離","進出口已關斷/盲封/掛牌","83","76","72","4","1","1","0","0.9474","19","中"
"2024-05","台中","isolation","環境安全隔離","電源隔離加鎖掛牌","83","72","69","3","1","1","0","0.9583","17","低"
"2024-05","台中","isolation","環境安全隔離","暗溝陰井已堵塞密封","83","72","69","3","1","1","0","0.9583","17","低"
"2024-05","台中","gas","氣體偵測","可燃性氣體低於20%LEL","83","70","67","3","1","1","0","0.9571","17","低"
"2024-05","台中","gas","氣體偵測","氧氣濃度符合標準","83","83","80","3","1","1","0","0.9639","17","低"
"2024-05","台中","gas","氣體偵測","有害氣體低於容許濃度","83","79","76","3","1","1","0","0.962","17","低"
"2024-05","台中","gas","氣體偵測","上下午或連續測定紀錄完整","83","75","72","3","1","1","0","0.96","17","低"
"2024-05","台中","fireExplosion","消防與防爆設備","20型滅火器配置足夠","83","73","70","3","1","1","0","0.9589","17","低"
"2024-05","台中","fireExplosion","消防與防爆設備","防爆電氣設備符合","83","75","71","4","1","1","0","0.9467","19","中"
"2024-05","台中","fireExplosion","消防與防爆設備","安全工具使用正確","83","81","77","4","1","2","0","0.9506","22","中"
"2024-05","台中","fireExplosion","消防與防爆設備","消防水帶或防火措施到位","83","74","71","3","1","1","0","0.9595","17","低"
"2024-05","台中","ppeHeight","PPE與高處防墜","個人防護具穿戴正確","83","76","73","3","1","1","0","0.9605","17","低"
"2024-05","台中","ppeHeight","PPE與高處防墜","安全帶/安全母索使用","83","69","66","3","1","1","0","0.9565","17","低"
"2024-05","台中","ppeHeight","PPE與高處防墜","施工架檢點合格","83","75","72","3","1","1","0","0.96","17","低"
"2024-05","台中","ppeHeight","PPE與高處防墜","安全網或工作平台設置","83","80","77","3","1","1","0","0.9625","17","低"
"2024-05","台中","patrol","巡查會簽","轄區檢點簽認","83","72","70","2","0","1","0","0.9722","7","低"
"2024-05","台中","patrol","巡查會簽","監造巡查簽認","83","80","78","2","0","1","0","0.975","7","低"
"2024-05","台中","patrol","巡查會簽","安衛人員巡查紀錄","83","69","67","2","0","1","0","0.971","7","低"
"2024-05","台中","patrol","巡查會簽","異常已即時通知","83","76","74","2","0","1","0","0.9737","7","低"
"2024-05","台中","closeout","收工回簽與現場紀錄","環境整理完成","83","74","71","3","0","1","0","0.9595","9","低"
"2024-05","台中","closeout","收工回簽與現場紀錄","施工前後照片完整","83","71","69","2","0","1","0","0.9718","7","低"
"2024-05","台中","closeout","收工回簽與現場紀錄","氣體偵測照片上傳","83","75","72","3","0","1","0","0.96","9","低"
"2024-05","台中","closeout","收工回簽與現場紀錄","改善事項結案佐證完整","83","70","67","3","0","1","0","0.9571","9","低"
"2024-06","台中","permit","許可基本資料","工作內容與地點完整","78","72","70","2","0","1","0","0.9722","7","低"
"2024-06","台中","permit","許可基本資料","作業分級正確","78","70","68","2","0","1","0","0.9714","7","低"
"2024-06","台中","permit","許可基本資料","核准工作時間明確","78","69","67","2","0","0","0","0.971","4","低"
"2024-06","台中","permit","許可基本資料","回簽資料完整","78","71","69","2","0","1","0","0.9718","7","低"
"2024-06","台中","workType","作業分級與工作項目","動火/非動火判定正確","78","79","77","2","0","1","0","0.9747","7","低"
"2024-06","台中","workType","作業分級與工作項目","A/B/C級作業判定正確","78","71","68","3","0","1","0","0.9577","9","低"
"2024-06","台中","workType","作業分級與工作項目","附加檢點表適用","78","77","75","2","0","1","0","0.974","7","低"
"2024-06","台中","workType","作業分級與工作項目","延時工作經核准","78","68","66","2","0","1","0","0.9706","7","低"
"2024-06","台中","contractor","承攬商與人員資格","施工人員名冊完整","78","72","69","3","0","1","0","0.9583","9","低"
"2024-06","台中","contractor","承攬商與人員資格","工地負責人到場","78","65","62","3","0","1","0","0.9538","9","低"
"2024-06","台中","contractor","承攬商與人員資格","安衛人員到場","78","69","66","3","0","1","0","0.9565","9","低"
"2024-06","台中","contractor","承攬商與人員資格","特殊作業主管資格符合","78","71","69","2","0","1","0","0.9718","7","低"
"2024-06","台中","hazardNotice","危害告知","承攬商已知悉注意事項","78","66","64","2","0","1","0","0.9697","7","低"
"2024-06","台中","hazardNotice","危害告知","施工人員完成危害告知","78","74","72","2","0","1","0","0.973","7","低"
"2024-06","台中","hazardNotice","危害告知","勤前教育紀錄完整","78","73","71","2","0","1","0","0.9726","7","低"
"2024-06","台中","hazardNotice","危害告知","緊急聯絡資訊明確","78","66","64","2","0","0","0","0.9697","4","低"
"2024-06","台中","isolation","環境安全隔離","設備管線已釋壓清洗","78","68","65","3","1","1","0","0.9559","17","低"
"2024-06","台中","isolation","環境安全隔離","進出口已關斷/盲封/掛牌","78","79","76","3","1","1","0","0.962","17","低"
"2024-06","台中","isolation","環境安全隔離","電源隔離加鎖掛牌","78","72","69","3","1","1","0","0.9583","17","低"
"2024-06","台中","isolation","環境安全隔離","暗溝陰井已堵塞密封","78","66","63","3","1","1","0","0.9545","17","低"
"2024-06","台中","gas","氣體偵測","可燃性氣體低於20%LEL","78","75","71","4","1","1","0","0.9467","19","中"
"2024-06","台中","gas","氣體偵測","氧氣濃度符合標準","78","78","75","3","1","1","0","0.9615","17","低"
"2024-06","台中","gas","氣體偵測","有害氣體低於容許濃度","78","66","63","3","1","1","0","0.9545","17","低"
"2024-06","台中","gas","氣體偵測","上下午或連續測定紀錄完整","78","71","68","3","1","1","0","0.9577","17","低"
"2024-06","台中","fireExplosion","消防與防爆設備","20型滅火器配置足夠","78","69","65","4","1","1","0","0.942","19","中"
"2024-06","台中","fireExplosion","消防與防爆設備","防爆電氣設備符合","78","72","69","3","1","1","0","0.9583","17","低"
"2024-06","台中","fireExplosion","消防與防爆設備","安全工具使用正確","78","71","68","3","1","1","0","0.9577","17","低"
"2024-06","台中","fireExplosion","消防與防爆設備","消防水帶或防火措施到位","78","67","64","3","1","1","0","0.9552","17","低"
"2024-06","台中","ppeHeight","PPE與高處防墜","個人防護具穿戴正確","78","76","73","3","1","1","0","0.9605","17","低"
"2024-06","台中","ppeHeight","PPE與高處防墜","安全帶/安全母索使用","78","64","61","3","1","1","0","0.9531","17","低"
"2024-06","台中","ppeHeight","PPE與高處防墜","施工架檢點合格","78","68","65","3","1","1","0","0.9559","17","低"
"2024-06","台中","ppeHeight","PPE與高處防墜","安全網或工作平台設置","78","72","69","3","1","1","0","0.9583","17","低"
"2024-06","台中","patrol","巡查會簽","轄區檢點簽認","78","66","64","2","0","1","0","0.9697","7","低"
"2024-06","台中","patrol","巡查會簽","監造巡查簽認","78","76","74","2","0","1","0","0.9737","7","低"
"2024-06","台中","patrol","巡查會簽","安衛人員巡查紀錄","78","66","64","2","0","1","0","0.9697","7","低"
"2024-06","台中","patrol","巡查會簽","異常已即時通知","78","67","65","2","0","1","0","0.9701","7","低"
"2024-06","台中","closeout","收工回簽與現場紀錄","環境整理完成","78","69","67","2","0","1","0","0.971","7","低"
"2024-06","台中","closeout","收工回簽與現場紀錄","施工前後照片完整","78","74","71","3","0","1","0","0.9595","9","低"
"2024-06","台中","closeout","收工回簽與現場紀錄","氣體偵測照片上傳","78","65","62","3","1","1","0","0.9538","17","低"
"2024-06","台中","closeout","收工回簽與現場紀錄","改善事項結案佐證完整","78","71","68","3","0","1","0","0.9577","9","低"
"2024-07","台中","permit","許可基本資料","工作內容與地點完整","81","80","78","2","0","1","0","0.975","7","低"
"2024-07","台中","permit","許可基本資料","作業分級正確","81","81","79","2","0","1","0","0.9753","7","低"
"2024-07","台中","permit","許可基本資料","核准工作時間明確","81","81","79","2","0","1","0","0.9753","7","低"
"2024-07","台中","permit","許可基本資料","回簽資料完整","81","77","75","2","0","1","0","0.974","7","低"
"2024-07","台中","workType","作業分級與工作項目","動火/非動火判定正確","81","81","78","3","0","1","0","0.963","9","低"
"2024-07","台中","workType","作業分級與工作項目","A/B/C級作業判定正確","81","78","76","2","0","1","0","0.9744","7","低"
"2024-07","台中","workType","作業分級與工作項目","附加檢點表適用","81","82","79","3","0","1","0","0.9634","9","低"
"2024-07","台中","workType","作業分級與工作項目","延時工作經核准","81","74","71","3","0","1","0","0.9595","9","低"
"2024-07","台中","contractor","承攬商與人員資格","施工人員名冊完整","81","78","75","3","1","1","0","0.9615","17","低"
"2024-07","台中","contractor","承攬商與人員資格","工地負責人到場","81","72","69","3","0","1","0","0.9583","9","低"
"2024-07","台中","contractor","承攬商與人員資格","安衛人員到場","81","77","75","2","0","1","0","0.974","7","低"
"2024-07","台中","contractor","承攬商與人員資格","特殊作業主管資格符合","81","75","72","3","1","1","0","0.96","17","低"
"2024-07","台中","hazardNotice","危害告知","承攬商已知悉注意事項","81","76","74","2","0","0","0","0.9737","4","低"
"2024-07","台中","hazardNotice","危害告知","施工人員完成危害告知","81","70","68","2","0","1","0","0.9714","7","低"
"2024-07","台中","hazardNotice","危害告知","勤前教育紀錄完整","81","78","76","2","0","1","0","0.9744","7","低"
"2024-07","台中","hazardNotice","危害告知","緊急聯絡資訊明確","81","81","78","3","0","1","0","0.963","9","低"
"2024-07","台中","isolation","環境安全隔離","設備管線已釋壓清洗","81","77","74","3","1","1","0","0.961","17","低"
"2024-07","台中","isolation","環境安全隔離","進出口已關斷/盲封/掛牌","81","80","77","3","1","1","0","0.9625","17","低"
"2024-07","台中","isolation","環境安全隔離","電源隔離加鎖掛牌","81","68","66","2","1","1","0","0.9706","15","低"
"2024-07","台中","isolation","環境安全隔離","暗溝陰井已堵塞密封","81","71","68","3","1","1","0","0.9577","17","低"
"2024-07","台中","gas","氣體偵測","可燃性氣體低於20%LEL","81","75","72","3","1","1","0","0.96","17","低"
"2024-07","台中","gas","氣體偵測","氧氣濃度符合標準","81","76","73","3","1","1","0","0.9605","17","低"
"2024-07","台中","gas","氣體偵測","有害氣體低於容許濃度","81","82","79","3","1","1","0","0.9634","17","低"
"2024-07","台中","gas","氣體偵測","上下午或連續測定紀錄完整","81","76","73","3","1","1","0","0.9605","17","低"
"2024-07","台中","fireExplosion","消防與防爆設備","20型滅火器配置足夠","81","69","66","3","1","1","0","0.9565","17","低"
"2024-07","台中","fireExplosion","消防與防爆設備","防爆電氣設備符合","81","68","65","3","1","1","0","0.9559","17","低"
"2024-07","台中","fireExplosion","消防與防爆設備","安全工具使用正確","81","67","64","3","1","1","0","0.9552","17","低"
"2024-07","台中","fireExplosion","消防與防爆設備","消防水帶或防火措施到位","81","78","75","3","1","1","0","0.9615","17","低"
"2024-07","台中","ppeHeight","PPE與高處防墜","個人防護具穿戴正確","81","71","68","3","1","1","0","0.9577","17","低"
"2024-07","台中","ppeHeight","PPE與高處防墜","安全帶/安全母索使用","81","72","69","3","1","1","0","0.9583","17","低"
"2024-07","台中","ppeHeight","PPE與高處防墜","施工架檢點合格","81","70","67","3","1","1","0","0.9571","17","低"
"2024-07","台中","ppeHeight","PPE與高處防墜","安全網或工作平台設置","81","80","77","3","1","1","0","0.9625","17","低"
"2024-07","台中","patrol","巡查會簽","轄區檢點簽認","81","69","67","2","0","1","0","0.971","7","低"
"2024-07","台中","patrol","巡查會簽","監造巡查簽認","81","71","69","2","0","1","0","0.9718","7","低"
"2024-07","台中","patrol","巡查會簽","安衛人員巡查紀錄","81","76","74","2","0","1","0","0.9737","7","低"
"2024-07","台中","patrol","巡查會簽","異常已即時通知","81","67","64","3","0","1","0","0.9552","9","低"
"2024-07","台中","closeout","收工回簽與現場紀錄","環境整理完成","81","79","76","3","0","1","0","0.962","9","低"
"2024-07","台中","closeout","收工回簽與現場紀錄","施工前後照片完整","81","75","72","3","0","1","0","0.96","9","低"
"2024-07","台中","closeout","收工回簽與現場紀錄","氣體偵測照片上傳","81","70","67","3","0","1","0","0.9571","9","低"
"2024-07","台中","closeout","收工回簽與現場紀錄","改善事項結案佐證完整","81","82","79","3","0","1","0","0.9634","9","低"
"2024-08","台中","permit","許可基本資料","工作內容與地點完整","71","60","58","2","0","1","0","0.9667","7","低"
"2024-08","台中","permit","許可基本資料","作業分級正確","71","70","68","2","0","1","0","0.9714","7","低"
"2024-08","台中","permit","許可基本資料","核准工作時間明確","71","71","69","2","0","1","0","0.9718","7","低"
"2024-08","台中","permit","許可基本資料","回簽資料完整","71","62","60","2","0","1","0","0.9677","7","低"
"2024-08","台中","workType","作業分級與工作項目","動火/非動火判定正確","71","69","67","2","0","1","0","0.971","7","低"
"2024-08","台中","workType","作業分級與工作項目","A/B/C級作業判定正確","71","67","65","2","0","1","0","0.9701","7","低"
"2024-08","台中","workType","作業分級與工作項目","附加檢點表適用","71","66","64","2","0","1","0","0.9697","7","低"
"2024-08","台中","workType","作業分級與工作項目","延時工作經核准","71","68","66","2","0","1","0","0.9706","7","低"
"2024-08","台中","contractor","承攬商與人員資格","施工人員名冊完整","71","68","66","2","0","0","0","0.9706","4","低"
"2024-08","台中","contractor","承攬商與人員資格","工地負責人到場","71","63","60","3","0","1","0","0.9524","9","低"
"2024-08","台中","contractor","承攬商與人員資格","安衛人員到場","71","62","60","2","0","0","0","0.9677","4","低"
"2024-08","台中","contractor","承攬商與人員資格","特殊作業主管資格符合","71","66","63","3","0","1","0","0.9545","9","低"
"2024-08","台中","hazardNotice","危害告知","承攬商已知悉注意事項","71","71","69","2","0","1","0","0.9718","7","低"
"2024-08","台中","hazardNotice","危害告知","施工人員完成危害告知","71","68","66","2","0","1","0","0.9706","7","低"
"2024-08","台中","hazardNotice","危害告知","勤前教育紀錄完整","71","62","61","1","0","0","0","0.9839","2","低"
"2024-08","台中","hazardNotice","危害告知","緊急聯絡資訊明確","71","69","67","2","0","1","0","0.971","7","低"
"2024-08","台中","isolation","環境安全隔離","設備管線已釋壓清洗","71","71","68","3","1","1","0","0.9577","17","低"
"2024-08","台中","isolation","環境安全隔離","進出口已關斷/盲封/掛牌","71","60","57","3","1","1","0","0.95","17","低"
"2024-08","台中","isolation","環境安全隔離","電源隔離加鎖掛牌","71","70","67","3","1","1","0","0.9571","17","低"
"2024-08","台中","isolation","環境安全隔離","暗溝陰井已堵塞密封","71","61","58","3","1","1","0","0.9508","17","低"
"2024-08","台中","gas","氣體偵測","可燃性氣體低於20%LEL","71","69","66","3","1","1","0","0.9565","17","低"
"2024-08","台中","gas","氣體偵測","氧氣濃度符合標準","71","63","60","3","1","1","0","0.9524","17","低"
"2024-08","台中","gas","氣體偵測","有害氣體低於容許濃度","71","61","58","3","1","1","0","0.9508","17","低"
"2024-08","台中","gas","氣體偵測","上下午或連續測定紀錄完整","71","68","65","3","1","1","0","0.9559","17","低"
"2024-08","台中","fireExplosion","消防與防爆設備","20型滅火器配置足夠","71","61","58","3","1","1","0","0.9508","17","低"
"2024-08","台中","fireExplosion","消防與防爆設備","防爆電氣設備符合","71","65","63","2","1","1","0","0.9692","15","低"
"2024-08","台中","fireExplosion","消防與防爆設備","安全工具使用正確","71","72","69","3","1","1","0","0.9583","17","低"
"2024-08","台中","fireExplosion","消防與防爆設備","消防水帶或防火措施到位","71","69","66","3","1","1","0","0.9565","17","低"
"2024-08","台中","ppeHeight","PPE與高處防墜","個人防護具穿戴正確","71","66","64","2","0","1","0","0.9697","7","低"
"2024-08","台中","ppeHeight","PPE與高處防墜","安全帶/安全母索使用","71","62","59","3","1","1","0","0.9516","17","低"
"2024-08","台中","ppeHeight","PPE與高處防墜","施工架檢點合格","71","69","66","3","1","1","0","0.9565","17","低"
"2024-08","台中","ppeHeight","PPE與高處防墜","安全網或工作平台設置","71","62","59","3","1","1","0","0.9516","17","低"
"2024-08","台中","patrol","巡查會簽","轄區檢點簽認","71","68","65","3","0","1","0","0.9559","9","低"
"2024-08","台中","patrol","巡查會簽","監造巡查簽認","71","62","60","2","0","1","0","0.9677","7","低"
"2024-08","台中","patrol","巡查會簽","安衛人員巡查紀錄","71","59","57","2","0","1","0","0.9661","7","低"
"2024-08","台中","patrol","巡查會簽","異常已即時通知","71","61","59","2","0","1","0","0.9672","7","低"
"2024-08","台中","closeout","收工回簽與現場紀錄","環境整理完成","71","68","66","2","0","0","0","0.9706","4","低"
"2024-08","台中","closeout","收工回簽與現場紀錄","施工前後照片完整","71","67","64","3","0","1","0","0.9552","9","低"
"2024-08","台中","closeout","收工回簽與現場紀錄","氣體偵測照片上傳","71","69","66","3","1","1","0","0.9565","17","低"
"2024-08","台中","closeout","收工回簽與現場紀錄","改善事項結案佐證完整","71","63","61","2","0","1","0","0.9683","7","低"
"2024-09","台中","permit","許可基本資料","工作內容與地點完整","73","68","66","2","0","1","0","0.9706","7","低"
"2024-09","台中","permit","許可基本資料","作業分級正確","73","63","61","2","0","1","0","0.9683","7","低"
"2024-09","台中","permit","許可基本資料","核准工作時間明確","73","71","69","2","0","1","0","0.9718","7","低"
"2024-09","台中","permit","許可基本資料","回簽資料完整","73","63","61","2","0","1","0","0.9683","7","低"
"2024-09","台中","workType","作業分級與工作項目","動火/非動火判定正確","73","64","62","2","0","1","0","0.9688","7","低"
"2024-09","台中","workType","作業分級與工作項目","A/B/C級作業判定正確","73","68","66","2","0","1","0","0.9706","7","低"
"2024-09","台中","workType","作業分級與工作項目","附加檢點表適用","73","72","70","2","0","1","0","0.9722","7","低"
"2024-09","台中","workType","作業分級與工作項目","延時工作經核准","73","61","59","2","0","1","0","0.9672","7","低"
"2024-09","台中","contractor","承攬商與人員資格","施工人員名冊完整","73","70","67","3","0","1","0","0.9571","9","低"
"2024-09","台中","contractor","承攬商與人員資格","工地負責人到場","73","69","67","2","0","1","0","0.971","7","低"
"2024-09","台中","contractor","承攬商與人員資格","安衛人員到場","73","62","60","2","0","1","0","0.9677","7","低"
"2024-09","台中","contractor","承攬商與人員資格","特殊作業主管資格符合","73","63","61","2","0","1","0","0.9683","7","低"
"2024-09","台中","hazardNotice","危害告知","承攬商已知悉注意事項","73","63","61","2","0","1","0","0.9683","7","低"
"2024-09","台中","hazardNotice","危害告知","施工人員完成危害告知","73","73","71","2","0","1","0","0.9726","7","低"
"2024-09","台中","hazardNotice","危害告知","勤前教育紀錄完整","73","67","65","2","0","1","0","0.9701","7","低"
"2024-09","台中","hazardNotice","危害告知","緊急聯絡資訊明確","73","70","68","2","0","1","0","0.9714","7","低"
"2024-09","台中","isolation","環境安全隔離","設備管線已釋壓清洗","73","72","69","3","1","1","0","0.9583","17","低"
"2024-09","台中","isolation","環境安全隔離","進出口已關斷/盲封/掛牌","73","64","61","3","1","1","0","0.9531","17","低"
"2024-09","台中","isolation","環境安全隔離","電源隔離加鎖掛牌","73","64","61","3","1","1","0","0.9531","17","低"
"2024-09","台中","isolation","環境安全隔離","暗溝陰井已堵塞密封","73","70","66","4","1","2","1","0.9429","27","中"
"2024-09","台中","gas","氣體偵測","可燃性氣體低於20%LEL","73","73","70","3","1","1","0","0.9589","17","低"
"2024-09","台中","gas","氣體偵測","氧氣濃度符合標準","73","63","60","3","1","1","0","0.9524","17","低"
"2024-09","台中","gas","氣體偵測","有害氣體低於容許濃度","73","68","66","2","1","1","0","0.9706","15","低"
"2024-09","台中","gas","氣體偵測","上下午或連續測定紀錄完整","73","71","68","3","1","1","0","0.9577","17","低"
"2024-09","台中","fireExplosion","消防與防爆設備","20型滅火器配置足夠","73","64","62","2","1","1","0","0.9688","15","低"
"2024-09","台中","fireExplosion","消防與防爆設備","防爆電氣設備符合","73","74","70","4","1","2","0","0.9459","22","中"
"2024-09","台中","fireExplosion","消防與防爆設備","安全工具使用正確","73","73","70","3","1","1","0","0.9589","17","低"
"2024-09","台中","fireExplosion","消防與防爆設備","消防水帶或防火措施到位","73","73","69","4","1","1","0","0.9452","19","中"
"2024-09","台中","ppeHeight","PPE與高處防墜","個人防護具穿戴正確","73","69","66","3","1","1","0","0.9565","17","低"
"2024-09","台中","ppeHeight","PPE與高處防墜","安全帶/安全母索使用","73","68","65","3","1","1","0","0.9559","17","低"
"2024-09","台中","ppeHeight","PPE與高處防墜","施工架檢點合格","73","74","71","3","1","1","0","0.9595","17","低"
"2024-09","台中","ppeHeight","PPE與高處防墜","安全網或工作平台設置","73","68","65","3","1","1","0","0.9559","17","低"
"2024-09","台中","patrol","巡查會簽","轄區檢點簽認","73","71","69","2","0","1","0","0.9718","7","低"
"2024-09","台中","patrol","巡查會簽","監造巡查簽認","73","69","67","2","0","0","0","0.971","4","低"
"2024-09","台中","patrol","巡查會簽","安衛人員巡查紀錄","73","61","59","2","0","1","0","0.9672","7","低"
"2024-09","台中","patrol","巡查會簽","異常已即時通知","73","74","72","2","0","0","0","0.973","4","低"
"2024-09","台中","closeout","收工回簽與現場紀錄","環境整理完成","73","63","60","3","1","1","0","0.9524","17","低"
"2024-09","台中","closeout","收工回簽與現場紀錄","施工前後照片完整","73","69","67","2","0","0","0","0.971","4","低"
"2024-09","台中","closeout","收工回簽與現場紀錄","氣體偵測照片上傳","73","74","72","2","0","0","0","0.973","4","低"
"2024-09","台中","closeout","收工回簽與現場紀錄","改善事項結案佐證完整","73","61","59","2","0","1","0","0.9672","7","低"
"2024-10","台中","permit","許可基本資料","工作內容與地點完整","77","64","62","2","0","0","0","0.9688","4","低"
"2024-10","台中","permit","許可基本資料","作業分級正確","77","74","72","2","0","1","0","0.973","7","低"
"2024-10","台中","permit","許可基本資料","核准工作時間明確","77","63","61","2","0","1","0","0.9683","7","低"
"2024-10","台中","permit","許可基本資料","回簽資料完整","77","75","73","2","0","1","0","0.9733","7","低"
"2024-10","台中","workType","作業分級與工作項目","動火/非動火判定正確","77","64","62","2","0","1","0","0.9688","7","低"
"2024-10","台中","workType","作業分級與工作項目","A/B/C級作業判定正確","77","64","62","2","0","0","0","0.9688","4","低"
"2024-10","台中","workType","作業分級與工作項目","附加檢點表適用","77","73","71","2","0","1","0","0.9726","7","低"
"2024-10","台中","workType","作業分級與工作項目","延時工作經核准","77","76","74","2","0","1","0","0.9737","7","低"
"2024-10","台中","contractor","承攬商與人員資格","施工人員名冊完整","77","69","66","3","0","1","0","0.9565","9","低"
"2024-10","台中","contractor","承攬商與人員資格","工地負責人到場","77","77","74","3","0","1","0","0.961","9","低"
"2024-10","台中","contractor","承攬商與人員資格","安衛人員到場","77","70","68","2","0","1","0","0.9714","7","低"
"2024-10","台中","contractor","承攬商與人員資格","特殊作業主管資格符合","77","65","63","2","0","1","0","0.9692","7","低"
"2024-10","台中","hazardNotice","危害告知","承攬商已知悉注意事項","77","63","61","2","0","1","0","0.9683","7","低"
"2024-10","台中","hazardNotice","危害告知","施工人員完成危害告知","77","75","73","2","0","1","0","0.9733","7","低"
"2024-10","台中","hazardNotice","危害告知","勤前教育紀錄完整","77","71","69","2","0","1","0","0.9718","7","低"
"2024-10","台中","hazardNotice","危害告知","緊急聯絡資訊明確","77","68","66","2","0","0","0","0.9706","4","低"
"2024-10","台中","isolation","環境安全隔離","設備管線已釋壓清洗","77","68","65","3","1","1","0","0.9559","17","低"
"2024-10","台中","isolation","環境安全隔離","進出口已關斷/盲封/掛牌","77","77","74","3","1","1","0","0.961","17","低"
"2024-10","台中","isolation","環境安全隔離","電源隔離加鎖掛牌","77","78","75","3","1","1","0","0.9615","17","低"
"2024-10","台中","isolation","環境安全隔離","暗溝陰井已堵塞密封","77","72","69","3","1","1","0","0.9583","17","低"
"2024-10","台中","gas","氣體偵測","可燃性氣體低於20%LEL","77","65","63","2","1","1","0","0.9692","15","低"
"2024-10","台中","gas","氣體偵測","氧氣濃度符合標準","77","77","73","4","1","2","0","0.9481","22","中"
"2024-10","台中","gas","氣體偵測","有害氣體低於容許濃度","77","64","61","3","1","1","0","0.9531","17","低"
"2024-10","台中","gas","氣體偵測","上下午或連續測定紀錄完整","77","74","70","4","1","2","1","0.9459","27","中"
"2024-10","台中","fireExplosion","消防與防爆設備","20型滅火器配置足夠","77","77","74","3","1","1","0","0.961","17","低"
"2024-10","台中","fireExplosion","消防與防爆設備","防爆電氣設備符合","77","72","69","3","1","1","0","0.9583","17","低"
"2024-10","台中","fireExplosion","消防與防爆設備","安全工具使用正確","77","77","74","3","1","1","0","0.961","17","低"
"2024-10","台中","fireExplosion","消防與防爆設備","消防水帶或防火措施到位","77","79","75","4","1","2","1","0.9494","27","中"
"2024-10","台中","ppeHeight","PPE與高處防墜","個人防護具穿戴正確","77","78","75","3","1","1","0","0.9615","17","低"
"2024-10","台中","ppeHeight","PPE與高處防墜","安全帶/安全母索使用","77","76","72","4","1","2","1","0.9474","27","中"
"2024-10","台中","ppeHeight","PPE與高處防墜","施工架檢點合格","77","76","73","3","1","1","0","0.9605","17","低"
"2024-10","台中","ppeHeight","PPE與高處防墜","安全網或工作平台設置","77","67","64","3","1","1","0","0.9552","17","低"
"2024-10","台中","patrol","巡查會簽","轄區檢點簽認","77","66","64","2","0","1","0","0.9697","7","低"
"2024-10","台中","patrol","巡查會簽","監造巡查簽認","77","77","74","3","0","1","0","0.961","9","低"
"2024-10","台中","patrol","巡查會簽","安衛人員巡查紀錄","77","73","71","2","0","1","0","0.9726","7","低"
"2024-10","台中","patrol","巡查會簽","異常已即時通知","77","71","68","3","0","1","0","0.9577","9","低"
"2024-10","台中","closeout","收工回簽與現場紀錄","環境整理完成","77","74","72","2","0","1","0","0.973","7","低"
"2024-10","台中","closeout","收工回簽與現場紀錄","施工前後照片完整","77","71","68","3","0","1","0","0.9577","9","低"
"2024-10","台中","closeout","收工回簽與現場紀錄","氣體偵測照片上傳","77","66","64","2","0","1","0","0.9697","7","低"
"2024-10","台中","closeout","收工回簽與現場紀錄","改善事項結案佐證完整","77","76","74","2","0","1","0","0.9737","7","低"
"2024-11","台中","permit","許可基本資料","工作內容與地點完整","84","70","68","2","0","0","0","0.9714","4","低"
"2024-11","台中","permit","許可基本資料","作業分級正確","84","74","72","2","0","1","0","0.973","7","低"
"2024-11","台中","permit","許可基本資料","核准工作時間明確","84","72","70","2","0","1","0","0.9722","7","低"
"2024-11","台中","permit","許可基本資料","回簽資料完整","84","83","81","2","0","0","0","0.9759","4","低"
"2024-11","台中","workType","作業分級與工作項目","動火/非動火判定正確","84","75","73","2","0","1","0","0.9733","7","低"
"2024-11","台中","workType","作業分級與工作項目","A/B/C級作業判定正確","84","73","71","2","0","1","0","0.9726","7","低"
"2024-11","台中","workType","作業分級與工作項目","附加檢點表適用","84","74","72","2","0","1","0","0.973","7","低"
"2024-11","台中","workType","作業分級與工作項目","延時工作經核准","84","82","79","3","1","1","0","0.9634","17","低"
"2024-11","台中","contractor","承攬商與人員資格","施工人員名冊完整","84","85","82","3","1","1","0","0.9647","17","低"
"2024-11","台中","contractor","承攬商與人員資格","工地負責人到場","84","73","71","2","0","0","0","0.9726","4","低"
"2024-11","台中","contractor","承攬商與人員資格","安衛人員到場","84","70","67","3","0","1","0","0.9571","9","低"
"2024-11","台中","contractor","承攬商與人員資格","特殊作業主管資格符合","84","78","75","3","0","1","0","0.9615","9","低"
"2024-11","台中","hazardNotice","危害告知","承攬商已知悉注意事項","84","80","78","2","0","1","0","0.975","7","低"
"2024-11","台中","hazardNotice","危害告知","施工人員完成危害告知","84","84","81","3","0","1","0","0.9643","9","低"
"2024-11","台中","hazardNotice","危害告知","勤前教育紀錄完整","84","78","76","2","0","1","0","0.9744","7","低"
"2024-11","台中","hazardNotice","危害告知","緊急聯絡資訊明確","84","82","80","2","0","1","0","0.9756","7","低"
"2024-11","台中","isolation","環境安全隔離","設備管線已釋壓清洗","84","69","66","3","1","1","0","0.9565","17","低"
"2024-11","台中","isolation","環境安全隔離","進出口已關斷/盲封/掛牌","84","76","72","4","1","2","0","0.9474","22","中"
"2024-11","台中","isolation","環境安全隔離","電源隔離加鎖掛牌","84","82","78","4","1","1","0","0.9512","19","中"
"2024-11","台中","isolation","環境安全隔離","暗溝陰井已堵塞密封","84","71","68","3","1","1","0","0.9577","17","低"
"2024-11","台中","gas","氣體偵測","可燃性氣體低於20%LEL","84","73","70","3","1","1","0","0.9589","17","低"
"2024-11","台中","gas","氣體偵測","氧氣濃度符合標準","84","77","73","4","1","1","0","0.9481","19","中"
"2024-11","台中","gas","氣體偵測","有害氣體低於容許濃度","84","80","77","3","1","1","0","0.9625","17","低"
"2024-11","台中","gas","氣體偵測","上下午或連續測定紀錄完整","84","81","77","4","1","1","0","0.9506","19","中"
"2024-11","台中","fireExplosion","消防與防爆設備","20型滅火器配置足夠","84","78","74","4","1","1","0","0.9487","19","中"
"2024-11","台中","fireExplosion","消防與防爆設備","防爆電氣設備符合","84","75","72","3","1","1","0","0.96","17","低"
"2024-11","台中","fireExplosion","消防與防爆設備","安全工具使用正確","84","80","77","3","1","1","0","0.9625","17","低"
"2024-11","台中","fireExplosion","消防與防爆設備","消防水帶或防火措施到位","84","74","71","3","1","1","0","0.9595","17","低"
"2024-11","台中","ppeHeight","PPE與高處防墜","個人防護具穿戴正確","84","71","67","4","1","1","0","0.9437","19","中"
"2024-11","台中","ppeHeight","PPE與高處防墜","安全帶/安全母索使用","84","79","76","3","1","1","0","0.962","17","低"
"2024-11","台中","ppeHeight","PPE與高處防墜","施工架檢點合格","84","78","75","3","1","1","0","0.9615","17","低"
"2024-11","台中","ppeHeight","PPE與高處防墜","安全網或工作平台設置","84","84","80","4","1","1","0","0.9524","19","中"
"2024-11","台中","patrol","巡查會簽","轄區檢點簽認","84","85","82","3","1","1","0","0.9647","17","低"
"2024-11","台中","patrol","巡查會簽","監造巡查簽認","84","83","80","3","1","1","0","0.9639","17","低"
"2024-11","台中","patrol","巡查會簽","安衛人員巡查紀錄","84","85","83","2","0","1","0","0.9765","7","低"
"2024-11","台中","patrol","巡查會簽","異常已即時通知","84","70","68","2","0","1","0","0.9714","7","低"
"2024-11","台中","closeout","收工回簽與現場紀錄","環境整理完成","84","69","67","2","0","0","0","0.971","4","低"
"2024-11","台中","closeout","收工回簽與現場紀錄","施工前後照片完整","84","82","79","3","0","1","0","0.9634","9","低"
"2024-11","台中","closeout","收工回簽與現場紀錄","氣體偵測照片上傳","84","70","67","3","0","1","0","0.9571","9","低"
"2024-11","台中","closeout","收工回簽與現場紀錄","改善事項結案佐證完整","84","83","80","3","1","1","0","0.9639","17","低"
"2024-12","台中","permit","許可基本資料","工作內容與地點完整","81","72","70","2","0","1","0","0.9722","7","低"
"2024-12","台中","permit","許可基本資料","作業分級正確","81","81","79","2","0","1","0","0.9753","7","低"
"2024-12","台中","permit","許可基本資料","核准工作時間明確","81","70","68","2","0","1","0","0.9714","7","低"
"2024-12","台中","permit","許可基本資料","回簽資料完整","81","69","67","2","0","1","0","0.971","7","低"
"2024-12","台中","workType","作業分級與工作項目","動火/非動火判定正確","81","82","79","3","0","1","0","0.9634","9","低"
"2024-12","台中","workType","作業分級與工作項目","A/B/C級作業判定正確","81","67","65","2","0","1","0","0.9701","7","低"
"2024-12","台中","workType","作業分級與工作項目","附加檢點表適用","81","67","65","2","0","1","0","0.9701","7","低"
"2024-12","台中","workType","作業分級與工作項目","延時工作經核准","81","80","78","2","0","1","0","0.975","7","低"
"2024-12","台中","contractor","承攬商與人員資格","施工人員名冊完整","81","69","67","2","0","1","0","0.971","7","低"
"2024-12","台中","contractor","承攬商與人員資格","工地負責人到場","81","74","72","2","0","0","0","0.973","4","低"
"2024-12","台中","contractor","承攬商與人員資格","安衛人員到場","81","83","80","3","0","1","0","0.9639","9","低"
"2024-12","台中","contractor","承攬商與人員資格","特殊作業主管資格符合","81","75","73","2","0","1","0","0.9733","7","低"
"2024-12","台中","hazardNotice","危害告知","承攬商已知悉注意事項","81","70","68","2","0","0","0","0.9714","4","低"
"2024-12","台中","hazardNotice","危害告知","施工人員完成危害告知","81","81","79","2","0","0","0","0.9753","4","低"
"2024-12","台中","hazardNotice","危害告知","勤前教育紀錄完整","81","69","67","2","0","1","0","0.971","7","低"
"2024-12","台中","hazardNotice","危害告知","緊急聯絡資訊明確","81","81","79","2","0","1","0","0.9753","7","低"
"2024-12","台中","isolation","環境安全隔離","設備管線已釋壓清洗","81","68","66","2","1","1","0","0.9706","15","低"
"2024-12","台中","isolation","環境安全隔離","進出口已關斷/盲封/掛牌","81","77","73","4","1","1","0","0.9481","19","中"
"2024-12","台中","isolation","環境安全隔離","電源隔離加鎖掛牌","81","75","72","3","1","1","0","0.96","17","低"
"2024-12","台中","isolation","環境安全隔離","暗溝陰井已堵塞密封","81","76","73","3","1","1","0","0.9605","17","低"
"2024-12","台中","gas","氣體偵測","可燃性氣體低於20%LEL","81","67","64","3","1","1","0","0.9552","17","低"
"2024-12","台中","gas","氣體偵測","氧氣濃度符合標準","81","75","71","4","1","2","0","0.9467","22","中"
"2024-12","台中","gas","氣體偵測","有害氣體低於容許濃度","81","73","70","3","1","1","0","0.9589","17","低"
"2024-12","台中","gas","氣體偵測","上下午或連續測定紀錄完整","81","77","74","3","1","1","0","0.961","17","低"
"2024-12","台中","fireExplosion","消防與防爆設備","20型滅火器配置足夠","81","68","64","4","1","1","0","0.9412","19","中"
"2024-12","台中","fireExplosion","消防與防爆設備","防爆電氣設備符合","81","78","74","4","1","2","1","0.9487","27","中"
"2024-12","台中","fireExplosion","消防與防爆設備","安全工具使用正確","81","73","70","3","1","1","0","0.9589","17","低"
"2024-12","台中","fireExplosion","消防與防爆設備","消防水帶或防火措施到位","81","67","63","4","1","1","0","0.9403","19","中"
"2024-12","台中","ppeHeight","PPE與高處防墜","個人防護具穿戴正確","81","82","79","3","1","1","0","0.9634","17","低"
"2024-12","台中","ppeHeight","PPE與高處防墜","安全帶/安全母索使用","81","80","76","4","1","1","0","0.95","19","中"
"2024-12","台中","ppeHeight","PPE與高處防墜","施工架檢點合格","81","78","75","3","1","1","0","0.9615","17","低"
"2024-12","台中","ppeHeight","PPE與高處防墜","安全網或工作平台設置","81","79","75","4","1","2","0","0.9494","22","中"
"2024-12","台中","patrol","巡查會簽","轄區檢點簽認","81","78","75","3","1","1","0","0.9615","17","低"
"2024-12","台中","patrol","巡查會簽","監造巡查簽認","81","77","74","3","0","1","0","0.961","9","低"
"2024-12","台中","patrol","巡查會簽","安衛人員巡查紀錄","81","69","67","2","0","1","0","0.971","7","低"
"2024-12","台中","patrol","巡查會簽","異常已即時通知","81","73","71","2","0","1","0","0.9726","7","低"
"2024-12","台中","closeout","收工回簽與現場紀錄","環境整理完成","81","71","68","3","0","1","0","0.9577","9","低"
"2024-12","台中","closeout","收工回簽與現場紀錄","施工前後照片完整","81","79","77","2","0","1","0","0.9747","7","低"
"2024-12","台中","closeout","收工回簽與現場紀錄","氣體偵測照片上傳","81","81","78","3","0","1","0","0.963","9","低"
"2024-12","台中","closeout","收工回簽與現場紀錄","改善事項結案佐證完整","81","79","77","2","0","0","0","0.9747","4","低"
"2025-01","台中","permit","許可基本資料","工作內容與地點完整","85","71","69","2","0","1","0","0.9718","7","低"
"2025-01","台中","permit","許可基本資料","作業分級正確","85","83","81","2","0","1","0","0.9759","7","低"
"2025-01","台中","permit","許可基本資料","核准工作時間明確","85","78","76","2","0","1","0","0.9744","7","低"
"2025-01","台中","permit","許可基本資料","回簽資料完整","85","77","75","2","0","1","0","0.974","7","低"
"2025-01","台中","workType","作業分級與工作項目","動火/非動火判定正確","85","77","74","3","0","1","0","0.961","9","低"
"2025-01","台中","workType","作業分級與工作項目","A/B/C級作業判定正確","85","76","74","2","0","1","0","0.9737","7","低"
"2025-01","台中","workType","作業分級與工作項目","附加檢點表適用","85","70","68","2","0","1","0","0.9714","7","低"
"2025-01","台中","workType","作業分級與工作項目","延時工作經核准","85","77","75","2","0","1","0","0.974","7","低"
"2025-01","台中","contractor","承攬商與人員資格","施工人員名冊完整","85","78","75","3","1","1","0","0.9615","17","低"
"2025-01","台中","contractor","承攬商與人員資格","工地負責人到場","85","86","83","3","0","1","0","0.9651","9","低"
"2025-01","台中","contractor","承攬商與人員資格","安衛人員到場","85","85","82","3","0","1","0","0.9647","9","低"
"2025-01","台中","contractor","承攬商與人員資格","特殊作業主管資格符合","85","78","75","3","1","1","0","0.9615","17","低"
"2025-01","台中","hazardNotice","危害告知","承攬商已知悉注意事項","85","84","81","3","0","1","0","0.9643","9","低"
"2025-01","台中","hazardNotice","危害告知","施工人員完成危害告知","85","73","71","2","0","1","0","0.9726","7","低"
"2025-01","台中","hazardNotice","危害告知","勤前教育紀錄完整","85","83","80","3","1","1","0","0.9639","17","低"
"2025-01","台中","hazardNotice","危害告知","緊急聯絡資訊明確","85","85","83","2","0","1","0","0.9765","7","低"
"2025-01","台中","isolation","環境安全隔離","設備管線已釋壓清洗","85","71","68","3","1","1","0","0.9577","17","低"
"2025-01","台中","isolation","環境安全隔離","進出口已關斷/盲封/掛牌","85","77","74","3","1","1","0","0.961","17","低"
"2025-01","台中","isolation","環境安全隔離","電源隔離加鎖掛牌","85","84","80","4","1","2","0","0.9524","22","中"
"2025-01","台中","isolation","環境安全隔離","暗溝陰井已堵塞密封","85","77","74","3","1","1","0","0.961","17","低"
"2025-01","台中","gas","氣體偵測","可燃性氣體低於20%LEL","85","73","70","3","1","1","0","0.9589","17","低"
"2025-01","台中","gas","氣體偵測","氧氣濃度符合標準","85","74","71","3","1","1","0","0.9595","17","低"
"2025-01","台中","gas","氣體偵測","有害氣體低於容許濃度","85","85","82","3","1","1","0","0.9647","17","低"
"2025-01","台中","gas","氣體偵測","上下午或連續測定紀錄完整","85","74","71","3","1","1","0","0.9595","17","低"
"2025-01","台中","fireExplosion","消防與防爆設備","20型滅火器配置足夠","85","72","69","3","1","1","0","0.9583","17","低"
"2025-01","台中","fireExplosion","消防與防爆設備","防爆電氣設備符合","85","85","81","4","1","1","0","0.9529","19","中"
"2025-01","台中","fireExplosion","消防與防爆設備","安全工具使用正確","85","79","75","4","1","2","1","0.9494","27","中"
"2025-01","台中","fireExplosion","消防與防爆設備","消防水帶或防火措施到位","85","70","66","4","1","1","0","0.9429","19","中"
"2025-01","台中","ppeHeight","PPE與高處防墜","個人防護具穿戴正確","85","87","84","3","1","1","0","0.9655","17","低"
"2025-01","台中","ppeHeight","PPE與高處防墜","安全帶/安全母索使用","85","87","83","4","1","1","0","0.954","19","中"
"2025-01","台中","ppeHeight","PPE與高處防墜","施工架檢點合格","85","80","76","4","1","1","0","0.95","19","中"
"2025-01","台中","ppeHeight","PPE與高處防墜","安全網或工作平台設置","85","86","83","3","1","1","0","0.9651","17","低"
"2025-01","台中","patrol","巡查會簽","轄區檢點簽認","85","76","73","3","1","1","0","0.9605","17","低"
"2025-01","台中","patrol","巡查會簽","監造巡查簽認","85","81","78","3","0","1","0","0.963","9","低"
"2025-01","台中","patrol","巡查會簽","安衛人員巡查紀錄","85","70","68","2","0","1","0","0.9714","7","低"
"2025-01","台中","patrol","巡查會簽","異常已即時通知","85","75","73","2","0","1","0","0.9733","7","低"
"2025-01","台中","closeout","收工回簽與現場紀錄","環境整理完成","85","75","73","2","0","1","0","0.9733","7","低"
"2025-01","台中","closeout","收工回簽與現場紀錄","施工前後照片完整","85","75","73","2","0","1","0","0.9733","7","低"
"2025-01","台中","closeout","收工回簽與現場紀錄","氣體偵測照片上傳","85","74","71","3","0","1","0","0.9595","9","低"
"2025-01","台中","closeout","收工回簽與現場紀錄","改善事項結案佐證完整","85","86","83","3","0","1","0","0.9651","9","低"
"2025-02","台中","permit","許可基本資料","工作內容與地點完整","90","85","83","2","0","1","0","0.9765","7","低"
"2025-02","台中","permit","許可基本資料","作業分級正確","90","90","87","3","0","1","0","0.9667","9","低"
"2025-02","台中","permit","許可基本資料","核准工作時間明確","90","81","79","2","0","1","0","0.9753","7","低"
"2025-02","台中","permit","許可基本資料","回簽資料完整","90","75","73","2","0","1","0","0.9733","7","低"
"2025-02","台中","workType","作業分級與工作項目","動火/非動火判定正確","90","81","78","3","0","1","0","0.963","9","低"
"2025-02","台中","workType","作業分級與工作項目","A/B/C級作業判定正確","90","88","86","2","0","1","0","0.9773","7","低"
"2025-02","台中","workType","作業分級與工作項目","附加檢點表適用","90","81","79","2","0","1","0","0.9753","7","低"
"2025-02","台中","workType","作業分級與工作項目","延時工作經核准","90","75","72","3","1","1","0","0.96","17","低"
"2025-02","台中","contractor","承攬商與人員資格","施工人員名冊完整","90","89","86","3","0","1","0","0.9663","9","低"
"2025-02","台中","contractor","承攬商與人員資格","工地負責人到場","90","78","75","3","0","1","0","0.9615","9","低"
"2025-02","台中","contractor","承攬商與人員資格","安衛人員到場","90","81","78","3","1","1","0","0.963","17","低"
"2025-02","台中","contractor","承攬商與人員資格","特殊作業主管資格符合","90","78","75","3","1","1","0","0.9615","17","低"
"2025-02","台中","hazardNotice","危害告知","承攬商已知悉注意事項","90","80","77","3","0","1","0","0.9625","9","低"
"2025-02","台中","hazardNotice","危害告知","施工人員完成危害告知","90","80","78","2","0","1","0","0.975","7","低"
"2025-02","台中","hazardNotice","危害告知","勤前教育紀錄完整","90","83","81","2","0","1","0","0.9759","7","低"
"2025-02","台中","hazardNotice","危害告知","緊急聯絡資訊明確","90","85","82","3","1","1","0","0.9647","17","低"
"2025-02","台中","isolation","環境安全隔離","設備管線已釋壓清洗","90","89","86","3","1","1","0","0.9663","17","低"
"2025-02","台中","isolation","環境安全隔離","進出口已關斷/盲封/掛牌","90","75","72","3","1","1","0","0.96","17","低"
"2025-02","台中","isolation","環境安全隔離","電源隔離加鎖掛牌","90","84","81","3","1","1","0","0.9643","17","低"
"2025-02","台中","isolation","環境安全隔離","暗溝陰井已堵塞密封","90","77","74","3","1","1","0","0.961","17","低"
"2025-02","台中","gas","氣體偵測","可燃性氣體低於20%LEL","90","83","79","4","1","1","0","0.9518","19","中"
"2025-02","台中","gas","氣體偵測","氧氣濃度符合標準","90","82","79","3","1","1","0","0.9634","17","低"
"2025-02","台中","gas","氣體偵測","有害氣體低於容許濃度","90","90","87","3","1","1","0","0.9667","17","低"
"2025-02","台中","gas","氣體偵測","上下午或連續測定紀錄完整","90","85","81","4","1","1","0","0.9529","19","中"
"2025-02","台中","fireExplosion","消防與防爆設備","20型滅火器配置足夠","90","89","85","4","1","2","1","0.9551","27","中"
"2025-02","台中","fireExplosion","消防與防爆設備","防爆電氣設備符合","90","84","81","3","1","1","0","0.9643","17","低"
"2025-02","台中","fireExplosion","消防與防爆設備","安全工具使用正確","90","74","71","3","1","1","0","0.9595","17","低"
"2025-02","台中","fireExplosion","消防與防爆設備","消防水帶或防火措施到位","90","74","70","4","1","2","1","0.9459","27","中"
"2025-02","台中","ppeHeight","PPE與高處防墜","個人防護具穿戴正確","90","91","87","4","1","2","0","0.956","22","中"
"2025-02","台中","ppeHeight","PPE與高處防墜","安全帶/安全母索使用","90","91","87","4","1","1","0","0.956","19","中"
"2025-02","台中","ppeHeight","PPE與高處防墜","施工架檢點合格","90","78","75","3","1","1","0","0.9615","17","低"
"2025-02","台中","ppeHeight","PPE與高處防墜","安全網或工作平台設置","90","84","81","3","1","1","0","0.9643","17","低"
"2025-02","台中","patrol","巡查會簽","轄區檢點簽認","90","77","75","2","0","0","0","0.974","4","低"
"2025-02","台中","patrol","巡查會簽","監造巡查簽認","90","90","87","3","0","1","0","0.9667","9","低"
"2025-02","台中","patrol","巡查會簽","安衛人員巡查紀錄","90","85","82","3","1","1","0","0.9647","17","低"
"2025-02","台中","patrol","巡查會簽","異常已即時通知","90","80","78","2","0","1","0","0.975","7","低"
"2025-02","台中","closeout","收工回簽與現場紀錄","環境整理完成","90","75","72","3","0","1","0","0.96","9","低"
"2025-02","台中","closeout","收工回簽與現場紀錄","施工前後照片完整","90","83","80","3","0","1","0","0.9639","9","低"
"2025-02","台中","closeout","收工回簽與現場紀錄","氣體偵測照片上傳","90","79","77","2","0","1","0","0.9747","7","低"
"2025-02","台中","closeout","收工回簽與現場紀錄","改善事項結案佐證完整","90","79","76","3","0","1","0","0.962","9","低"
"2025-03","台中","permit","許可基本資料","工作內容與地點完整","86","82","80","2","0","1","0","0.9756","7","低"
"2025-03","台中","permit","許可基本資料","作業分級正確","86","76","74","2","0","1","0","0.9737","7","低"
"2025-03","台中","permit","許可基本資料","核准工作時間明確","86","88","86","2","0","1","0","0.9773","7","低"
"2025-03","台中","permit","許可基本資料","回簽資料完整","86","82","80","2","0","1","0","0.9756","7","低"
"2025-03","台中","workType","作業分級與工作項目","動火/非動火判定正確","86","71","69","2","0","0","0","0.9718","4","低"
"2025-03","台中","workType","作業分級與工作項目","A/B/C級作業判定正確","86","73","71","2","0","1","0","0.9726","7","低"
"2025-03","台中","workType","作業分級與工作項目","附加檢點表適用","86","79","76","3","0","1","0","0.962","9","低"
"2025-03","台中","workType","作業分級與工作項目","延時工作經核准","86","71","69","2","0","1","0","0.9718","7","低"
"2025-03","台中","contractor","承攬商與人員資格","施工人員名冊完整","86","80","77","3","1","1","0","0.9625","17","低"
"2025-03","台中","contractor","承攬商與人員資格","工地負責人到場","86","75","72","3","0","1","0","0.96","9","低"
"2025-03","台中","contractor","承攬商與人員資格","安衛人員到場","86","84","82","2","0","1","0","0.9762","7","低"
"2025-03","台中","contractor","承攬商與人員資格","特殊作業主管資格符合","86","76","74","2","0","1","0","0.9737","7","低"
"2025-03","台中","hazardNotice","危害告知","承攬商已知悉注意事項","86","73","71","2","0","1","0","0.9726","7","低"
"2025-03","台中","hazardNotice","危害告知","施工人員完成危害告知","86","72","70","2","0","1","0","0.9722","7","低"
"2025-03","台中","hazardNotice","危害告知","勤前教育紀錄完整","86","87","85","2","0","1","0","0.977","7","低"
"2025-03","台中","hazardNotice","危害告知","緊急聯絡資訊明確","86","86","83","3","0","1","0","0.9651","9","低"
"2025-03","台中","isolation","環境安全隔離","設備管線已釋壓清洗","86","83","80","3","1","1","0","0.9639","17","低"
"2025-03","台中","isolation","環境安全隔離","進出口已關斷/盲封/掛牌","86","79","76","3","1","1","0","0.962","17","低"
"2025-03","台中","isolation","環境安全隔離","電源隔離加鎖掛牌","86","82","78","4","1","1","0","0.9512","19","中"
"2025-03","台中","isolation","環境安全隔離","暗溝陰井已堵塞密封","86","77","74","3","1","1","0","0.961","17","低"
"2025-03","台中","gas","氣體偵測","可燃性氣體低於20%LEL","86","72","69","3","1","1","0","0.9583","17","低"
"2025-03","台中","gas","氣體偵測","氧氣濃度符合標準","86","77","74","3","1","1","0","0.961","17","低"
"2025-03","台中","gas","氣體偵測","有害氣體低於容許濃度","86","83","80","3","1","1","0","0.9639","17","低"
"2025-03","台中","gas","氣體偵測","上下午或連續測定紀錄完整","86","77","73","4","1","1","0","0.9481","19","中"
"2025-03","台中","fireExplosion","消防與防爆設備","20型滅火器配置足夠","86","87","84","3","1","1","0","0.9655","17","低"
"2025-03","台中","fireExplosion","消防與防爆設備","防爆電氣設備符合","86","77","73","4","1","1","0","0.9481","19","中"
"2025-03","台中","fireExplosion","消防與防爆設備","安全工具使用正確","86","84","80","4","1","2","0","0.9524","22","中"
"2025-03","台中","fireExplosion","消防與防爆設備","消防水帶或防火措施到位","86","75","72","3","1","1","0","0.96","17","低"
"2025-03","台中","ppeHeight","PPE與高處防墜","個人防護具穿戴正確","86","77","73","4","1","1","0","0.9481","19","中"
"2025-03","台中","ppeHeight","PPE與高處防墜","安全帶/安全母索使用","86","78","75","3","1","1","0","0.9615","17","低"
"2025-03","台中","ppeHeight","PPE與高處防墜","施工架檢點合格","86","75","72","3","1","1","0","0.96","17","低"
"2025-03","台中","ppeHeight","PPE與高處防墜","安全網或工作平台設置","86","87","84","3","1","1","0","0.9655","17","低"
"2025-03","台中","patrol","巡查會簽","轄區檢點簽認","86","76","74","2","0","1","0","0.9737","7","低"
"2025-03","台中","patrol","巡查會簽","監造巡查簽認","86","85","82","3","0","1","0","0.9647","9","低"
"2025-03","台中","patrol","巡查會簽","安衛人員巡查紀錄","86","85","83","2","0","1","0","0.9765","7","低"
"2025-03","台中","patrol","巡查會簽","異常已即時通知","86","79","76","3","0","1","0","0.962","9","低"
"2025-03","台中","closeout","收工回簽與現場紀錄","環境整理完成","86","80","77","3","0","1","0","0.9625","9","低"
"2025-03","台中","closeout","收工回簽與現場紀錄","施工前後照片完整","86","83","80","3","1","1","0","0.9639","17","低"
"2025-03","台中","closeout","收工回簽與現場紀錄","氣體偵測照片上傳","86","84","81","3","0","1","0","0.9643","9","低"
"2025-03","台中","closeout","收工回簽與現場紀錄","改善事項結案佐證完整","86","87","84","3","1","1","0","0.9655","17","低"
"2025-04","台中","permit","許可基本資料","工作內容與地點完整","86","74","72","2","0","1","0","0.973","7","低"
"2025-04","台中","permit","許可基本資料","作業分級正確","86","73","71","2","0","1","0","0.9726","7","低"
"2025-04","台中","permit","許可基本資料","核准工作時間明確","86","74","72","2","0","1","0","0.973","7","低"
"2025-04","台中","permit","許可基本資料","回簽資料完整","86","77","75","2","0","1","0","0.974","7","低"
"2025-04","台中","workType","作業分級與工作項目","動火/非動火判定正確","86","86","83","3","1","1","0","0.9651","17","低"
"2025-04","台中","workType","作業分級與工作項目","A/B/C級作業判定正確","86","72","70","2","0","0","0","0.9722","4","低"
"2025-04","台中","workType","作業分級與工作項目","附加檢點表適用","86","71","69","2","0","1","0","0.9718","7","低"
"2025-04","台中","workType","作業分級與工作項目","延時工作經核准","86","85","82","3","1","1","0","0.9647","17","低"
"2025-04","台中","contractor","承攬商與人員資格","施工人員名冊完整","86","86","84","2","0","1","0","0.9767","7","低"
"2025-04","台中","contractor","承攬商與人員資格","工地負責人到場","86","75","73","2","0","1","0","0.9733","7","低"
"2025-04","台中","contractor","承攬商與人員資格","安衛人員到場","86","81","79","2","0","1","0","0.9753","7","低"
"2025-04","台中","contractor","承攬商與人員資格","特殊作業主管資格符合","86","87","85","2","0","0","0","0.977","4","低"
"2025-04","台中","hazardNotice","危害告知","承攬商已知悉注意事項","86","71","69","2","0","1","0","0.9718","7","低"
"2025-04","台中","hazardNotice","危害告知","施工人員完成危害告知","86","82","79","3","0","1","0","0.9634","9","低"
"2025-04","台中","hazardNotice","危害告知","勤前教育紀錄完整","86","71","69","2","0","1","0","0.9718","7","低"
"2025-04","台中","hazardNotice","危害告知","緊急聯絡資訊明確","86","72","70","2","0","1","0","0.9722","7","低"
"2025-04","台中","isolation","環境安全隔離","設備管線已釋壓清洗","86","81","77","4","1","2","1","0.9506","27","中"
"2025-04","台中","isolation","環境安全隔離","進出口已關斷/盲封/掛牌","86","84","80","4","1","2","1","0.9524","27","中"
"2025-04","台中","isolation","環境安全隔離","電源隔離加鎖掛牌","86","71","68","3","1","1","0","0.9577","17","低"
"2025-04","台中","isolation","環境安全隔離","暗溝陰井已堵塞密封","86","73","69","4","1","2","1","0.9452","27","中"
"2025-04","台中","gas","氣體偵測","可燃性氣體低於20%LEL","86","86","83","3","1","1","0","0.9651","17","低"
"2025-04","台中","gas","氣體偵測","氧氣濃度符合標準","86","78","75","3","1","1","0","0.9615","17","低"
"2025-04","台中","gas","氣體偵測","有害氣體低於容許濃度","86","86","82","4","1","1","0","0.9535","19","中"
"2025-04","台中","gas","氣體偵測","上下午或連續測定紀錄完整","86","71","67","4","1","2","0","0.9437","22","中"
"2025-04","台中","fireExplosion","消防與防爆設備","20型滅火器配置足夠","86","86","83","3","1","1","0","0.9651","17","低"
"2025-04","台中","fireExplosion","消防與防爆設備","防爆電氣設備符合","86","83","80","3","1","1","0","0.9639","17","低"
"2025-04","台中","fireExplosion","消防與防爆設備","安全工具使用正確","86","88","84","4","1","1","0","0.9545","19","中"
"2025-04","台中","fireExplosion","消防與防爆設備","消防水帶或防火措施到位","86","78","74","4","1","2","0","0.9487","22","中"
"2025-04","台中","ppeHeight","PPE與高處防墜","個人防護具穿戴正確","86","86","82","4","1","2","1","0.9535","27","中"
"2025-04","台中","ppeHeight","PPE與高處防墜","安全帶/安全母索使用","86","71","68","3","1","1","0","0.9577","17","低"
"2025-04","台中","ppeHeight","PPE與高處防墜","施工架檢點合格","86","85","82","3","1","1","0","0.9647","17","低"
"2025-04","台中","ppeHeight","PPE與高處防墜","安全網或工作平台設置","86","74","71","3","1","1","0","0.9595","17","低"
"2025-04","台中","patrol","巡查會簽","轄區檢點簽認","86","82","79","3","1","1","0","0.9634","17","低"
"2025-04","台中","patrol","巡查會簽","監造巡查簽認","86","75","73","2","0","0","0","0.9733","4","低"
"2025-04","台中","patrol","巡查會簽","安衛人員巡查紀錄","86","83","80","3","0","1","0","0.9639","9","低"
"2025-04","台中","patrol","巡查會簽","異常已即時通知","86","84","82","2","0","1","0","0.9762","7","低"
"2025-04","台中","closeout","收工回簽與現場紀錄","環境整理完成","86","72","69","3","1","1","0","0.9583","17","低"
"2025-04","台中","closeout","收工回簽與現場紀錄","施工前後照片完整","86","83","80","3","0","1","0","0.9639","9","低"
"2025-04","台中","closeout","收工回簽與現場紀錄","氣體偵測照片上傳","86","78","75","3","0","1","0","0.9615","9","低"
"2025-04","台中","closeout","收工回簽與現場紀錄","改善事項結案佐證完整","86","86","83","3","0","1","0","0.9651","9","低"
"2025-05","台中","permit","許可基本資料","工作內容與地點完整","92","76","74","2","0","1","0","0.9737","7","低"
"2025-05","台中","permit","許可基本資料","作業分級正確","92","76","74","2","0","1","0","0.9737","7","低"
"2025-05","台中","permit","許可基本資料","核准工作時間明確","92","81","79","2","0","1","0","0.9753","7","低"
"2025-05","台中","permit","許可基本資料","回簽資料完整","92","89","86","3","0","1","0","0.9663","9","低"
"2025-05","台中","workType","作業分級與工作項目","動火/非動火判定正確","92","93","90","3","0","1","0","0.9677","9","低"
"2025-05","台中","workType","作業分級與工作項目","A/B/C級作業判定正確","92","83","80","3","1","1","0","0.9639","17","低"
"2025-05","台中","workType","作業分級與工作項目","附加檢點表適用","92","90","88","2","0","1","0","0.9778","7","低"
"2025-05","台中","workType","作業分級與工作項目","延時工作經核准","92","92","89","3","0","1","0","0.9674","9","低"
"2025-05","台中","contractor","承攬商與人員資格","施工人員名冊完整","92","85","82","3","1","1","0","0.9647","17","低"
"2025-05","台中","contractor","承攬商與人員資格","工地負責人到場","92","89","86","3","0","1","0","0.9663","9","低"
"2025-05","台中","contractor","承攬商與人員資格","安衛人員到場","92","89","86","3","1","1","0","0.9663","17","低"
"2025-05","台中","contractor","承攬商與人員資格","特殊作業主管資格符合","92","85","83","2","0","1","0","0.9765","7","低"
"2025-05","台中","hazardNotice","危害告知","承攬商已知悉注意事項","92","76","74","2","0","1","0","0.9737","7","低"
"2025-05","台中","hazardNotice","危害告知","施工人員完成危害告知","92","77","75","2","0","1","0","0.974","7","低"
"2025-05","台中","hazardNotice","危害告知","勤前教育紀錄完整","92","82","80","2","0","1","0","0.9756","7","低"
"2025-05","台中","hazardNotice","危害告知","緊急聯絡資訊明確","92","89","86","3","0","1","0","0.9663","9","低"
"2025-05","台中","isolation","環境安全隔離","設備管線已釋壓清洗","92","93","88","5","2","1","0","0.9462","29","中"
"2025-05","台中","isolation","環境安全隔離","進出口已關斷/盲封/掛牌","92","86","83","3","1","1","0","0.9651","17","低"
"2025-05","台中","isolation","環境安全隔離","電源隔離加鎖掛牌","92","79","76","3","1","1","0","0.962","17","低"
"2025-05","台中","isolation","環境安全隔離","暗溝陰井已堵塞密封","92","91","87","4","1","1","0","0.956","19","中"
"2025-05","台中","gas","氣體偵測","可燃性氣體低於20%LEL","92","88","84","4","1","2","1","0.9545","27","中"
"2025-05","台中","gas","氣體偵測","氧氣濃度符合標準","92","82","78","4","1","2","1","0.9512","27","中"
"2025-05","台中","gas","氣體偵測","有害氣體低於容許濃度","92","83","80","3","1","1","0","0.9639","17","低"
"2025-05","台中","gas","氣體偵測","上下午或連續測定紀錄完整","92","90","87","3","1","1","0","0.9667","17","低"
"2025-05","台中","fireExplosion","消防與防爆設備","20型滅火器配置足夠","92","77","73","4","1","1","0","0.9481","19","中"
"2025-05","台中","fireExplosion","消防與防爆設備","防爆電氣設備符合","92","79","75","4","1","2","1","0.9494","27","中"
"2025-05","台中","fireExplosion","消防與防爆設備","安全工具使用正確","92","82","78","4","1","1","0","0.9512","19","中"
"2025-05","台中","fireExplosion","消防與防爆設備","消防水帶或防火措施到位","92","89","85","4","1","1","0","0.9551","19","中"
"2025-05","台中","ppeHeight","PPE與高處防墜","個人防護具穿戴正確","92","89","85","4","1","2","0","0.9551","22","中"
"2025-05","台中","ppeHeight","PPE與高處防墜","安全帶/安全母索使用","92","93","89","4","1","1","0","0.957","19","中"
"2025-05","台中","ppeHeight","PPE與高處防墜","施工架檢點合格","92","84","81","3","1","1","0","0.9643","17","低"
"2025-05","台中","ppeHeight","PPE與高處防墜","安全網或工作平台設置","92","82","78","4","1","1","0","0.9512","19","中"
"2025-05","台中","patrol","巡查會簽","轄區檢點簽認","92","86","83","3","0","1","0","0.9651","9","低"
"2025-05","台中","patrol","巡查會簽","監造巡查簽認","92","82","79","3","0","1","0","0.9634","9","低"
"2025-05","台中","patrol","巡查會簽","安衛人員巡查紀錄","92","76","73","3","0","1","0","0.9605","9","低"
"2025-05","台中","patrol","巡查會簽","異常已即時通知","92","87","85","2","0","1","0","0.977","7","低"
"2025-05","台中","closeout","收工回簽與現場紀錄","環境整理完成","92","76","73","3","0","1","0","0.9605","9","低"
"2025-05","台中","closeout","收工回簽與現場紀錄","施工前後照片完整","92","89","85","4","1","1","0","0.9551","19","中"
"2025-05","台中","closeout","收工回簽與現場紀錄","氣體偵測照片上傳","92","77","74","3","1","1","0","0.961","17","低"
"2025-05","台中","closeout","收工回簽與現場紀錄","改善事項結案佐證完整","92","77","74","3","0","1","0","0.961","9","低"
"2025-06","台中","permit","許可基本資料","工作內容與地點完整","81","78","76","2","0","1","0","0.9744","7","低"
"2025-06","台中","permit","許可基本資料","作業分級正確","81","72","70","2","0","1","0","0.9722","7","低"
"2025-06","台中","permit","許可基本資料","核准工作時間明確","81","73","71","2","0","1","0","0.9726","7","低"
"2025-06","台中","permit","許可基本資料","回簽資料完整","81","67","65","2","0","1","0","0.9701","7","低"
"2025-06","台中","workType","作業分級與工作項目","動火/非動火判定正確","81","74","72","2","0","1","0","0.973","7","低"
"2025-06","台中","workType","作業分級與工作項目","A/B/C級作業判定正確","81","73","70","3","0","1","0","0.9589","9","低"
"2025-06","台中","workType","作業分級與工作項目","附加檢點表適用","81","75","73","2","0","1","0","0.9733","7","低"
"2025-06","台中","workType","作業分級與工作項目","延時工作經核准","81","68","66","2","0","1","0","0.9706","7","低"
"2025-06","台中","contractor","承攬商與人員資格","施工人員名冊完整","81","73","70","3","0","1","0","0.9589","9","低"
"2025-06","台中","contractor","承攬商與人員資格","工地負責人到場","81","70","67","3","0","1","0","0.9571","9","低"
"2025-06","台中","contractor","承攬商與人員資格","安衛人員到場","81","81","78","3","0","1","0","0.963","9","低"
"2025-06","台中","contractor","承攬商與人員資格","特殊作業主管資格符合","81","77","74","3","1","1","0","0.961","17","低"
"2025-06","台中","hazardNotice","危害告知","承攬商已知悉注意事項","81","79","77","2","0","1","0","0.9747","7","低"
"2025-06","台中","hazardNotice","危害告知","施工人員完成危害告知","81","82","79","3","0","1","0","0.9634","9","低"
"2025-06","台中","hazardNotice","危害告知","勤前教育紀錄完整","81","72","70","2","0","0","0","0.9722","4","低"
"2025-06","台中","hazardNotice","危害告知","緊急聯絡資訊明確","81","68","66","2","0","1","0","0.9706","7","低"
"2025-06","台中","isolation","環境安全隔離","設備管線已釋壓清洗","81","80","77","3","1","1","0","0.9625","17","低"
"2025-06","台中","isolation","環境安全隔離","進出口已關斷/盲封/掛牌","81","77","74","3","1","1","0","0.961","17","低"
"2025-06","台中","isolation","環境安全隔離","電源隔離加鎖掛牌","81","78","75","3","1","1","0","0.9615","17","低"
"2025-06","台中","isolation","環境安全隔離","暗溝陰井已堵塞密封","81","69","66","3","1","1","0","0.9565","17","低"
"2025-06","台中","gas","氣體偵測","可燃性氣體低於20%LEL","81","71","68","3","1","1","0","0.9577","17","低"
"2025-06","台中","gas","氣體偵測","氧氣濃度符合標準","81","67","65","2","0","1","0","0.9701","7","低"
"2025-06","台中","gas","氣體偵測","有害氣體低於容許濃度","81","76","73","3","1","1","0","0.9605","17","低"
"2025-06","台中","gas","氣體偵測","上下午或連續測定紀錄完整","81","68","65","3","1","1","0","0.9559","17","低"
"2025-06","台中","fireExplosion","消防與防爆設備","20型滅火器配置足夠","81","80","77","3","1","1","0","0.9625","17","低"
"2025-06","台中","fireExplosion","消防與防爆設備","防爆電氣設備符合","81","70","67","3","1","1","0","0.9571","17","低"
"2025-06","台中","fireExplosion","消防與防爆設備","安全工具使用正確","81","76","73","3","1","1","0","0.9605","17","低"
"2025-06","台中","fireExplosion","消防與防爆設備","消防水帶或防火措施到位","81","81","77","4","1","2","0","0.9506","22","中"
"2025-06","台中","ppeHeight","PPE與高處防墜","個人防護具穿戴正確","81","79","76","3","1","1","0","0.962","17","低"
"2025-06","台中","ppeHeight","PPE與高處防墜","安全帶/安全母索使用","81","78","74","4","1","2","1","0.9487","27","中"
"2025-06","台中","ppeHeight","PPE與高處防墜","施工架檢點合格","81","69","66","3","1","1","0","0.9565","17","低"
"2025-06","台中","ppeHeight","PPE與高處防墜","安全網或工作平台設置","81","70","67","3","1","1","0","0.9571","17","低"
"2025-06","台中","patrol","巡查會簽","轄區檢點簽認","81","68","66","2","0","1","0","0.9706","7","低"
"2025-06","台中","patrol","巡查會簽","監造巡查簽認","81","76","74","2","0","1","0","0.9737","7","低"
"2025-06","台中","patrol","巡查會簽","安衛人員巡查紀錄","81","80","77","3","0","1","0","0.9625","9","低"
"2025-06","台中","patrol","巡查會簽","異常已即時通知","81","79","76","3","0","1","0","0.962","9","低"
"2025-06","台中","closeout","收工回簽與現場紀錄","環境整理完成","81","77","75","2","0","0","0","0.974","4","低"
"2025-06","台中","closeout","收工回簽與現場紀錄","施工前後照片完整","81","74","71","3","0","1","0","0.9595","9","低"
"2025-06","台中","closeout","收工回簽與現場紀錄","氣體偵測照片上傳","81","79","76","3","0","1","0","0.962","9","低"
"2025-06","台中","closeout","收工回簽與現場紀錄","改善事項結案佐證完整","81","75","72","3","0","1","0","0.96","9","低"
"2025-07","台中","permit","許可基本資料","工作內容與地點完整","78","72","70","2","0","1","0","0.9722","7","低"
"2025-07","台中","permit","許可基本資料","作業分級正確","78","76","74","2","0","1","0","0.9737","7","低"
"2025-07","台中","permit","許可基本資料","核准工作時間明確","78","79","77","2","0","1","0","0.9747","7","低"
"2025-07","台中","permit","許可基本資料","回簽資料完整","78","79","77","2","0","1","0","0.9747","7","低"
"2025-07","台中","workType","作業分級與工作項目","動火/非動火判定正確","78","75","73","2","0","1","0","0.9733","7","低"
"2025-07","台中","workType","作業分級與工作項目","A/B/C級作業判定正確","78","77","74","3","0","1","0","0.961","9","低"
"2025-07","台中","workType","作業分級與工作項目","附加檢點表適用","78","65","63","2","0","1","0","0.9692","7","低"
"2025-07","台中","workType","作業分級與工作項目","延時工作經核准","78","70","68","2","0","1","0","0.9714","7","低"
"2025-07","台中","contractor","承攬商與人員資格","施工人員名冊完整","78","72","70","2","0","1","0","0.9722","7","低"
"2025-07","台中","contractor","承攬商與人員資格","工地負責人到場","78","69","66","3","1","1","0","0.9565","17","低"
"2025-07","台中","contractor","承攬商與人員資格","安衛人員到場","78","72","70","2","0","0","0","0.9722","4","低"
"2025-07","台中","contractor","承攬商與人員資格","特殊作業主管資格符合","78","77","74","3","0","1","0","0.961","9","低"
"2025-07","台中","hazardNotice","危害告知","承攬商已知悉注意事項","78","74","72","2","0","1","0","0.973","7","低"
"2025-07","台中","hazardNotice","危害告知","施工人員完成危害告知","78","77","74","3","0","1","0","0.961","9","低"
"2025-07","台中","hazardNotice","危害告知","勤前教育紀錄完整","78","72","70","2","0","1","0","0.9722","7","低"
"2025-07","台中","hazardNotice","危害告知","緊急聯絡資訊明確","78","74","72","2","0","1","0","0.973","7","低"
"2025-07","台中","isolation","環境安全隔離","設備管線已釋壓清洗","78","78","75","3","1","1","0","0.9615","17","低"
"2025-07","台中","isolation","環境安全隔離","進出口已關斷/盲封/掛牌","78","65","63","2","0","1","0","0.9692","7","低"
"2025-07","台中","isolation","環境安全隔離","電源隔離加鎖掛牌","78","67","64","3","1","1","0","0.9552","17","低"
"2025-07","台中","isolation","環境安全隔離","暗溝陰井已堵塞密封","78","65","62","3","1","1","0","0.9538","17","低"
"2025-07","台中","gas","氣體偵測","可燃性氣體低於20%LEL","78","78","75","3","1","1","0","0.9615","17","低"
"2025-07","台中","gas","氣體偵測","氧氣濃度符合標準","78","79","76","3","1","1","0","0.962","17","低"
"2025-07","台中","gas","氣體偵測","有害氣體低於容許濃度","78","74","71","3","1","1","0","0.9595","17","低"
"2025-07","台中","gas","氣體偵測","上下午或連續測定紀錄完整","78","75","72","3","1","1","0","0.96","17","低"
"2025-07","台中","fireExplosion","消防與防爆設備","20型滅火器配置足夠","78","71","68","3","1","1","0","0.9577","17","低"
"2025-07","台中","fireExplosion","消防與防爆設備","防爆電氣設備符合","78","73","70","3","1","1","0","0.9589","17","低"
"2025-07","台中","fireExplosion","消防與防爆設備","安全工具使用正確","78","69","66","3","1","1","0","0.9565","17","低"
"2025-07","台中","fireExplosion","消防與防爆設備","消防水帶或防火措施到位","78","72","69","3","1","1","0","0.9583","17","低"
"2025-07","台中","ppeHeight","PPE與高處防墜","個人防護具穿戴正確","78","64","61","3","1","1","0","0.9531","17","低"
"2025-07","台中","ppeHeight","PPE與高處防墜","安全帶/安全母索使用","78","71","68","3","1","1","0","0.9577","17","低"
"2025-07","台中","ppeHeight","PPE與高處防墜","施工架檢點合格","78","79","76","3","1","1","0","0.962","17","低"
"2025-07","台中","ppeHeight","PPE與高處防墜","安全網或工作平台設置","78","72","69","3","1","1","0","0.9583","17","低"
"2025-07","台中","patrol","巡查會簽","轄區檢點簽認","78","76","74","2","0","0","0","0.9737","4","低"
"2025-07","台中","patrol","巡查會簽","監造巡查簽認","78","71","69","2","0","1","0","0.9718","7","低"
"2025-07","台中","patrol","巡查會簽","安衛人員巡查紀錄","78","66","64","2","0","0","0","0.9697","4","低"
"2025-07","台中","patrol","巡查會簽","異常已即時通知","78","77","74","3","0","1","0","0.961","9","低"
"2025-07","台中","closeout","收工回簽與現場紀錄","環境整理完成","78","75","72","3","0","1","0","0.96","9","低"
"2025-07","台中","closeout","收工回簽與現場紀錄","施工前後照片完整","78","69","67","2","0","1","0","0.971","7","低"
"2025-07","台中","closeout","收工回簽與現場紀錄","氣體偵測照片上傳","78","71","69","2","0","1","0","0.9718","7","低"
"2025-07","台中","closeout","收工回簽與現場紀錄","改善事項結案佐證完整","78","65","62","3","0","1","0","0.9538","9","低"
"2025-08","台中","permit","許可基本資料","工作內容與地點完整","85","86","84","2","0","1","0","0.9767","7","低"
"2025-08","台中","permit","許可基本資料","作業分級正確","85","71","69","2","0","1","0","0.9718","7","低"
"2025-08","台中","permit","許可基本資料","核准工作時間明確","85","79","77","2","0","1","0","0.9747","7","低"
"2025-08","台中","permit","許可基本資料","回簽資料完整","85","78","76","2","0","1","0","0.9744","7","低"
"2025-08","台中","workType","作業分級與工作項目","動火/非動火判定正確","85","75","73","2","0","1","0","0.9733","7","低"
"2025-08","台中","workType","作業分級與工作項目","A/B/C級作業判定正確","85","81","79","2","0","1","0","0.9753","7","低"
"2025-08","台中","workType","作業分級與工作項目","附加檢點表適用","85","82","80","2","0","1","0","0.9756","7","低"
"2025-08","台中","workType","作業分級與工作項目","延時工作經核准","85","79","77","2","0","0","0","0.9747","4","低"
"2025-08","台中","contractor","承攬商與人員資格","施工人員名冊完整","85","74","72","2","0","1","0","0.973","7","低"
"2025-08","台中","contractor","承攬商與人員資格","工地負責人到場","85","73","70","3","1","1","0","0.9589","17","低"
"2025-08","台中","contractor","承攬商與人員資格","安衛人員到場","85","77","74","3","0","1","0","0.961","9","低"
"2025-08","台中","contractor","承攬商與人員資格","特殊作業主管資格符合","85","71","69","2","0","1","0","0.9718","7","低"
"2025-08","台中","hazardNotice","危害告知","承攬商已知悉注意事項","85","74","72","2","0","1","0","0.973","7","低"
"2025-08","台中","hazardNotice","危害告知","施工人員完成危害告知","85","80","77","3","0","1","0","0.9625","9","低"
"2025-08","台中","hazardNotice","危害告知","勤前教育紀錄完整","85","71","69","2","0","0","0","0.9718","4","低"
"2025-08","台中","hazardNotice","危害告知","緊急聯絡資訊明確","85","82","79","3","0","1","0","0.9634","9","低"
"2025-08","台中","isolation","環境安全隔離","設備管線已釋壓清洗","85","86","83","3","1","1","0","0.9651","17","低"
"2025-08","台中","isolation","環境安全隔離","進出口已關斷/盲封/掛牌","85","70","67","3","1","1","0","0.9571","17","低"
"2025-08","台中","isolation","環境安全隔離","電源隔離加鎖掛牌","85","86","82","4","1","1","0","0.9535","19","中"
"2025-08","台中","isolation","環境安全隔離","暗溝陰井已堵塞密封","85","86","83","3","1","1","0","0.9651","17","低"
"2025-08","台中","gas","氣體偵測","可燃性氣體低於20%LEL","85","70","67","3","1","1","0","0.9571","17","低"
"2025-08","台中","gas","氣體偵測","氧氣濃度符合標準","85","71","68","3","1","1","0","0.9577","17","低"
"2025-08","台中","gas","氣體偵測","有害氣體低於容許濃度","85","82","79","3","1","1","0","0.9634","17","低"
"2025-08","台中","gas","氣體偵測","上下午或連續測定紀錄完整","85","74","71","3","1","1","0","0.9595","17","低"
"2025-08","台中","fireExplosion","消防與防爆設備","20型滅火器配置足夠","85","74","71","3","1","1","0","0.9595","17","低"
"2025-08","台中","fireExplosion","消防與防爆設備","防爆電氣設備符合","85","76","73","3","1","1","0","0.9605","17","低"
"2025-08","台中","fireExplosion","消防與防爆設備","安全工具使用正確","85","82","78","4","1","2","1","0.9512","27","中"
"2025-08","台中","fireExplosion","消防與防爆設備","消防水帶或防火措施到位","85","78","75","3","1","1","0","0.9615","17","低"
"2025-08","台中","ppeHeight","PPE與高處防墜","個人防護具穿戴正確","85","72","69","3","1","1","0","0.9583","17","低"
"2025-08","台中","ppeHeight","PPE與高處防墜","安全帶/安全母索使用","85","71","68","3","1","1","0","0.9577","17","低"
"2025-08","台中","ppeHeight","PPE與高處防墜","施工架檢點合格","85","80","76","4","1","2","0","0.95","22","中"
"2025-08","台中","ppeHeight","PPE與高處防墜","安全網或工作平台設置","85","83","79","4","1","1","0","0.9518","19","中"
"2025-08","台中","patrol","巡查會簽","轄區檢點簽認","85","81","79","2","0","1","0","0.9753","7","低"
"2025-08","台中","patrol","巡查會簽","監造巡查簽認","85","83","80","3","1","1","0","0.9639","17","低"
"2025-08","台中","patrol","巡查會簽","安衛人員巡查紀錄","85","77","74","3","0","1","0","0.961","9","低"
"2025-08","台中","patrol","巡查會簽","異常已即時通知","85","80","78","2","0","1","0","0.975","7","低"
"2025-08","台中","closeout","收工回簽與現場紀錄","環境整理完成","85","71","68","3","1","1","0","0.9577","17","低"
"2025-08","台中","closeout","收工回簽與現場紀錄","施工前後照片完整","85","79","76","3","1","1","0","0.962","17","低"
"2025-08","台中","closeout","收工回簽與現場紀錄","氣體偵測照片上傳","85","70","67","3","0","1","0","0.9571","9","低"
"2025-08","台中","closeout","收工回簽與現場紀錄","改善事項結案佐證完整","85","77","75","2","0","1","0","0.974","7","低"
"2025-09","台中","permit","許可基本資料","工作內容與地點完整","79","67","65","2","0","1","0","0.9701","7","低"
"2025-09","台中","permit","許可基本資料","作業分級正確","79","72","70","2","0","1","0","0.9722","7","低"
"2025-09","台中","permit","許可基本資料","核准工作時間明確","79","76","74","2","0","1","0","0.9737","7","低"
"2025-09","台中","permit","許可基本資料","回簽資料完整","79","78","76","2","0","1","0","0.9744","7","低"
"2025-09","台中","workType","作業分級與工作項目","動火/非動火判定正確","79","76","74","2","0","1","0","0.9737","7","低"
"2025-09","台中","workType","作業分級與工作項目","A/B/C級作業判定正確","79","72","70","2","0","1","0","0.9722","7","低"
"2025-09","台中","workType","作業分級與工作項目","附加檢點表適用","79","75","72","3","0","1","0","0.96","9","低"
"2025-09","台中","workType","作業分級與工作項目","延時工作經核准","79","68","66","2","0","1","0","0.9706","7","低"
"2025-09","台中","contractor","承攬商與人員資格","施工人員名冊完整","79","73","71","2","0","0","0","0.9726","4","低"
"2025-09","台中","contractor","承攬商與人員資格","工地負責人到場","79","74","71","3","0","1","0","0.9595","9","低"
"2025-09","台中","contractor","承攬商與人員資格","安衛人員到場","79","68","66","2","0","1","0","0.9706","7","低"
"2025-09","台中","contractor","承攬商與人員資格","特殊作業主管資格符合","79","67","65","2","0","1","0","0.9701","7","低"
"2025-09","台中","hazardNotice","危害告知","承攬商已知悉注意事項","79","68","66","2","0","1","0","0.9706","7","低"
"2025-09","台中","hazardNotice","危害告知","施工人員完成危害告知","79","71","69","2","0","1","0","0.9718","7","低"
"2025-09","台中","hazardNotice","危害告知","勤前教育紀錄完整","79","76","74","2","0","1","0","0.9737","7","低"
"2025-09","台中","hazardNotice","危害告知","緊急聯絡資訊明確","79","65","63","2","0","0","0","0.9692","4","低"
"2025-09","台中","isolation","環境安全隔離","設備管線已釋壓清洗","79","78","75","3","1","1","0","0.9615","17","低"
"2025-09","台中","isolation","環境安全隔離","進出口已關斷/盲封/掛牌","79","71","69","2","1","1","0","0.9718","15","低"
"2025-09","台中","isolation","環境安全隔離","電源隔離加鎖掛牌","79","72","69","3","1","1","0","0.9583","17","低"
"2025-09","台中","isolation","環境安全隔離","暗溝陰井已堵塞密封","79","79","75","4","1","2","1","0.9494","27","中"
"2025-09","台中","gas","氣體偵測","可燃性氣體低於20%LEL","79","76","73","3","1","1","0","0.9605","17","低"
"2025-09","台中","gas","氣體偵測","氧氣濃度符合標準","79","73","70","3","1","1","0","0.9589","17","低"
"2025-09","台中","gas","氣體偵測","有害氣體低於容許濃度","79","66","63","3","1","1","0","0.9545","17","低"
"2025-09","台中","gas","氣體偵測","上下午或連續測定紀錄完整","79","67","64","3","1","1","0","0.9552","17","低"
"2025-09","台中","fireExplosion","消防與防爆設備","20型滅火器配置足夠","79","71","67","4","1","1","0","0.9437","19","中"
"2025-09","台中","fireExplosion","消防與防爆設備","防爆電氣設備符合","79","67","64","3","1","1","0","0.9552","17","低"
"2025-09","台中","fireExplosion","消防與防爆設備","安全工具使用正確","79","78","74","4","1","1","0","0.9487","19","中"
"2025-09","台中","fireExplosion","消防與防爆設備","消防水帶或防火措施到位","79","68","65","3","1","1","0","0.9559","17","低"
"2025-09","台中","ppeHeight","PPE與高處防墜","個人防護具穿戴正確","79","67","64","3","1","1","0","0.9552","17","低"
"2025-09","台中","ppeHeight","PPE與高處防墜","安全帶/安全母索使用","79","75","72","3","1","1","0","0.96","17","低"
"2025-09","台中","ppeHeight","PPE與高處防墜","施工架檢點合格","79","69","67","2","1","1","0","0.971","15","低"
"2025-09","台中","ppeHeight","PPE與高處防墜","安全網或工作平台設置","79","79","75","4","1","2","0","0.9494","22","中"
"2025-09","台中","patrol","巡查會簽","轄區檢點簽認","79","77","74","3","0","1","0","0.961","9","低"
"2025-09","台中","patrol","巡查會簽","監造巡查簽認","79","67","65","2","0","1","0","0.9701","7","低"
"2025-09","台中","patrol","巡查會簽","安衛人員巡查紀錄","79","65","63","2","0","0","0","0.9692","4","低"
"2025-09","台中","patrol","巡查會簽","異常已即時通知","79","71","68","3","0","1","0","0.9577","9","低"
"2025-09","台中","closeout","收工回簽與現場紀錄","環境整理完成","79","77","74","3","0","1","0","0.961","9","低"
"2025-09","台中","closeout","收工回簽與現場紀錄","施工前後照片完整","79","74","72","2","0","1","0","0.973","7","低"
"2025-09","台中","closeout","收工回簽與現場紀錄","氣體偵測照片上傳","79","77","74","3","1","1","0","0.961","17","低"
"2025-09","台中","closeout","收工回簽與現場紀錄","改善事項結案佐證完整","79","66","64","2","0","1","0","0.9697","7","低"
"2025-10","台中","permit","許可基本資料","工作內容與地點完整","84","78","76","2","0","1","0","0.9744","7","低"
"2025-10","台中","permit","許可基本資料","作業分級正確","84","70","68","2","0","1","0","0.9714","7","低"
"2025-10","台中","permit","許可基本資料","核准工作時間明確","84","85","82","3","0","1","0","0.9647","9","低"
"2025-10","台中","permit","許可基本資料","回簽資料完整","84","74","72","2","0","0","0","0.973","4","低"
"2025-10","台中","workType","作業分級與工作項目","動火/非動火判定正確","84","75","73","2","0","1","0","0.9733","7","低"
"2025-10","台中","workType","作業分級與工作項目","A/B/C級作業判定正確","84","84","82","2","0","0","0","0.9762","4","低"
"2025-10","台中","workType","作業分級與工作項目","附加檢點表適用","84","77","74","3","0","1","0","0.961","9","低"
"2025-10","台中","workType","作業分級與工作項目","延時工作經核准","84","70","68","2","0","1","0","0.9714","7","低"
"2025-10","台中","contractor","承攬商與人員資格","施工人員名冊完整","84","76","73","3","0","1","0","0.9605","9","低"
"2025-10","台中","contractor","承攬商與人員資格","工地負責人到場","84","72","69","3","0","1","0","0.9583","9","低"
"2025-10","台中","contractor","承攬商與人員資格","安衛人員到場","84","70","67","3","0","1","0","0.9571","9","低"
"2025-10","台中","contractor","承攬商與人員資格","特殊作業主管資格符合","84","70","68","2","0","1","0","0.9714","7","低"
"2025-10","台中","hazardNotice","危害告知","承攬商已知悉注意事項","84","71","69","2","0","1","0","0.9718","7","低"
"2025-10","台中","hazardNotice","危害告知","施工人員完成危害告知","84","70","68","2","0","1","0","0.9714","7","低"
"2025-10","台中","hazardNotice","危害告知","勤前教育紀錄完整","84","81","79","2","0","1","0","0.9753","7","低"
"2025-10","台中","hazardNotice","危害告知","緊急聯絡資訊明確","84","71","69","2","0","1","0","0.9718","7","低"
"2025-10","台中","isolation","環境安全隔離","設備管線已釋壓清洗","84","82","79","3","1","1","0","0.9634","17","低"
"2025-10","台中","isolation","環境安全隔離","進出口已關斷/盲封/掛牌","84","80","76","4","1","2","1","0.95","27","中"
"2025-10","台中","isolation","環境安全隔離","電源隔離加鎖掛牌","84","72","69","3","1","1","0","0.9583","17","低"
"2025-10","台中","isolation","環境安全隔離","暗溝陰井已堵塞密封","84","78","75","3","1","1","0","0.9615","17","低"
"2025-10","台中","gas","氣體偵測","可燃性氣體低於20%LEL","84","71","68","3","1","1","0","0.9577","17","低"
"2025-10","台中","gas","氣體偵測","氧氣濃度符合標準","84","80","77","3","1","1","0","0.9625","17","低"
"2025-10","台中","gas","氣體偵測","有害氣體低於容許濃度","84","73","69","4","1","1","0","0.9452","19","中"
"2025-10","台中","gas","氣體偵測","上下午或連續測定紀錄完整","84","69","66","3","1","1","0","0.9565","17","低"
"2025-10","台中","fireExplosion","消防與防爆設備","20型滅火器配置足夠","84","78","75","3","1","1","0","0.9615","17","低"
"2025-10","台中","fireExplosion","消防與防爆設備","防爆電氣設備符合","84","82","79","3","1","1","0","0.9634","17","低"
"2025-10","台中","fireExplosion","消防與防爆設備","安全工具使用正確","84","82","78","4","1","1","0","0.9512","19","中"
"2025-10","台中","fireExplosion","消防與防爆設備","消防水帶或防火措施到位","84","78","74","4","1","2","1","0.9487","27","中"
"2025-10","台中","ppeHeight","PPE與高處防墜","個人防護具穿戴正確","84","83","80","3","1","1","0","0.9639","17","低"
"2025-10","台中","ppeHeight","PPE與高處防墜","安全帶/安全母索使用","84","71","68","3","1","1","0","0.9577","17","低"
"2025-10","台中","ppeHeight","PPE與高處防墜","施工架檢點合格","84","84","81","3","1","1","0","0.9643","17","低"
"2025-10","台中","ppeHeight","PPE與高處防墜","安全網或工作平台設置","84","76","72","4","1","2","1","0.9474","27","中"
"2025-10","台中","patrol","巡查會簽","轄區檢點簽認","84","83","80","3","0","1","0","0.9639","9","低"
"2025-10","台中","patrol","巡查會簽","監造巡查簽認","84","78","76","2","0","1","0","0.9744","7","低"
"2025-10","台中","patrol","巡查會簽","安衛人員巡查紀錄","84","78","75","3","1","1","0","0.9615","17","低"
"2025-10","台中","patrol","巡查會簽","異常已即時通知","84","71","69","2","0","1","0","0.9718","7","低"
"2025-10","台中","closeout","收工回簽與現場紀錄","環境整理完成","84","72","69","3","0","1","0","0.9583","9","低"
"2025-10","台中","closeout","收工回簽與現場紀錄","施工前後照片完整","84","76","73","3","0","1","0","0.9605","9","低"
"2025-10","台中","closeout","收工回簽與現場紀錄","氣體偵測照片上傳","84","81","78","3","0","1","0","0.963","9","低"
"2025-10","台中","closeout","收工回簽與現場紀錄","改善事項結案佐證完整","84","75","72","3","1","1","0","0.96","17","低"
"2025-11","台中","permit","許可基本資料","工作內容與地點完整","77","69","67","2","0","1","0","0.971","7","低"
"2025-11","台中","permit","許可基本資料","作業分級正確","77","75","73","2","0","0","0","0.9733","4","低"
"2025-11","台中","permit","許可基本資料","核准工作時間明確","77","75","73","2","0","1","0","0.9733","7","低"
"2025-11","台中","permit","許可基本資料","回簽資料完整","77","72","70","2","0","1","0","0.9722","7","低"
"2025-11","台中","workType","作業分級與工作項目","動火/非動火判定正確","77","73","71","2","0","1","0","0.9726","7","低"
"2025-11","台中","workType","作業分級與工作項目","A/B/C級作業判定正確","77","66","64","2","0","1","0","0.9697","7","低"
"2025-11","台中","workType","作業分級與工作項目","附加檢點表適用","77","71","69","2","0","1","0","0.9718","7","低"
"2025-11","台中","workType","作業分級與工作項目","延時工作經核准","77","76","74","2","0","1","0","0.9737","7","低"
"2025-11","台中","contractor","承攬商與人員資格","施工人員名冊完整","77","63","61","2","0","1","0","0.9683","7","低"
"2025-11","台中","contractor","承攬商與人員資格","工地負責人到場","77","78","75","3","0","1","0","0.9615","9","低"
"2025-11","台中","contractor","承攬商與人員資格","安衛人員到場","77","72","70","2","0","1","0","0.9722","7","低"
"2025-11","台中","contractor","承攬商與人員資格","特殊作業主管資格符合","77","77","74","3","0","1","0","0.961","9","低"
"2025-11","台中","hazardNotice","危害告知","承攬商已知悉注意事項","77","75","73","2","0","1","0","0.9733","7","低"
"2025-11","台中","hazardNotice","危害告知","施工人員完成危害告知","77","66","64","2","0","1","0","0.9697","7","低"
"2025-11","台中","hazardNotice","危害告知","勤前教育紀錄完整","77","72","70","2","0","1","0","0.9722","7","低"
"2025-11","台中","hazardNotice","危害告知","緊急聯絡資訊明確","77","63","61","2","0","1","0","0.9683","7","低"
"2025-11","台中","isolation","環境安全隔離","設備管線已釋壓清洗","77","71","68","3","1","1","0","0.9577","17","低"
"2025-11","台中","isolation","環境安全隔離","進出口已關斷/盲封/掛牌","77","73","70","3","1","1","0","0.9589","17","低"
"2025-11","台中","isolation","環境安全隔離","電源隔離加鎖掛牌","77","72","69","3","1","1","0","0.9583","17","低"
"2025-11","台中","isolation","環境安全隔離","暗溝陰井已堵塞密封","77","68","65","3","1","1","0","0.9559","17","低"
"2025-11","台中","gas","氣體偵測","可燃性氣體低於20%LEL","77","74","71","3","1","1","0","0.9595","17","低"
"2025-11","台中","gas","氣體偵測","氧氣濃度符合標準","77","76","72","4","1","1","0","0.9474","19","中"
"2025-11","台中","gas","氣體偵測","有害氣體低於容許濃度","77","67","64","3","1","1","0","0.9552","17","低"
"2025-11","台中","gas","氣體偵測","上下午或連續測定紀錄完整","77","74","70","4","1","1","0","0.9459","19","中"
"2025-11","台中","fireExplosion","消防與防爆設備","20型滅火器配置足夠","77","78","74","4","1","2","0","0.9487","22","中"
"2025-11","台中","fireExplosion","消防與防爆設備","防爆電氣設備符合","77","77","74","3","1","1","0","0.961","17","低"
"2025-11","台中","fireExplosion","消防與防爆設備","安全工具使用正確","77","64","61","3","1","1","0","0.9531","17","低"
"2025-11","台中","fireExplosion","消防與防爆設備","消防水帶或防火措施到位","77","67","64","3","1","1","0","0.9552","17","低"
"2025-11","台中","ppeHeight","PPE與高處防墜","個人防護具穿戴正確","77","67","64","3","1","1","0","0.9552","17","低"
"2025-11","台中","ppeHeight","PPE與高處防墜","安全帶/安全母索使用","77","76","73","3","1","1","0","0.9605","17","低"
"2025-11","台中","ppeHeight","PPE與高處防墜","施工架檢點合格","77","65","62","3","1","1","0","0.9538","17","低"
"2025-11","台中","ppeHeight","PPE與高處防墜","安全網或工作平台設置","77","78","75","3","1","1","0","0.9615","17","低"
"2025-11","台中","patrol","巡查會簽","轄區檢點簽認","77","65","63","2","0","1","0","0.9692","7","低"
"2025-11","台中","patrol","巡查會簽","監造巡查簽認","77","75","72","3","1","1","0","0.96","17","低"
"2025-11","台中","patrol","巡查會簽","安衛人員巡查紀錄","77","72","69","3","1","1","0","0.9583","17","低"
"2025-11","台中","patrol","巡查會簽","異常已即時通知","77","66","64","2","0","1","0","0.9697","7","低"
"2025-11","台中","closeout","收工回簽與現場紀錄","環境整理完成","77","75","72","3","0","1","0","0.96","9","低"
"2025-11","台中","closeout","收工回簽與現場紀錄","施工前後照片完整","77","64","61","3","1","1","0","0.9531","17","低"
"2025-11","台中","closeout","收工回簽與現場紀錄","氣體偵測照片上傳","77","73","71","2","0","1","0","0.9726","7","低"
"2025-11","台中","closeout","收工回簽與現場紀錄","改善事項結案佐證完整","77","67","65","2","0","1","0","0.9701","7","低"
"2025-12","台中","permit","許可基本資料","工作內容與地點完整","82","68","66","2","0","1","0","0.9706","7","低"
"2025-12","台中","permit","許可基本資料","作業分級正確","82","77","75","2","0","0","0","0.974","4","低"
"2025-12","台中","permit","許可基本資料","核准工作時間明確","82","76","74","2","0","1","0","0.9737","7","低"
"2025-12","台中","permit","許可基本資料","回簽資料完整","82","78","76","2","0","1","0","0.9744","7","低"
"2025-12","台中","workType","作業分級與工作項目","動火/非動火判定正確","82","78","75","3","0","1","0","0.9615","9","低"
"2025-12","台中","workType","作業分級與工作項目","A/B/C級作業判定正確","82","74","71","3","0","1","0","0.9595","9","低"
"2025-12","台中","workType","作業分級與工作項目","附加檢點表適用","82","81","78","3","0","1","0","0.963","9","低"
"2025-12","台中","workType","作業分級與工作項目","延時工作經核准","82","80","78","2","0","1","0","0.975","7","低"
"2025-12","台中","contractor","承攬商與人員資格","施工人員名冊完整","82","68","65","3","0","1","0","0.9559","9","低"
"2025-12","台中","contractor","承攬商與人員資格","工地負責人到場","82","78","76","2","0","1","0","0.9744","7","低"
"2025-12","台中","contractor","承攬商與人員資格","安衛人員到場","82","75","72","3","0","1","0","0.96","9","低"
"2025-12","台中","contractor","承攬商與人員資格","特殊作業主管資格符合","82","72","70","2","0","1","0","0.9722","7","低"
"2025-12","台中","hazardNotice","危害告知","承攬商已知悉注意事項","82","74","72","2","0","0","0","0.973","4","低"
"2025-12","台中","hazardNotice","危害告知","施工人員完成危害告知","82","73","71","2","0","1","0","0.9726","7","低"
"2025-12","台中","hazardNotice","危害告知","勤前教育紀錄完整","82","73","71","2","0","1","0","0.9726","7","低"
"2025-12","台中","hazardNotice","危害告知","緊急聯絡資訊明確","82","71","69","2","0","1","0","0.9718","7","低"
"2025-12","台中","isolation","環境安全隔離","設備管線已釋壓清洗","82","76","72","4","1","1","0","0.9474","19","中"
"2025-12","台中","isolation","環境安全隔離","進出口已關斷/盲封/掛牌","82","83","80","3","1","1","0","0.9639","17","低"
"2025-12","台中","isolation","環境安全隔離","電源隔離加鎖掛牌","82","79","76","3","1","1","0","0.962","17","低"
"2025-12","台中","isolation","環境安全隔離","暗溝陰井已堵塞密封","82","78","75","3","1","1","0","0.9615","17","低"
"2025-12","台中","gas","氣體偵測","可燃性氣體低於20%LEL","82","77","73","4","1","2","1","0.9481","27","中"
"2025-12","台中","gas","氣體偵測","氧氣濃度符合標準","82","70","67","3","1","1","0","0.9571","17","低"
"2025-12","台中","gas","氣體偵測","有害氣體低於容許濃度","82","79","76","3","1","1","0","0.962","17","低"
"2025-12","台中","gas","氣體偵測","上下午或連續測定紀錄完整","82","72","69","3","1","1","0","0.9583","17","低"
"2025-12","台中","fireExplosion","消防與防爆設備","20型滅火器配置足夠","82","69","65","4","1","1","0","0.942","19","中"
"2025-12","台中","fireExplosion","消防與防爆設備","防爆電氣設備符合","82","71","68","3","1","1","0","0.9577","17","低"
"2025-12","台中","fireExplosion","消防與防爆設備","安全工具使用正確","82","76","72","4","1","2","1","0.9474","27","中"
"2025-12","台中","fireExplosion","消防與防爆設備","消防水帶或防火措施到位","82","69","67","2","1","1","0","0.971","15","低"
"2025-12","台中","ppeHeight","PPE與高處防墜","個人防護具穿戴正確","82","68","66","2","1","1","0","0.9706","15","低"
"2025-12","台中","ppeHeight","PPE與高處防墜","安全帶/安全母索使用","82","82","79","3","1","1","0","0.9634","17","低"
"2025-12","台中","ppeHeight","PPE與高處防墜","施工架檢點合格","82","78","75","3","1","1","0","0.9615","17","低"
"2025-12","台中","ppeHeight","PPE與高處防墜","安全網或工作平台設置","82","73","70","3","1","1","0","0.9589","17","低"
"2025-12","台中","patrol","巡查會簽","轄區檢點簽認","82","76","73","3","0","1","0","0.9605","9","低"
"2025-12","台中","patrol","巡查會簽","監造巡查簽認","82","83","81","2","0","1","0","0.9759","7","低"
"2025-12","台中","patrol","巡查會簽","安衛人員巡查紀錄","82","73","71","2","0","1","0","0.9726","7","低"
"2025-12","台中","patrol","巡查會簽","異常已即時通知","82","82","79","3","1","1","0","0.9634","17","低"
"2025-12","台中","closeout","收工回簽與現場紀錄","環境整理完成","82","81","78","3","0","1","0","0.963","9","低"
"2025-12","台中","closeout","收工回簽與現場紀錄","施工前後照片完整","82","75","72","3","1","1","0","0.96","17","低"
"2025-12","台中","closeout","收工回簽與現場紀錄","氣體偵測照片上傳","82","77","74","3","0","1","0","0.961","9","低"
"2025-12","台中","closeout","收工回簽與現場紀錄","改善事項結案佐證完整","82","72","69","3","0","1","0","0.9583","9","低"
"2026-01","台中","permit","許可基本資料","工作內容與地點完整","89","82","80","2","0","1","0","0.9756","7","低"
"2026-01","台中","permit","許可基本資料","作業分級正確","89","76","74","2","0","1","0","0.9737","7","低"
"2026-01","台中","permit","許可基本資料","核准工作時間明確","89","91","89","2","0","1","0","0.978","7","低"
"2026-01","台中","permit","許可基本資料","回簽資料完整","89","76","74","2","0","1","0","0.9737","7","低"
"2026-01","台中","workType","作業分級與工作項目","動火/非動火判定正確","89","89","86","3","0","1","0","0.9663","9","低"
"2026-01","台中","workType","作業分級與工作項目","A/B/C級作業判定正確","89","79","77","2","0","1","0","0.9747","7","低"
"2026-01","台中","workType","作業分級與工作項目","附加檢點表適用","89","85","82","3","0","1","0","0.9647","9","低"
"2026-01","台中","workType","作業分級與工作項目","延時工作經核准","89","78","76","2","0","1","0","0.9744","7","低"
"2026-01","台中","contractor","承攬商與人員資格","施工人員名冊完整","89","81","78","3","0","1","0","0.963","9","低"
"2026-01","台中","contractor","承攬商與人員資格","工地負責人到場","89","90","87","3","1","1","0","0.9667","17","低"
"2026-01","台中","contractor","承攬商與人員資格","安衛人員到場","89","79","76","3","0","1","0","0.962","9","低"
"2026-01","台中","contractor","承攬商與人員資格","特殊作業主管資格符合","89","86","83","3","0","1","0","0.9651","9","低"
"2026-01","台中","hazardNotice","危害告知","承攬商已知悉注意事項","89","87","85","2","0","1","0","0.977","7","低"
"2026-01","台中","hazardNotice","危害告知","施工人員完成危害告知","89","79","77","2","0","1","0","0.9747","7","低"
"2026-01","台中","hazardNotice","危害告知","勤前教育紀錄完整","89","80","78","2","0","1","0","0.975","7","低"
"2026-01","台中","hazardNotice","危害告知","緊急聯絡資訊明確","89","76","74","2","0","1","0","0.9737","7","低"
"2026-01","台中","isolation","環境安全隔離","設備管線已釋壓清洗","89","79","76","3","1","1","0","0.962","17","低"
"2026-01","台中","isolation","環境安全隔離","進出口已關斷/盲封/掛牌","89","89","85","4","1","1","0","0.9551","19","中"
"2026-01","台中","isolation","環境安全隔離","電源隔離加鎖掛牌","89","82","79","3","1","1","0","0.9634","17","低"
"2026-01","台中","isolation","環境安全隔離","暗溝陰井已堵塞密封","89","77","74","3","1","1","0","0.961","17","低"
"2026-01","台中","gas","氣體偵測","可燃性氣體低於20%LEL","89","77","74","3","1","1","0","0.961","17","低"
"2026-01","台中","gas","氣體偵測","氧氣濃度符合標準","89","91","87","4","1","2","1","0.956","27","中"
"2026-01","台中","gas","氣體偵測","有害氣體低於容許濃度","89","88","84","4","1","1","0","0.9545","19","中"
"2026-01","台中","gas","氣體偵測","上下午或連續測定紀錄完整","89","89","86","3","1","1","0","0.9663","17","低"
"2026-01","台中","fireExplosion","消防與防爆設備","20型滅火器配置足夠","89","73","70","3","1","1","0","0.9589","17","低"
"2026-01","台中","fireExplosion","消防與防爆設備","防爆電氣設備符合","89","77","73","4","1","1","0","0.9481","19","中"
"2026-01","台中","fireExplosion","消防與防爆設備","安全工具使用正確","89","77","74","3","1","1","0","0.961","17","低"
"2026-01","台中","fireExplosion","消防與防爆設備","消防水帶或防火措施到位","89","74","71","3","1","1","0","0.9595","17","低"
"2026-01","台中","ppeHeight","PPE與高處防墜","個人防護具穿戴正確","89","85","82","3","1","1","0","0.9647","17","低"
"2026-01","台中","ppeHeight","PPE與高處防墜","安全帶/安全母索使用","89","75","72","3","1","1","0","0.96","17","低"
"2026-01","台中","ppeHeight","PPE與高處防墜","施工架檢點合格","89","83","79","4","1","1","0","0.9518","19","中"
"2026-01","台中","ppeHeight","PPE與高處防墜","安全網或工作平台設置","89","91","87","4","1","1","0","0.956","19","中"
"2026-01","台中","patrol","巡查會簽","轄區檢點簽認","89","82","80","2","0","1","0","0.9756","7","低"
"2026-01","台中","patrol","巡查會簽","監造巡查簽認","89","76","73","3","0","1","0","0.9605","9","低"
"2026-01","台中","patrol","巡查會簽","安衛人員巡查紀錄","89","83","80","3","0","1","0","0.9639","9","低"
"2026-01","台中","patrol","巡查會簽","異常已即時通知","89","84","81","3","0","1","0","0.9643","9","低"
"2026-01","台中","closeout","收工回簽與現場紀錄","環境整理完成","89","82","79","3","1","1","0","0.9634","17","低"
"2026-01","台中","closeout","收工回簽與現場紀錄","施工前後照片完整","89","81","78","3","1","1","0","0.963","17","低"
"2026-01","台中","closeout","收工回簽與現場紀錄","氣體偵測照片上傳","89","81","78","3","0","1","0","0.963","9","低"
"2026-01","台中","closeout","收工回簽與現場紀錄","改善事項結案佐證完整","89","79","76","3","0","1","0","0.962","9","低"
"2026-02","台中","permit","許可基本資料","工作內容與地點完整","92","84","82","2","0","1","0","0.9762","7","低"
"2026-02","台中","permit","許可基本資料","作業分級正確","92","84","82","2","0","1","0","0.9762","7","低"
"2026-02","台中","permit","許可基本資料","核准工作時間明確","92","81","79","2","0","1","0","0.9753","7","低"
"2026-02","台中","permit","許可基本資料","回簽資料完整","92","91","89","2","0","1","0","0.978","7","低"
"2026-02","台中","workType","作業分級與工作項目","動火/非動火判定正確","92","80","77","3","1","1","0","0.9625","17","低"
"2026-02","台中","workType","作業分級與工作項目","A/B/C級作業判定正確","92","77","75","2","0","1","0","0.974","7","低"
"2026-02","台中","workType","作業分級與工作項目","附加檢點表適用","92","81","79","2","0","1","0","0.9753","7","低"
"2026-02","台中","workType","作業分級與工作項目","延時工作經核准","92","89","87","2","0","1","0","0.9775","7","低"
"2026-02","台中","contractor","承攬商與人員資格","施工人員名冊完整","92","80","77","3","0","1","0","0.9625","9","低"
"2026-02","台中","contractor","承攬商與人員資格","工地負責人到場","92","93","90","3","1","1","0","0.9677","17","低"
"2026-02","台中","contractor","承攬商與人員資格","安衛人員到場","92","79","77","2","0","1","0","0.9747","7","低"
"2026-02","台中","contractor","承攬商與人員資格","特殊作業主管資格符合","92","93","90","3","0","1","0","0.9677","9","低"
"2026-02","台中","hazardNotice","危害告知","承攬商已知悉注意事項","92","89","86","3","0","1","0","0.9663","9","低"
"2026-02","台中","hazardNotice","危害告知","施工人員完成危害告知","92","81","78","3","0","1","0","0.963","9","低"
"2026-02","台中","hazardNotice","危害告知","勤前教育紀錄完整","92","88","86","2","0","1","0","0.9773","7","低"
"2026-02","台中","hazardNotice","危害告知","緊急聯絡資訊明確","92","87","85","2","0","1","0","0.977","7","低"
"2026-02","台中","isolation","環境安全隔離","設備管線已釋壓清洗","92","83","79","4","1","1","0","0.9518","19","中"
"2026-02","台中","isolation","環境安全隔離","進出口已關斷/盲封/掛牌","92","84","80","4","1","1","0","0.9524","19","中"
"2026-02","台中","isolation","環境安全隔離","電源隔離加鎖掛牌","92","85","81","4","1","1","0","0.9529","19","中"
"2026-02","台中","isolation","環境安全隔離","暗溝陰井已堵塞密封","92","81","78","3","1","1","0","0.963","17","低"
"2026-02","台中","gas","氣體偵測","可燃性氣體低於20%LEL","92","80","76","4","1","2","1","0.95","27","中"
"2026-02","台中","gas","氣體偵測","氧氣濃度符合標準","92","78","75","3","1","1","0","0.9615","17","低"
"2026-02","台中","gas","氣體偵測","有害氣體低於容許濃度","92","81","78","3","1","1","0","0.963","17","低"
"2026-02","台中","gas","氣體偵測","上下午或連續測定紀錄完整","92","86","83","3","1","1","0","0.9651","17","低"
"2026-02","台中","fireExplosion","消防與防爆設備","20型滅火器配置足夠","92","81","77","4","1","1","0","0.9506","19","中"
"2026-02","台中","fireExplosion","消防與防爆設備","防爆電氣設備符合","92","80","77","3","1","1","0","0.9625","17","低"
"2026-02","台中","fireExplosion","消防與防爆設備","安全工具使用正確","92","77","73","4","1","1","0","0.9481","19","中"
"2026-02","台中","fireExplosion","消防與防爆設備","消防水帶或防火措施到位","92","87","84","3","1","1","0","0.9655","17","低"
"2026-02","台中","ppeHeight","PPE與高處防墜","個人防護具穿戴正確","92","79","76","3","1","1","0","0.962","17","低"
"2026-02","台中","ppeHeight","PPE與高處防墜","安全帶/安全母索使用","92","85","81","4","1","1","0","0.9529","19","中"
"2026-02","台中","ppeHeight","PPE與高處防墜","施工架檢點合格","92","88","84","4","1","1","0","0.9545","19","中"
"2026-02","台中","ppeHeight","PPE與高處防墜","安全網或工作平台設置","92","86","83","3","1","1","0","0.9651","17","低"
"2026-02","台中","patrol","巡查會簽","轄區檢點簽認","92","81","78","3","0","1","0","0.963","9","低"
"2026-02","台中","patrol","巡查會簽","監造巡查簽認","92","82","80","2","0","1","0","0.9756","7","低"
"2026-02","台中","patrol","巡查會簽","安衛人員巡查紀錄","92","85","82","3","0","1","0","0.9647","9","低"
"2026-02","台中","patrol","巡查會簽","異常已即時通知","92","91","88","3","0","1","0","0.967","9","低"
"2026-02","台中","closeout","收工回簽與現場紀錄","環境整理完成","92","84","80","4","1","2","1","0.9524","27","中"
"2026-02","台中","closeout","收工回簽與現場紀錄","施工前後照片完整","92","76","73","3","0","1","0","0.9605","9","低"
"2026-02","台中","closeout","收工回簽與現場紀錄","氣體偵測照片上傳","92","86","83","3","0","1","0","0.9651","9","低"
"2026-02","台中","closeout","收工回簽與現場紀錄","改善事項結案佐證完整","92","78","75","3","0","1","0","0.9615","9","低"
"2026-03","台中","permit","許可基本資料","工作內容與地點完整","93","87","85","2","0","1","0","0.977","7","低"
"2026-03","台中","permit","許可基本資料","作業分級正確","93","81","79","2","0","1","0","0.9753","7","低"
"2026-03","台中","permit","許可基本資料","核准工作時間明確","93","82","80","2","0","1","0","0.9756","7","低"
"2026-03","台中","permit","許可基本資料","回簽資料完整","93","90","87","3","1","1","0","0.9667","17","低"
"2026-03","台中","workType","作業分級與工作項目","動火/非動火判定正確","93","93","90","3","1","1","0","0.9677","17","低"
"2026-03","台中","workType","作業分級與工作項目","A/B/C級作業判定正確","93","80","78","2","0","1","0","0.975","7","低"
"2026-03","台中","workType","作業分級與工作項目","附加檢點表適用","93","89","86","3","0","1","0","0.9663","9","低"
"2026-03","台中","workType","作業分級與工作項目","延時工作經核准","93","83","81","2","0","1","0","0.9759","7","低"
"2026-03","台中","contractor","承攬商與人員資格","施工人員名冊完整","93","82","79","3","0","1","0","0.9634","9","低"
"2026-03","台中","contractor","承攬商與人員資格","工地負責人到場","93","78","76","2","0","0","0","0.9744","4","低"
"2026-03","台中","contractor","承攬商與人員資格","安衛人員到場","93","81","78","3","0","1","0","0.963","9","低"
"2026-03","台中","contractor","承攬商與人員資格","特殊作業主管資格符合","93","92","88","4","1","1","0","0.9565","19","中"
"2026-03","台中","hazardNotice","危害告知","承攬商已知悉注意事項","93","93","91","2","0","1","0","0.9785","7","低"
"2026-03","台中","hazardNotice","危害告知","施工人員完成危害告知","93","91","88","3","0","1","0","0.967","9","低"
"2026-03","台中","hazardNotice","危害告知","勤前教育紀錄完整","93","85","83","2","0","1","0","0.9765","7","低"
"2026-03","台中","hazardNotice","危害告知","緊急聯絡資訊明確","93","81","79","2","0","1","0","0.9753","7","低"
"2026-03","台中","isolation","環境安全隔離","設備管線已釋壓清洗","93","76","73","3","1","1","0","0.9605","17","低"
"2026-03","台中","isolation","環境安全隔離","進出口已關斷/盲封/掛牌","93","82","78","4","1","2","1","0.9512","27","中"
"2026-03","台中","isolation","環境安全隔離","電源隔離加鎖掛牌","93","80","77","3","1","1","0","0.9625","17","低"
"2026-03","台中","isolation","環境安全隔離","暗溝陰井已堵塞密封","93","93","89","4","1","1","0","0.957","19","中"
"2026-03","台中","gas","氣體偵測","可燃性氣體低於20%LEL","93","89","86","3","1","1","0","0.9663","17","低"
"2026-03","台中","gas","氣體偵測","氧氣濃度符合標準","93","84","80","4","1","2","1","0.9524","27","中"
"2026-03","台中","gas","氣體偵測","有害氣體低於容許濃度","93","88","84","4","1","2","0","0.9545","22","中"
"2026-03","台中","gas","氣體偵測","上下午或連續測定紀錄完整","93","85","81","4","1","1","0","0.9529","19","中"
"2026-03","台中","fireExplosion","消防與防爆設備","20型滅火器配置足夠","93","93","89","4","1","2","1","0.957","27","中"
"2026-03","台中","fireExplosion","消防與防爆設備","防爆電氣設備符合","93","85","81","4","1","1","0","0.9529","19","中"
"2026-03","台中","fireExplosion","消防與防爆設備","安全工具使用正確","93","83","80","3","1","1","0","0.9639","17","低"
"2026-03","台中","fireExplosion","消防與防爆設備","消防水帶或防火措施到位","93","88","84","4","1","1","0","0.9545","19","中"
"2026-03","台中","ppeHeight","PPE與高處防墜","個人防護具穿戴正確","93","88","84","4","1","1","0","0.9545","19","中"
"2026-03","台中","ppeHeight","PPE與高處防墜","安全帶/安全母索使用","93","87","84","3","1","1","0","0.9655","17","低"
"2026-03","台中","ppeHeight","PPE與高處防墜","施工架檢點合格","93","85","81","4","1","1","0","0.9529","19","中"
"2026-03","台中","ppeHeight","PPE與高處防墜","安全網或工作平台設置","93","84","81","3","1","1","0","0.9643","17","低"
"2026-03","台中","patrol","巡查會簽","轄區檢點簽認","93","84","81","3","0","1","0","0.9643","9","低"
"2026-03","台中","patrol","巡查會簽","監造巡查簽認","93","78","75","3","0","1","0","0.9615","9","低"
"2026-03","台中","patrol","巡查會簽","安衛人員巡查紀錄","93","78","76","2","0","1","0","0.9744","7","低"
"2026-03","台中","patrol","巡查會簽","異常已即時通知","93","86","83","3","0","1","0","0.9651","9","低"
"2026-03","台中","closeout","收工回簽與現場紀錄","環境整理完成","93","87","84","3","0","1","0","0.9655","9","低"
"2026-03","台中","closeout","收工回簽與現場紀錄","施工前後照片完整","93","80","77","3","0","1","0","0.9625","9","低"
"2026-03","台中","closeout","收工回簽與現場紀錄","氣體偵測照片上傳","93","80","77","3","0","1","0","0.9625","9","低"
"2026-03","台中","closeout","收工回簽與現場紀錄","改善事項結案佐證完整","93","86","83","3","0","1","0","0.9651","9","低"
"2026-04","台中","permit","許可基本資料","工作內容與地點完整","92","88","86","2","0","1","0","0.9773","7","低"
"2026-04","台中","permit","許可基本資料","作業分級正確","92","84","82","2","0","1","0","0.9762","7","低"
"2026-04","台中","permit","許可基本資料","核准工作時間明確","92","77","75","2","0","1","0","0.974","7","低"
"2026-04","台中","permit","許可基本資料","回簽資料完整","92","88","85","3","0","1","0","0.9659","9","低"
"2026-04","台中","workType","作業分級與工作項目","動火/非動火判定正確","92","94","91","3","1","1","0","0.9681","17","低"
"2026-04","台中","workType","作業分級與工作項目","A/B/C級作業判定正確","92","84","81","3","0","1","0","0.9643","9","低"
"2026-04","台中","workType","作業分級與工作項目","附加檢點表適用","92","92","90","2","0","1","0","0.9783","7","低"
"2026-04","台中","workType","作業分級與工作項目","延時工作經核准","92","81","79","2","0","1","0","0.9753","7","低"
"2026-04","台中","contractor","承攬商與人員資格","施工人員名冊完整","92","84","81","3","0","1","0","0.9643","9","低"
"2026-04","台中","contractor","承攬商與人員資格","工地負責人到場","92","82","79","3","0","1","0","0.9634","9","低"
"2026-04","台中","contractor","承攬商與人員資格","安衛人員到場","92","90","87","3","1","1","0","0.9667","17","低"
"2026-04","台中","contractor","承攬商與人員資格","特殊作業主管資格符合","92","89","86","3","0","1","0","0.9663","9","低"
"2026-04","台中","hazardNotice","危害告知","承攬商已知悉注意事項","92","86","84","2","0","1","0","0.9767","7","低"
"2026-04","台中","hazardNotice","危害告知","施工人員完成危害告知","92","90","88","2","0","1","0","0.9778","7","低"
"2026-04","台中","hazardNotice","危害告知","勤前教育紀錄完整","92","89","87","2","0","1","0","0.9775","7","低"
"2026-04","台中","hazardNotice","危害告知","緊急聯絡資訊明確","92","82","79","3","0","1","0","0.9634","9","低"
"2026-04","台中","isolation","環境安全隔離","設備管線已釋壓清洗","92","91","88","3","1","1","0","0.967","17","低"
"2026-04","台中","isolation","環境安全隔離","進出口已關斷/盲封/掛牌","92","76","73","3","1","1","0","0.9605","17","低"
"2026-04","台中","isolation","環境安全隔離","電源隔離加鎖掛牌","92","89","86","3","1","1","0","0.9663","17","低"
"2026-04","台中","isolation","環境安全隔離","暗溝陰井已堵塞密封","92","89","86","3","1","1","0","0.9663","17","低"
"2026-04","台中","gas","氣體偵測","可燃性氣體低於20%LEL","92","83","79","4","1","1","0","0.9518","19","中"
"2026-04","台中","gas","氣體偵測","氧氣濃度符合標準","92","85","81","4","1","1","0","0.9529","19","中"
"2026-04","台中","gas","氣體偵測","有害氣體低於容許濃度","92","86","83","3","1","1","0","0.9651","17","低"
"2026-04","台中","gas","氣體偵測","上下午或連續測定紀錄完整","92","83","80","3","1","1","0","0.9639","17","低"
"2026-04","台中","fireExplosion","消防與防爆設備","20型滅火器配置足夠","92","81","78","3","1","1","0","0.963","17","低"
"2026-04","台中","fireExplosion","消防與防爆設備","防爆電氣設備符合","92","90","86","4","1","1","0","0.9556","19","中"
"2026-04","台中","fireExplosion","消防與防爆設備","安全工具使用正確","92","82","79","3","1","1","0","0.9634","17","低"
"2026-04","台中","fireExplosion","消防與防爆設備","消防水帶或防火措施到位","92","93","89","4","1","2","0","0.957","22","中"
"2026-04","台中","ppeHeight","PPE與高處防墜","個人防護具穿戴正確","92","83","79","4","1","1","0","0.9518","19","中"
"2026-04","台中","ppeHeight","PPE與高處防墜","安全帶/安全母索使用","92","77","74","3","1","1","0","0.961","17","低"
"2026-04","台中","ppeHeight","PPE與高處防墜","施工架檢點合格","92","94","90","4","1","1","0","0.9574","19","中"
"2026-04","台中","ppeHeight","PPE與高處防墜","安全網或工作平台設置","92","76","73","3","1","1","0","0.9605","17","低"
"2026-04","台中","patrol","巡查會簽","轄區檢點簽認","92","82","80","2","0","1","0","0.9756","7","低"
"2026-04","台中","patrol","巡查會簽","監造巡查簽認","92","90","87","3","1","1","0","0.9667","17","低"
"2026-04","台中","patrol","巡查會簽","安衛人員巡查紀錄","92","89","86","3","0","1","0","0.9663","9","低"
"2026-04","台中","patrol","巡查會簽","異常已即時通知","92","76","74","2","0","1","0","0.9737","7","低"
"2026-04","台中","closeout","收工回簽與現場紀錄","環境整理完成","92","80","77","3","0","1","0","0.9625","9","低"
"2026-04","台中","closeout","收工回簽與現場紀錄","施工前後照片完整","92","79","76","3","1","1","0","0.962","17","低"
"2026-04","台中","closeout","收工回簽與現場紀錄","氣體偵測照片上傳","92","76","73","3","1","1","0","0.9605","17","低"
"2026-04","台中","closeout","收工回簽與現場紀錄","改善事項結案佐證完整","92","87","84","3","1","1","0","0.9655","17","低"
"2026-05","台中","permit","許可基本資料","工作內容與地點完整","90","79","77","2","0","1","0","0.9747","7","低"
"2026-05","台中","permit","許可基本資料","作業分級正確","90","87","84","3","0","1","0","0.9655","9","低"
"2026-05","台中","permit","許可基本資料","核准工作時間明確","90","87","85","2","0","1","0","0.977","7","低"
"2026-05","台中","permit","許可基本資料","回簽資料完整","90","77","75","2","0","1","0","0.974","7","低"
"2026-05","台中","workType","作業分級與工作項目","動火/非動火判定正確","90","80","77","3","0","1","0","0.9625","9","低"
"2026-05","台中","workType","作業分級與工作項目","A/B/C級作業判定正確","90","84","81","3","1","1","0","0.9643","17","低"
"2026-05","台中","workType","作業分級與工作項目","附加檢點表適用","90","80","77","3","0","1","0","0.9625","9","低"
"2026-05","台中","workType","作業分級與工作項目","延時工作經核准","90","85","83","2","0","1","0","0.9765","7","低"
"2026-05","台中","contractor","承攬商與人員資格","施工人員名冊完整","90","74","72","2","0","1","0","0.973","7","低"
"2026-05","台中","contractor","承攬商與人員資格","工地負責人到場","90","80","77","3","0","1","0","0.9625","9","低"
"2026-05","台中","contractor","承攬商與人員資格","安衛人員到場","90","88","85","3","0","1","0","0.9659","9","低"
"2026-05","台中","contractor","承攬商與人員資格","特殊作業主管資格符合","90","79","76","3","0","1","0","0.962","9","低"
"2026-05","台中","hazardNotice","危害告知","承攬商已知悉注意事項","90","91","88","3","0","1","0","0.967","9","低"
"2026-05","台中","hazardNotice","危害告知","施工人員完成危害告知","90","83","81","2","0","1","0","0.9759","7","低"
"2026-05","台中","hazardNotice","危害告知","勤前教育紀錄完整","90","76","74","2","0","1","0","0.9737","7","低"
"2026-05","台中","hazardNotice","危害告知","緊急聯絡資訊明確","90","88","86","2","0","1","0","0.9773","7","低"
"2026-05","台中","isolation","環境安全隔離","設備管線已釋壓清洗","90","83","80","3","1","1","0","0.9639","17","低"
"2026-05","台中","isolation","環境安全隔離","進出口已關斷/盲封/掛牌","90","77","74","3","1","1","0","0.961","17","低"
"2026-05","台中","isolation","環境安全隔離","電源隔離加鎖掛牌","90","80","77","3","1","1","0","0.9625","17","低"
"2026-05","台中","isolation","環境安全隔離","暗溝陰井已堵塞密封","90","75","72","3","1","1","0","0.96","17","低"
"2026-05","台中","gas","氣體偵測","可燃性氣體低於20%LEL","90","78","74","4","1","1","0","0.9487","19","中"
"2026-05","台中","gas","氣體偵測","氧氣濃度符合標準","90","86","82","4","1","1","0","0.9535","19","中"
"2026-05","台中","gas","氣體偵測","有害氣體低於容許濃度","90","83","79","4","1","1","0","0.9518","19","中"
"2026-05","台中","gas","氣體偵測","上下午或連續測定紀錄完整","90","89","86","3","1","1","0","0.9663","17","低"
"2026-05","台中","fireExplosion","消防與防爆設備","20型滅火器配置足夠","90","79","75","4","1","2","1","0.9494","27","中"
"2026-05","台中","fireExplosion","消防與防爆設備","防爆電氣設備符合","90","81","78","3","1","1","0","0.963","17","低"
"2026-05","台中","fireExplosion","消防與防爆設備","安全工具使用正確","90","77","74","3","1","1","0","0.961","17","低"
"2026-05","台中","fireExplosion","消防與防爆設備","消防水帶或防火措施到位","90","88","85","3","1","1","0","0.9659","17","低"
"2026-05","台中","ppeHeight","PPE與高處防墜","個人防護具穿戴正確","90","77","74","3","1","1","0","0.961","17","低"
"2026-05","台中","ppeHeight","PPE與高處防墜","安全帶/安全母索使用","90","80","77","3","1","1","0","0.9625","17","低"
"2026-05","台中","ppeHeight","PPE與高處防墜","施工架檢點合格","90","88","84","4","1","2","0","0.9545","22","中"
"2026-05","台中","ppeHeight","PPE與高處防墜","安全網或工作平台設置","90","86","83","3","1","1","0","0.9651","17","低"
"2026-05","台中","patrol","巡查會簽","轄區檢點簽認","90","77","75","2","0","0","0","0.974","4","低"
"2026-05","台中","patrol","巡查會簽","監造巡查簽認","90","79","76","3","1","1","0","0.962","17","低"
"2026-05","台中","patrol","巡查會簽","安衛人員巡查紀錄","90","82","79","3","0","1","0","0.9634","9","低"
"2026-05","台中","patrol","巡查會簽","異常已即時通知","90","90","87","3","1","1","0","0.9667","17","低"
"2026-05","台中","closeout","收工回簽與現場紀錄","環境整理完成","90","79","76","3","1","1","0","0.962","17","低"
"2026-05","台中","closeout","收工回簽與現場紀錄","施工前後照片完整","90","85","82","3","0","1","0","0.9647","9","低"
"2026-05","台中","closeout","收工回簽與現場紀錄","氣體偵測照片上傳","90","89","87","2","0","1","0","0.9775","7","低"
"2026-05","台中","closeout","收工回簽與現場紀錄","改善事項結案佐證完整","90","77","75","2","0","1","0","0.974","7","低"
"2026-06","台中","permit","許可基本資料","工作內容與地點完整","87","76","74","2","0","1","0","0.9737","7","低"
"2026-06","台中","permit","許可基本資料","作業分級正確","87","72","70","2","0","1","0","0.9722","7","低"
"2026-06","台中","permit","許可基本資料","核准工作時間明確","87","81","79","2","0","1","0","0.9753","7","低"
"2026-06","台中","permit","許可基本資料","回簽資料完整","87","88","86","2","0","1","0","0.9773","7","低"
"2026-06","台中","workType","作業分級與工作項目","動火/非動火判定正確","87","80","78","2","0","1","0","0.975","7","低"
"2026-06","台中","workType","作業分級與工作項目","A/B/C級作業判定正確","87","86","84","2","0","1","0","0.9767","7","低"
"2026-06","台中","workType","作業分級與工作項目","附加檢點表適用","87","81","78","3","1","1","0","0.963","17","低"
"2026-06","台中","workType","作業分級與工作項目","延時工作經核准","87","83","80","3","0","1","0","0.9639","9","低"
"2026-06","台中","contractor","承攬商與人員資格","施工人員名冊完整","87","86","83","3","0","1","0","0.9651","9","低"
"2026-06","台中","contractor","承攬商與人員資格","工地負責人到場","87","79","76","3","1","1","0","0.962","17","低"
"2026-06","台中","contractor","承攬商與人員資格","安衛人員到場","87","82","79","3","0","1","0","0.9634","9","低"
"2026-06","台中","contractor","承攬商與人員資格","特殊作業主管資格符合","87","81","79","2","0","1","0","0.9753","7","低"
"2026-06","台中","hazardNotice","危害告知","承攬商已知悉注意事項","87","76","74","2","0","1","0","0.9737","7","低"
"2026-06","台中","hazardNotice","危害告知","施工人員完成危害告知","87","77","75","2","0","1","0","0.974","7","低"
"2026-06","台中","hazardNotice","危害告知","勤前教育紀錄完整","87","87","85","2","0","0","0","0.977","4","低"
"2026-06","台中","hazardNotice","危害告知","緊急聯絡資訊明確","87","72","70","2","0","1","0","0.9722","7","低"
"2026-06","台中","isolation","環境安全隔離","設備管線已釋壓清洗","87","84","81","3","1","1","0","0.9643","17","低"
"2026-06","台中","isolation","環境安全隔離","進出口已關斷/盲封/掛牌","87","77","74","3","1","1","0","0.961","17","低"
"2026-06","台中","isolation","環境安全隔離","電源隔離加鎖掛牌","87","86","83","3","1","1","0","0.9651","17","低"
"2026-06","台中","isolation","環境安全隔離","暗溝陰井已堵塞密封","87","77","74","3","1","1","0","0.961","17","低"
"2026-06","台中","gas","氣體偵測","可燃性氣體低於20%LEL","87","83","79","4","1","1","0","0.9518","19","中"
"2026-06","台中","gas","氣體偵測","氧氣濃度符合標準","87","72","69","3","1","1","0","0.9583","17","低"
"2026-06","台中","gas","氣體偵測","有害氣體低於容許濃度","87","78","75","3","1","1","0","0.9615","17","低"
"2026-06","台中","gas","氣體偵測","上下午或連續測定紀錄完整","87","81","78","3","1","1","0","0.963","17","低"
"2026-06","台中","fireExplosion","消防與防爆設備","20型滅火器配置足夠","87","79","75","4","1","2","0","0.9494","22","中"
"2026-06","台中","fireExplosion","消防與防爆設備","防爆電氣設備符合","87","73","70","3","1","1","0","0.9589","17","低"
"2026-06","台中","fireExplosion","消防與防爆設備","安全工具使用正確","87","75","72","3","1","1","0","0.96","17","低"
"2026-06","台中","fireExplosion","消防與防爆設備","消防水帶或防火措施到位","87","82","79","3","1","1","0","0.9634","17","低"
"2026-06","台中","ppeHeight","PPE與高處防墜","個人防護具穿戴正確","87","78","75","3","1","1","0","0.9615","17","低"
"2026-06","台中","ppeHeight","PPE與高處防墜","安全帶/安全母索使用","87","73","69","4","1","2","1","0.9452","27","中"
"2026-06","台中","ppeHeight","PPE與高處防墜","施工架檢點合格","87","77","74","3","1","1","0","0.961","17","低"
"2026-06","台中","ppeHeight","PPE與高處防墜","安全網或工作平台設置","87","86","82","4","1","1","0","0.9535","19","中"
"2026-06","台中","patrol","巡查會簽","轄區檢點簽認","87","87","84","3","0","1","0","0.9655","9","低"
"2026-06","台中","patrol","巡查會簽","監造巡查簽認","87","77","75","2","0","1","0","0.974","7","低"
"2026-06","台中","patrol","巡查會簽","安衛人員巡查紀錄","87","86","84","2","0","1","0","0.9767","7","低"
"2026-06","台中","patrol","巡查會簽","異常已即時通知","87","77","74","3","0","1","0","0.961","9","低"
"2026-06","台中","closeout","收工回簽與現場紀錄","環境整理完成","87","88","84","4","0","1","0","0.9545","11","低"
"2026-06","台中","closeout","收工回簽與現場紀錄","施工前後照片完整","87","76","73","3","0","1","0","0.9605","9","低"
"2026-06","台中","closeout","收工回簽與現場紀錄","氣體偵測照片上傳","87","72","69","3","0","1","0","0.9583","9","低"
"2026-06","台中","closeout","收工回簽與現場紀錄","改善事項結案佐證完整","87","74","72","2","0","1","0","0.973","7","低"
"2026-07","台中","permit","許可基本資料","工作內容與地點完整","84","72","70","2","0","1","0","0.9722","7","低"
"2026-07","台中","permit","許可基本資料","作業分級正確","84","72","71","1","0","0","0","0.9861","2","低"
"2026-07","台中","permit","許可基本資料","核准工作時間明確","84","84","82","2","0","1","0","0.9762","7","低"
"2026-07","台中","permit","許可基本資料","回簽資料完整","84","71","69","2","0","1","0","0.9718","7","低"
"2026-07","台中","workType","作業分級與工作項目","動火/非動火判定正確","84","81","78","3","1","1","0","0.963","17","低"
"2026-07","台中","workType","作業分級與工作項目","A/B/C級作業判定正確","84","72","70","2","0","1","0","0.9722","7","低"
"2026-07","台中","workType","作業分級與工作項目","附加檢點表適用","84","77","75","2","0","1","0","0.974","7","低"
"2026-07","台中","workType","作業分級與工作項目","延時工作經核准","84","76","73","3","0","1","0","0.9605","9","低"
"2026-07","台中","contractor","承攬商與人員資格","施工人員名冊完整","84","84","82","2","0","1","0","0.9762","7","低"
"2026-07","台中","contractor","承攬商與人員資格","工地負責人到場","84","79","76","3","0","1","0","0.962","9","低"
"2026-07","台中","contractor","承攬商與人員資格","安衛人員到場","84","74","72","2","0","0","0","0.973","4","低"
"2026-07","台中","contractor","承攬商與人員資格","特殊作業主管資格符合","84","85","82","3","0","1","0","0.9647","9","低"
"2026-07","台中","hazardNotice","危害告知","承攬商已知悉注意事項","84","84","82","2","0","1","0","0.9762","7","低"
"2026-07","台中","hazardNotice","危害告知","施工人員完成危害告知","84","85","82","3","0","1","0","0.9647","9","低"
"2026-07","台中","hazardNotice","危害告知","勤前教育紀錄完整","84","77","75","2","0","0","0","0.974","4","低"
"2026-07","台中","hazardNotice","危害告知","緊急聯絡資訊明確","84","76","74","2","0","1","0","0.9737","7","低"
"2026-07","台中","isolation","環境安全隔離","設備管線已釋壓清洗","84","84","80","4","1","2","1","0.9524","27","中"
"2026-07","台中","isolation","環境安全隔離","進出口已關斷/盲封/掛牌","84","70","67","3","1","1","0","0.9571","17","低"
"2026-07","台中","isolation","環境安全隔離","電源隔離加鎖掛牌","84","77","74","3","1","1","0","0.961","17","低"
"2026-07","台中","isolation","環境安全隔離","暗溝陰井已堵塞密封","84","70","67","3","1","1","0","0.9571","17","低"
"2026-07","台中","gas","氣體偵測","可燃性氣體低於20%LEL","84","77","73","4","1","2","1","0.9481","27","中"
"2026-07","台中","gas","氣體偵測","氧氣濃度符合標準","84","69","66","3","1","1","0","0.9565","17","低"
"2026-07","台中","gas","氣體偵測","有害氣體低於容許濃度","84","85","81","4","1","2","0","0.9529","22","中"
"2026-07","台中","gas","氣體偵測","上下午或連續測定紀錄完整","84","73","71","2","1","1","0","0.9726","15","低"
"2026-07","台中","fireExplosion","消防與防爆設備","20型滅火器配置足夠","84","69","66","3","1","1","0","0.9565","17","低"
"2026-07","台中","fireExplosion","消防與防爆設備","防爆電氣設備符合","84","77","74","3","1","1","0","0.961","17","低"
"2026-07","台中","fireExplosion","消防與防爆設備","安全工具使用正確","84","86","82","4","1","2","0","0.9535","22","中"
"2026-07","台中","fireExplosion","消防與防爆設備","消防水帶或防火措施到位","84","77","74","3","1","1","0","0.961","17","低"
"2026-07","台中","ppeHeight","PPE與高處防墜","個人防護具穿戴正確","84","72","70","2","1","1","0","0.9722","15","低"
"2026-07","台中","ppeHeight","PPE與高處防墜","安全帶/安全母索使用","84","84","81","3","1","1","0","0.9643","17","低"
"2026-07","台中","ppeHeight","PPE與高處防墜","施工架檢點合格","84","81","78","3","1","1","0","0.963","17","低"
"2026-07","台中","ppeHeight","PPE與高處防墜","安全網或工作平台設置","84","81","77","4","1","1","0","0.9506","19","中"
"2026-07","台中","patrol","巡查會簽","轄區檢點簽認","84","84","82","2","0","1","0","0.9762","7","低"
"2026-07","台中","patrol","巡查會簽","監造巡查簽認","84","85","82","3","0","1","0","0.9647","9","低"
"2026-07","台中","patrol","巡查會簽","安衛人員巡查紀錄","84","82","80","2","0","1","0","0.9756","7","低"
"2026-07","台中","patrol","巡查會簽","異常已即時通知","84","74","71","3","0","1","0","0.9595","9","低"
"2026-07","台中","closeout","收工回簽與現場紀錄","環境整理完成","84","83","80","3","0","1","0","0.9639","9","低"
"2026-07","台中","closeout","收工回簽與現場紀錄","施工前後照片完整","84","70","67","3","0","1","0","0.9571","9","低"
"2026-07","台中","closeout","收工回簽與現場紀錄","氣體偵測照片上傳","84","70","68","2","0","0","0","0.9714","4","低"
"2026-07","台中","closeout","收工回簽與現場紀錄","改善事項結案佐證完整","84","83","80","3","0","1","0","0.9639","9","低"
"2026-08","台中","permit","許可基本資料","工作內容與地點完整","81","81","79","2","0","1","0","0.9753","7","低"
"2026-08","台中","permit","許可基本資料","作業分級正確","81","70","68","2","0","0","0","0.9714","4","低"
"2026-08","台中","permit","許可基本資料","核准工作時間明確","81","76","74","2","0","1","0","0.9737","7","低"
"2026-08","台中","permit","許可基本資料","回簽資料完整","81","71","69","2","0","1","0","0.9718","7","低"
"2026-08","台中","workType","作業分級與工作項目","動火/非動火判定正確","81","74","72","2","0","0","0","0.973","4","低"
"2026-08","台中","workType","作業分級與工作項目","A/B/C級作業判定正確","81","67","65","2","0","1","0","0.9701","7","低"
"2026-08","台中","workType","作業分級與工作項目","附加檢點表適用","81","71","69","2","0","1","0","0.9718","7","低"
"2026-08","台中","workType","作業分級與工作項目","延時工作經核准","81","75","73","2","0","1","0","0.9733","7","低"
"2026-08","台中","contractor","承攬商與人員資格","施工人員名冊完整","81","68","66","2","0","1","0","0.9706","7","低"
"2026-08","台中","contractor","承攬商與人員資格","工地負責人到場","81","70","68","2","0","1","0","0.9714","7","低"
"2026-08","台中","contractor","承攬商與人員資格","安衛人員到場","81","81","79","2","0","1","0","0.9753","7","低"
"2026-08","台中","contractor","承攬商與人員資格","特殊作業主管資格符合","81","72","69","3","0","1","0","0.9583","9","低"
"2026-08","台中","hazardNotice","危害告知","承攬商已知悉注意事項","81","81","79","2","0","1","0","0.9753","7","低"
"2026-08","台中","hazardNotice","危害告知","施工人員完成危害告知","81","82","80","2","0","1","0","0.9756","7","低"
"2026-08","台中","hazardNotice","危害告知","勤前教育紀錄完整","81","74","72","2","0","1","0","0.973","7","低"
"2026-08","台中","hazardNotice","危害告知","緊急聯絡資訊明確","81","75","73","2","0","1","0","0.9733","7","低"
"2026-08","台中","isolation","環境安全隔離","設備管線已釋壓清洗","81","75","72","3","1","1","0","0.96","17","低"
"2026-08","台中","isolation","環境安全隔離","進出口已關斷/盲封/掛牌","81","77","73","4","1","2","0","0.9481","22","中"
"2026-08","台中","isolation","環境安全隔離","電源隔離加鎖掛牌","81","82","78","4","1","2","1","0.9512","27","中"
"2026-08","台中","isolation","環境安全隔離","暗溝陰井已堵塞密封","81","75","71","4","1","1","0","0.9467","19","中"
"2026-08","台中","gas","氣體偵測","可燃性氣體低於20%LEL","81","82","79","3","1","1","0","0.9634","17","低"
"2026-08","台中","gas","氣體偵測","氧氣濃度符合標準","81","78","75","3","1","1","0","0.9615","17","低"
"2026-08","台中","gas","氣體偵測","有害氣體低於容許濃度","81","69","66","3","1","1","0","0.9565","17","低"
"2026-08","台中","gas","氣體偵測","上下午或連續測定紀錄完整","81","73","70","3","1","1","0","0.9589","17","低"
"2026-08","台中","fireExplosion","消防與防爆設備","20型滅火器配置足夠","81","77","74","3","1","1","0","0.961","17","低"
"2026-08","台中","fireExplosion","消防與防爆設備","防爆電氣設備符合","81","81","78","3","1","1","0","0.963","17","低"
"2026-08","台中","fireExplosion","消防與防爆設備","安全工具使用正確","81","67","64","3","1","1","0","0.9552","17","低"
"2026-08","台中","fireExplosion","消防與防爆設備","消防水帶或防火措施到位","81","69","66","3","1","1","0","0.9565","17","低"
"2026-08","台中","ppeHeight","PPE與高處防墜","個人防護具穿戴正確","81","76","73","3","1","1","0","0.9605","17","低"
"2026-08","台中","ppeHeight","PPE與高處防墜","安全帶/安全母索使用","81","75","72","3","1","1","0","0.96","17","低"
"2026-08","台中","ppeHeight","PPE與高處防墜","施工架檢點合格","81","69","66","3","1","1","0","0.9565","17","低"
"2026-08","台中","ppeHeight","PPE與高處防墜","安全網或工作平台設置","81","75","72","3","1","1","0","0.96","17","低"
"2026-08","台中","patrol","巡查會簽","轄區檢點簽認","81","79","77","2","0","1","0","0.9747","7","低"
"2026-08","台中","patrol","巡查會簽","監造巡查簽認","81","71","69","2","0","1","0","0.9718","7","低"
"2026-08","台中","patrol","巡查會簽","安衛人員巡查紀錄","81","79","77","2","0","1","0","0.9747","7","低"
"2026-08","台中","patrol","巡查會簽","異常已即時通知","81","71","69","2","0","1","0","0.9718","7","低"
"2026-08","台中","closeout","收工回簽與現場紀錄","環境整理完成","81","73","71","2","0","1","0","0.9726","7","低"
"2026-08","台中","closeout","收工回簽與現場紀錄","施工前後照片完整","81","75","73","2","0","1","0","0.9733","7","低"
"2026-08","台中","closeout","收工回簽與現場紀錄","氣體偵測照片上傳","81","75","72","3","0","1","0","0.96","9","低"
"2026-08","台中","closeout","收工回簽與現場紀錄","改善事項結案佐證完整","81","71","69","2","0","1","0","0.9718","7","低"
"2026-09","台中","permit","許可基本資料","工作內容與地點完整","80","71","69","2","0","1","0","0.9718","7","低"
"2026-09","台中","permit","許可基本資料","作業分級正確","80","71","69","2","0","0","0","0.9718","4","低"
"2026-09","台中","permit","許可基本資料","核准工作時間明確","80","75","73","2","0","1","0","0.9733","7","低"
"2026-09","台中","permit","許可基本資料","回簽資料完整","80","80","78","2","0","1","0","0.975","7","低"
"2026-09","台中","workType","作業分級與工作項目","動火/非動火判定正確","80","81","78","3","0","1","0","0.963","9","低"
"2026-09","台中","workType","作業分級與工作項目","A/B/C級作業判定正確","80","74","72","2","0","0","0","0.973","4","低"
"2026-09","台中","workType","作業分級與工作項目","附加檢點表適用","80","68","66","2","0","1","0","0.9706","7","低"
"2026-09","台中","workType","作業分級與工作項目","延時工作經核准","80","79","77","2","0","1","0","0.9747","7","低"
"2026-09","台中","contractor","承攬商與人員資格","施工人員名冊完整","80","67","65","2","0","1","0","0.9701","7","低"
"2026-09","台中","contractor","承攬商與人員資格","工地負責人到場","80","78","76","2","0","1","0","0.9744","7","低"
"2026-09","台中","contractor","承攬商與人員資格","安衛人員到場","80","68","65","3","0","1","0","0.9559","9","低"
"2026-09","台中","contractor","承攬商與人員資格","特殊作業主管資格符合","80","67","65","2","0","1","0","0.9701","7","低"
"2026-09","台中","hazardNotice","危害告知","承攬商已知悉注意事項","80","67","65","2","0","1","0","0.9701","7","低"
"2026-09","台中","hazardNotice","危害告知","施工人員完成危害告知","80","72","70","2","0","1","0","0.9722","7","低"
"2026-09","台中","hazardNotice","危害告知","勤前教育紀錄完整","80","78","76","2","0","1","0","0.9744","7","低"
"2026-09","台中","hazardNotice","危害告知","緊急聯絡資訊明確","80","81","79","2","0","1","0","0.9753","7","低"
"2026-09","台中","isolation","環境安全隔離","設備管線已釋壓清洗","80","77","74","3","1","1","0","0.961","17","低"
"2026-09","台中","isolation","環境安全隔離","進出口已關斷/盲封/掛牌","80","68","66","2","0","1","0","0.9706","7","低"
"2026-09","台中","isolation","環境安全隔離","電源隔離加鎖掛牌","80","77","73","4","1","2","1","0.9481","27","中"
"2026-09","台中","isolation","環境安全隔離","暗溝陰井已堵塞密封","80","71","68","3","1","1","0","0.9577","17","低"
"2026-09","台中","gas","氣體偵測","可燃性氣體低於20%LEL","80","73","70","3","1","1","0","0.9589","17","低"
"2026-09","台中","gas","氣體偵測","氧氣濃度符合標準","80","74","71","3","1","1","0","0.9595","17","低"
"2026-09","台中","gas","氣體偵測","有害氣體低於容許濃度","80","81","78","3","1","1","0","0.963","17","低"
"2026-09","台中","gas","氣體偵測","上下午或連續測定紀錄完整","80","75","72","3","1","1","0","0.96","17","低"
"2026-09","台中","fireExplosion","消防與防爆設備","20型滅火器配置足夠","80","68","65","3","1","1","0","0.9559","17","低"
"2026-09","台中","fireExplosion","消防與防爆設備","防爆電氣設備符合","80","80","77","3","1","1","0","0.9625","17","低"
"2026-09","台中","fireExplosion","消防與防爆設備","安全工具使用正確","80","71","68","3","1","1","0","0.9577","17","低"
"2026-09","台中","fireExplosion","消防與防爆設備","消防水帶或防火措施到位","80","69","66","3","1","1","0","0.9565","17","低"
"2026-09","台中","ppeHeight","PPE與高處防墜","個人防護具穿戴正確","80","76","73","3","1","1","0","0.9605","17","低"
"2026-09","台中","ppeHeight","PPE與高處防墜","安全帶/安全母索使用","80","79","76","3","1","1","0","0.962","17","低"
"2026-09","台中","ppeHeight","PPE與高處防墜","施工架檢點合格","80","69","67","2","0","1","0","0.971","7","低"
"2026-09","台中","ppeHeight","PPE與高處防墜","安全網或工作平台設置","80","75","72","3","1","1","0","0.96","17","低"
"2026-09","台中","patrol","巡查會簽","轄區檢點簽認","80","68","66","2","0","1","0","0.9706","7","低"
"2026-09","台中","patrol","巡查會簽","監造巡查簽認","80","71","69","2","0","1","0","0.9718","7","低"
"2026-09","台中","patrol","巡查會簽","安衛人員巡查紀錄","80","74","72","2","0","1","0","0.973","7","低"
"2026-09","台中","patrol","巡查會簽","異常已即時通知","80","75","73","2","0","1","0","0.9733","7","低"
"2026-09","台中","closeout","收工回簽與現場紀錄","環境整理完成","80","71","69","2","0","1","0","0.9718","7","低"
"2026-09","台中","closeout","收工回簽與現場紀錄","施工前後照片完整","80","79","76","3","1","1","0","0.962","17","低"
"2026-09","台中","closeout","收工回簽與現場紀錄","氣體偵測照片上傳","80","74","72","2","0","1","0","0.973","7","低"
"2026-09","台中","closeout","收工回簽與現場紀錄","改善事項結案佐證完整","80","73","70","3","1","1","0","0.9589","17","低"
"2026-10","台中","permit","許可基本資料","工作內容與地點完整","81","81","79","2","0","1","0","0.9753","7","低"
"2026-10","台中","permit","許可基本資料","作業分級正確","81","72","71","1","0","0","0","0.9861","2","低"
"2026-10","台中","permit","許可基本資料","核准工作時間明確","81","80","78","2","0","0","0","0.975","4","低"
"2026-10","台中","permit","許可基本資料","回簽資料完整","81","72","70","2","0","1","0","0.9722","7","低"
"2026-10","台中","workType","作業分級與工作項目","動火/非動火判定正確","81","77","75","2","0","1","0","0.974","7","低"
"2026-10","台中","workType","作業分級與工作項目","A/B/C級作業判定正確","81","78","76","2","0","1","0","0.9744","7","低"
"2026-10","台中","workType","作業分級與工作項目","附加檢點表適用","81","82","79","3","0","1","0","0.9634","9","低"
"2026-10","台中","workType","作業分級與工作項目","延時工作經核准","81","75","72","3","1","1","0","0.96","17","低"
"2026-10","台中","contractor","承攬商與人員資格","施工人員名冊完整","81","83","80","3","0","1","0","0.9639","9","低"
"2026-10","台中","contractor","承攬商與人員資格","工地負責人到場","81","67","65","2","0","1","0","0.9701","7","低"
"2026-10","台中","contractor","承攬商與人員資格","安衛人員到場","81","82","79","3","0","1","0","0.9634","9","低"
"2026-10","台中","contractor","承攬商與人員資格","特殊作業主管資格符合","81","81","78","3","0","1","0","0.963","9","低"
"2026-10","台中","hazardNotice","危害告知","承攬商已知悉注意事項","81","75","73","2","0","1","0","0.9733","7","低"
"2026-10","台中","hazardNotice","危害告知","施工人員完成危害告知","81","73","71","2","0","1","0","0.9726","7","低"
"2026-10","台中","hazardNotice","危害告知","勤前教育紀錄完整","81","72","70","2","0","1","0","0.9722","7","低"
"2026-10","台中","hazardNotice","危害告知","緊急聯絡資訊明確","81","73","71","2","0","1","0","0.9726","7","低"
"2026-10","台中","isolation","環境安全隔離","設備管線已釋壓清洗","81","76","72","4","1","1","0","0.9474","19","中"
"2026-10","台中","isolation","環境安全隔離","進出口已關斷/盲封/掛牌","81","69","66","3","1","1","0","0.9565","17","低"
"2026-10","台中","isolation","環境安全隔離","電源隔離加鎖掛牌","81","70","67","3","1","1","0","0.9571","17","低"
"2026-10","台中","isolation","環境安全隔離","暗溝陰井已堵塞密封","81","82","78","4","1","2","1","0.9512","27","中"
"2026-10","台中","gas","氣體偵測","可燃性氣體低於20%LEL","81","78","75","3","1","1","0","0.9615","17","低"
"2026-10","台中","gas","氣體偵測","氧氣濃度符合標準","81","79","76","3","1","1","0","0.962","17","低"
"2026-10","台中","gas","氣體偵測","有害氣體低於容許濃度","81","68","65","3","1","1","0","0.9559","17","低"
"2026-10","台中","gas","氣體偵測","上下午或連續測定紀錄完整","81","80","76","4","1","2","1","0.95","27","中"
"2026-10","台中","fireExplosion","消防與防爆設備","20型滅火器配置足夠","81","80","76","4","1","1","0","0.95","19","中"
"2026-10","台中","fireExplosion","消防與防爆設備","防爆電氣設備符合","81","70","67","3","1","1","0","0.9571","17","低"
"2026-10","台中","fireExplosion","消防與防爆設備","安全工具使用正確","81","77","74","3","1","1","0","0.961","17","低"
"2026-10","台中","fireExplosion","消防與防爆設備","消防水帶或防火措施到位","81","71","68","3","1","1","0","0.9577","17","低"
"2026-10","台中","ppeHeight","PPE與高處防墜","個人防護具穿戴正確","81","76","73","3","1","1","0","0.9605","17","低"
"2026-10","台中","ppeHeight","PPE與高處防墜","安全帶/安全母索使用","81","78","75","3","1","1","0","0.9615","17","低"
"2026-10","台中","ppeHeight","PPE與高處防墜","施工架檢點合格","81","77","74","3","1","1","0","0.961","17","低"
"2026-10","台中","ppeHeight","PPE與高處防墜","安全網或工作平台設置","81","76","73","3","1","1","0","0.9605","17","低"
"2026-10","台中","patrol","巡查會簽","轄區檢點簽認","81","75","73","2","0","1","0","0.9733","7","低"
"2026-10","台中","patrol","巡查會簽","監造巡查簽認","81","69","66","3","0","1","0","0.9565","9","低"
"2026-10","台中","patrol","巡查會簽","安衛人員巡查紀錄","81","71","69","2","0","1","0","0.9718","7","低"
"2026-10","台中","patrol","巡查會簽","異常已即時通知","81","69","67","2","0","0","0","0.971","4","低"
"2026-10","台中","closeout","收工回簽與現場紀錄","環境整理完成","81","75","72","3","1","1","0","0.96","17","低"
"2026-10","台中","closeout","收工回簽與現場紀錄","施工前後照片完整","81","76","73","3","0","1","0","0.9605","9","低"
"2026-10","台中","closeout","收工回簽與現場紀錄","氣體偵測照片上傳","81","78","76","2","0","1","0","0.9744","7","低"
"2026-10","台中","closeout","收工回簽與現場紀錄","改善事項結案佐證完整","81","82","79","3","1","1","0","0.9634","17","低"
"2026-11","台中","permit","許可基本資料","工作內容與地點完整","82","80","78","2","0","1","0","0.975","7","低"
"2026-11","台中","permit","許可基本資料","作業分級正確","82","73","71","2","0","0","0","0.9726","4","低"
"2026-11","台中","permit","許可基本資料","核准工作時間明確","82","68","66","2","0","1","0","0.9706","7","低"
"2026-11","台中","permit","許可基本資料","回簽資料完整","82","83","81","2","0","1","0","0.9759","7","低"
"2026-11","台中","workType","作業分級與工作項目","動火/非動火判定正確","82","80","78","2","0","1","0","0.975","7","低"
"2026-11","台中","workType","作業分級與工作項目","A/B/C級作業判定正確","82","83","81","2","0","1","0","0.9759","7","低"
"2026-11","台中","workType","作業分級與工作項目","附加檢點表適用","82","67","65","2","0","1","0","0.9701","7","低"
"2026-11","台中","workType","作業分級與工作項目","延時工作經核准","82","82","80","2","0","1","0","0.9756","7","低"
"2026-11","台中","contractor","承攬商與人員資格","施工人員名冊完整","82","68","66","2","0","1","0","0.9706","7","低"
"2026-11","台中","contractor","承攬商與人員資格","工地負責人到場","82","77","74","3","0","1","0","0.961","9","低"
"2026-11","台中","contractor","承攬商與人員資格","安衛人員到場","82","69","66","3","0","1","0","0.9565","9","低"
"2026-11","台中","contractor","承攬商與人員資格","特殊作業主管資格符合","82","78","75","3","0","1","0","0.9615","9","低"
"2026-11","台中","hazardNotice","危害告知","承攬商已知悉注意事項","82","78","76","2","0","1","0","0.9744","7","低"
"2026-11","台中","hazardNotice","危害告知","施工人員完成危害告知","82","72","70","2","0","1","0","0.9722","7","低"
"2026-11","台中","hazardNotice","危害告知","勤前教育紀錄完整","82","78","76","2","0","1","0","0.9744","7","低"
"2026-11","台中","hazardNotice","危害告知","緊急聯絡資訊明確","82","79","76","3","0","1","0","0.962","9","低"
"2026-11","台中","isolation","環境安全隔離","設備管線已釋壓清洗","82","82","79","3","1","1","0","0.9634","17","低"
"2026-11","台中","isolation","環境安全隔離","進出口已關斷/盲封/掛牌","82","78","75","3","1","1","0","0.9615","17","低"
"2026-11","台中","isolation","環境安全隔離","電源隔離加鎖掛牌","82","75","72","3","1","1","0","0.96","17","低"
"2026-11","台中","isolation","環境安全隔離","暗溝陰井已堵塞密封","82","68","65","3","1","1","0","0.9559","17","低"
"2026-11","台中","gas","氣體偵測","可燃性氣體低於20%LEL","82","74","71","3","1","1","0","0.9595","17","低"
"2026-11","台中","gas","氣體偵測","氧氣濃度符合標準","82","82","78","4","1","2","0","0.9512","22","中"
"2026-11","台中","gas","氣體偵測","有害氣體低於容許濃度","82","70","67","3","1","1","0","0.9571","17","低"
"2026-11","台中","gas","氣體偵測","上下午或連續測定紀錄完整","82","69","66","3","1","1","0","0.9565","17","低"
"2026-11","台中","fireExplosion","消防與防爆設備","20型滅火器配置足夠","82","81","78","3","1","1","0","0.963","17","低"
"2026-11","台中","fireExplosion","消防與防爆設備","防爆電氣設備符合","82","80","76","4","1","2","1","0.95","27","中"
"2026-11","台中","fireExplosion","消防與防爆設備","安全工具使用正確","82","83","80","3","1","1","0","0.9639","17","低"
"2026-11","台中","fireExplosion","消防與防爆設備","消防水帶或防火措施到位","82","72","69","3","1","1","0","0.9583","17","低"
"2026-11","台中","ppeHeight","PPE與高處防墜","個人防護具穿戴正確","82","80","77","3","1","1","0","0.9625","17","低"
"2026-11","台中","ppeHeight","PPE與高處防墜","安全帶/安全母索使用","82","83","79","4","1","1","0","0.9518","19","中"
"2026-11","台中","ppeHeight","PPE與高處防墜","施工架檢點合格","82","78","75","3","1","1","0","0.9615","17","低"
"2026-11","台中","ppeHeight","PPE與高處防墜","安全網或工作平台設置","82","80","76","4","1","1","0","0.95","19","中"
"2026-11","台中","patrol","巡查會簽","轄區檢點簽認","82","80","78","2","0","1","0","0.975","7","低"
"2026-11","台中","patrol","巡查會簽","監造巡查簽認","82","73","70","3","0","1","0","0.9589","9","低"
"2026-11","台中","patrol","巡查會簽","安衛人員巡查紀錄","82","77","75","2","0","1","0","0.974","7","低"
"2026-11","台中","patrol","巡查會簽","異常已即時通知","82","74","72","2","0","1","0","0.973","7","低"
"2026-11","台中","closeout","收工回簽與現場紀錄","環境整理完成","82","76","73","3","0","1","0","0.9605","9","低"
"2026-11","台中","closeout","收工回簽與現場紀錄","施工前後照片完整","82","67","64","3","0","1","0","0.9552","9","低"
"2026-11","台中","closeout","收工回簽與現場紀錄","氣體偵測照片上傳","82","74","71","3","1","1","0","0.9595","17","低"
"2026-11","台中","closeout","收工回簽與現場紀錄","改善事項結案佐證完整","82","75","73","2","0","1","0","0.9733","7","低"
"2026-12","台中","permit","許可基本資料","工作內容與地點完整","83","70","69","1","0","0","0","0.9857","2","低"
"2026-12","台中","permit","許可基本資料","作業分級正確","83","83","81","2","0","1","0","0.9759","7","低"
"2026-12","台中","permit","許可基本資料","核准工作時間明確","83","84","82","2","0","1","0","0.9762","7","低"
"2026-12","台中","permit","許可基本資料","回簽資料完整","83","68","66","2","0","0","0","0.9706","4","低"
"2026-12","台中","workType","作業分級與工作項目","動火/非動火判定正確","83","71","69","2","0","1","0","0.9718","7","低"
"2026-12","台中","workType","作業分級與工作項目","A/B/C級作業判定正確","83","79","76","3","0","1","0","0.962","9","低"
"2026-12","台中","workType","作業分級與工作項目","附加檢點表適用","83","83","80","3","0","1","0","0.9639","9","低"
"2026-12","台中","workType","作業分級與工作項目","延時工作經核准","83","82","80","2","0","1","0","0.9756","7","低"
"2026-12","台中","contractor","承攬商與人員資格","施工人員名冊完整","83","73","71","2","0","1","0","0.9726","7","低"
"2026-12","台中","contractor","承攬商與人員資格","工地負責人到場","83","81","78","3","0","1","0","0.963","9","低"
"2026-12","台中","contractor","承攬商與人員資格","安衛人員到場","83","69","67","2","0","1","0","0.971","7","低"
"2026-12","台中","contractor","承攬商與人員資格","特殊作業主管資格符合","83","69","66","3","0","1","0","0.9565","9","低"
"2026-12","台中","hazardNotice","危害告知","承攬商已知悉注意事項","83","84","82","2","0","1","0","0.9762","7","低"
"2026-12","台中","hazardNotice","危害告知","施工人員完成危害告知","83","84","82","2","0","1","0","0.9762","7","低"
"2026-12","台中","hazardNotice","危害告知","勤前教育紀錄完整","83","70","68","2","0","1","0","0.9714","7","低"
"2026-12","台中","hazardNotice","危害告知","緊急聯絡資訊明確","83","74","72","2","0","1","0","0.973","7","低"
"2026-12","台中","isolation","環境安全隔離","設備管線已釋壓清洗","83","74","71","3","1","1","0","0.9595","17","低"
"2026-12","台中","isolation","環境安全隔離","進出口已關斷/盲封/掛牌","83","82","79","3","1","1","0","0.9634","17","低"
"2026-12","台中","isolation","環境安全隔離","電源隔離加鎖掛牌","83","73","70","3","1","1","0","0.9589","17","低"
"2026-12","台中","isolation","環境安全隔離","暗溝陰井已堵塞密封","83","81","77","4","1","1","0","0.9506","19","中"
"2026-12","台中","gas","氣體偵測","可燃性氣體低於20%LEL","83","82","78","4","1","1","0","0.9512","19","中"
"2026-12","台中","gas","氣體偵測","氧氣濃度符合標準","83","78","75","3","1","1","0","0.9615","17","低"
"2026-12","台中","gas","氣體偵測","有害氣體低於容許濃度","83","79","75","4","1","2","1","0.9494","27","中"
"2026-12","台中","gas","氣體偵測","上下午或連續測定紀錄完整","83","70","67","3","1","1","0","0.9571","17","低"
"2026-12","台中","fireExplosion","消防與防爆設備","20型滅火器配置足夠","83","71","68","3","1","1","0","0.9577","17","低"
"2026-12","台中","fireExplosion","消防與防爆設備","防爆電氣設備符合","83","80","77","3","1","1","0","0.9625","17","低"
"2026-12","台中","fireExplosion","消防與防爆設備","安全工具使用正確","83","75","72","3","1","1","0","0.96","17","低"
"2026-12","台中","fireExplosion","消防與防爆設備","消防水帶或防火措施到位","83","75","72","3","1","1","0","0.96","17","低"
"2026-12","台中","ppeHeight","PPE與高處防墜","個人防護具穿戴正確","83","76","73","3","1","1","0","0.9605","17","低"
"2026-12","台中","ppeHeight","PPE與高處防墜","安全帶/安全母索使用","83","82","79","3","1","1","0","0.9634","17","低"
"2026-12","台中","ppeHeight","PPE與高處防墜","施工架檢點合格","83","78","74","4","1","2","1","0.9487","27","中"
"2026-12","台中","ppeHeight","PPE與高處防墜","安全網或工作平台設置","83","83","79","4","1","1","0","0.9518","19","中"
"2026-12","台中","patrol","巡查會簽","轄區檢點簽認","83","85","82","3","0","1","0","0.9647","9","低"
"2026-12","台中","patrol","巡查會簽","監造巡查簽認","83","83","80","3","0","1","0","0.9639","9","低"
"2026-12","台中","patrol","巡查會簽","安衛人員巡查紀錄","83","80","78","2","0","1","0","0.975","7","低"
"2026-12","台中","patrol","巡查會簽","異常已即時通知","83","78","75","3","1","1","0","0.9615","17","低"
"2026-12","台中","closeout","收工回簽與現場紀錄","環境整理完成","83","82","79","3","1","1","0","0.9634","17","低"
"2026-12","台中","closeout","收工回簽與現場紀錄","施工前後照片完整","83","80","77","3","1","1","0","0.9625","17","低"
"2026-12","台中","closeout","收工回簽與現場紀錄","氣體偵測照片上傳","83","72","70","2","0","1","0","0.9722","7","低"
"2026-12","台中","closeout","收工回簽與現場紀錄","改善事項結案佐證完整","83","78","75","3","0","1","0","0.9615","9","低"
"2024-01","嘉義","permit","許可基本資料","工作內容與地點完整","72","60","58","2","0","0","0","0.9667","4","低"
"2024-01","嘉義","permit","許可基本資料","作業分級正確","72","63","61","2","0","1","0","0.9683","7","低"
"2024-01","嘉義","permit","許可基本資料","核准工作時間明確","72","61","59","2","0","1","0","0.9672","7","低"
"2024-01","嘉義","permit","許可基本資料","回簽資料完整","72","71","69","2","0","0","0","0.9718","4","低"
"2024-01","嘉義","workType","作業分級與工作項目","動火/非動火判定正確","72","65","63","2","0","1","0","0.9692","7","低"
"2024-01","嘉義","workType","作業分級與工作項目","A/B/C級作業判定正確","72","63","61","2","0","1","0","0.9683","7","低"
"2024-01","嘉義","workType","作業分級與工作項目","附加檢點表適用","72","64","62","2","0","1","0","0.9688","7","低"
"2024-01","嘉義","workType","作業分級與工作項目","延時工作經核准","72","70","68","2","0","1","0","0.9714","7","低"
"2024-01","嘉義","contractor","承攬商與人員資格","施工人員名冊完整","72","72","70","2","0","1","0","0.9722","7","低"
"2024-01","嘉義","contractor","承攬商與人員資格","工地負責人到場","72","62","60","2","0","0","0","0.9677","4","低"
"2024-01","嘉義","contractor","承攬商與人員資格","安衛人員到場","72","60","58","2","0","1","0","0.9667","7","低"
"2024-01","嘉義","contractor","承攬商與人員資格","特殊作業主管資格符合","72","67","65","2","0","1","0","0.9701","7","低"
"2024-01","嘉義","hazardNotice","危害告知","承攬商已知悉注意事項","72","69","67","2","0","1","0","0.971","7","低"
"2024-01","嘉義","hazardNotice","危害告知","施工人員完成危害告知","72","72","70","2","0","1","0","0.9722","7","低"
"2024-01","嘉義","hazardNotice","危害告知","勤前教育紀錄完整","72","67","65","2","0","1","0","0.9701","7","低"
"2024-01","嘉義","hazardNotice","危害告知","緊急聯絡資訊明確","72","70","68","2","0","1","0","0.9714","7","低"
"2024-01","嘉義","isolation","環境安全隔離","設備管線已釋壓清洗","72","60","58","2","1","1","0","0.9667","15","低"
"2024-01","嘉義","isolation","環境安全隔離","進出口已關斷/盲封/掛牌","72","66","63","3","1","1","0","0.9545","17","低"
"2024-01","嘉義","isolation","環境安全隔離","電源隔離加鎖掛牌","72","71","68","3","1","1","0","0.9577","17","低"
"2024-01","嘉義","isolation","環境安全隔離","暗溝陰井已堵塞密封","72","61","59","2","0","1","0","0.9672","7","低"
"2024-01","嘉義","gas","氣體偵測","可燃性氣體低於20%LEL","72","62","59","3","1","1","0","0.9516","17","低"
"2024-01","嘉義","gas","氣體偵測","氧氣濃度符合標準","72","66","63","3","1","1","0","0.9545","17","低"
"2024-01","嘉義","gas","氣體偵測","有害氣體低於容許濃度","72","68","65","3","1","1","0","0.9559","17","低"
"2024-01","嘉義","gas","氣體偵測","上下午或連續測定紀錄完整","72","70","67","3","1","1","0","0.9571","17","低"
"2024-01","嘉義","fireExplosion","消防與防爆設備","20型滅火器配置足夠","72","67","64","3","1","1","0","0.9552","17","低"
"2024-01","嘉義","fireExplosion","消防與防爆設備","防爆電氣設備符合","72","65","63","2","1","1","0","0.9692","15","低"
"2024-01","嘉義","fireExplosion","消防與防爆設備","安全工具使用正確","72","68","65","3","1","1","0","0.9559","17","低"
"2024-01","嘉義","fireExplosion","消防與防爆設備","消防水帶或防火措施到位","72","63","61","2","0","1","0","0.9683","7","低"
"2024-01","嘉義","ppeHeight","PPE與高處防墜","個人防護具穿戴正確","72","61","58","3","1","1","0","0.9508","17","低"
"2024-01","嘉義","ppeHeight","PPE與高處防墜","安全帶/安全母索使用","72","68","65","3","1","1","0","0.9559","17","低"
"2024-01","嘉義","ppeHeight","PPE與高處防墜","施工架檢點合格","72","67","64","3","1","1","0","0.9552","17","低"
"2024-01","嘉義","ppeHeight","PPE與高處防墜","安全網或工作平台設置","72","72","68","4","1","1","0","0.9444","19","中"
"2024-01","嘉義","patrol","巡查會簽","轄區檢點簽認","72","73","70","3","1","1","0","0.9589","17","低"
"2024-01","嘉義","patrol","巡查會簽","監造巡查簽認","72","71","68","3","1","1","0","0.9577","17","低"
"2024-01","嘉義","patrol","巡查會簽","安衛人員巡查紀錄","72","73","71","2","0","1","0","0.9726","7","低"
"2024-01","嘉義","patrol","巡查會簽","異常已即時通知","72","60","58","2","0","1","0","0.9667","7","低"
"2024-01","嘉義","closeout","收工回簽與現場紀錄","環境整理完成","72","59","57","2","0","0","0","0.9661","4","低"
"2024-01","嘉義","closeout","收工回簽與現場紀錄","施工前後照片完整","72","70","68","2","0","1","0","0.9714","7","低"
"2024-01","嘉義","closeout","收工回簽與現場紀錄","氣體偵測照片上傳","72","60","58","2","0","0","0","0.9667","4","低"
"2024-01","嘉義","closeout","收工回簽與現場紀錄","改善事項結案佐證完整","72","71","69","2","0","0","0","0.9718","4","低"
"2024-02","嘉義","permit","許可基本資料","工作內容與地點完整","74","66","65","1","0","0","0","0.9848","2","低"
"2024-02","嘉義","permit","許可基本資料","作業分級正確","74","74","72","2","0","1","0","0.973","7","低"
"2024-02","嘉義","permit","許可基本資料","核准工作時間明確","74","64","63","1","0","0","0","0.9844","2","低"
"2024-02","嘉義","permit","許可基本資料","回簽資料完整","74","63","61","2","0","1","0","0.9683","7","低"
"2024-02","嘉義","workType","作業分級與工作項目","動火/非動火判定正確","74","75","72","3","0","1","0","0.96","9","低"
"2024-02","嘉義","workType","作業分級與工作項目","A/B/C級作業判定正確","74","61","59","2","0","1","0","0.9672","7","低"
"2024-02","嘉義","workType","作業分級與工作項目","附加檢點表適用","74","61","59","2","0","1","0","0.9672","7","低"
"2024-02","嘉義","workType","作業分級與工作項目","延時工作經核准","74","73","71","2","0","1","0","0.9726","7","低"
"2024-02","嘉義","contractor","承攬商與人員資格","施工人員名冊完整","74","63","61","2","0","1","0","0.9683","7","低"
"2024-02","嘉義","contractor","承攬商與人員資格","工地負責人到場","74","68","66","2","0","0","0","0.9706","4","低"
"2024-02","嘉義","contractor","承攬商與人員資格","安衛人員到場","74","75","73","2","0","1","0","0.9733","7","低"
"2024-02","嘉義","contractor","承攬商與人員資格","特殊作業主管資格符合","74","68","66","2","0","1","0","0.9706","7","低"
"2024-02","嘉義","hazardNotice","危害告知","承攬商已知悉注意事項","74","64","62","2","0","0","0","0.9688","4","低"
"2024-02","嘉義","hazardNotice","危害告知","施工人員完成危害告知","74","74","72","2","0","0","0","0.973","4","低"
"2024-02","嘉義","hazardNotice","危害告知","勤前教育紀錄完整","74","63","61","2","0","1","0","0.9683","7","低"
"2024-02","嘉義","hazardNotice","危害告知","緊急聯絡資訊明確","74","74","72","2","0","1","0","0.973","7","低"
"2024-02","嘉義","isolation","環境安全隔離","設備管線已釋壓清洗","74","62","60","2","1","1","0","0.9677","15","低"
"2024-02","嘉義","isolation","環境安全隔離","進出口已關斷/盲封/掛牌","74","70","67","3","1","1","0","0.9571","17","低"
"2024-02","嘉義","isolation","環境安全隔離","電源隔離加鎖掛牌","74","68","66","2","0","1","0","0.9706","7","低"
"2024-02","嘉義","isolation","環境安全隔離","暗溝陰井已堵塞密封","74","69","67","2","1","1","0","0.971","15","低"
"2024-02","嘉義","gas","氣體偵測","可燃性氣體低於20%LEL","74","61","58","3","1","1","0","0.9508","17","低"
"2024-02","嘉義","gas","氣體偵測","氧氣濃度符合標準","74","68","65","3","1","1","0","0.9559","17","低"
"2024-02","嘉義","gas","氣體偵測","有害氣體低於容許濃度","74","67","64","3","1","1","0","0.9552","17","低"
"2024-02","嘉義","gas","氣體偵測","上下午或連續測定紀錄完整","74","71","69","2","0","1","0","0.9718","7","低"
"2024-02","嘉義","fireExplosion","消防與防爆設備","20型滅火器配置足夠","74","62","59","3","1","1","0","0.9516","17","低"
"2024-02","嘉義","fireExplosion","消防與防爆設備","防爆電氣設備符合","74","71","68","3","1","1","0","0.9577","17","低"
"2024-02","嘉義","fireExplosion","消防與防爆設備","安全工具使用正確","74","66","64","2","1","1","0","0.9697","15","低"
"2024-02","嘉義","fireExplosion","消防與防爆設備","消防水帶或防火措施到位","74","62","59","3","1","1","0","0.9516","17","低"
"2024-02","嘉義","ppeHeight","PPE與高處防墜","個人防護具穿戴正確","74","75","72","3","1","1","0","0.96","17","低"
"2024-02","嘉義","ppeHeight","PPE與高處防墜","安全帶/安全母索使用","74","73","70","3","1","1","0","0.9589","17","低"
"2024-02","嘉義","ppeHeight","PPE與高處防墜","施工架檢點合格","74","72","69","3","1","1","0","0.9583","17","低"
"2024-02","嘉義","ppeHeight","PPE與高處防墜","安全網或工作平台設置","74","73","70","3","1","1","0","0.9589","17","低"
"2024-02","嘉義","patrol","巡查會簽","轄區檢點簽認","74","72","70","2","0","1","0","0.9722","7","低"
"2024-02","嘉義","patrol","巡查會簽","監造巡查簽認","74","70","68","2","0","0","0","0.9714","4","低"
"2024-02","嘉義","patrol","巡查會簽","安衛人員巡查紀錄","74","63","61","2","0","1","0","0.9683","7","低"
"2024-02","嘉義","patrol","巡查會簽","異常已即時通知","74","67","65","2","0","1","0","0.9701","7","低"
"2024-02","嘉義","closeout","收工回簽與現場紀錄","環境整理完成","74","65","63","2","0","1","0","0.9692","7","低"
"2024-02","嘉義","closeout","收工回簽與現場紀錄","施工前後照片完整","74","72","70","2","0","1","0","0.9722","7","低"
"2024-02","嘉義","closeout","收工回簽與現場紀錄","氣體偵測照片上傳","74","74","72","2","0","1","0","0.973","7","低"
"2024-02","嘉義","closeout","收工回簽與現場紀錄","改善事項結案佐證完整","74","72","70","2","0","0","0","0.9722","4","低"
"2024-03","嘉義","permit","許可基本資料","工作內容與地點完整","74","61","59","2","0","1","0","0.9672","7","低"
"2024-03","嘉義","permit","許可基本資料","作業分級正確","74","72","70","2","0","1","0","0.9722","7","低"
"2024-03","嘉義","permit","許可基本資料","核准工作時間明確","74","68","66","2","0","1","0","0.9706","7","低"
"2024-03","嘉義","permit","許可基本資料","回簽資料完整","74","67","65","2","0","1","0","0.9701","7","低"
"2024-03","嘉義","workType","作業分級與工作項目","動火/非動火判定正確","74","67","65","2","0","1","0","0.9701","7","低"
"2024-03","嘉義","workType","作業分級與工作項目","A/B/C級作業判定正確","74","67","65","2","0","1","0","0.9701","7","低"
"2024-03","嘉義","workType","作業分級與工作項目","附加檢點表適用","74","61","59","2","0","1","0","0.9672","7","低"
"2024-03","嘉義","workType","作業分級與工作項目","延時工作經核准","74","67","65","2","0","1","0","0.9701","7","低"
"2024-03","嘉義","contractor","承攬商與人員資格","施工人員名冊完整","74","68","65","3","1","1","0","0.9559","17","低"
"2024-03","嘉義","contractor","承攬商與人員資格","工地負責人到場","74","75","73","2","0","0","0","0.9733","4","低"
"2024-03","嘉義","contractor","承攬商與人員資格","安衛人員到場","74","74","71","3","0","1","0","0.9595","9","低"
"2024-03","嘉義","contractor","承攬商與人員資格","特殊作業主管資格符合","74","68","65","3","1","1","0","0.9559","17","低"
"2024-03","嘉義","hazardNotice","危害告知","承攬商已知悉注意事項","74","73","71","2","0","1","0","0.9726","7","低"
"2024-03","嘉義","hazardNotice","危害告知","施工人員完成危害告知","74","63","61","2","0","1","0","0.9683","7","低"
"2024-03","嘉義","hazardNotice","危害告知","勤前教育紀錄完整","74","72","70","2","0","1","0","0.9722","7","低"
"2024-03","嘉義","hazardNotice","危害告知","緊急聯絡資訊明確","74","74","72","2","0","1","0","0.973","7","低"
"2024-03","嘉義","isolation","環境安全隔離","設備管線已釋壓清洗","74","62","60","2","0","0","0","0.9677","4","低"
"2024-03","嘉義","isolation","環境安全隔離","進出口已關斷/盲封/掛牌","74","67","64","3","1","1","0","0.9552","17","低"
"2024-03","嘉義","isolation","環境安全隔離","電源隔離加鎖掛牌","74","73","70","3","1","1","0","0.9589","17","低"
"2024-03","嘉義","isolation","環境安全隔離","暗溝陰井已堵塞密封","74","67","65","2","0","1","0","0.9701","7","低"
"2024-03","嘉義","gas","氣體偵測","可燃性氣體低於20%LEL","74","64","61","3","1","1","0","0.9531","17","低"
"2024-03","嘉義","gas","氣體偵測","氧氣濃度符合標準","74","64","61","3","1","1","0","0.9531","17","低"
"2024-03","嘉義","gas","氣體偵測","有害氣體低於容許濃度","74","74","71","3","1","1","0","0.9595","17","低"
"2024-03","嘉義","gas","氣體偵測","上下午或連續測定紀錄完整","74","64","62","2","0","1","0","0.9688","7","低"
"2024-03","嘉義","fireExplosion","消防與防爆設備","20型滅火器配置足夠","74","63","61","2","1","1","0","0.9683","15","低"
"2024-03","嘉義","fireExplosion","消防與防爆設備","防爆電氣設備符合","74","74","71","3","1","1","0","0.9595","17","低"
"2024-03","嘉義","fireExplosion","消防與防爆設備","安全工具使用正確","74","68","65","3","1","1","0","0.9559","17","低"
"2024-03","嘉義","fireExplosion","消防與防爆設備","消防水帶或防火措施到位","74","61","58","3","1","1","0","0.9508","17","低"
"2024-03","嘉義","ppeHeight","PPE與高處防墜","個人防護具穿戴正確","74","75","72","3","1","1","0","0.96","17","低"
"2024-03","嘉義","ppeHeight","PPE與高處防墜","安全帶/安全母索使用","74","75","72","3","1","1","0","0.96","17","低"
"2024-03","嘉義","ppeHeight","PPE與高處防墜","施工架檢點合格","74","70","67","3","1","1","0","0.9571","17","低"
"2024-03","嘉義","ppeHeight","PPE與高處防墜","安全網或工作平台設置","74","75","72","3","1","1","0","0.96","17","低"
"2024-03","嘉義","patrol","巡查會簽","轄區檢點簽認","74","66","64","2","0","1","0","0.9697","7","低"
"2024-03","嘉義","patrol","巡查會簽","監造巡查簽認","74","71","68","3","0","1","0","0.9577","9","低"
"2024-03","嘉義","patrol","巡查會簽","安衛人員巡查紀錄","74","61","59","2","0","1","0","0.9672","7","低"
"2024-03","嘉義","patrol","巡查會簽","異常已即時通知","74","66","64","2","0","1","0","0.9697","7","低"
"2024-03","嘉義","closeout","收工回簽與現場紀錄","環境整理完成","74","65","63","2","0","1","0","0.9692","7","低"
"2024-03","嘉義","closeout","收工回簽與現場紀錄","施工前後照片完整","74","66","64","2","0","1","0","0.9697","7","低"
"2024-03","嘉義","closeout","收工回簽與現場紀錄","氣體偵測照片上傳","74","64","62","2","0","1","0","0.9688","7","低"
"2024-03","嘉義","closeout","收工回簽與現場紀錄","改善事項結案佐證完整","74","75","72","3","0","1","0","0.96","9","低"
"2024-04","嘉義","permit","許可基本資料","工作內容與地點完整","72","68","66","2","0","1","0","0.9706","7","低"
"2024-04","嘉義","permit","許可基本資料","作業分級正確","72","72","70","2","0","1","0","0.9722","7","低"
"2024-04","嘉義","permit","許可基本資料","核准工作時間明確","72","65","63","2","0","1","0","0.9692","7","低"
"2024-04","嘉義","permit","許可基本資料","回簽資料完整","72","60","59","1","0","0","0","0.9833","2","低"
"2024-04","嘉義","workType","作業分級與工作項目","動火/非動火判定正確","72","64","62","2","0","1","0","0.9688","7","低"
"2024-04","嘉義","workType","作業分級與工作項目","A/B/C級作業判定正確","72","70","68","2","0","1","0","0.9714","7","低"
"2024-04","嘉義","workType","作業分級與工作項目","附加檢點表適用","72","65","63","2","0","1","0","0.9692","7","低"
"2024-04","嘉義","workType","作業分級與工作項目","延時工作經核准","72","60","58","2","0","1","0","0.9667","7","低"
"2024-04","嘉義","contractor","承攬商與人員資格","施工人員名冊完整","72","71","68","3","0","1","0","0.9577","9","低"
"2024-04","嘉義","contractor","承攬商與人員資格","工地負責人到場","72","62","60","2","0","1","0","0.9677","7","低"
"2024-04","嘉義","contractor","承攬商與人員資格","安衛人員到場","72","65","63","2","0","0","0","0.9692","4","低"
"2024-04","嘉義","contractor","承攬商與人員資格","特殊作業主管資格符合","72","62","60","2","0","1","0","0.9677","7","低"
"2024-04","嘉義","hazardNotice","危害告知","承攬商已知悉注意事項","72","64","62","2","0","1","0","0.9688","7","低"
"2024-04","嘉義","hazardNotice","危害告知","施工人員完成危害告知","72","64","62","2","0","1","0","0.9688","7","低"
"2024-04","嘉義","hazardNotice","危害告知","勤前教育紀錄完整","72","66","64","2","0","1","0","0.9697","7","低"
"2024-04","嘉義","hazardNotice","危害告知","緊急聯絡資訊明確","72","68","66","2","0","1","0","0.9706","7","低"
"2024-04","嘉義","isolation","環境安全隔離","設備管線已釋壓清洗","72","72","69","3","1","1","0","0.9583","17","低"
"2024-04","嘉義","isolation","環境安全隔離","進出口已關斷/盲封/掛牌","72","60","57","3","1","1","0","0.95","17","低"
"2024-04","嘉義","isolation","環境安全隔離","電源隔離加鎖掛牌","72","67","65","2","0","1","0","0.9701","7","低"
"2024-04","嘉義","isolation","環境安全隔離","暗溝陰井已堵塞密封","72","62","59","3","1","1","0","0.9516","17","低"
"2024-04","嘉義","gas","氣體偵測","可燃性氣體低於20%LEL","72","66","63","3","1","1","0","0.9545","17","低"
"2024-04","嘉義","gas","氣體偵測","氧氣濃度符合標準","72","66","63","3","1","1","0","0.9545","17","低"
"2024-04","嘉義","gas","氣體偵測","有害氣體低於容許濃度","72","72","70","2","0","1","0","0.9722","7","低"
"2024-04","嘉義","gas","氣體偵測","上下午或連續測定紀錄完整","72","68","65","3","1","1","0","0.9559","17","低"
"2024-04","嘉義","fireExplosion","消防與防爆設備","20型滅火器配置足夠","72","72","69","3","1","1","0","0.9583","17","低"
"2024-04","嘉義","fireExplosion","消防與防爆設備","防爆電氣設備符合","72","67","65","2","1","1","0","0.9701","15","低"
"2024-04","嘉義","fireExplosion","消防與防爆設備","安全工具使用正確","72","59","57","2","0","1","0","0.9661","7","低"
"2024-04","嘉義","fireExplosion","消防與防爆設備","消防水帶或防火措施到位","72","59","56","3","1","1","0","0.9492","17","低"
"2024-04","嘉義","ppeHeight","PPE與高處防墜","個人防護具穿戴正確","72","73","70","3","1","1","0","0.9589","17","低"
"2024-04","嘉義","ppeHeight","PPE與高處防墜","安全帶/安全母索使用","72","73","70","3","1","1","0","0.9589","17","低"
"2024-04","嘉義","ppeHeight","PPE與高處防墜","施工架檢點合格","72","62","59","3","1","1","0","0.9516","17","低"
"2024-04","嘉義","ppeHeight","PPE與高處防墜","安全網或工作平台設置","72","67","65","2","1","1","0","0.9701","15","低"
"2024-04","嘉義","patrol","巡查會簽","轄區檢點簽認","72","61","59","2","0","0","0","0.9672","4","低"
"2024-04","嘉義","patrol","巡查會簽","監造巡查簽認","72","72","70","2","0","1","0","0.9722","7","低"
"2024-04","嘉義","patrol","巡查會簽","安衛人員巡查紀錄","72","68","65","3","1","1","0","0.9559","17","低"
"2024-04","嘉義","patrol","巡查會簽","異常已即時通知","72","64","62","2","0","1","0","0.9688","7","低"
"2024-04","嘉義","closeout","收工回簽與現場紀錄","環境整理完成","72","60","58","2","0","0","0","0.9667","4","低"
"2024-04","嘉義","closeout","收工回簽與現場紀錄","施工前後照片完整","72","67","65","2","0","0","0","0.9701","4","低"
"2024-04","嘉義","closeout","收工回簽與現場紀錄","氣體偵測照片上傳","72","63","61","2","0","1","0","0.9683","7","低"
"2024-04","嘉義","closeout","收工回簽與現場紀錄","改善事項結案佐證完整","72","63","61","2","0","1","0","0.9683","7","低"
"2024-05","嘉義","permit","許可基本資料","工作內容與地點完整","68","65","63","2","0","1","0","0.9692","7","低"
"2024-05","嘉義","permit","許可基本資料","作業分級正確","68","60","59","1","0","0","0","0.9833","2","低"
"2024-05","嘉義","permit","許可基本資料","核准工作時間明確","68","69","68","1","0","0","0","0.9855","2","低"
"2024-05","嘉義","permit","許可基本資料","回簽資料完整","68","65","64","1","0","0","0","0.9846","2","低"
"2024-05","嘉義","workType","作業分級與工作項目","動火/非動火判定正確","68","56","54","2","0","0","0","0.9643","4","低"
"2024-05","嘉義","workType","作業分級與工作項目","A/B/C級作業判定正確","68","58","56","2","0","1","0","0.9655","7","低"
"2024-05","嘉義","workType","作業分級與工作項目","附加檢點表適用","68","62","60","2","0","0","0","0.9677","4","低"
"2024-05","嘉義","workType","作業分級與工作項目","延時工作經核准","68","56","54","2","0","1","0","0.9643","7","低"
"2024-05","嘉義","contractor","承攬商與人員資格","施工人員名冊完整","68","63","61","2","0","1","0","0.9683","7","低"
"2024-05","嘉義","contractor","承攬商與人員資格","工地負責人到場","68","59","57","2","0","1","0","0.9661","7","低"
"2024-05","嘉義","contractor","承攬商與人員資格","安衛人員到場","68","67","65","2","0","1","0","0.9701","7","低"
"2024-05","嘉義","contractor","承攬商與人員資格","特殊作業主管資格符合","68","60","58","2","0","1","0","0.9667","7","低"
"2024-05","嘉義","hazardNotice","危害告知","承攬商已知悉注意事項","68","58","56","2","0","1","0","0.9655","7","低"
"2024-05","嘉義","hazardNotice","危害告知","施工人員完成危害告知","68","57","55","2","0","1","0","0.9649","7","低"
"2024-05","嘉義","hazardNotice","危害告知","勤前教育紀錄完整","68","69","67","2","0","1","0","0.971","7","低"
"2024-05","嘉義","hazardNotice","危害告知","緊急聯絡資訊明確","68","68","66","2","0","1","0","0.9706","7","低"
"2024-05","嘉義","isolation","環境安全隔離","設備管線已釋壓清洗","68","66","64","2","1","1","0","0.9697","15","低"
"2024-05","嘉義","isolation","環境安全隔離","進出口已關斷/盲封/掛牌","68","63","61","2","1","1","0","0.9683","15","低"
"2024-05","嘉義","isolation","環境安全隔離","電源隔離加鎖掛牌","68","65","62","3","1","1","0","0.9538","17","低"
"2024-05","嘉義","isolation","環境安全隔離","暗溝陰井已堵塞密封","68","61","59","2","1","1","0","0.9672","15","低"
"2024-05","嘉義","gas","氣體偵測","可燃性氣體低於20%LEL","68","57","55","2","1","1","0","0.9649","15","低"
"2024-05","嘉義","gas","氣體偵測","氧氣濃度符合標準","68","61","59","2","0","1","0","0.9672","7","低"
"2024-05","嘉義","gas","氣體偵測","有害氣體低於容許濃度","68","66","63","3","1","1","0","0.9545","17","低"
"2024-05","嘉義","gas","氣體偵測","上下午或連續測定紀錄完整","68","61","58","3","1","1","0","0.9508","17","低"
"2024-05","嘉義","fireExplosion","消防與防爆設備","20型滅火器配置足夠","68","69","67","2","1","0","0","0.971","12","低"
"2024-05","嘉義","fireExplosion","消防與防爆設備","防爆電氣設備符合","68","61","58","3","1","1","0","0.9508","17","低"
"2024-05","嘉義","fireExplosion","消防與防爆設備","安全工具使用正確","68","66","63","3","1","1","0","0.9545","17","低"
"2024-05","嘉義","fireExplosion","消防與防爆設備","消防水帶或防火措施到位","68","59","57","2","1","1","0","0.9661","15","低"
"2024-05","嘉義","ppeHeight","PPE與高處防墜","個人防護具穿戴正確","68","61","58","3","1","1","0","0.9508","17","低"
"2024-05","嘉義","ppeHeight","PPE與高處防墜","安全帶/安全母索使用","68","62","60","2","1","1","0","0.9677","15","低"
"2024-05","嘉義","ppeHeight","PPE與高處防墜","施工架檢點合格","68","59","57","2","1","1","0","0.9661","15","低"
"2024-05","嘉義","ppeHeight","PPE與高處防墜","安全網或工作平台設置","68","69","66","3","1","1","0","0.9565","17","低"
"2024-05","嘉義","patrol","巡查會簽","轄區檢點簽認","68","60","58","2","0","1","0","0.9667","7","低"
"2024-05","嘉義","patrol","巡查會簽","監造巡查簽認","68","67","65","2","0","1","0","0.9701","7","低"
"2024-05","嘉義","patrol","巡查會簽","安衛人員巡查紀錄","68","67","65","2","0","1","0","0.9701","7","低"
"2024-05","嘉義","patrol","巡查會簽","異常已即時通知","68","62","60","2","0","1","0","0.9677","7","低"
"2024-05","嘉義","closeout","收工回簽與現場紀錄","環境整理完成","68","64","61","3","0","1","0","0.9531","9","低"
"2024-05","嘉義","closeout","收工回簽與現場紀錄","施工前後照片完整","68","65","63","2","0","1","0","0.9692","7","低"
"2024-05","嘉義","closeout","收工回簽與現場紀錄","氣體偵測照片上傳","68","66","64","2","0","0","0","0.9697","4","低"
"2024-05","嘉義","closeout","收工回簽與現場紀錄","改善事項結案佐證完整","68","69","67","2","0","0","0","0.971","4","低"
"2024-06","嘉義","permit","許可基本資料","工作內容與地點完整","75","65","63","2","0","1","0","0.9692","7","低"
"2024-06","嘉義","permit","許可基本資料","作業分級正確","75","64","62","2","0","1","0","0.9688","7","低"
"2024-06","嘉義","permit","許可基本資料","核准工作時間明確","75","65","63","2","0","1","0","0.9692","7","低"
"2024-06","嘉義","permit","許可基本資料","回簽資料完整","75","67","65","2","0","1","0","0.9701","7","低"
"2024-06","嘉義","workType","作業分級與工作項目","動火/非動火判定正確","75","75","72","3","1","1","0","0.96","17","低"
"2024-06","嘉義","workType","作業分級與工作項目","A/B/C級作業判定正確","75","63","61","2","0","0","0","0.9683","4","低"
"2024-06","嘉義","workType","作業分級與工作項目","附加檢點表適用","75","62","60","2","0","1","0","0.9677","7","低"
"2024-06","嘉義","workType","作業分級與工作項目","延時工作經核准","75","74","71","3","1","1","0","0.9595","17","低"
"2024-06","嘉義","contractor","承攬商與人員資格","施工人員名冊完整","75","75","73","2","0","1","0","0.9733","7","低"
"2024-06","嘉義","contractor","承攬商與人員資格","工地負責人到場","75","65","63","2","0","1","0","0.9692","7","低"
"2024-06","嘉義","contractor","承攬商與人員資格","安衛人員到場","75","70","68","2","0","1","0","0.9714","7","低"
"2024-06","嘉義","contractor","承攬商與人員資格","特殊作業主管資格符合","75","76","74","2","0","0","0","0.9737","4","低"
"2024-06","嘉義","hazardNotice","危害告知","承攬商已知悉注意事項","75","62","61","1","0","0","0","0.9839","2","低"
"2024-06","嘉義","hazardNotice","危害告知","施工人員完成危害告知","75","71","69","2","0","1","0","0.9718","7","低"
"2024-06","嘉義","hazardNotice","危害告知","勤前教育紀錄完整","75","62","60","2","0","1","0","0.9677","7","低"
"2024-06","嘉義","hazardNotice","危害告知","緊急聯絡資訊明確","75","63","61","2","0","1","0","0.9683","7","低"
"2024-06","嘉義","isolation","環境安全隔離","設備管線已釋壓清洗","75","71","68","3","1","1","0","0.9577","17","低"
"2024-06","嘉義","isolation","環境安全隔離","進出口已關斷/盲封/掛牌","75","74","70","4","1","2","1","0.9459","27","中"
"2024-06","嘉義","isolation","環境安全隔離","電源隔離加鎖掛牌","75","62","60","2","0","1","0","0.9677","7","低"
"2024-06","嘉義","isolation","環境安全隔離","暗溝陰井已堵塞密封","75","64","61","3","1","1","0","0.9531","17","低"
"2024-06","嘉義","gas","氣體偵測","可燃性氣體低於20%LEL","75","75","72","3","1","1","0","0.96","17","低"
"2024-06","嘉義","gas","氣體偵測","氧氣濃度符合標準","75","68","66","2","1","1","0","0.9706","15","低"
"2024-06","嘉義","gas","氣體偵測","有害氣體低於容許濃度","75","75","72","3","1","1","0","0.96","17","低"
"2024-06","嘉義","gas","氣體偵測","上下午或連續測定紀錄完整","75","62","59","3","1","1","0","0.9516","17","低"
"2024-06","嘉義","fireExplosion","消防與防爆設備","20型滅火器配置足夠","75","75","72","3","1","1","0","0.96","17","低"
"2024-06","嘉義","fireExplosion","消防與防爆設備","防爆電氣設備符合","75","73","70","3","1","1","0","0.9589","17","低"
"2024-06","嘉義","fireExplosion","消防與防爆設備","安全工具使用正確","75","76","73","3","1","1","0","0.9605","17","低"
"2024-06","嘉義","fireExplosion","消防與防爆設備","消防水帶或防火措施到位","75","68","65","3","1","1","0","0.9559","17","低"
"2024-06","嘉義","ppeHeight","PPE與高處防墜","個人防護具穿戴正確","75","75","72","3","1","1","0","0.96","17","低"
"2024-06","嘉義","ppeHeight","PPE與高處防墜","安全帶/安全母索使用","75","62","59","3","1","1","0","0.9516","17","低"
"2024-06","嘉義","ppeHeight","PPE與高處防墜","施工架檢點合格","75","75","73","2","0","1","0","0.9733","7","低"
"2024-06","嘉義","ppeHeight","PPE與高處防墜","安全網或工作平台設置","75","64","61","3","1","1","0","0.9531","17","低"
"2024-06","嘉義","patrol","巡查會簽","轄區檢點簽認","75","71","68","3","1","1","0","0.9577","17","低"
"2024-06","嘉義","patrol","巡查會簽","監造巡查簽認","75","65","63","2","0","0","0","0.9692","4","低"
"2024-06","嘉義","patrol","巡查會簽","安衛人員巡查紀錄","75","72","70","2","0","0","0","0.9722","4","低"
"2024-06","嘉義","patrol","巡查會簽","異常已即時通知","75","74","72","2","0","1","0","0.973","7","低"
"2024-06","嘉義","closeout","收工回簽與現場紀錄","環境整理完成","75","63","61","2","0","1","0","0.9683","7","低"
"2024-06","嘉義","closeout","收工回簽與現場紀錄","施工前後照片完整","75","73","70","3","0","1","0","0.9589","9","低"
"2024-06","嘉義","closeout","收工回簽與現場紀錄","氣體偵測照片上傳","75","68","66","2","0","1","0","0.9706","7","低"
"2024-06","嘉義","closeout","收工回簽與現場紀錄","改善事項結案佐證完整","75","75","73","2","0","1","0","0.9733","7","低"
"2024-07","嘉義","permit","許可基本資料","工作內容與地點完整","67","56","55","1","0","0","0","0.9821","2","低"
"2024-07","嘉義","permit","許可基本資料","作業分級正確","67","55","54","1","0","0","0","0.9818","2","低"
"2024-07","嘉義","permit","許可基本資料","核准工作時間明確","67","59","57","2","0","1","0","0.9661","7","低"
"2024-07","嘉義","permit","許可基本資料","回簽資料完整","67","65","63","2","0","1","0","0.9692","7","低"
"2024-07","嘉義","workType","作業分級與工作項目","動火/非動火判定正確","67","68","66","2","0","1","0","0.9706","7","低"
"2024-07","嘉義","workType","作業分級與工作項目","A/B/C級作業判定正確","67","60","58","2","0","0","0","0.9667","4","低"
"2024-07","嘉義","workType","作業分級與工作項目","附加檢點表適用","67","65","63","2","0","1","0","0.9692","7","低"
"2024-07","嘉義","workType","作業分級與工作項目","延時工作經核准","67","67","65","2","0","1","0","0.9701","7","低"
"2024-07","嘉義","contractor","承攬商與人員資格","施工人員名冊完整","67","62","60","2","0","1","0","0.9677","7","低"
"2024-07","嘉義","contractor","承攬商與人員資格","工地負責人到場","67","65","63","2","0","1","0","0.9692","7","低"
"2024-07","嘉義","contractor","承攬商與人員資格","安衛人員到場","67","65","63","2","0","1","0","0.9692","7","低"
"2024-07","嘉義","contractor","承攬商與人員資格","特殊作業主管資格符合","67","62","60","2","0","1","0","0.9677","7","低"
"2024-07","嘉義","hazardNotice","危害告知","承攬商已知悉注意事項","67","55","54","1","0","0","0","0.9818","2","低"
"2024-07","嘉義","hazardNotice","危害告知","施工人員完成危害告知","67","56","54","2","0","1","0","0.9643","7","低"
"2024-07","嘉義","hazardNotice","危害告知","勤前教育紀錄完整","67","60","58","2","0","1","0","0.9667","7","低"
"2024-07","嘉義","hazardNotice","危害告知","緊急聯絡資訊明確","67","65","63","2","0","1","0","0.9692","7","低"
"2024-07","嘉義","isolation","環境安全隔離","設備管線已釋壓清洗","67","67","64","3","1","1","0","0.9552","17","低"
"2024-07","嘉義","isolation","環境安全隔離","進出口已關斷/盲封/掛牌","67","63","61","2","1","0","0","0.9683","12","低"
"2024-07","嘉義","isolation","環境安全隔離","電源隔離加鎖掛牌","67","58","56","2","1","1","0","0.9655","15","低"
"2024-07","嘉義","isolation","環境安全隔離","暗溝陰井已堵塞密封","67","66","63","3","1","1","0","0.9545","17","低"
"2024-07","嘉義","gas","氣體偵測","可燃性氣體低於20%LEL","67","64","61","3","1","1","0","0.9531","17","低"
"2024-07","嘉義","gas","氣體偵測","氧氣濃度符合標準","67","60","57","3","1","1","0","0.95","17","低"
"2024-07","嘉義","gas","氣體偵測","有害氣體低於容許濃度","67","60","58","2","1","1","0","0.9667","15","低"
"2024-07","嘉義","gas","氣體偵測","上下午或連續測定紀錄完整","67","66","64","2","1","1","0","0.9697","15","低"
"2024-07","嘉義","fireExplosion","消防與防爆設備","20型滅火器配置足夠","67","56","54","2","1","1","0","0.9643","15","低"
"2024-07","嘉義","fireExplosion","消防與防爆設備","防爆電氣設備符合","67","57","54","3","1","1","0","0.9474","17","低"
"2024-07","嘉義","fireExplosion","消防與防爆設備","安全工具使用正確","67","60","57","3","1","1","0","0.95","17","低"
"2024-07","嘉義","fireExplosion","消防與防爆設備","消防水帶或防火措施到位","67","65","62","3","1","1","0","0.9538","17","低"
"2024-07","嘉義","ppeHeight","PPE與高處防墜","個人防護具穿戴正確","67","65","62","3","1","1","0","0.9538","17","低"
"2024-07","嘉義","ppeHeight","PPE與高處防墜","安全帶/安全母索使用","67","68","65","3","1","1","0","0.9559","17","低"
"2024-07","嘉義","ppeHeight","PPE與高處防墜","施工架檢點合格","67","61","59","2","1","1","0","0.9672","15","低"
"2024-07","嘉義","ppeHeight","PPE與高處防墜","安全網或工作平台設置","67","60","57","3","1","1","0","0.95","17","低"
"2024-07","嘉義","patrol","巡查會簽","轄區檢點簽認","67","63","61","2","0","1","0","0.9683","7","低"
"2024-07","嘉義","patrol","巡查會簽","監造巡查簽認","67","60","58","2","0","1","0","0.9667","7","低"
"2024-07","嘉義","patrol","巡查會簽","安衛人員巡查紀錄","67","55","53","2","0","1","0","0.9636","7","低"
"2024-07","嘉義","patrol","巡查會簽","異常已即時通知","67","64","62","2","0","1","0","0.9688","7","低"
"2024-07","嘉義","closeout","收工回簽與現場紀錄","環境整理完成","67","55","53","2","0","1","0","0.9636","7","低"
"2024-07","嘉義","closeout","收工回簽與現場紀錄","施工前後照片完整","67","65","62","3","0","1","0","0.9538","9","低"
"2024-07","嘉義","closeout","收工回簽與現場紀錄","氣體偵測照片上傳","67","56","54","2","0","1","0","0.9643","7","低"
"2024-07","嘉義","closeout","收工回簽與現場紀錄","改善事項結案佐證完整","67","56","54","2","0","1","0","0.9643","7","低"
"2024-08","嘉義","permit","許可基本資料","工作內容與地點完整","70","68","66","2","0","1","0","0.9706","7","低"
"2024-08","嘉義","permit","許可基本資料","作業分級正確","70","62","60","2","0","1","0","0.9677","7","低"
"2024-08","嘉義","permit","許可基本資料","核准工作時間明確","70","63","61","2","0","1","0","0.9683","7","低"
"2024-08","嘉義","permit","許可基本資料","回簽資料完整","70","58","57","1","0","0","0","0.9828","2","低"
"2024-08","嘉義","workType","作業分級與工作項目","動火/非動火判定正確","70","64","62","2","0","1","0","0.9688","7","低"
"2024-08","嘉義","workType","作業分級與工作項目","A/B/C級作業判定正確","70","63","61","2","0","1","0","0.9683","7","低"
"2024-08","嘉義","workType","作業分級與工作項目","附加檢點表適用","70","65","63","2","0","1","0","0.9692","7","低"
"2024-08","嘉義","workType","作業分級與工作項目","延時工作經核准","70","59","57","2","0","1","0","0.9661","7","低"
"2024-08","嘉義","contractor","承攬商與人員資格","施工人員名冊完整","70","63","61","2","0","1","0","0.9683","7","低"
"2024-08","嘉義","contractor","承攬商與人員資格","工地負責人到場","70","61","59","2","0","1","0","0.9672","7","低"
"2024-08","嘉義","contractor","承攬商與人員資格","安衛人員到場","70","70","67","3","0","1","0","0.9571","9","低"
"2024-08","嘉義","contractor","承攬商與人員資格","特殊作業主管資格符合","70","66","63","3","1","1","0","0.9545","17","低"
"2024-08","嘉義","hazardNotice","危害告知","承攬商已知悉注意事項","70","69","67","2","0","1","0","0.971","7","低"
"2024-08","嘉義","hazardNotice","危害告知","施工人員完成危害告知","70","70","68","2","0","1","0","0.9714","7","低"
"2024-08","嘉義","hazardNotice","危害告知","勤前教育紀錄完整","70","62","60","2","0","0","0","0.9677","4","低"
"2024-08","嘉義","hazardNotice","危害告知","緊急聯絡資訊明確","70","59","57","2","0","1","0","0.9661","7","低"
"2024-08","嘉義","isolation","環境安全隔離","設備管線已釋壓清洗","70","70","68","2","0","1","0","0.9714","7","低"
"2024-08","嘉義","isolation","環境安全隔離","進出口已關斷/盲封/掛牌","70","66","63","3","1","1","0","0.9545","17","低"
"2024-08","嘉義","isolation","環境安全隔離","電源隔離加鎖掛牌","70","67","64","3","1","1","0","0.9552","17","低"
"2024-08","嘉義","isolation","環境安全隔離","暗溝陰井已堵塞密封","70","59","57","2","1","1","0","0.9661","15","低"
"2024-08","嘉義","gas","氣體偵測","可燃性氣體低於20%LEL","70","62","59","3","1","1","0","0.9516","17","低"
"2024-08","嘉義","gas","氣體偵測","氧氣濃度符合標準","70","58","56","2","0","1","0","0.9655","7","低"
"2024-08","嘉義","gas","氣體偵測","有害氣體低於容許濃度","70","66","63","3","1","1","0","0.9545","17","低"
"2024-08","嘉義","gas","氣體偵測","上下午或連續測定紀錄完整","70","59","56","3","1","1","0","0.9492","17","低"
"2024-08","嘉義","fireExplosion","消防與防爆設備","20型滅火器配置足夠","70","69","66","3","1","1","0","0.9565","17","低"
"2024-08","嘉義","fireExplosion","消防與防爆設備","防爆電氣設備符合","70","60","58","2","1","1","0","0.9667","15","低"
"2024-08","嘉義","fireExplosion","消防與防爆設備","安全工具使用正確","70","65","62","3","1","1","0","0.9538","17","低"
"2024-08","嘉義","fireExplosion","消防與防爆設備","消防水帶或防火措施到位","70","70","67","3","1","1","0","0.9571","17","低"
"2024-08","嘉義","ppeHeight","PPE與高處防墜","個人防護具穿戴正確","70","69","66","3","1","1","0","0.9565","17","低"
"2024-08","嘉義","ppeHeight","PPE與高處防墜","安全帶/安全母索使用","70","67","64","3","1","1","0","0.9552","17","低"
"2024-08","嘉義","ppeHeight","PPE與高處防墜","施工架檢點合格","70","60","58","2","0","1","0","0.9667","7","低"
"2024-08","嘉義","ppeHeight","PPE與高處防墜","安全網或工作平台設置","70","60","58","2","1","1","0","0.9667","15","低"
"2024-08","嘉義","patrol","巡查會簽","轄區檢點簽認","70","59","57","2","0","1","0","0.9661","7","低"
"2024-08","嘉義","patrol","巡查會簽","監造巡查簽認","70","66","64","2","0","1","0","0.9697","7","低"
"2024-08","嘉義","patrol","巡查會簽","安衛人員巡查紀錄","70","69","67","2","0","1","0","0.971","7","低"
"2024-08","嘉義","patrol","巡查會簽","異常已即時通知","70","68","66","2","0","1","0","0.9706","7","低"
"2024-08","嘉義","closeout","收工回簽與現場紀錄","環境整理完成","70","66","64","2","0","0","0","0.9697","4","低"
"2024-08","嘉義","closeout","收工回簽與現場紀錄","施工前後照片完整","70","64","62","2","0","1","0","0.9688","7","低"
"2024-08","嘉義","closeout","收工回簽與現場紀錄","氣體偵測照片上傳","70","68","66","2","0","1","0","0.9706","7","低"
"2024-08","嘉義","closeout","收工回簽與現場紀錄","改善事項結案佐證完整","70","65","63","2","0","0","0","0.9692","4","低"
"2024-09","嘉義","permit","許可基本資料","工作內容與地點完整","60","55","54","1","0","0","0","0.9818","2","低"
"2024-09","嘉義","permit","許可基本資料","作業分級正確","60","58","56","2","0","1","0","0.9655","7","低"
"2024-09","嘉義","permit","許可基本資料","核准工作時間明確","60","61","60","1","0","0","0","0.9836","2","低"
"2024-09","嘉義","permit","許可基本資料","回簽資料完整","60","61","59","2","0","1","0","0.9672","7","低"
"2024-09","嘉義","workType","作業分級與工作項目","動火/非動火判定正確","60","58","57","1","0","0","0","0.9828","2","低"
"2024-09","嘉義","workType","作業分級與工作項目","A/B/C級作業判定正確","60","59","57","2","0","1","0","0.9661","7","低"
"2024-09","嘉義","workType","作業分級與工作項目","附加檢點表適用","60","50","49","1","0","0","0","0.98","2","低"
"2024-09","嘉義","workType","作業分級與工作項目","延時工作經核准","60","54","52","2","0","1","0","0.963","7","低"
"2024-09","嘉義","contractor","承攬商與人員資格","施工人員名冊完整","60","56","54","2","0","1","0","0.9643","7","低"
"2024-09","嘉義","contractor","承攬商與人員資格","工地負責人到場","60","53","51","2","0","1","0","0.9623","7","低"
"2024-09","嘉義","contractor","承攬商與人員資格","安衛人員到場","60","55","53","2","0","0","0","0.9636","4","低"
"2024-09","嘉義","contractor","承攬商與人員資格","特殊作業主管資格符合","60","59","57","2","0","1","0","0.9661","7","低"
"2024-09","嘉義","hazardNotice","危害告知","承攬商已知悉注意事項","60","57","55","2","0","1","0","0.9649","7","低"
"2024-09","嘉義","hazardNotice","危害告知","施工人員完成危害告知","60","59","57","2","0","1","0","0.9661","7","低"
"2024-09","嘉義","hazardNotice","危害告知","勤前教育紀錄完整","60","56","54","2","0","1","0","0.9643","7","低"
"2024-09","嘉義","hazardNotice","危害告知","緊急聯絡資訊明確","60","57","55","2","0","1","0","0.9649","7","低"
"2024-09","嘉義","isolation","環境安全隔離","設備管線已釋壓清洗","60","60","58","2","1","0","0","0.9667","12","低"
"2024-09","嘉義","isolation","環境安全隔離","進出口已關斷/盲封/掛牌","60","50","48","2","0","1","0","0.96","7","低"
"2024-09","嘉義","isolation","環境安全隔離","電源隔離加鎖掛牌","60","51","49","2","1","1","0","0.9608","15","低"
"2024-09","嘉義","isolation","環境安全隔離","暗溝陰井已堵塞密封","60","50","48","2","1","1","0","0.96","15","低"
"2024-09","嘉義","gas","氣體偵測","可燃性氣體低於20%LEL","60","60","57","3","1","1","0","0.95","17","低"
"2024-09","嘉義","gas","氣體偵測","氧氣濃度符合標準","60","61","59","2","1","0","0","0.9672","12","低"
"2024-09","嘉義","gas","氣體偵測","有害氣體低於容許濃度","60","57","55","2","1","1","0","0.9649","15","低"
"2024-09","嘉義","gas","氣體偵測","上下午或連續測定紀錄完整","60","58","56","2","1","1","0","0.9655","15","低"
"2024-09","嘉義","fireExplosion","消防與防爆設備","20型滅火器配置足夠","60","55","53","2","1","1","0","0.9636","15","低"
"2024-09","嘉義","fireExplosion","消防與防爆設備","防爆電氣設備符合","60","56","54","2","0","1","0","0.9643","7","低"
"2024-09","嘉義","fireExplosion","消防與防爆設備","安全工具使用正確","60","53","51","2","1","1","0","0.9623","15","低"
"2024-09","嘉義","fireExplosion","消防與防爆設備","消防水帶或防火措施到位","60","56","54","2","1","1","0","0.9643","15","低"
"2024-09","嘉義","ppeHeight","PPE與高處防墜","個人防護具穿戴正確","60","49","47","2","1","1","0","0.9592","15","低"
"2024-09","嘉義","ppeHeight","PPE與高處防墜","安全帶/安全母索使用","60","54","52","2","1","1","0","0.963","15","低"
"2024-09","嘉義","ppeHeight","PPE與高處防墜","施工架檢點合格","60","61","59","2","1","1","0","0.9672","15","低"
"2024-09","嘉義","ppeHeight","PPE與高處防墜","安全網或工作平台設置","60","55","52","3","1","1","0","0.9455","17","低"
"2024-09","嘉義","patrol","巡查會簽","轄區檢點簽認","60","59","57","2","0","0","0","0.9661","4","低"
"2024-09","嘉義","patrol","巡查會簽","監造巡查簽認","60","54","52","2","0","1","0","0.963","7","低"
"2024-09","嘉義","patrol","巡查會簽","安衛人員巡查紀錄","60","51","49","2","0","0","0","0.9608","4","低"
"2024-09","嘉義","patrol","巡查會簽","異常已即時通知","60","60","58","2","0","1","0","0.9667","7","低"
"2024-09","嘉義","closeout","收工回簽與現場紀錄","環境整理完成","60","58","56","2","0","1","0","0.9655","7","低"
"2024-09","嘉義","closeout","收工回簽與現場紀錄","施工前後照片完整","60","53","51","2","0","1","0","0.9623","7","低"
"2024-09","嘉義","closeout","收工回簽與現場紀錄","氣體偵測照片上傳","60","54","52","2","0","1","0","0.963","7","低"
"2024-09","嘉義","closeout","收工回簽與現場紀錄","改善事項結案佐證完整","60","50","48","2","0","1","0","0.96","7","低"
"2024-10","嘉義","permit","許可基本資料","工作內容與地點完整","72","73","71","2","0","1","0","0.9726","7","低"
"2024-10","嘉義","permit","許可基本資料","作業分級正確","72","60","58","2","0","1","0","0.9667","7","低"
"2024-10","嘉義","permit","許可基本資料","核准工作時間明確","72","67","65","2","0","1","0","0.9701","7","低"
"2024-10","嘉義","permit","許可基本資料","回簽資料完整","72","66","64","2","0","1","0","0.9697","7","低"
"2024-10","嘉義","workType","作業分級與工作項目","動火/非動火判定正確","72","63","61","2","0","1","0","0.9683","7","低"
"2024-10","嘉義","workType","作業分級與工作項目","A/B/C級作業判定正確","72","69","67","2","0","1","0","0.971","7","低"
"2024-10","嘉義","workType","作業分級與工作項目","附加檢點表適用","72","69","67","2","0","1","0","0.971","7","低"
"2024-10","嘉義","workType","作業分級與工作項目","延時工作經核准","72","67","65","2","0","0","0","0.9701","4","低"
"2024-10","嘉義","contractor","承攬商與人員資格","施工人員名冊完整","72","62","60","2","0","1","0","0.9677","7","低"
"2024-10","嘉義","contractor","承攬商與人員資格","工地負責人到場","72","62","60","2","0","1","0","0.9677","7","低"
"2024-10","嘉義","contractor","承攬商與人員資格","安衛人員到場","72","65","63","2","0","0","0","0.9692","4","低"
"2024-10","嘉義","contractor","承攬商與人員資格","特殊作業主管資格符合","72","60","58","2","0","1","0","0.9667","7","低"
"2024-10","嘉義","hazardNotice","危害告知","承攬商已知悉注意事項","72","62","60","2","0","1","0","0.9677","7","低"
"2024-10","嘉義","hazardNotice","危害告知","施工人員完成危害告知","72","68","66","2","0","0","0","0.9706","4","低"
"2024-10","嘉義","hazardNotice","危害告知","勤前教育紀錄完整","72","60","58","2","0","0","0","0.9667","4","低"
"2024-10","嘉義","hazardNotice","危害告知","緊急聯絡資訊明確","72","70","68","2","0","1","0","0.9714","7","低"
"2024-10","嘉義","isolation","環境安全隔離","設備管線已釋壓清洗","72","73","70","3","1","1","0","0.9589","17","低"
"2024-10","嘉義","isolation","環境安全隔離","進出口已關斷/盲封/掛牌","72","59","57","2","1","1","0","0.9661","15","低"
"2024-10","嘉義","isolation","環境安全隔離","電源隔離加鎖掛牌","72","73","70","3","1","1","0","0.9589","17","低"
"2024-10","嘉義","isolation","環境安全隔離","暗溝陰井已堵塞密封","72","73","71","2","1","1","0","0.9726","15","低"
"2024-10","嘉義","gas","氣體偵測","可燃性氣體低於20%LEL","72","60","58","2","1","1","0","0.9667","15","低"
"2024-10","嘉義","gas","氣體偵測","氧氣濃度符合標準","72","60","58","2","1","1","0","0.9667","15","低"
"2024-10","嘉義","gas","氣體偵測","有害氣體低於容許濃度","72","70","67","3","1","1","0","0.9571","17","低"
"2024-10","嘉義","gas","氣體偵測","上下午或連續測定紀錄完整","72","63","61","2","1","1","0","0.9683","15","低"
"2024-10","嘉義","fireExplosion","消防與防爆設備","20型滅火器配置足夠","72","63","60","3","1","1","0","0.9524","17","低"
"2024-10","嘉義","fireExplosion","消防與防爆設備","防爆電氣設備符合","72","64","61","3","1","1","0","0.9531","17","低"
"2024-10","嘉義","fireExplosion","消防與防爆設備","安全工具使用正確","72","70","67","3","1","1","0","0.9571","17","低"
"2024-10","嘉義","fireExplosion","消防與防爆設備","消防水帶或防火措施到位","72","66","64","2","1","1","0","0.9697","15","低"
"2024-10","嘉義","ppeHeight","PPE與高處防墜","個人防護具穿戴正確","72","61","59","2","1","1","0","0.9672","15","低"
"2024-10","嘉義","ppeHeight","PPE與高處防墜","安全帶/安全母索使用","72","60","57","3","1","1","0","0.95","17","低"
"2024-10","嘉義","ppeHeight","PPE與高處防墜","施工架檢點合格","72","68","65","3","1","1","0","0.9559","17","低"
"2024-10","嘉義","ppeHeight","PPE與高處防墜","安全網或工作平台設置","72","70","67","3","1","1","0","0.9571","17","低"
"2024-10","嘉義","patrol","巡查會簽","轄區檢點簽認","72","69","67","2","0","1","0","0.971","7","低"
"2024-10","嘉義","patrol","巡查會簽","監造巡查簽認","72","71","68","3","1","1","0","0.9577","17","低"
"2024-10","嘉義","patrol","巡查會簽","安衛人員巡查紀錄","72","65","63","2","0","1","0","0.9692","7","低"
"2024-10","嘉義","patrol","巡查會簽","異常已即時通知","72","68","66","2","0","1","0","0.9706","7","低"
"2024-10","嘉義","closeout","收工回簽與現場紀錄","環境整理完成","72","60","57","3","1","1","0","0.95","17","低"
"2024-10","嘉義","closeout","收工回簽與現場紀錄","施工前後照片完整","72","67","65","2","0","1","0","0.9701","7","低"
"2024-10","嘉義","closeout","收工回簽與現場紀錄","氣體偵測照片上傳","72","59","57","2","0","1","0","0.9661","7","低"
"2024-10","嘉義","closeout","收工回簽與現場紀錄","改善事項結案佐證完整","72","65","63","2","0","1","0","0.9692","7","低"
"2024-11","嘉義","permit","許可基本資料","工作內容與地點完整","68","58","56","2","0","1","0","0.9655","7","低"
"2024-11","嘉義","permit","許可基本資料","作業分級正確","68","62","60","2","0","1","0","0.9677","7","低"
"2024-11","嘉義","permit","許可基本資料","核准工作時間明確","68","65","63","2","0","1","0","0.9692","7","低"
"2024-11","嘉義","permit","許可基本資料","回簽資料完整","68","67","65","2","0","1","0","0.9701","7","低"
"2024-11","嘉義","workType","作業分級與工作項目","動火/非動火判定正確","68","65","63","2","0","1","0","0.9692","7","低"
"2024-11","嘉義","workType","作業分級與工作項目","A/B/C級作業判定正確","68","62","60","2","0","1","0","0.9677","7","低"
"2024-11","嘉義","workType","作業分級與工作項目","附加檢點表適用","68","65","63","2","0","1","0","0.9692","7","低"
"2024-11","嘉義","workType","作業分級與工作項目","延時工作經核准","68","58","56","2","0","1","0","0.9655","7","低"
"2024-11","嘉義","contractor","承攬商與人員資格","施工人員名冊完整","68","63","61","2","0","0","0","0.9683","4","低"
"2024-11","嘉義","contractor","承攬商與人員資格","工地負責人到場","68","64","61","3","0","1","0","0.9531","9","低"
"2024-11","嘉義","contractor","承攬商與人員資格","安衛人員到場","68","58","56","2","0","1","0","0.9655","7","低"
"2024-11","嘉義","contractor","承攬商與人員資格","特殊作業主管資格符合","68","58","56","2","0","1","0","0.9655","7","低"
"2024-11","嘉義","hazardNotice","危害告知","承攬商已知悉注意事項","68","59","58","1","0","0","0","0.9831","2","低"
"2024-11","嘉義","hazardNotice","危害告知","施工人員完成危害告知","68","61","60","1","0","0","0","0.9836","2","低"
"2024-11","嘉義","hazardNotice","危害告知","勤前教育紀錄完整","68","65","64","1","0","0","0","0.9846","2","低"
"2024-11","嘉義","hazardNotice","危害告知","緊急聯絡資訊明確","68","56","54","2","0","0","0","0.9643","4","低"
"2024-11","嘉義","isolation","環境安全隔離","設備管線已釋壓清洗","68","68","65","3","1","1","0","0.9559","17","低"
"2024-11","嘉義","isolation","環境安全隔離","進出口已關斷/盲封/掛牌","68","61","59","2","1","1","0","0.9672","15","低"
"2024-11","嘉義","isolation","環境安全隔離","電源隔離加鎖掛牌","68","62","59","3","1","1","0","0.9516","17","低"
"2024-11","嘉義","isolation","環境安全隔離","暗溝陰井已堵塞密封","68","68","65","3","1","1","0","0.9559","17","低"
"2024-11","嘉義","gas","氣體偵測","可燃性氣體低於20%LEL","68","66","64","2","0","1","0","0.9697","7","低"
"2024-11","嘉義","gas","氣體偵測","氧氣濃度符合標準","68","63","61","2","0","1","0","0.9683","7","低"
"2024-11","嘉義","gas","氣體偵測","有害氣體低於容許濃度","68","57","54","3","1","1","0","0.9474","17","低"
"2024-11","嘉義","gas","氣體偵測","上下午或連續測定紀錄完整","68","58","56","2","1","1","0","0.9655","15","低"
"2024-11","嘉義","fireExplosion","消防與防爆設備","20型滅火器配置足夠","68","61","58","3","1","1","0","0.9508","17","低"
"2024-11","嘉義","fireExplosion","消防與防爆設備","防爆電氣設備符合","68","58","56","2","0","1","0","0.9655","7","低"
"2024-11","嘉義","fireExplosion","消防與防爆設備","安全工具使用正確","68","67","64","3","1","1","0","0.9552","17","低"
"2024-11","嘉義","fireExplosion","消防與防爆設備","消防水帶或防火措施到位","68","58","56","2","1","0","0","0.9655","12","低"
"2024-11","嘉義","ppeHeight","PPE與高處防墜","個人防護具穿戴正確","68","58","56","2","1","1","0","0.9655","15","低"
"2024-11","嘉義","ppeHeight","PPE與高處防墜","安全帶/安全母索使用","68","65","63","2","1","1","0","0.9692","15","低"
"2024-11","嘉義","ppeHeight","PPE與高處防墜","施工架檢點合格","68","60","58","2","1","1","0","0.9667","15","低"
"2024-11","嘉義","ppeHeight","PPE與高處防墜","安全網或工作平台設置","68","68","65","3","1","1","0","0.9559","17","低"
"2024-11","嘉義","patrol","巡查會簽","轄區檢點簽認","68","66","63","3","0","1","0","0.9545","9","低"
"2024-11","嘉義","patrol","巡查會簽","監造巡查簽認","68","57","55","2","0","1","0","0.9649","7","低"
"2024-11","嘉義","patrol","巡查會簽","安衛人員巡查紀錄","68","56","54","2","0","0","0","0.9643","4","低"
"2024-11","嘉義","patrol","巡查會簽","異常已即時通知","68","61","59","2","0","1","0","0.9672","7","低"
"2024-11","嘉義","closeout","收工回簽與現場紀錄","環境整理完成","68","66","64","2","0","1","0","0.9697","7","低"
"2024-11","嘉義","closeout","收工回簽與現場紀錄","施工前後照片完整","68","64","62","2","0","1","0","0.9688","7","低"
"2024-11","嘉義","closeout","收工回簽與現場紀錄","氣體偵測照片上傳","68","66","64","2","0","1","0","0.9697","7","低"
"2024-11","嘉義","closeout","收工回簽與現場紀錄","改善事項結案佐證完整","68","57","55","2","0","1","0","0.9649","7","低"
"2024-12","嘉義","permit","許可基本資料","工作內容與地點完整","73","68","67","1","0","0","0","0.9853","2","低"
"2024-12","嘉義","permit","許可基本資料","作業分級正確","73","61","59","2","0","1","0","0.9672","7","低"
"2024-12","嘉義","permit","許可基本資料","核准工作時間明確","73","74","72","2","0","1","0","0.973","7","低"
"2024-12","嘉義","permit","許可基本資料","回簽資料完整","73","64","62","2","0","0","0","0.9688","4","低"
"2024-12","嘉義","workType","作業分級與工作項目","動火/非動火判定正確","73","65","63","2","0","1","0","0.9692","7","低"
"2024-12","嘉義","workType","作業分級與工作項目","A/B/C級作業判定正確","73","73","71","2","0","0","0","0.9726","4","低"
"2024-12","嘉義","workType","作業分級與工作項目","附加檢點表適用","73","67","65","2","0","0","0","0.9701","4","低"
"2024-12","嘉義","workType","作業分級與工作項目","延時工作經核准","73","61","59","2","0","1","0","0.9672","7","低"
"2024-12","嘉義","contractor","承攬商與人員資格","施工人員名冊完整","73","66","64","2","0","1","0","0.9697","7","低"
"2024-12","嘉義","contractor","承攬商與人員資格","工地負責人到場","73","62","60","2","0","1","0","0.9677","7","低"
"2024-12","嘉義","contractor","承攬商與人員資格","安衛人員到場","73","61","59","2","0","1","0","0.9672","7","低"
"2024-12","嘉義","contractor","承攬商與人員資格","特殊作業主管資格符合","73","61","59","2","0","1","0","0.9672","7","低"
"2024-12","嘉義","hazardNotice","危害告知","承攬商已知悉注意事項","73","61","60","1","0","0","0","0.9836","2","低"
"2024-12","嘉義","hazardNotice","危害告知","施工人員完成危害告知","73","61","59","2","0","1","0","0.9672","7","低"
"2024-12","嘉義","hazardNotice","危害告知","勤前教育紀錄完整","73","71","69","2","0","1","0","0.9718","7","低"
"2024-12","嘉義","hazardNotice","危害告知","緊急聯絡資訊明確","73","62","60","2","0","1","0","0.9677","7","低"
"2024-12","嘉義","isolation","環境安全隔離","設備管線已釋壓清洗","73","71","68","3","1","1","0","0.9577","17","低"
"2024-12","嘉義","isolation","環境安全隔離","進出口已關斷/盲封/掛牌","73","69","66","3","1","1","0","0.9565","17","低"
"2024-12","嘉義","isolation","環境安全隔離","電源隔離加鎖掛牌","73","63","60","3","1","1","0","0.9524","17","低"
"2024-12","嘉義","isolation","環境安全隔離","暗溝陰井已堵塞密封","73","68","66","2","0","1","0","0.9706","7","低"
"2024-12","嘉義","gas","氣體偵測","可燃性氣體低於20%LEL","73","62","60","2","1","1","0","0.9677","15","低"
"2024-12","嘉義","gas","氣體偵測","氧氣濃度符合標準","73","70","67","3","1","1","0","0.9571","17","低"
"2024-12","嘉義","gas","氣體偵測","有害氣體低於容許濃度","73","63","60","3","1","1","0","0.9524","17","低"
"2024-12","嘉義","gas","氣體偵測","上下午或連續測定紀錄完整","73","60","57","3","1","1","0","0.95","17","低"
"2024-12","嘉義","fireExplosion","消防與防爆設備","20型滅火器配置足夠","73","68","66","2","1","1","0","0.9706","15","低"
"2024-12","嘉義","fireExplosion","消防與防爆設備","防爆電氣設備符合","73","72","70","2","1","1","0","0.9722","15","低"
"2024-12","嘉義","fireExplosion","消防與防爆設備","安全工具使用正確","73","71","68","3","1","1","0","0.9577","17","低"
"2024-12","嘉義","fireExplosion","消防與防爆設備","消防水帶或防火措施到位","73","68","65","3","1","1","0","0.9559","17","低"
"2024-12","嘉義","ppeHeight","PPE與高處防墜","個人防護具穿戴正確","73","72","70","2","0","1","0","0.9722","7","低"
"2024-12","嘉義","ppeHeight","PPE與高處防墜","安全帶/安全母索使用","73","61","58","3","1","1","0","0.9508","17","低"
"2024-12","嘉義","ppeHeight","PPE與高處防墜","施工架檢點合格","73","73","70","3","1","1","0","0.9589","17","低"
"2024-12","嘉義","ppeHeight","PPE與高處防墜","安全網或工作平台設置","73","66","63","3","1","1","0","0.9545","17","低"
"2024-12","嘉義","patrol","巡查會簽","轄區檢點簽認","73","72","70","2","0","1","0","0.9722","7","低"
"2024-12","嘉義","patrol","巡查會簽","監造巡查簽認","73","67","65","2","0","1","0","0.9701","7","低"
"2024-12","嘉義","patrol","巡查會簽","安衛人員巡查紀錄","73","68","66","2","0","1","0","0.9706","7","低"
"2024-12","嘉義","patrol","巡查會簽","異常已即時通知","73","62","60","2","0","1","0","0.9677","7","低"
"2024-12","嘉義","closeout","收工回簽與現場紀錄","環境整理完成","73","62","60","2","0","1","0","0.9677","7","低"
"2024-12","嘉義","closeout","收工回簽與現場紀錄","施工前後照片完整","73","66","63","3","0","1","0","0.9545","9","低"
"2024-12","嘉義","closeout","收工回簽與現場紀錄","氣體偵測照片上傳","73","71","68","3","0","1","0","0.9577","9","低"
"2024-12","嘉義","closeout","收工回簽與現場紀錄","改善事項結案佐證完整","73","65","63","2","0","1","0","0.9692","7","低"
"2025-01","嘉義","permit","許可基本資料","工作內容與地點完整","75","67","66","1","0","0","0","0.9851","2","低"
"2025-01","嘉義","permit","許可基本資料","作業分級正確","75","73","71","2","0","0","0","0.9726","4","低"
"2025-01","嘉義","permit","許可基本資料","核准工作時間明確","75","74","72","2","0","1","0","0.973","7","低"
"2025-01","嘉義","permit","許可基本資料","回簽資料完整","75","70","68","2","0","1","0","0.9714","7","低"
"2025-01","嘉義","workType","作業分級與工作項目","動火/非動火判定正確","75","71","69","2","0","1","0","0.9718","7","低"
"2025-01","嘉義","workType","作業分級與工作項目","A/B/C級作業判定正確","75","64","62","2","0","1","0","0.9688","7","低"
"2025-01","嘉義","workType","作業分級與工作項目","附加檢點表適用","75","69","67","2","0","1","0","0.971","7","低"
"2025-01","嘉義","workType","作業分級與工作項目","延時工作經核准","75","74","72","2","0","1","0","0.973","7","低"
"2025-01","嘉義","contractor","承攬商與人員資格","施工人員名冊完整","75","62","60","2","0","1","0","0.9677","7","低"
"2025-01","嘉義","contractor","承攬商與人員資格","工地負責人到場","75","76","73","3","0","1","0","0.9605","9","低"
"2025-01","嘉義","contractor","承攬商與人員資格","安衛人員到場","75","70","68","2","0","1","0","0.9714","7","低"
"2025-01","嘉義","contractor","承攬商與人員資格","特殊作業主管資格符合","75","75","72","3","0","1","0","0.96","9","低"
"2025-01","嘉義","hazardNotice","危害告知","承攬商已知悉注意事項","75","73","71","2","0","1","0","0.9726","7","低"
"2025-01","嘉義","hazardNotice","危害告知","施工人員完成危害告知","75","64","63","1","0","0","0","0.9844","2","低"
"2025-01","嘉義","hazardNotice","危害告知","勤前教育紀錄完整","75","70","68","2","0","1","0","0.9714","7","低"
"2025-01","嘉義","hazardNotice","危害告知","緊急聯絡資訊明確","75","62","60","2","0","1","0","0.9677","7","低"
"2025-01","嘉義","isolation","環境安全隔離","設備管線已釋壓清洗","75","69","66","3","1","1","0","0.9565","17","低"
"2025-01","嘉義","isolation","環境安全隔離","進出口已關斷/盲封/掛牌","75","71","68","3","1","1","0","0.9577","17","低"
"2025-01","嘉義","isolation","環境安全隔離","電源隔離加鎖掛牌","75","70","67","3","1","1","0","0.9571","17","低"
"2025-01","嘉義","isolation","環境安全隔離","暗溝陰井已堵塞密封","75","66","63","3","1","1","0","0.9545","17","低"
"2025-01","嘉義","gas","氣體偵測","可燃性氣體低於20%LEL","75","72","69","3","1","1","0","0.9583","17","低"
"2025-01","嘉義","gas","氣體偵測","氧氣濃度符合標準","75","74","70","4","1","1","0","0.9459","19","中"
"2025-01","嘉義","gas","氣體偵測","有害氣體低於容許濃度","75","65","63","2","0","1","0","0.9692","7","低"
"2025-01","嘉義","gas","氣體偵測","上下午或連續測定紀錄完整","75","72","69","3","1","1","0","0.9583","17","低"
"2025-01","嘉義","fireExplosion","消防與防爆設備","20型滅火器配置足夠","75","76","73","3","1","1","0","0.9605","17","低"
"2025-01","嘉義","fireExplosion","消防與防爆設備","防爆電氣設備符合","75","75","72","3","1","1","0","0.96","17","低"
"2025-01","嘉義","fireExplosion","消防與防爆設備","安全工具使用正確","75","62","59","3","1","1","0","0.9516","17","低"
"2025-01","嘉義","fireExplosion","消防與防爆設備","消防水帶或防火措施到位","75","65","63","2","1","1","0","0.9692","15","低"
"2025-01","嘉義","ppeHeight","PPE與高處防墜","個人防護具穿戴正確","75","66","64","2","0","1","0","0.9697","7","低"
"2025-01","嘉義","ppeHeight","PPE與高處防墜","安全帶/安全母索使用","75","74","71","3","1","1","0","0.9595","17","低"
"2025-01","嘉義","ppeHeight","PPE與高處防墜","施工架檢點合格","75","63","60","3","1","1","0","0.9524","17","低"
"2025-01","嘉義","ppeHeight","PPE與高處防墜","安全網或工作平台設置","75","76","73","3","1","1","0","0.9605","17","低"
"2025-01","嘉義","patrol","巡查會簽","轄區檢點簽認","75","63","61","2","0","1","0","0.9683","7","低"
"2025-01","嘉義","patrol","巡查會簽","監造巡查簽認","75","73","71","2","0","0","0","0.9726","4","低"
"2025-01","嘉義","patrol","巡查會簽","安衛人員巡查紀錄","75","70","67","3","1","1","0","0.9571","17","低"
"2025-01","嘉義","patrol","巡查會簽","異常已即時通知","75","65","63","2","0","1","0","0.9692","7","低"
"2025-01","嘉義","closeout","收工回簽與現場紀錄","環境整理完成","75","73","70","3","0","1","0","0.9589","9","低"
"2025-01","嘉義","closeout","收工回簽與現場紀錄","施工前後照片完整","75","63","60","3","1","1","0","0.9524","17","低"
"2025-01","嘉義","closeout","收工回簽與現場紀錄","氣體偵測照片上傳","75","71","69","2","0","1","0","0.9718","7","低"
"2025-01","嘉義","closeout","收工回簽與現場紀錄","改善事項結案佐證完整","75","66","64","2","0","1","0","0.9697","7","低"
"2025-02","嘉義","permit","許可基本資料","工作內容與地點完整","80","66","65","1","0","0","0","0.9848","2","低"
"2025-02","嘉義","permit","許可基本資料","作業分級正確","80","75","73","2","0","0","0","0.9733","4","低"
"2025-02","嘉義","permit","許可基本資料","核准工作時間明確","80","74","72","2","0","1","0","0.973","7","低"
"2025-02","嘉義","permit","許可基本資料","回簽資料完整","80","77","75","2","0","1","0","0.974","7","低"
"2025-02","嘉義","workType","作業分級與工作項目","動火/非動火判定正確","80","76","74","2","0","1","0","0.9737","7","低"
"2025-02","嘉義","workType","作業分級與工作項目","A/B/C級作業判定正確","80","72","70","2","0","1","0","0.9722","7","低"
"2025-02","嘉義","workType","作業分級與工作項目","附加檢點表適用","80","79","77","2","0","1","0","0.9747","7","低"
"2025-02","嘉義","workType","作業分級與工作項目","延時工作經核准","80","78","76","2","0","1","0","0.9744","7","低"
"2025-02","嘉義","contractor","承攬商與人員資格","施工人員名冊完整","80","66","64","2","0","1","0","0.9697","7","低"
"2025-02","嘉義","contractor","承攬商與人員資格","工地負責人到場","80","76","74","2","0","1","0","0.9737","7","低"
"2025-02","嘉義","contractor","承攬商與人員資格","安衛人員到場","80","73","70","3","0","1","0","0.9589","9","低"
"2025-02","嘉義","contractor","承攬商與人員資格","特殊作業主管資格符合","80","70","68","2","0","1","0","0.9714","7","低"
"2025-02","嘉義","hazardNotice","危害告知","承攬商已知悉注意事項","80","73","71","2","0","0","0","0.9726","4","低"
"2025-02","嘉義","hazardNotice","危害告知","施工人員完成危害告知","80","72","70","2","0","1","0","0.9722","7","低"
"2025-02","嘉義","hazardNotice","危害告知","勤前教育紀錄完整","80","71","69","2","0","1","0","0.9718","7","低"
"2025-02","嘉義","hazardNotice","危害告知","緊急聯絡資訊明確","80","69","67","2","0","1","0","0.971","7","低"
"2025-02","嘉義","isolation","環境安全隔離","設備管線已釋壓清洗","80","74","71","3","1","1","0","0.9595","17","低"
"2025-02","嘉義","isolation","環境安全隔離","進出口已關斷/盲封/掛牌","80","81","78","3","1","1","0","0.963","17","低"
"2025-02","嘉義","isolation","環境安全隔離","電源隔離加鎖掛牌","80","77","75","2","1","1","0","0.974","15","低"
"2025-02","嘉義","isolation","環境安全隔離","暗溝陰井已堵塞密封","80","76","73","3","1","1","0","0.9605","17","低"
"2025-02","嘉義","gas","氣體偵測","可燃性氣體低於20%LEL","80","75","72","3","1","1","0","0.96","17","低"
"2025-02","嘉義","gas","氣體偵測","氧氣濃度符合標準","80","68","65","3","1","1","0","0.9559","17","低"
"2025-02","嘉義","gas","氣體偵測","有害氣體低於容許濃度","80","77","74","3","1","1","0","0.961","17","低"
"2025-02","嘉義","gas","氣體偵測","上下午或連續測定紀錄完整","80","70","68","2","1","1","0","0.9714","15","低"
"2025-02","嘉義","fireExplosion","消防與防爆設備","20型滅火器配置足夠","80","68","65","3","1","1","0","0.9559","17","低"
"2025-02","嘉義","fireExplosion","消防與防爆設備","防爆電氣設備符合","80","69","66","3","1","1","0","0.9565","17","低"
"2025-02","嘉義","fireExplosion","消防與防爆設備","安全工具使用正確","80","74","70","4","1","2","1","0.9459","27","中"
"2025-02","嘉義","fireExplosion","消防與防爆設備","消防水帶或防火措施到位","80","67","65","2","1","1","0","0.9701","15","低"
"2025-02","嘉義","ppeHeight","PPE與高處防墜","個人防護具穿戴正確","80","66","64","2","1","1","0","0.9697","15","低"
"2025-02","嘉義","ppeHeight","PPE與高處防墜","安全帶/安全母索使用","80","80","77","3","1","1","0","0.9625","17","低"
"2025-02","嘉義","ppeHeight","PPE與高處防墜","施工架檢點合格","80","76","74","2","1","1","0","0.9737","15","低"
"2025-02","嘉義","ppeHeight","PPE與高處防墜","安全網或工作平台設置","80","72","69","3","1","1","0","0.9583","17","低"
"2025-02","嘉義","patrol","巡查會簽","轄區檢點簽認","80","75","72","3","0","1","0","0.96","9","低"
"2025-02","嘉義","patrol","巡查會簽","監造巡查簽認","80","81","79","2","0","1","0","0.9753","7","低"
"2025-02","嘉義","patrol","巡查會簽","安衛人員巡查紀錄","80","71","69","2","0","1","0","0.9718","7","低"
"2025-02","嘉義","patrol","巡查會簽","異常已即時通知","80","80","77","3","1","1","0","0.9625","17","低"
"2025-02","嘉義","closeout","收工回簽與現場紀錄","環境整理完成","80","79","76","3","0","1","0","0.962","9","低"
"2025-02","嘉義","closeout","收工回簽與現場紀錄","施工前後照片完整","80","73","70","3","1","1","0","0.9589","17","低"
"2025-02","嘉義","closeout","收工回簽與現場紀錄","氣體偵測照片上傳","80","75","72","3","0","1","0","0.96","9","低"
"2025-02","嘉義","closeout","收工回簽與現場紀錄","改善事項結案佐證完整","80","71","69","2","0","1","0","0.9718","7","低"
"2025-03","嘉義","permit","許可基本資料","工作內容與地點完整","77","71","69","2","0","1","0","0.9718","7","低"
"2025-03","嘉義","permit","許可基本資料","作業分級正確","77","66","64","2","0","1","0","0.9697","7","低"
"2025-03","嘉義","permit","許可基本資料","核准工作時間明確","77","79","77","2","0","1","0","0.9747","7","低"
"2025-03","嘉義","permit","許可基本資料","回簽資料完整","77","66","64","2","0","1","0","0.9697","7","低"
"2025-03","嘉義","workType","作業分級與工作項目","動火/非動火判定正確","77","77","74","3","0","1","0","0.961","9","低"
"2025-03","嘉義","workType","作業分級與工作項目","A/B/C級作業判定正確","77","68","66","2","0","1","0","0.9706","7","低"
"2025-03","嘉義","workType","作業分級與工作項目","附加檢點表適用","77","74","72","2","0","1","0","0.973","7","低"
"2025-03","嘉義","workType","作業分級與工作項目","延時工作經核准","77","67","65","2","0","1","0","0.9701","7","低"
"2025-03","嘉義","contractor","承攬商與人員資格","施工人員名冊完整","77","70","68","2","0","1","0","0.9714","7","低"
"2025-03","嘉義","contractor","承攬商與人員資格","工地負責人到場","77","78","75","3","1","1","0","0.9615","17","低"
"2025-03","嘉義","contractor","承攬商與人員資格","安衛人員到場","77","68","66","2","0","1","0","0.9706","7","低"
"2025-03","嘉義","contractor","承攬商與人員資格","特殊作業主管資格符合","77","74","71","3","0","1","0","0.9595","9","低"
"2025-03","嘉義","hazardNotice","危害告知","承攬商已知悉注意事項","77","75","73","2","0","1","0","0.9733","7","低"
"2025-03","嘉義","hazardNotice","危害告知","施工人員完成危害告知","77","68","66","2","0","1","0","0.9706","7","低"
"2025-03","嘉義","hazardNotice","危害告知","勤前教育紀錄完整","77","69","67","2","0","1","0","0.971","7","低"
"2025-03","嘉義","hazardNotice","危害告知","緊急聯絡資訊明確","77","65","63","2","0","1","0","0.9692","7","低"
"2025-03","嘉義","isolation","環境安全隔離","設備管線已釋壓清洗","77","68","65","3","1","1","0","0.9559","17","低"
"2025-03","嘉義","isolation","環境安全隔離","進出口已關斷/盲封/掛牌","77","77","74","3","1","1","0","0.961","17","低"
"2025-03","嘉義","isolation","環境安全隔離","電源隔離加鎖掛牌","77","71","68","3","1","1","0","0.9577","17","低"
"2025-03","嘉義","isolation","環境安全隔離","暗溝陰井已堵塞密封","77","66","64","2","1","1","0","0.9697","15","低"
"2025-03","嘉義","gas","氣體偵測","可燃性氣體低於20%LEL","77","67","64","3","1","1","0","0.9552","17","低"
"2025-03","嘉義","gas","氣體偵測","氧氣濃度符合標準","77","78","74","4","1","2","1","0.9487","27","中"
"2025-03","嘉義","gas","氣體偵測","有害氣體低於容許濃度","77","76","73","3","1","1","0","0.9605","17","低"
"2025-03","嘉義","gas","氣體偵測","上下午或連續測定紀錄完整","77","77","75","2","1","1","0","0.974","15","低"
"2025-03","嘉義","fireExplosion","消防與防爆設備","20型滅火器配置足夠","77","63","61","2","1","1","0","0.9683","15","低"
"2025-03","嘉義","fireExplosion","消防與防爆設備","防爆電氣設備符合","77","67","64","3","1","1","0","0.9552","17","低"
"2025-03","嘉義","fireExplosion","消防與防爆設備","安全工具使用正確","77","67","65","2","1","1","0","0.9701","15","低"
"2025-03","嘉義","fireExplosion","消防與防爆設備","消防水帶或防火措施到位","77","64","61","3","1","1","0","0.9531","17","低"
"2025-03","嘉義","ppeHeight","PPE與高處防墜","個人防護具穿戴正確","77","73","70","3","1","1","0","0.9589","17","低"
"2025-03","嘉義","ppeHeight","PPE與高處防墜","安全帶/安全母索使用","77","65","62","3","1","1","0","0.9538","17","低"
"2025-03","嘉義","ppeHeight","PPE與高處防墜","施工架檢點合格","77","72","69","3","1","1","0","0.9583","17","低"
"2025-03","嘉義","ppeHeight","PPE與高處防墜","安全網或工作平台設置","77","78","75","3","1","1","0","0.9615","17","低"
"2025-03","嘉義","patrol","巡查會簽","轄區檢點簽認","77","71","69","2","0","1","0","0.9718","7","低"
"2025-03","嘉義","patrol","巡查會簽","監造巡查簽認","77","66","64","2","0","1","0","0.9697","7","低"
"2025-03","嘉義","patrol","巡查會簽","安衛人員巡查紀錄","77","72","70","2","0","1","0","0.9722","7","低"
"2025-03","嘉義","patrol","巡查會簽","異常已即時通知","77","72","70","2","0","1","0","0.9722","7","低"
"2025-03","嘉義","closeout","收工回簽與現場紀錄","環境整理完成","77","71","68","3","1","1","0","0.9577","17","低"
"2025-03","嘉義","closeout","收工回簽與現場紀錄","施工前後照片完整","77","70","68","2","0","1","0","0.9714","7","低"
"2025-03","嘉義","closeout","收工回簽與現場紀錄","氣體偵測照片上傳","77","70","68","2","0","0","0","0.9714","4","低"
"2025-03","嘉義","closeout","收工回簽與現場紀錄","改善事項結案佐證完整","77","68","66","2","0","1","0","0.9706","7","低"
"2025-04","嘉義","permit","許可基本資料","工作內容與地點完整","76","69","67","2","0","1","0","0.971","7","低"
"2025-04","嘉義","permit","許可基本資料","作業分級正確","76","69","68","1","0","0","0","0.9855","2","低"
"2025-04","嘉義","permit","許可基本資料","核准工作時間明確","76","67","65","2","0","1","0","0.9701","7","低"
"2025-04","嘉義","permit","許可基本資料","回簽資料完整","76","75","73","2","0","1","0","0.9733","7","低"
"2025-04","嘉義","workType","作業分級與工作項目","動火/非動火判定正確","76","66","64","2","0","0","0","0.9697","4","低"
"2025-04","嘉義","workType","作業分級與工作項目","A/B/C級作業判定正確","76","64","62","2","0","1","0","0.9688","7","低"
"2025-04","嘉義","workType","作業分級與工作項目","附加檢點表適用","76","67","65","2","0","1","0","0.9701","7","低"
"2025-04","嘉義","workType","作業分級與工作項目","延時工作經核准","76","73","71","2","0","1","0","0.9726","7","低"
"2025-04","嘉義","contractor","承攬商與人員資格","施工人員名冊完整","76","66","64","2","0","1","0","0.9697","7","低"
"2025-04","嘉義","contractor","承攬商與人員資格","工地負責人到場","76","76","73","3","1","1","0","0.9605","17","低"
"2025-04","嘉義","contractor","承攬商與人員資格","安衛人員到場","76","66","64","2","0","1","0","0.9697","7","低"
"2025-04","嘉義","contractor","承攬商與人員資格","特殊作業主管資格符合","76","76","73","3","0","1","0","0.9605","9","低"
"2025-04","嘉義","hazardNotice","危害告知","承攬商已知悉注意事項","76","73","71","2","0","1","0","0.9726","7","低"
"2025-04","嘉義","hazardNotice","危害告知","施工人員完成危害告知","76","67","65","2","0","1","0","0.9701","7","低"
"2025-04","嘉義","hazardNotice","危害告知","勤前教育紀錄完整","76","73","71","2","0","1","0","0.9726","7","低"
"2025-04","嘉義","hazardNotice","危害告知","緊急聯絡資訊明確","76","72","70","2","0","1","0","0.9722","7","低"
"2025-04","嘉義","isolation","環境安全隔離","設備管線已釋壓清洗","76","68","65","3","1","1","0","0.9559","17","低"
"2025-04","嘉義","isolation","環境安全隔離","進出口已關斷/盲封/掛牌","76","69","66","3","1","1","0","0.9565","17","低"
"2025-04","嘉義","isolation","環境安全隔離","電源隔離加鎖掛牌","76","70","67","3","1","1","0","0.9571","17","低"
"2025-04","嘉義","isolation","環境安全隔離","暗溝陰井已堵塞密封","76","67","65","2","1","0","0","0.9701","12","低"
"2025-04","嘉義","gas","氣體偵測","可燃性氣體低於20%LEL","76","66","63","3","1","1","0","0.9545","17","低"
"2025-04","嘉義","gas","氣體偵測","氧氣濃度符合標準","76","64","61","3","1","1","0","0.9531","17","低"
"2025-04","嘉義","gas","氣體偵測","有害氣體低於容許濃度","76","67","64","3","1","1","0","0.9552","17","低"
"2025-04","嘉義","gas","氣體偵測","上下午或連續測定紀錄完整","76","71","68","3","1","1","0","0.9577","17","低"
"2025-04","嘉義","fireExplosion","消防與防爆設備","20型滅火器配置足夠","76","67","64","3","1","1","0","0.9552","17","低"
"2025-04","嘉義","fireExplosion","消防與防爆設備","防爆電氣設備符合","76","66","64","2","0","1","0","0.9697","7","低"
"2025-04","嘉義","fireExplosion","消防與防爆設備","安全工具使用正確","76","63","60","3","1","1","0","0.9524","17","低"
"2025-04","嘉義","fireExplosion","消防與防爆設備","消防水帶或防火措施到位","76","72","69","3","1","1","0","0.9583","17","低"
"2025-04","嘉義","ppeHeight","PPE與高處防墜","個人防護具穿戴正確","76","65","62","3","1","1","0","0.9538","17","低"
"2025-04","嘉義","ppeHeight","PPE與高處防墜","安全帶/安全母索使用","76","70","67","3","1","1","0","0.9571","17","低"
"2025-04","嘉義","ppeHeight","PPE與高處防墜","施工架檢點合格","76","73","70","3","1","1","0","0.9589","17","低"
"2025-04","嘉義","ppeHeight","PPE與高處防墜","安全網或工作平台設置","76","71","68","3","1","1","0","0.9577","17","低"
"2025-04","嘉義","patrol","巡查會簽","轄區檢點簽認","76","67","65","2","0","1","0","0.9701","7","低"
"2025-04","嘉義","patrol","巡查會簽","監造巡查簽認","76","67","65","2","0","1","0","0.9701","7","低"
"2025-04","嘉義","patrol","巡查會簽","安衛人員巡查紀錄","76","71","68","3","0","1","0","0.9577","9","低"
"2025-04","嘉義","patrol","巡查會簽","異常已即時通知","76","76","74","2","0","1","0","0.9737","7","低"
"2025-04","嘉義","closeout","收工回簽與現場紀錄","環境整理完成","76","69","66","3","1","1","0","0.9565","17","低"
"2025-04","嘉義","closeout","收工回簽與現場紀錄","施工前後照片完整","76","62","59","3","0","1","0","0.9516","9","低"
"2025-04","嘉義","closeout","收工回簽與現場紀錄","氣體偵測照片上傳","76","71","69","2","0","1","0","0.9718","7","低"
"2025-04","嘉義","closeout","收工回簽與現場紀錄","改善事項結案佐證完整","76","64","62","2","0","1","0","0.9688","7","低"
"2025-05","嘉義","permit","許可基本資料","工作內容與地點完整","77","72","70","2","0","1","0","0.9722","7","低"
"2025-05","嘉義","permit","許可基本資料","作業分級正確","77","67","65","2","0","1","0","0.9701","7","低"
"2025-05","嘉義","permit","許可基本資料","核准工作時間明確","77","68","66","2","0","1","0","0.9706","7","低"
"2025-05","嘉義","permit","許可基本資料","回簽資料完整","77","75","73","2","0","1","0","0.9733","7","低"
"2025-05","嘉義","workType","作業分級與工作項目","動火/非動火判定正確","77","77","75","2","0","1","0","0.974","7","低"
"2025-05","嘉義","workType","作業分級與工作項目","A/B/C級作業判定正確","77","66","64","2","0","1","0","0.9697","7","低"
"2025-05","嘉義","workType","作業分級與工作項目","附加檢點表適用","77","73","71","2","0","1","0","0.9726","7","低"
"2025-05","嘉義","workType","作業分級與工作項目","延時工作經核准","77","68","66","2","0","1","0","0.9706","7","低"
"2025-05","嘉義","contractor","承攬商與人員資格","施工人員名冊完整","77","68","65","3","0","1","0","0.9559","9","低"
"2025-05","嘉義","contractor","承攬商與人員資格","工地負責人到場","77","65","63","2","0","0","0","0.9692","4","低"
"2025-05","嘉義","contractor","承攬商與人員資格","安衛人員到場","77","67","65","2","0","1","0","0.9701","7","低"
"2025-05","嘉義","contractor","承攬商與人員資格","特殊作業主管資格符合","77","76","73","3","0","1","0","0.9605","9","低"
"2025-05","嘉義","hazardNotice","危害告知","承攬商已知悉注意事項","77","77","75","2","0","1","0","0.974","7","低"
"2025-05","嘉義","hazardNotice","危害告知","施工人員完成危害告知","77","75","73","2","0","1","0","0.9733","7","低"
"2025-05","嘉義","hazardNotice","危害告知","勤前教育紀錄完整","77","71","69","2","0","1","0","0.9718","7","低"
"2025-05","嘉義","hazardNotice","危害告知","緊急聯絡資訊明確","77","67","66","1","0","0","0","0.9851","2","低"
"2025-05","嘉義","isolation","環境安全隔離","設備管線已釋壓清洗","77","63","61","2","1","1","0","0.9683","15","低"
"2025-05","嘉義","isolation","環境安全隔離","進出口已關斷/盲封/掛牌","77","68","65","3","1","1","0","0.9559","17","低"
"2025-05","嘉義","isolation","環境安全隔離","電源隔離加鎖掛牌","77","66","64","2","1","1","0","0.9697","15","低"
"2025-05","嘉義","isolation","環境安全隔離","暗溝陰井已堵塞密封","77","77","74","3","1","1","0","0.961","17","低"
"2025-05","嘉義","gas","氣體偵測","可燃性氣體低於20%LEL","77","74","72","2","1","1","0","0.973","15","低"
"2025-05","嘉義","gas","氣體偵測","氧氣濃度符合標準","77","70","67","3","1","1","0","0.9571","17","低"
"2025-05","嘉義","gas","氣體偵測","有害氣體低於容許濃度","77","73","70","3","1","1","0","0.9589","17","低"
"2025-05","嘉義","gas","氣體偵測","上下午或連續測定紀錄完整","77","70","67","3","1","1","0","0.9571","17","低"
"2025-05","嘉義","fireExplosion","消防與防爆設備","20型滅火器配置足夠","77","77","73","4","1","2","1","0.9481","27","中"
"2025-05","嘉義","fireExplosion","消防與防爆設備","防爆電氣設備符合","77","71","68","3","1","1","0","0.9577","17","低"
"2025-05","嘉義","fireExplosion","消防與防爆設備","安全工具使用正確","77","68","65","3","1","1","0","0.9559","17","低"
"2025-05","嘉義","fireExplosion","消防與防爆設備","消防水帶或防火措施到位","77","73","70","3","1","1","0","0.9589","17","低"
"2025-05","嘉義","ppeHeight","PPE與高處防墜","個人防護具穿戴正確","77","73","70","3","1","1","0","0.9589","17","低"
"2025-05","嘉義","ppeHeight","PPE與高處防墜","安全帶/安全母索使用","77","72","69","3","1","1","0","0.9583","17","低"
"2025-05","嘉義","ppeHeight","PPE與高處防墜","施工架檢點合格","77","70","67","3","1","1","0","0.9571","17","低"
"2025-05","嘉義","ppeHeight","PPE與高處防墜","安全網或工作平台設置","77","69","66","3","1","1","0","0.9565","17","低"
"2025-05","嘉義","patrol","巡查會簽","轄區檢點簽認","77","69","67","2","0","1","0","0.971","7","低"
"2025-05","嘉義","patrol","巡查會簽","監造巡查簽認","77","65","63","2","0","1","0","0.9692","7","低"
"2025-05","嘉義","patrol","巡查會簽","安衛人員巡查紀錄","77","65","63","2","0","1","0","0.9692","7","低"
"2025-05","嘉義","patrol","巡查會簽","異常已即時通知","77","71","69","2","0","0","0","0.9718","4","低"
"2025-05","嘉義","closeout","收工回簽與現場紀錄","環境整理完成","77","72","70","2","0","1","0","0.9722","7","低"
"2025-05","嘉義","closeout","收工回簽與現場紀錄","施工前後照片完整","77","67","65","2","0","1","0","0.9701","7","低"
"2025-05","嘉義","closeout","收工回簽與現場紀錄","氣體偵測照片上傳","77","66","64","2","0","1","0","0.9697","7","低"
"2025-05","嘉義","closeout","收工回簽與現場紀錄","改善事項結案佐證完整","77","72","69","3","0","1","0","0.9583","9","低"
"2025-06","嘉義","permit","許可基本資料","工作內容與地點完整","67","64","62","2","0","1","0","0.9688","7","低"
"2025-06","嘉義","permit","許可基本資料","作業分級正確","67","61","60","1","0","0","0","0.9836","2","低"
"2025-06","嘉義","permit","許可基本資料","核准工作時間明確","67","56","55","1","0","0","0","0.9821","2","低"
"2025-06","嘉義","permit","許可基本資料","回簽資料完整","67","64","62","2","0","1","0","0.9688","7","低"
"2025-06","嘉義","workType","作業分級與工作項目","動火/非動火判定正確","67","68","66","2","0","1","0","0.9706","7","低"
"2025-06","嘉義","workType","作業分級與工作項目","A/B/C級作業判定正確","67","61","59","2","0","1","0","0.9672","7","低"
"2025-06","嘉義","workType","作業分級與工作項目","附加檢點表適用","67","67","65","2","0","1","0","0.9701","7","低"
"2025-06","嘉義","workType","作業分級與工作項目","延時工作經核准","67","59","57","2","0","1","0","0.9661","7","低"
"2025-06","嘉義","contractor","承攬商與人員資格","施工人員名冊完整","67","61","59","2","0","1","0","0.9672","7","低"
"2025-06","嘉義","contractor","承攬商與人員資格","工地負責人到場","67","59","57","2","0","1","0","0.9661","7","低"
"2025-06","嘉義","contractor","承攬商與人員資格","安衛人員到場","67","65","63","2","0","0","0","0.9692","4","低"
"2025-06","嘉義","contractor","承攬商與人員資格","特殊作業主管資格符合","67","65","63","2","0","1","0","0.9692","7","低"
"2025-06","嘉義","hazardNotice","危害告知","承攬商已知悉注意事項","67","63","61","2","0","1","0","0.9683","7","低"
"2025-06","嘉義","hazardNotice","危害告知","施工人員完成危害告知","67","66","64","2","0","1","0","0.9697","7","低"
"2025-06","嘉義","hazardNotice","危害告知","勤前教育紀錄完整","67","65","63","2","0","1","0","0.9692","7","低"
"2025-06","嘉義","hazardNotice","危害告知","緊急聯絡資訊明確","67","59","57","2","0","1","0","0.9661","7","低"
"2025-06","嘉義","isolation","環境安全隔離","設備管線已釋壓清洗","67","66","64","2","1","1","0","0.9697","15","低"
"2025-06","嘉義","isolation","環境安全隔離","進出口已關斷/盲封/掛牌","67","56","54","2","1","1","0","0.9643","15","低"
"2025-06","嘉義","isolation","環境安全隔離","電源隔離加鎖掛牌","67","64","62","2","1","1","0","0.9688","15","低"
"2025-06","嘉義","isolation","環境安全隔離","暗溝陰井已堵塞密封","67","65","63","2","1","1","0","0.9692","15","低"
"2025-06","嘉義","gas","氣體偵測","可燃性氣體低於20%LEL","67","60","57","3","1","1","0","0.95","17","低"
"2025-06","嘉義","gas","氣體偵測","氧氣濃度符合標準","67","62","59","3","1","1","0","0.9516","17","低"
"2025-06","嘉義","gas","氣體偵測","有害氣體低於容許濃度","67","63","61","2","0","0","0","0.9683","4","低"
"2025-06","嘉義","gas","氣體偵測","上下午或連續測定紀錄完整","67","60","58","2","1","1","0","0.9667","15","低"
"2025-06","嘉義","fireExplosion","消防與防爆設備","20型滅火器配置足夠","67","59","57","2","0","1","0","0.9661","7","低"
"2025-06","嘉義","fireExplosion","消防與防爆設備","防爆電氣設備符合","67","65","62","3","1","1","0","0.9538","17","低"
"2025-06","嘉義","fireExplosion","消防與防爆設備","安全工具使用正確","67","60","58","2","1","1","0","0.9667","15","低"
"2025-06","嘉義","fireExplosion","消防與防爆設備","消防水帶或防火措施到位","67","68","65","3","1","1","0","0.9559","17","低"
"2025-06","嘉義","ppeHeight","PPE與高處防墜","個人防護具穿戴正確","67","61","58","3","1","1","0","0.9508","17","低"
"2025-06","嘉義","ppeHeight","PPE與高處防墜","安全帶/安全母索使用","67","56","54","2","1","1","0","0.9643","15","低"
"2025-06","嘉義","ppeHeight","PPE與高處防墜","施工架檢點合格","67","68","65","3","1","1","0","0.9559","17","低"
"2025-06","嘉義","ppeHeight","PPE與高處防墜","安全網或工作平台設置","67","56","54","2","0","0","0","0.9643","4","低"
"2025-06","嘉義","patrol","巡查會簽","轄區檢點簽認","67","60","58","2","0","1","0","0.9667","7","低"
"2025-06","嘉義","patrol","巡查會簽","監造巡查簽認","67","66","64","2","0","1","0","0.9697","7","低"
"2025-06","嘉義","patrol","巡查會簽","安衛人員巡查紀錄","67","65","63","2","0","1","0","0.9692","7","低"
"2025-06","嘉義","patrol","巡查會簽","異常已即時通知","67","55","54","1","0","0","0","0.9818","2","低"
"2025-06","嘉義","closeout","收工回簽與現場紀錄","環境整理完成","67","58","56","2","0","1","0","0.9655","7","低"
"2025-06","嘉義","closeout","收工回簽與現場紀錄","施工前後照片完整","67","58","56","2","0","1","0","0.9655","7","低"
"2025-06","嘉義","closeout","收工回簽與現場紀錄","氣體偵測照片上傳","67","56","54","2","0","1","0","0.9643","7","低"
"2025-06","嘉義","closeout","收工回簽與現場紀錄","改善事項結案佐證完整","67","63","61","2","0","1","0","0.9683","7","低"
"2025-07","嘉義","permit","許可基本資料","工作內容與地點完整","70","62","60","2","0","1","0","0.9677","7","低"
"2025-07","嘉義","permit","許可基本資料","作業分級正確","70","68","66","2","0","0","0","0.9706","4","低"
"2025-07","嘉義","permit","許可基本資料","核准工作時間明確","70","68","66","2","0","1","0","0.9706","7","低"
"2025-07","嘉義","permit","許可基本資料","回簽資料完整","70","60","59","1","0","0","0","0.9833","2","低"
"2025-07","嘉義","workType","作業分級與工作項目","動火/非動火判定正確","70","62","60","2","0","1","0","0.9677","7","低"
"2025-07","嘉義","workType","作業分級與工作項目","A/B/C級作業判定正確","70","65","63","2","0","1","0","0.9692","7","低"
"2025-07","嘉義","workType","作業分級與工作項目","附加檢點表適用","70","62","60","2","0","1","0","0.9677","7","低"
"2025-07","嘉義","workType","作業分級與工作項目","延時工作經核准","70","66","64","2","0","1","0","0.9697","7","低"
"2025-07","嘉義","contractor","承攬商與人員資格","施工人員名冊完整","70","58","56","2","0","1","0","0.9655","7","低"
"2025-07","嘉義","contractor","承攬商與人員資格","工地負責人到場","70","63","61","2","0","1","0","0.9683","7","低"
"2025-07","嘉義","contractor","承攬商與人員資格","安衛人員到場","70","69","67","2","0","1","0","0.971","7","低"
"2025-07","嘉義","contractor","承攬商與人員資格","特殊作業主管資格符合","70","61","59","2","0","1","0","0.9672","7","低"
"2025-07","嘉義","hazardNotice","危害告知","承攬商已知悉注意事項","70","71","69","2","0","1","0","0.9718","7","低"
"2025-07","嘉義","hazardNotice","危害告知","施工人員完成危害告知","70","65","63","2","0","1","0","0.9692","7","低"
"2025-07","嘉義","hazardNotice","危害告知","勤前教育紀錄完整","70","59","58","1","0","0","0","0.9831","2","低"
"2025-07","嘉義","hazardNotice","危害告知","緊急聯絡資訊明確","70","68","66","2","0","1","0","0.9706","7","低"
"2025-07","嘉義","isolation","環境安全隔離","設備管線已釋壓清洗","70","64","62","2","1","1","0","0.9688","15","低"
"2025-07","嘉義","isolation","環境安全隔離","進出口已關斷/盲封/掛牌","70","60","58","2","1","1","0","0.9667","15","低"
"2025-07","嘉義","isolation","環境安全隔離","電源隔離加鎖掛牌","70","62","60","2","1","1","0","0.9677","15","低"
"2025-07","嘉義","isolation","環境安全隔離","暗溝陰井已堵塞密封","70","58","56","2","0","1","0","0.9655","7","低"
"2025-07","嘉義","gas","氣體偵測","可燃性氣體低於20%LEL","70","61","58","3","1","1","0","0.9508","17","低"
"2025-07","嘉義","gas","氣體偵測","氧氣濃度符合標準","70","67","64","3","1","1","0","0.9552","17","低"
"2025-07","嘉義","gas","氣體偵測","有害氣體低於容許濃度","70","64","61","3","1","1","0","0.9531","17","低"
"2025-07","嘉義","gas","氣體偵測","上下午或連續測定紀錄完整","70","69","66","3","1","1","0","0.9565","17","低"
"2025-07","嘉義","fireExplosion","消防與防爆設備","20型滅火器配置足夠","70","62","59","3","1","1","0","0.9516","17","低"
"2025-07","嘉義","fireExplosion","消防與防爆設備","防爆電氣設備符合","70","63","61","2","0","1","0","0.9683","7","低"
"2025-07","嘉義","fireExplosion","消防與防爆設備","安全工具使用正確","70","60","58","2","1","1","0","0.9667","15","低"
"2025-07","嘉義","fireExplosion","消防與防爆設備","消防水帶或防火措施到位","70","69","67","2","0","1","0","0.971","7","低"
"2025-07","嘉義","ppeHeight","PPE與高處防墜","個人防護具穿戴正確","70","60","58","2","1","1","0","0.9667","15","低"
"2025-07","嘉義","ppeHeight","PPE與高處防墜","安全帶/安全母索使用","70","62","60","2","1","1","0","0.9677","15","低"
"2025-07","嘉義","ppeHeight","PPE與高處防墜","施工架檢點合格","70","68","65","3","1","1","0","0.9559","17","低"
"2025-07","嘉義","ppeHeight","PPE與高處防墜","安全網或工作平台設置","70","67","65","2","1","1","0","0.9701","15","低"
"2025-07","嘉義","patrol","巡查會簽","轄區檢點簽認","70","60","58","2","0","0","0","0.9667","4","低"
"2025-07","嘉義","patrol","巡查會簽","監造巡查簽認","70","61","59","2","0","1","0","0.9672","7","低"
"2025-07","嘉義","patrol","巡查會簽","安衛人員巡查紀錄","70","64","62","2","0","0","0","0.9688","4","低"
"2025-07","嘉義","patrol","巡查會簽","異常已即時通知","70","70","68","2","0","1","0","0.9714","7","低"
"2025-07","嘉義","closeout","收工回簽與現場紀錄","環境整理完成","70","62","60","2","0","1","0","0.9677","7","低"
"2025-07","嘉義","closeout","收工回簽與現場紀錄","施工前後照片完整","70","66","64","2","0","1","0","0.9697","7","低"
"2025-07","嘉義","closeout","收工回簽與現場紀錄","氣體偵測照片上傳","70","69","67","2","0","1","0","0.971","7","低"
"2025-07","嘉義","closeout","收工回簽與現場紀錄","改善事項結案佐證完整","70","60","58","2","0","1","0","0.9667","7","低"
"2025-08","嘉義","permit","許可基本資料","工作內容與地點完整","74","65","63","2","0","1","0","0.9692","7","低"
"2025-08","嘉義","permit","許可基本資料","作業分級正確","74","61","60","1","0","0","0","0.9836","2","低"
"2025-08","嘉義","permit","許可基本資料","核准工作時間明確","74","69","67","2","0","1","0","0.971","7","低"
"2025-08","嘉義","permit","許可基本資料","回簽資料完整","74","75","73","2","0","1","0","0.9733","7","低"
"2025-08","嘉義","workType","作業分級與工作項目","動火/非動火判定正確","74","68","66","2","0","1","0","0.9706","7","低"
"2025-08","嘉義","workType","作業分級與工作項目","A/B/C級作業判定正確","74","73","71","2","0","1","0","0.9726","7","低"
"2025-08","嘉義","workType","作業分級與工作項目","附加檢點表適用","74","69","67","2","0","1","0","0.971","7","低"
"2025-08","嘉義","workType","作業分級與工作項目","延時工作經核准","74","71","69","2","0","1","0","0.9718","7","低"
"2025-08","嘉義","contractor","承攬商與人員資格","施工人員名冊完整","74","73","71","2","0","1","0","0.9726","7","低"
"2025-08","嘉義","contractor","承攬商與人員資格","工地負責人到場","74","67","65","2","0","1","0","0.9701","7","低"
"2025-08","嘉義","contractor","承攬商與人員資格","安衛人員到場","74","70","68","2","0","1","0","0.9714","7","低"
"2025-08","嘉義","contractor","承攬商與人員資格","特殊作業主管資格符合","74","69","67","2","0","1","0","0.971","7","低"
"2025-08","嘉義","hazardNotice","危害告知","承攬商已知悉注意事項","74","65","63","2","0","1","0","0.9692","7","低"
"2025-08","嘉義","hazardNotice","危害告知","施工人員完成危害告知","74","66","64","2","0","1","0","0.9697","7","低"
"2025-08","嘉義","hazardNotice","危害告知","勤前教育紀錄完整","74","74","72","2","0","0","0","0.973","4","低"
"2025-08","嘉義","hazardNotice","危害告知","緊急聯絡資訊明確","74","61","59","2","0","1","0","0.9672","7","低"
"2025-08","嘉義","isolation","環境安全隔離","設備管線已釋壓清洗","74","72","69","3","1","1","0","0.9583","17","低"
"2025-08","嘉義","isolation","環境安全隔離","進出口已關斷/盲封/掛牌","74","65","62","3","1","1","0","0.9538","17","低"
"2025-08","嘉義","isolation","環境安全隔離","電源隔離加鎖掛牌","74","73","70","3","1","1","0","0.9589","17","低"
"2025-08","嘉義","isolation","環境安全隔離","暗溝陰井已堵塞密封","74","65","62","3","1","1","0","0.9538","17","低"
"2025-08","嘉義","gas","氣體偵測","可燃性氣體低於20%LEL","74","71","68","3","1","1","0","0.9577","17","低"
"2025-08","嘉義","gas","氣體偵測","氧氣濃度符合標準","74","61","58","3","1","1","0","0.9508","17","低"
"2025-08","嘉義","gas","氣體偵測","有害氣體低於容許濃度","74","66","64","2","0","1","0","0.9697","7","低"
"2025-08","嘉義","gas","氣體偵測","上下午或連續測定紀錄完整","74","69","66","3","1","1","0","0.9565","17","低"
"2025-08","嘉義","fireExplosion","消防與防爆設備","20型滅火器配置足夠","74","67","64","3","1","1","0","0.9552","17","低"
"2025-08","嘉義","fireExplosion","消防與防爆設備","防爆電氣設備符合","74","63","60","3","1","1","0","0.9524","17","低"
"2025-08","嘉義","fireExplosion","消防與防爆設備","安全工具使用正確","74","64","62","2","1","1","0","0.9688","15","低"
"2025-08","嘉義","fireExplosion","消防與防爆設備","消防水帶或防火措施到位","74","70","67","3","1","1","0","0.9571","17","低"
"2025-08","嘉義","ppeHeight","PPE與高處防墜","個人防護具穿戴正確","74","66","63","3","1","1","0","0.9545","17","低"
"2025-08","嘉義","ppeHeight","PPE與高處防墜","安全帶/安全母索使用","74","62","59","3","1","1","0","0.9516","17","低"
"2025-08","嘉義","ppeHeight","PPE與高處防墜","施工架檢點合格","74","65","62","3","1","1","0","0.9538","17","低"
"2025-08","嘉義","ppeHeight","PPE與高處防墜","安全網或工作平台設置","74","73","70","3","1","1","0","0.9589","17","低"
"2025-08","嘉義","patrol","巡查會簽","轄區檢點簽認","74","74","72","2","0","1","0","0.973","7","低"
"2025-08","嘉義","patrol","巡查會簽","監造巡查簽認","74","65","63","2","0","1","0","0.9692","7","低"
"2025-08","嘉義","patrol","巡查會簽","安衛人員巡查紀錄","74","73","71","2","0","1","0","0.9726","7","低"
"2025-08","嘉義","patrol","巡查會簽","異常已即時通知","74","65","63","2","0","1","0","0.9692","7","低"
"2025-08","嘉義","closeout","收工回簽與現場紀錄","環境整理完成","74","75","72","3","0","1","0","0.96","9","低"
"2025-08","嘉義","closeout","收工回簽與現場紀錄","施工前後照片完整","74","65","62","3","0","1","0","0.9538","9","低"
"2025-08","嘉義","closeout","收工回簽與現場紀錄","氣體偵測照片上傳","74","62","59","3","0","1","0","0.9516","9","低"
"2025-08","嘉義","closeout","收工回簽與現場紀錄","改善事項結案佐證完整","74","63","61","2","0","1","0","0.9683","7","低"
"2025-09","嘉義","permit","許可基本資料","工作內容與地點完整","65","55","54","1","0","0","0","0.9818","2","低"
"2025-09","嘉義","permit","許可基本資料","作業分級正確","65","56","55","1","0","0","0","0.9821","2","低"
"2025-09","嘉義","permit","許可基本資料","核准工作時間明確","65","65","64","1","0","0","0","0.9846","2","低"
"2025-09","嘉義","permit","許可基本資料","回簽資料完整","65","55","54","1","0","0","0","0.9818","2","低"
"2025-09","嘉義","workType","作業分級與工作項目","動火/非動火判定正確","65","63","61","2","0","1","0","0.9683","7","低"
"2025-09","嘉義","workType","作業分級與工作項目","A/B/C級作業判定正確","65","56","54","2","0","1","0","0.9643","7","低"
"2025-09","嘉義","workType","作業分級與工作項目","附加檢點表適用","65","59","57","2","0","1","0","0.9661","7","低"
"2025-09","嘉義","workType","作業分級與工作項目","延時工作經核准","65","58","56","2","0","1","0","0.9655","7","低"
"2025-09","嘉義","contractor","承攬商與人員資格","施工人員名冊完整","65","65","63","2","0","1","0","0.9692","7","低"
"2025-09","嘉義","contractor","承攬商與人員資格","工地負責人到場","65","61","59","2","0","1","0","0.9672","7","低"
"2025-09","嘉義","contractor","承攬商與人員資格","安衛人員到場","65","57","55","2","0","0","0","0.9649","4","低"
"2025-09","嘉義","contractor","承攬商與人員資格","特殊作業主管資格符合","65","66","63","3","0","1","0","0.9545","9","低"
"2025-09","嘉義","hazardNotice","危害告知","承攬商已知悉注意事項","65","65","64","1","0","0","0","0.9846","2","低"
"2025-09","嘉義","hazardNotice","危害告知","施工人員完成危害告知","65","65","63","2","0","1","0","0.9692","7","低"
"2025-09","嘉義","hazardNotice","危害告知","勤前教育紀錄完整","65","60","59","1","0","0","0","0.9833","2","低"
"2025-09","嘉義","hazardNotice","危害告知","緊急聯絡資訊明確","65","59","57","2","0","1","0","0.9661","7","低"
"2025-09","嘉義","isolation","環境安全隔離","設備管線已釋壓清洗","65","65","62","3","1","1","0","0.9538","17","低"
"2025-09","嘉義","isolation","環境安全隔離","進出口已關斷/盲封/掛牌","65","54","52","2","1","0","0","0.963","12","低"
"2025-09","嘉義","isolation","環境安全隔離","電源隔離加鎖掛牌","65","60","58","2","1","1","0","0.9667","15","低"
"2025-09","嘉義","isolation","環境安全隔離","暗溝陰井已堵塞密封","65","54","52","2","1","1","0","0.963","15","低"
"2025-09","嘉義","gas","氣體偵測","可燃性氣體低於20%LEL","65","60","57","3","1","1","0","0.95","17","低"
"2025-09","嘉義","gas","氣體偵測","氧氣濃度符合標準","65","54","52","2","1","1","0","0.963","15","低"
"2025-09","嘉義","gas","氣體偵測","有害氣體低於容許濃度","65","66","63","3","1","1","0","0.9545","17","低"
"2025-09","嘉義","gas","氣體偵測","上下午或連續測定紀錄完整","65","57","55","2","1","1","0","0.9649","15","低"
"2025-09","嘉義","fireExplosion","消防與防爆設備","20型滅火器配置足夠","65","54","52","2","1","1","0","0.963","15","低"
"2025-09","嘉義","fireExplosion","消防與防爆設備","防爆電氣設備符合","65","60","58","2","1","1","0","0.9667","15","低"
"2025-09","嘉義","fireExplosion","消防與防爆設備","安全工具使用正確","65","66","63","3","1","1","0","0.9545","17","低"
"2025-09","嘉義","fireExplosion","消防與防爆設備","消防水帶或防火措施到位","65","60","58","2","1","1","0","0.9667","15","低"
"2025-09","嘉義","ppeHeight","PPE與高處防墜","個人防護具穿戴正確","65","56","54","2","1","1","0","0.9643","15","低"
"2025-09","嘉義","ppeHeight","PPE與高處防墜","安全帶/安全母索使用","65","65","62","3","1","1","0","0.9538","17","低"
"2025-09","嘉義","ppeHeight","PPE與高處防墜","施工架檢點合格","65","63","61","2","0","0","0","0.9683","4","低"
"2025-09","嘉義","ppeHeight","PPE與高處防墜","安全網或工作平台設置","65","63","60","3","1","1","0","0.9524","17","低"
"2025-09","嘉義","patrol","巡查會簽","轄區檢點簽認","65","65","63","2","0","1","0","0.9692","7","低"
"2025-09","嘉義","patrol","巡查會簽","監造巡查簽認","65","66","64","2","0","1","0","0.9697","7","低"
"2025-09","嘉義","patrol","巡查會簽","安衛人員巡查紀錄","65","63","61","2","0","1","0","0.9683","7","低"
"2025-09","嘉義","patrol","巡查會簽","異常已即時通知","65","57","55","2","0","1","0","0.9649","7","低"
"2025-09","嘉義","closeout","收工回簽與現場紀錄","環境整理完成","65","64","61","3","0","1","0","0.9531","9","低"
"2025-09","嘉義","closeout","收工回簽與現場紀錄","施工前後照片完整","65","54","52","2","0","1","0","0.963","7","低"
"2025-09","嘉義","closeout","收工回簽與現場紀錄","氣體偵測照片上傳","65","54","52","2","0","0","0","0.963","4","低"
"2025-09","嘉義","closeout","收工回簽與現場紀錄","改善事項結案佐證完整","65","64","61","3","0","1","0","0.9531","9","低"
"2025-10","嘉義","permit","許可基本資料","工作內容與地點完整","67","67","65","2","0","1","0","0.9701","7","低"
"2025-10","嘉義","permit","許可基本資料","作業分級正確","67","58","56","2","0","0","0","0.9655","4","低"
"2025-10","嘉義","permit","許可基本資料","核准工作時間明確","67","63","61","2","0","1","0","0.9683","7","低"
"2025-10","嘉義","permit","許可基本資料","回簽資料完整","67","59","58","1","0","0","0","0.9831","2","低"
"2025-10","嘉義","workType","作業分級與工作項目","動火/非動火判定正確","67","61","59","2","0","0","0","0.9672","4","低"
"2025-10","嘉義","workType","作業分級與工作項目","A/B/C級作業判定正確","67","55","53","2","0","1","0","0.9636","7","低"
"2025-10","嘉義","workType","作業分級與工作項目","附加檢點表適用","67","59","57","2","0","1","0","0.9661","7","低"
"2025-10","嘉義","workType","作業分級與工作項目","延時工作經核准","67","62","61","1","0","0","0","0.9839","2","低"
"2025-10","嘉義","contractor","承攬商與人員資格","施工人員名冊完整","67","56","54","2","0","1","0","0.9643","7","低"
"2025-10","嘉義","contractor","承攬商與人員資格","工地負責人到場","67","58","56","2","0","1","0","0.9655","7","低"
"2025-10","嘉義","contractor","承攬商與人員資格","安衛人員到場","67","67","65","2","0","1","0","0.9701","7","低"
"2025-10","嘉義","contractor","承攬商與人員資格","特殊作業主管資格符合","67","59","57","2","0","1","0","0.9661","7","低"
"2025-10","嘉義","hazardNotice","危害告知","承攬商已知悉注意事項","67","67","65","2","0","1","0","0.9701","7","低"
"2025-10","嘉義","hazardNotice","危害告知","施工人員完成危害告知","67","68","67","1","0","0","0","0.9853","2","低"
"2025-10","嘉義","hazardNotice","危害告知","勤前教育紀錄完整","67","61","59","2","0","1","0","0.9672","7","低"
"2025-10","嘉義","hazardNotice","危害告知","緊急聯絡資訊明確","67","62","60","2","0","1","0","0.9677","7","低"
"2025-10","嘉義","isolation","環境安全隔離","設備管線已釋壓清洗","67","62","60","2","1","1","0","0.9677","15","低"
"2025-10","嘉義","isolation","環境安全隔離","進出口已關斷/盲封/掛牌","67","64","61","3","1","1","0","0.9531","17","低"
"2025-10","嘉義","isolation","環境安全隔離","電源隔離加鎖掛牌","67","68","65","3","1","1","0","0.9559","17","低"
"2025-10","嘉義","isolation","環境安全隔離","暗溝陰井已堵塞密封","67","62","59","3","1","1","0","0.9516","17","低"
"2025-10","嘉義","gas","氣體偵測","可燃性氣體低於20%LEL","67","68","66","2","0","1","0","0.9706","7","低"
"2025-10","嘉義","gas","氣體偵測","氧氣濃度符合標準","67","65","62","3","1","1","0","0.9538","17","低"
"2025-10","嘉義","gas","氣體偵測","有害氣體低於容許濃度","67","57","55","2","1","1","0","0.9649","15","低"
"2025-10","嘉義","gas","氣體偵測","上下午或連續測定紀錄完整","67","60","57","3","1","1","0","0.95","17","低"
"2025-10","嘉義","fireExplosion","消防與防爆設備","20型滅火器配置足夠","67","64","62","2","1","1","0","0.9688","15","低"
"2025-10","嘉義","fireExplosion","消防與防爆設備","防爆電氣設備符合","67","67","64","3","1","1","0","0.9552","17","低"
"2025-10","嘉義","fireExplosion","消防與防爆設備","安全工具使用正確","67","55","53","2","1","1","0","0.9636","15","低"
"2025-10","嘉義","fireExplosion","消防與防爆設備","消防水帶或防火措施到位","67","57","55","2","1","1","0","0.9649","15","低"
"2025-10","嘉義","ppeHeight","PPE與高處防墜","個人防護具穿戴正確","67","63","61","2","1","0","0","0.9683","12","低"
"2025-10","嘉義","ppeHeight","PPE與高處防墜","安全帶/安全母索使用","67","62","59","3","1","1","0","0.9516","17","低"
"2025-10","嘉義","ppeHeight","PPE與高處防墜","施工架檢點合格","67","57","55","2","1","1","0","0.9649","15","低"
"2025-10","嘉義","ppeHeight","PPE與高處防墜","安全網或工作平台設置","67","62","59","3","1","1","0","0.9516","17","低"
"2025-10","嘉義","patrol","巡查會簽","轄區檢點簽認","67","65","63","2","0","1","0","0.9692","7","低"
"2025-10","嘉義","patrol","巡查會簽","監造巡查簽認","67","59","57","2","0","1","0","0.9661","7","低"
"2025-10","嘉義","patrol","巡查會簽","安衛人員巡查紀錄","67","65","63","2","0","1","0","0.9692","7","低"
"2025-10","嘉義","patrol","巡查會簽","異常已即時通知","67","59","57","2","0","1","0","0.9661","7","低"
"2025-10","嘉義","closeout","收工回簽與現場紀錄","環境整理完成","67","60","58","2","0","1","0","0.9667","7","低"
"2025-10","嘉義","closeout","收工回簽與現場紀錄","施工前後照片完整","67","62","60","2","0","1","0","0.9677","7","低"
"2025-10","嘉義","closeout","收工回簽與現場紀錄","氣體偵測照片上傳","67","62","60","2","0","1","0","0.9677","7","低"
"2025-10","嘉義","closeout","收工回簽與現場紀錄","改善事項結案佐證完整","67","59","57","2","0","1","0","0.9661","7","低"
"2025-11","嘉義","permit","許可基本資料","工作內容與地點完整","67","60","59","1","0","0","0","0.9833","2","低"
"2025-11","嘉義","permit","許可基本資料","作業分級正確","67","60","58","2","0","0","0","0.9667","4","低"
"2025-11","嘉義","permit","許可基本資料","核准工作時間明確","67","63","61","2","0","1","0","0.9683","7","低"
"2025-11","嘉義","permit","許可基本資料","回簽資料完整","67","67","65","2","0","1","0","0.9701","7","低"
"2025-11","嘉義","workType","作業分級與工作項目","動火/非動火判定正確","67","68","66","2","0","1","0","0.9706","7","低"
"2025-11","嘉義","workType","作業分級與工作項目","A/B/C級作業判定正確","67","62","60","2","0","0","0","0.9677","4","低"
"2025-11","嘉義","workType","作業分級與工作項目","附加檢點表適用","67","57","56","1","0","0","0","0.9825","2","低"
"2025-11","嘉義","workType","作業分級與工作項目","延時工作經核准","67","66","64","2","0","1","0","0.9697","7","低"
"2025-11","嘉義","contractor","承攬商與人員資格","施工人員名冊完整","67","56","55","1","0","0","0","0.9821","2","低"
"2025-11","嘉義","contractor","承攬商與人員資格","工地負責人到場","67","65","63","2","0","1","0","0.9692","7","低"
"2025-11","嘉義","contractor","承攬商與人員資格","安衛人員到場","67","57","55","2","0","1","0","0.9649","7","低"
"2025-11","嘉義","contractor","承攬商與人員資格","特殊作業主管資格符合","67","56","54","2","0","1","0","0.9643","7","低"
"2025-11","嘉義","hazardNotice","危害告知","承攬商已知悉注意事項","67","56","54","2","0","1","0","0.9643","7","低"
"2025-11","嘉義","hazardNotice","危害告知","施工人員完成危害告知","67","60","59","1","0","0","0","0.9833","2","低"
"2025-11","嘉義","hazardNotice","危害告知","勤前教育紀錄完整","67","65","63","2","0","1","0","0.9692","7","低"
"2025-11","嘉義","hazardNotice","危害告知","緊急聯絡資訊明確","67","68","66","2","0","1","0","0.9706","7","低"
"2025-11","嘉義","isolation","環境安全隔離","設備管線已釋壓清洗","67","65","63","2","1","1","0","0.9692","15","低"
"2025-11","嘉義","isolation","環境安全隔離","進出口已關斷/盲封/掛牌","67","57","55","2","0","1","0","0.9649","7","低"
"2025-11","嘉義","isolation","環境安全隔離","電源隔離加鎖掛牌","67","65","62","3","1","1","0","0.9538","17","低"
"2025-11","嘉義","isolation","環境安全隔離","暗溝陰井已堵塞密封","67","59","57","2","1","1","0","0.9661","15","低"
"2025-11","嘉義","gas","氣體偵測","可燃性氣體低於20%LEL","67","61","59","2","0","1","0","0.9672","7","低"
"2025-11","嘉義","gas","氣體偵測","氧氣濃度符合標準","67","62","60","2","1","1","0","0.9677","15","低"
"2025-11","嘉義","gas","氣體偵測","有害氣體低於容許濃度","67","68","66","2","1","1","0","0.9706","15","低"
"2025-11","嘉義","gas","氣體偵測","上下午或連續測定紀錄完整","67","63","61","2","0","1","0","0.9683","7","低"
"2025-11","嘉義","fireExplosion","消防與防爆設備","20型滅火器配置足夠","67","57","55","2","1","0","0","0.9649","12","低"
"2025-11","嘉義","fireExplosion","消防與防爆設備","防爆電氣設備符合","67","67","64","3","1","1","0","0.9552","17","低"
"2025-11","嘉義","fireExplosion","消防與防爆設備","安全工具使用正確","67","59","56","3","1","1","0","0.9492","17","低"
"2025-11","嘉義","fireExplosion","消防與防爆設備","消防水帶或防火措施到位","67","57","54","3","1","1","0","0.9474","17","低"
"2025-11","嘉義","ppeHeight","PPE與高處防墜","個人防護具穿戴正確","67","64","61","3","1","1","0","0.9531","17","低"
"2025-11","嘉義","ppeHeight","PPE與高處防墜","安全帶/安全母索使用","67","67","65","2","1","1","0","0.9701","15","低"
"2025-11","嘉義","ppeHeight","PPE與高處防墜","施工架檢點合格","67","58","56","2","0","1","0","0.9655","7","低"
"2025-11","嘉義","ppeHeight","PPE與高處防墜","安全網或工作平台設置","67","63","61","2","1","1","0","0.9683","15","低"
"2025-11","嘉義","patrol","巡查會簽","轄區檢點簽認","67","57","56","1","0","0","0","0.9825","2","低"
"2025-11","嘉義","patrol","巡查會簽","監造巡查簽認","67","59","57","2","0","1","0","0.9661","7","低"
"2025-11","嘉義","patrol","巡查會簽","安衛人員巡查紀錄","67","62","60","2","0","1","0","0.9677","7","低"
"2025-11","嘉義","patrol","巡查會簽","異常已即時通知","67","63","61","2","0","1","0","0.9683","7","低"
"2025-11","嘉義","closeout","收工回簽與現場紀錄","環境整理完成","67","60","58","2","0","1","0","0.9667","7","低"
"2025-11","嘉義","closeout","收工回簽與現場紀錄","施工前後照片完整","67","66","63","3","1","1","0","0.9545","17","低"
"2025-11","嘉義","closeout","收工回簽與現場紀錄","氣體偵測照片上傳","67","62","60","2","0","1","0","0.9677","7","低"
"2025-11","嘉義","closeout","收工回簽與現場紀錄","改善事項結案佐證完整","67","61","59","2","0","1","0","0.9672","7","低"
"2025-12","嘉義","permit","許可基本資料","工作內容與地點完整","74","74","72","2","0","1","0","0.973","7","低"
"2025-12","嘉義","permit","許可基本資料","作業分級正確","74","66","65","1","0","0","0","0.9848","2","低"
"2025-12","嘉義","permit","許可基本資料","核准工作時間明確","74","73","71","2","0","0","0","0.9726","4","低"
"2025-12","嘉義","permit","許可基本資料","回簽資料完整","74","65","63","2","0","1","0","0.9692","7","低"
"2025-12","嘉義","workType","作業分級與工作項目","動火/非動火判定正確","74","70","68","2","0","1","0","0.9714","7","低"
"2025-12","嘉義","workType","作業分級與工作項目","A/B/C級作業判定正確","74","71","69","2","0","1","0","0.9718","7","低"
"2025-12","嘉義","workType","作業分級與工作項目","附加檢點表適用","74","75","73","2","0","1","0","0.9733","7","低"
"2025-12","嘉義","workType","作業分級與工作項目","延時工作經核准","74","69","67","2","0","1","0","0.971","7","低"
"2025-12","嘉義","contractor","承攬商與人員資格","施工人員名冊完整","74","75","72","3","0","1","0","0.96","9","低"
"2025-12","嘉義","contractor","承攬商與人員資格","工地負責人到場","74","61","59","2","0","1","0","0.9672","7","低"
"2025-12","嘉義","contractor","承攬商與人員資格","安衛人員到場","74","75","72","3","0","1","0","0.96","9","低"
"2025-12","嘉義","contractor","承攬商與人員資格","特殊作業主管資格符合","74","74","72","2","0","1","0","0.973","7","低"
"2025-12","嘉義","hazardNotice","危害告知","承攬商已知悉注意事項","74","69","67","2","0","1","0","0.971","7","低"
"2025-12","嘉義","hazardNotice","危害告知","施工人員完成危害告知","74","67","65","2","0","1","0","0.9701","7","低"
"2025-12","嘉義","hazardNotice","危害告知","勤前教育紀錄完整","74","66","64","2","0","1","0","0.9697","7","低"
"2025-12","嘉義","hazardNotice","危害告知","緊急聯絡資訊明確","74","67","65","2","0","1","0","0.9701","7","低"
"2025-12","嘉義","isolation","環境安全隔離","設備管線已釋壓清洗","74","69","66","3","1","1","0","0.9565","17","低"
"2025-12","嘉義","isolation","環境安全隔離","進出口已關斷/盲封/掛牌","74","63","61","2","0","1","0","0.9683","7","低"
"2025-12","嘉義","isolation","環境安全隔離","電源隔離加鎖掛牌","74","64","61","3","1","1","0","0.9531","17","低"
"2025-12","嘉義","isolation","環境安全隔離","暗溝陰井已堵塞密封","74","75","72","3","1","1","0","0.96","17","低"
"2025-12","嘉義","gas","氣體偵測","可燃性氣體低於20%LEL","74","71","69","2","1","1","0","0.9718","15","低"
"2025-12","嘉義","gas","氣體偵測","氧氣濃度符合標準","74","73","70","3","1","1","0","0.9589","17","低"
"2025-12","嘉義","gas","氣體偵測","有害氣體低於容許濃度","74","62","60","2","1","1","0","0.9677","15","低"
"2025-12","嘉義","gas","氣體偵測","上下午或連續測定紀錄完整","74","73","70","3","1","1","0","0.9589","17","低"
"2025-12","嘉義","fireExplosion","消防與防爆設備","20型滅火器配置足夠","74","73","70","3","1","1","0","0.9589","17","低"
"2025-12","嘉義","fireExplosion","消防與防爆設備","防爆電氣設備符合","74","64","62","2","1","1","0","0.9688","15","低"
"2025-12","嘉義","fireExplosion","消防與防爆設備","安全工具使用正確","74","70","67","3","1","1","0","0.9571","17","低"
"2025-12","嘉義","fireExplosion","消防與防爆設備","消防水帶或防火措施到位","74","65","62","3","1","1","0","0.9538","17","低"
"2025-12","嘉義","ppeHeight","PPE與高處防墜","個人防護具穿戴正確","74","70","67","3","1","1","0","0.9571","17","低"
"2025-12","嘉義","ppeHeight","PPE與高處防墜","安全帶/安全母索使用","74","71","68","3","1","1","0","0.9577","17","低"
"2025-12","嘉義","ppeHeight","PPE與高處防墜","施工架檢點合格","74","70","67","3","1","1","0","0.9571","17","低"
"2025-12","嘉義","ppeHeight","PPE與高處防墜","安全網或工作平台設置","74","70","67","3","1","1","0","0.9571","17","低"
"2025-12","嘉義","patrol","巡查會簽","轄區檢點簽認","74","69","67","2","0","1","0","0.971","7","低"
"2025-12","嘉義","patrol","巡查會簽","監造巡查簽認","74","63","61","2","0","1","0","0.9683","7","低"
"2025-12","嘉義","patrol","巡查會簽","安衛人員巡查紀錄","74","65","63","2","0","1","0","0.9692","7","低"
"2025-12","嘉義","patrol","巡查會簽","異常已即時通知","74","63","61","2","0","0","0","0.9683","4","低"
"2025-12","嘉義","closeout","收工回簽與現場紀錄","環境整理完成","74","68","65","3","1","1","0","0.9559","17","低"
"2025-12","嘉義","closeout","收工回簽與現場紀錄","施工前後照片完整","74","69","67","2","0","1","0","0.971","7","低"
"2025-12","嘉義","closeout","收工回簽與現場紀錄","氣體偵測照片上傳","74","71","69","2","0","1","0","0.9718","7","低"
"2025-12","嘉義","closeout","收工回簽與現場紀錄","改善事項結案佐證完整","74","74","71","3","1","1","0","0.9595","17","低"
"2026-01","嘉義","permit","許可基本資料","工作內容與地點完整","77","75","73","2","0","1","0","0.9733","7","低"
"2026-01","嘉義","permit","許可基本資料","作業分級正確","77","69","67","2","0","0","0","0.971","4","低"
"2026-01","嘉義","permit","許可基本資料","核准工作時間明確","77","64","63","1","0","0","0","0.9844","2","低"
"2026-01","嘉義","permit","許可基本資料","回簽資料完整","77","78","76","2","0","1","0","0.9744","7","低"
"2026-01","嘉義","workType","作業分級與工作項目","動火/非動火判定正確","77","75","73","2","0","1","0","0.9733","7","低"
"2026-01","嘉義","workType","作業分級與工作項目","A/B/C級作業判定正確","77","78","76","2","0","1","0","0.9744","7","低"
"2026-01","嘉義","workType","作業分級與工作項目","附加檢點表適用","77","63","61","2","0","1","0","0.9683","7","低"
"2026-01","嘉義","workType","作業分級與工作項目","延時工作經核准","77","77","75","2","0","1","0","0.974","7","低"
"2026-01","嘉義","contractor","承攬商與人員資格","施工人員名冊完整","77","64","62","2","0","1","0","0.9688","7","低"
"2026-01","嘉義","contractor","承攬商與人員資格","工地負責人到場","77","72","70","2","0","1","0","0.9722","7","低"
"2026-01","嘉義","contractor","承攬商與人員資格","安衛人員到場","77","65","63","2","0","1","0","0.9692","7","低"
"2026-01","嘉義","contractor","承攬商與人員資格","特殊作業主管資格符合","77","73","71","2","0","1","0","0.9726","7","低"
"2026-01","嘉義","hazardNotice","危害告知","承攬商已知悉注意事項","77","73","71","2","0","1","0","0.9726","7","低"
"2026-01","嘉義","hazardNotice","危害告知","施工人員完成危害告知","77","68","66","2","0","1","0","0.9706","7","低"
"2026-01","嘉義","hazardNotice","危害告知","勤前教育紀錄完整","77","74","72","2","0","1","0","0.973","7","低"
"2026-01","嘉義","hazardNotice","危害告知","緊急聯絡資訊明確","77","74","72","2","0","1","0","0.973","7","低"
"2026-01","嘉義","isolation","環境安全隔離","設備管線已釋壓清洗","77","77","75","2","0","1","0","0.974","7","低"
"2026-01","嘉義","isolation","環境安全隔離","進出口已關斷/盲封/掛牌","77","74","71","3","1","1","0","0.9595","17","低"
"2026-01","嘉義","isolation","環境安全隔離","電源隔離加鎖掛牌","77","70","67","3","1","1","0","0.9571","17","低"
"2026-01","嘉義","isolation","環境安全隔離","暗溝陰井已堵塞密封","77","64","62","2","1","1","0","0.9688","15","低"
"2026-01","嘉義","gas","氣體偵測","可燃性氣體低於20%LEL","77","69","66","3","1","1","0","0.9565","17","低"
"2026-01","嘉義","gas","氣體偵測","氧氣濃度符合標準","77","77","74","3","1","1","0","0.961","17","低"
"2026-01","嘉義","gas","氣體偵測","有害氣體低於容許濃度","77","66","63","3","1","1","0","0.9545","17","低"
"2026-01","嘉義","gas","氣體偵測","上下午或連續測定紀錄完整","77","65","62","3","1","1","0","0.9538","17","低"
"2026-01","嘉義","fireExplosion","消防與防爆設備","20型滅火器配置足夠","77","76","73","3","1","1","0","0.9605","17","低"
"2026-01","嘉義","fireExplosion","消防與防爆設備","防爆電氣設備符合","77","75","72","3","1","1","0","0.96","17","低"
"2026-01","嘉義","fireExplosion","消防與防爆設備","安全工具使用正確","77","78","75","3","1","1","0","0.9615","17","低"
"2026-01","嘉義","fireExplosion","消防與防爆設備","消防水帶或防火措施到位","77","67","64","3","1","1","0","0.9552","17","低"
"2026-01","嘉義","ppeHeight","PPE與高處防墜","個人防護具穿戴正確","77","75","72","3","1","1","0","0.96","17","低"
"2026-01","嘉義","ppeHeight","PPE與高處防墜","安全帶/安全母索使用","77","78","75","3","1","1","0","0.9615","17","低"
"2026-01","嘉義","ppeHeight","PPE與高處防墜","施工架檢點合格","77","74","72","2","1","0","0","0.973","12","低"
"2026-01","嘉義","ppeHeight","PPE與高處防墜","安全網或工作平台設置","77","75","72","3","1","1","0","0.96","17","低"
"2026-01","嘉義","patrol","巡查會簽","轄區檢點簽認","77","76","74","2","0","1","0","0.9737","7","低"
"2026-01","嘉義","patrol","巡查會簽","監造巡查簽認","77","68","66","2","0","1","0","0.9706","7","低"
"2026-01","嘉義","patrol","巡查會簽","安衛人員巡查紀錄","77","72","70","2","0","1","0","0.9722","7","低"
"2026-01","嘉義","patrol","巡查會簽","異常已即時通知","77","69","67","2","0","1","0","0.971","7","低"
"2026-01","嘉義","closeout","收工回簽與現場紀錄","環境整理完成","77","71","68","3","0","1","0","0.9577","9","低"
"2026-01","嘉義","closeout","收工回簽與現場紀錄","施工前後照片完整","77","63","61","2","0","1","0","0.9683","7","低"
"2026-01","嘉義","closeout","收工回簽與現場紀錄","氣體偵測照片上傳","77","69","67","2","0","1","0","0.971","7","低"
"2026-01","嘉義","closeout","收工回簽與現場紀錄","改善事項結案佐證完整","77","71","69","2","0","1","0","0.9718","7","低"
"2026-02","嘉義","permit","許可基本資料","工作內容與地點完整","81","69","68","1","0","0","0","0.9855","2","低"
"2026-02","嘉義","permit","許可基本資料","作業分級正確","81","81","79","2","0","1","0","0.9753","7","低"
"2026-02","嘉義","permit","許可基本資料","核准工作時間明確","81","82","80","2","0","1","0","0.9756","7","低"
"2026-02","嘉義","permit","許可基本資料","回簽資料完整","81","67","66","1","0","0","0","0.9851","2","低"
"2026-02","嘉義","workType","作業分級與工作項目","動火/非動火判定正確","81","70","68","2","0","1","0","0.9714","7","低"
"2026-02","嘉義","workType","作業分級與工作項目","A/B/C級作業判定正確","81","77","75","2","0","1","0","0.974","7","低"
"2026-02","嘉義","workType","作業分級與工作項目","附加檢點表適用","81","81","79","2","0","1","0","0.9753","7","低"
"2026-02","嘉義","workType","作業分級與工作項目","延時工作經核准","81","80","78","2","0","1","0","0.975","7","低"
"2026-02","嘉義","contractor","承攬商與人員資格","施工人員名冊完整","81","71","69","2","0","1","0","0.9718","7","低"
"2026-02","嘉義","contractor","承攬商與人員資格","工地負責人到場","81","79","76","3","0","1","0","0.962","9","低"
"2026-02","嘉義","contractor","承攬商與人員資格","安衛人員到場","81","68","66","2","0","1","0","0.9706","7","低"
"2026-02","嘉義","contractor","承攬商與人員資格","特殊作業主管資格符合","81","67","64","3","0","1","0","0.9552","9","低"
"2026-02","嘉義","hazardNotice","危害告知","承攬商已知悉注意事項","81","82","80","2","0","1","0","0.9756","7","低"
"2026-02","嘉義","hazardNotice","危害告知","施工人員完成危害告知","81","82","80","2","0","1","0","0.9756","7","低"
"2026-02","嘉義","hazardNotice","危害告知","勤前教育紀錄完整","81","68","66","2","0","1","0","0.9706","7","低"
"2026-02","嘉義","hazardNotice","危害告知","緊急聯絡資訊明確","81","72","70","2","0","1","0","0.9722","7","低"
"2026-02","嘉義","isolation","環境安全隔離","設備管線已釋壓清洗","81","72","69","3","1","1","0","0.9583","17","低"
"2026-02","嘉義","isolation","環境安全隔離","進出口已關斷/盲封/掛牌","81","80","77","3","1","1","0","0.9625","17","低"
"2026-02","嘉義","isolation","環境安全隔離","電源隔離加鎖掛牌","81","71","68","3","1","1","0","0.9577","17","低"
"2026-02","嘉義","isolation","環境安全隔離","暗溝陰井已堵塞密封","81","79","76","3","1","1","0","0.962","17","低"
"2026-02","嘉義","gas","氣體偵測","可燃性氣體低於20%LEL","81","80","77","3","1","1","0","0.9625","17","低"
"2026-02","嘉義","gas","氣體偵測","氧氣濃度符合標準","81","76","73","3","1","1","0","0.9605","17","低"
"2026-02","嘉義","gas","氣體偵測","有害氣體低於容許濃度","81","77","74","3","1","1","0","0.961","17","低"
"2026-02","嘉義","gas","氣體偵測","上下午或連續測定紀錄完整","81","68","66","2","0","1","0","0.9706","7","低"
"2026-02","嘉義","fireExplosion","消防與防爆設備","20型滅火器配置足夠","81","69","66","3","1","1","0","0.9565","17","低"
"2026-02","嘉義","fireExplosion","消防與防爆設備","防爆電氣設備符合","81","78","75","3","1","1","0","0.9615","17","低"
"2026-02","嘉義","fireExplosion","消防與防爆設備","安全工具使用正確","81","74","71","3","1","1","0","0.9595","17","低"
"2026-02","嘉義","fireExplosion","消防與防爆設備","消防水帶或防火措施到位","81","73","70","3","1","1","0","0.9589","17","低"
"2026-02","嘉義","ppeHeight","PPE與高處防墜","個人防護具穿戴正確","81","74","72","2","1","1","0","0.973","15","低"
"2026-02","嘉義","ppeHeight","PPE與高處防墜","安全帶/安全母索使用","81","80","77","3","1","1","0","0.9625","17","低"
"2026-02","嘉義","ppeHeight","PPE與高處防墜","施工架檢點合格","81","76","73","3","1","1","0","0.9605","17","低"
"2026-02","嘉義","ppeHeight","PPE與高處防墜","安全網或工作平台設置","81","81","77","4","1","1","0","0.9506","19","中"
"2026-02","嘉義","patrol","巡查會簽","轄區檢點簽認","81","82","80","2","0","1","0","0.9756","7","低"
"2026-02","嘉義","patrol","巡查會簽","監造巡查簽認","81","81","79","2","0","1","0","0.9753","7","低"
"2026-02","嘉義","patrol","巡查會簽","安衛人員巡查紀錄","81","78","76","2","0","1","0","0.9744","7","低"
"2026-02","嘉義","patrol","巡查會簽","異常已即時通知","81","76","73","3","1","1","0","0.9605","17","低"
"2026-02","嘉義","closeout","收工回簽與現場紀錄","環境整理完成","81","80","78","2","0","1","0","0.975","7","低"
"2026-02","嘉義","closeout","收工回簽與現場紀錄","施工前後照片完整","81","78","75","3","1","1","0","0.9615","17","低"
"2026-02","嘉義","closeout","收工回簽與現場紀錄","氣體偵測照片上傳","81","70","68","2","0","1","0","0.9714","7","低"
"2026-02","嘉義","closeout","收工回簽與現場紀錄","改善事項結案佐證完整","81","76","73","3","0","1","0","0.9605","9","低"
"2026-03","嘉義","permit","許可基本資料","工作內容與地點完整","74","71","69","2","0","1","0","0.9718","7","低"
"2026-03","嘉義","permit","許可基本資料","作業分級正確","74","69","67","2","0","1","0","0.971","7","低"
"2026-03","嘉義","permit","許可基本資料","核准工作時間明確","74","74","72","2","0","1","0","0.973","7","低"
"2026-03","嘉義","permit","許可基本資料","回簽資料完整","74","75","73","2","0","1","0","0.9733","7","低"
"2026-03","嘉義","workType","作業分級與工作項目","動火/非動火判定正確","74","69","67","2","0","1","0","0.971","7","低"
"2026-03","嘉義","workType","作業分級與工作項目","A/B/C級作業判定正確","74","72","70","2","0","1","0","0.9722","7","低"
"2026-03","嘉義","workType","作業分級與工作項目","附加檢點表適用","74","66","64","2","0","1","0","0.9697","7","低"
"2026-03","嘉義","workType","作業分級與工作項目","延時工作經核准","74","67","65","2","0","1","0","0.9701","7","低"
"2026-03","嘉義","contractor","承攬商與人員資格","施工人員名冊完整","74","63","61","2","0","1","0","0.9683","7","低"
"2026-03","嘉義","contractor","承攬商與人員資格","工地負責人到場","74","65","63","2","0","1","0","0.9692","7","低"
"2026-03","嘉義","contractor","承攬商與人員資格","安衛人員到場","74","66","64","2","0","1","0","0.9697","7","低"
"2026-03","嘉義","contractor","承攬商與人員資格","特殊作業主管資格符合","74","69","67","2","0","1","0","0.971","7","低"
"2026-03","嘉義","hazardNotice","危害告知","承攬商已知悉注意事項","74","68","66","2","0","1","0","0.9706","7","低"
"2026-03","嘉義","hazardNotice","危害告知","施工人員完成危害告知","74","71","69","2","0","1","0","0.9718","7","低"
"2026-03","嘉義","hazardNotice","危害告知","勤前教育紀錄完整","74","66","64","2","0","1","0","0.9697","7","低"
"2026-03","嘉義","hazardNotice","危害告知","緊急聯絡資訊明確","74","67","65","2","0","1","0","0.9701","7","低"
"2026-03","嘉義","isolation","環境安全隔離","設備管線已釋壓清洗","74","73","71","2","1","1","0","0.9726","15","低"
"2026-03","嘉義","isolation","環境安全隔離","進出口已關斷/盲封/掛牌","74","66","63","3","1","1","0","0.9545","17","低"
"2026-03","嘉義","isolation","環境安全隔離","電源隔離加鎖掛牌","74","64","61","3","1","1","0","0.9531","17","低"
"2026-03","嘉義","isolation","環境安全隔離","暗溝陰井已堵塞密封","74","68","65","3","1","1","0","0.9559","17","低"
"2026-03","嘉義","gas","氣體偵測","可燃性氣體低於20%LEL","74","70","68","2","1","1","0","0.9714","15","低"
"2026-03","嘉義","gas","氣體偵測","氧氣濃度符合標準","74","68","65","3","1","1","0","0.9559","17","低"
"2026-03","嘉義","gas","氣體偵測","有害氣體低於容許濃度","74","63","61","2","0","1","0","0.9683","7","低"
"2026-03","嘉義","gas","氣體偵測","上下午或連續測定紀錄完整","74","73","70","3","1","1","0","0.9589","17","低"
"2026-03","嘉義","fireExplosion","消防與防爆設備","20型滅火器配置足夠","74","72","69","3","1","1","0","0.9583","17","低"
"2026-03","嘉義","fireExplosion","消防與防爆設備","防爆電氣設備符合","74","66","63","3","1","1","0","0.9545","17","低"
"2026-03","嘉義","fireExplosion","消防與防爆設備","安全工具使用正確","74","73","70","3","1","1","0","0.9589","17","低"
"2026-03","嘉義","fireExplosion","消防與防爆設備","消防水帶或防火措施到位","74","65","62","3","1","1","0","0.9538","17","低"
"2026-03","嘉義","ppeHeight","PPE與高處防墜","個人防護具穿戴正確","74","72","69","3","1","1","0","0.9583","17","低"
"2026-03","嘉義","ppeHeight","PPE與高處防墜","安全帶/安全母索使用","74","69","67","2","0","1","0","0.971","7","低"
"2026-03","嘉義","ppeHeight","PPE與高處防墜","施工架檢點合格","74","75","72","3","1","1","0","0.96","17","低"
"2026-03","嘉義","ppeHeight","PPE與高處防墜","安全網或工作平台設置","74","74","71","3","1","1","0","0.9595","17","低"
"2026-03","嘉義","patrol","巡查會簽","轄區檢點簽認","74","69","67","2","0","1","0","0.971","7","低"
"2026-03","嘉義","patrol","巡查會簽","監造巡查簽認","74","68","66","2","0","1","0","0.9706","7","低"
"2026-03","嘉義","patrol","巡查會簽","安衛人員巡查紀錄","74","63","61","2","0","1","0","0.9683","7","低"
"2026-03","嘉義","patrol","巡查會簽","異常已即時通知","74","67","65","2","0","1","0","0.9701","7","低"
"2026-03","嘉義","closeout","收工回簽與現場紀錄","環境整理完成","74","68","66","2","0","1","0","0.9706","7","低"
"2026-03","嘉義","closeout","收工回簽與現場紀錄","施工前後照片完整","74","61","59","2","0","0","0","0.9672","4","低"
"2026-03","嘉義","closeout","收工回簽與現場紀錄","氣體偵測照片上傳","74","61","59","2","0","1","0","0.9672","7","低"
"2026-03","嘉義","closeout","收工回簽與現場紀錄","改善事項結案佐證完整","74","65","63","2","0","1","0","0.9692","7","低"
"2026-04","嘉義","permit","許可基本資料","工作內容與地點完整","79","73","71","2","0","1","0","0.9726","7","低"
"2026-04","嘉義","permit","許可基本資料","作業分級正確","79","74","72","2","0","1","0","0.973","7","低"
"2026-04","嘉義","permit","許可基本資料","核准工作時間明確","79","72","70","2","0","1","0","0.9722","7","低"
"2026-04","嘉義","permit","許可基本資料","回簽資料完整","79","66","65","1","0","0","0","0.9848","2","低"
"2026-04","嘉義","workType","作業分級與工作項目","動火/非動火判定正確","79","65","63","2","0","1","0","0.9692","7","低"
"2026-04","嘉義","workType","作業分級與工作項目","A/B/C級作業判定正確","79","78","76","2","0","1","0","0.9744","7","低"
"2026-04","嘉義","workType","作業分級與工作項目","附加檢點表適用","79","77","75","2","0","1","0","0.974","7","低"
"2026-04","嘉義","workType","作業分級與工作項目","延時工作經核准","79","74","72","2","0","1","0","0.973","7","低"
"2026-04","嘉義","contractor","承攬商與人員資格","施工人員名冊完整","79","69","67","2","0","1","0","0.971","7","低"
"2026-04","嘉義","contractor","承攬商與人員資格","工地負責人到場","79","76","74","2","0","1","0","0.9737","7","低"
"2026-04","嘉義","contractor","承攬商與人員資格","安衛人員到場","79","71","69","2","0","1","0","0.9718","7","低"
"2026-04","嘉義","contractor","承攬商與人員資格","特殊作業主管資格符合","79","67","65","2","0","1","0","0.9701","7","低"
"2026-04","嘉義","hazardNotice","危害告知","承攬商已知悉注意事項","79","78","76","2","0","1","0","0.9744","7","低"
"2026-04","嘉義","hazardNotice","危害告知","施工人員完成危害告知","79","74","72","2","0","1","0","0.973","7","低"
"2026-04","嘉義","hazardNotice","危害告知","勤前教育紀錄完整","79","77","75","2","0","0","0","0.974","4","低"
"2026-04","嘉義","hazardNotice","危害告知","緊急聯絡資訊明確","79","68","66","2","0","1","0","0.9706","7","低"
"2026-04","嘉義","isolation","環境安全隔離","設備管線已釋壓清洗","79","68","65","3","1","1","0","0.9559","17","低"
"2026-04","嘉義","isolation","環境安全隔離","進出口已關斷/盲封/掛牌","79","80","77","3","1","1","0","0.9625","17","低"
"2026-04","嘉義","isolation","環境安全隔離","電源隔離加鎖掛牌","79","73","70","3","1","1","0","0.9589","17","低"
"2026-04","嘉義","isolation","環境安全隔離","暗溝陰井已堵塞密封","79","78","75","3","1","1","0","0.9615","17","低"
"2026-04","嘉義","gas","氣體偵測","可燃性氣體低於20%LEL","79","68","65","3","1","1","0","0.9559","17","低"
"2026-04","嘉義","gas","氣體偵測","氧氣濃度符合標準","79","66","64","2","1","1","0","0.9697","15","低"
"2026-04","嘉義","gas","氣體偵測","有害氣體低於容許濃度","79","71","68","3","1","1","0","0.9577","17","低"
"2026-04","嘉義","gas","氣體偵測","上下午或連續測定紀錄完整","79","67","64","3","1","1","0","0.9552","17","低"
"2026-04","嘉義","fireExplosion","消防與防爆設備","20型滅火器配置足夠","79","75","72","3","1","1","0","0.96","17","低"
"2026-04","嘉義","fireExplosion","消防與防爆設備","防爆電氣設備符合","79","80","77","3","1","1","0","0.9625","17","低"
"2026-04","嘉義","fireExplosion","消防與防爆設備","安全工具使用正確","79","77","74","3","1","1","0","0.961","17","低"
"2026-04","嘉義","fireExplosion","消防與防爆設備","消防水帶或防火措施到位","79","67","64","3","1","1","0","0.9552","17","低"
"2026-04","嘉義","ppeHeight","PPE與高處防墜","個人防護具穿戴正確","79","71","69","2","0","1","0","0.9718","7","低"
"2026-04","嘉義","ppeHeight","PPE與高處防墜","安全帶/安全母索使用","79","76","73","3","1","1","0","0.9605","17","低"
"2026-04","嘉義","ppeHeight","PPE與高處防墜","施工架檢點合格","79","65","63","2","1","1","0","0.9692","15","低"
"2026-04","嘉義","ppeHeight","PPE與高處防墜","安全網或工作平台設置","79","72","69","3","1","1","0","0.9583","17","低"
"2026-04","嘉義","patrol","巡查會簽","轄區檢點簽認","79","72","69","3","0","1","0","0.9583","9","低"
"2026-04","嘉義","patrol","巡查會簽","監造巡查簽認","79","80","78","2","0","0","0","0.975","4","低"
"2026-04","嘉義","patrol","巡查會簽","安衛人員巡查紀錄","79","73","71","2","0","1","0","0.9726","7","低"
"2026-04","嘉義","patrol","巡查會簽","異常已即時通知","79","66","64","2","0","1","0","0.9697","7","低"
"2026-04","嘉義","closeout","收工回簽與現場紀錄","環境整理完成","79","76","74","2","0","1","0","0.9737","7","低"
"2026-04","嘉義","closeout","收工回簽與現場紀錄","施工前後照片完整","79","71","69","2","0","1","0","0.9718","7","低"
"2026-04","嘉義","closeout","收工回簽與現場紀錄","氣體偵測照片上傳","79","75","72","3","0","1","0","0.96","9","低"
"2026-04","嘉義","closeout","收工回簽與現場紀錄","改善事項結案佐證完整","79","73","71","2","0","1","0","0.9726","7","低"
"2026-05","嘉義","permit","許可基本資料","工作內容與地點完整","82","68","66","2","0","1","0","0.9706","7","低"
"2026-05","嘉義","permit","許可基本資料","作業分級正確","82","80","78","2","0","1","0","0.975","7","低"
"2026-05","嘉義","permit","許可基本資料","核准工作時間明確","82","83","81","2","0","1","0","0.9759","7","低"
"2026-05","嘉義","permit","許可基本資料","回簽資料完整","82","79","77","2","0","1","0","0.9747","7","低"
"2026-05","嘉義","workType","作業分級與工作項目","動火/非動火判定正確","82","82","80","2","0","1","0","0.9756","7","低"
"2026-05","嘉義","workType","作業分級與工作項目","A/B/C級作業判定正確","82","79","77","2","0","0","0","0.9747","4","低"
"2026-05","嘉義","workType","作業分級與工作項目","附加檢點表適用","82","71","69","2","0","1","0","0.9718","7","低"
"2026-05","嘉義","workType","作業分級與工作項目","延時工作經核准","82","78","75","3","0","1","0","0.9615","9","低"
"2026-05","嘉義","contractor","承攬商與人員資格","施工人員名冊完整","82","82","79","3","0","1","0","0.9634","9","低"
"2026-05","嘉義","contractor","承攬商與人員資格","工地負責人到場","82","71","69","2","0","1","0","0.9718","7","低"
"2026-05","嘉義","contractor","承攬商與人員資格","安衛人員到場","82","82","80","2","0","1","0","0.9756","7","低"
"2026-05","嘉義","contractor","承攬商與人員資格","特殊作業主管資格符合","82","68","66","2","0","1","0","0.9706","7","低"
"2026-05","嘉義","hazardNotice","危害告知","承攬商已知悉注意事項","82","67","66","1","0","0","0","0.9851","2","低"
"2026-05","嘉義","hazardNotice","危害告知","施工人員完成危害告知","82","81","79","2","0","1","0","0.9753","7","低"
"2026-05","嘉義","hazardNotice","危害告知","勤前教育紀錄完整","82","80","78","2","0","1","0","0.975","7","低"
"2026-05","嘉義","hazardNotice","危害告知","緊急聯絡資訊明確","82","68","66","2","0","1","0","0.9706","7","低"
"2026-05","嘉義","isolation","環境安全隔離","設備管線已釋壓清洗","82","79","76","3","1","1","0","0.962","17","低"
"2026-05","嘉義","isolation","環境安全隔離","進出口已關斷/盲封/掛牌","82","72","70","2","1","1","0","0.9722","15","低"
"2026-05","嘉義","isolation","環境安全隔離","電源隔離加鎖掛牌","82","81","78","3","1","1","0","0.963","17","低"
"2026-05","嘉義","isolation","環境安全隔離","暗溝陰井已堵塞密封","82","76","73","3","1","1","0","0.9605","17","低"
"2026-05","嘉義","gas","氣體偵測","可燃性氣體低於20%LEL","82","79","75","4","1","1","0","0.9494","19","中"
"2026-05","嘉義","gas","氣體偵測","氧氣濃度符合標準","82","72","69","3","1","1","0","0.9583","17","低"
"2026-05","嘉義","gas","氣體偵測","有害氣體低於容許濃度","82","78","75","3","1","1","0","0.9615","17","低"
"2026-05","嘉義","gas","氣體偵測","上下午或連續測定紀錄完整","82","83","80","3","1","1","0","0.9639","17","低"
"2026-05","嘉義","fireExplosion","消防與防爆設備","20型滅火器配置足夠","82","69","66","3","1","1","0","0.9565","17","低"
"2026-05","嘉義","fireExplosion","消防與防爆設備","防爆電氣設備符合","82","79","75","4","1","1","0","0.9494","19","中"
"2026-05","嘉義","fireExplosion","消防與防爆設備","安全工具使用正確","82","79","76","3","1","1","0","0.962","17","低"
"2026-05","嘉義","fireExplosion","消防與防爆設備","消防水帶或防火措施到位","82","71","69","2","0","1","0","0.9718","7","低"
"2026-05","嘉義","ppeHeight","PPE與高處防墜","個人防護具穿戴正確","82","68","65","3","1","1","0","0.9559","17","低"
"2026-05","嘉義","ppeHeight","PPE與高處防墜","安全帶/安全母索使用","82","72","69","3","1","1","0","0.9583","17","低"
"2026-05","嘉義","ppeHeight","PPE與高處防墜","施工架檢點合格","82","70","67","3","1","1","0","0.9571","17","低"
"2026-05","嘉義","ppeHeight","PPE與高處防墜","安全網或工作平台設置","82","81","78","3","1","1","0","0.963","17","低"
"2026-05","嘉義","patrol","巡查會簽","轄區檢點簽認","82","74","72","2","0","1","0","0.973","7","低"
"2026-05","嘉義","patrol","巡查會簽","監造巡查簽認","82","74","72","2","0","1","0","0.973","7","低"
"2026-05","嘉義","patrol","巡查會簽","安衛人員巡查紀錄","82","83","81","2","0","1","0","0.9759","7","低"
"2026-05","嘉義","patrol","巡查會簽","異常已即時通知","82","69","67","2","0","1","0","0.971","7","低"
"2026-05","嘉義","closeout","收工回簽與現場紀錄","環境整理完成","82","68","66","2","0","1","0","0.9706","7","低"
"2026-05","嘉義","closeout","收工回簽與現場紀錄","施工前後照片完整","82","78","75","3","0","1","0","0.9615","9","低"
"2026-05","嘉義","closeout","收工回簽與現場紀錄","氣體偵測照片上傳","82","72","70","2","0","1","0","0.9722","7","低"
"2026-05","嘉義","closeout","收工回簽與現場紀錄","改善事項結案佐證完整","82","81","78","3","0","1","0","0.963","9","低"
"2026-06","嘉義","permit","許可基本資料","工作內容與地點完整","70","69","67","2","0","1","0","0.971","7","低"
"2026-06","嘉義","permit","許可基本資料","作業分級正確","70","61","59","2","0","1","0","0.9672","7","低"
"2026-06","嘉義","permit","許可基本資料","核准工作時間明確","70","66","64","2","0","1","0","0.9697","7","低"
"2026-06","嘉義","permit","許可基本資料","回簽資料完整","70","70","68","2","0","1","0","0.9714","7","低"
"2026-06","嘉義","workType","作業分級與工作項目","動火/非動火判定正確","70","68","66","2","0","1","0","0.9706","7","低"
"2026-06","嘉義","workType","作業分級與工作項目","A/B/C級作業判定正確","70","62","60","2","0","1","0","0.9677","7","低"
"2026-06","嘉義","workType","作業分級與工作項目","附加檢點表適用","70","62","60","2","0","1","0","0.9677","7","低"
"2026-06","嘉義","workType","作業分級與工作項目","延時工作經核准","70","66","64","2","0","1","0","0.9697","7","低"
"2026-06","嘉義","contractor","承攬商與人員資格","施工人員名冊完整","70","68","66","2","0","1","0","0.9706","7","低"
"2026-06","嘉義","contractor","承攬商與人員資格","工地負責人到場","70","59","57","2","0","1","0","0.9661","7","低"
"2026-06","嘉義","contractor","承攬商與人員資格","安衛人員到場","70","70","68","2","0","1","0","0.9714","7","低"
"2026-06","嘉義","contractor","承攬商與人員資格","特殊作業主管資格符合","70","58","56","2","0","1","0","0.9655","7","低"
"2026-06","嘉義","hazardNotice","危害告知","承攬商已知悉注意事項","70","70","68","2","0","1","0","0.9714","7","低"
"2026-06","嘉義","hazardNotice","危害告知","施工人員完成危害告知","70","66","65","1","0","0","0","0.9848","2","低"
"2026-06","嘉義","hazardNotice","危害告知","勤前教育紀錄完整","70","62","60","2","0","1","0","0.9677","7","低"
"2026-06","嘉義","hazardNotice","危害告知","緊急聯絡資訊明確","70","71","69","2","0","1","0","0.9718","7","低"
"2026-06","嘉義","isolation","環境安全隔離","設備管線已釋壓清洗","70","62","60","2","0","1","0","0.9677","7","低"
"2026-06","嘉義","isolation","環境安全隔離","進出口已關斷/盲封/掛牌","70","63","60","3","1","1","0","0.9524","17","低"
"2026-06","嘉義","isolation","環境安全隔離","電源隔離加鎖掛牌","70","69","67","2","1","0","0","0.971","12","低"
"2026-06","嘉義","isolation","環境安全隔離","暗溝陰井已堵塞密封","70","66","63","3","1","1","0","0.9545","17","低"
"2026-06","嘉義","gas","氣體偵測","可燃性氣體低於20%LEL","70","67","65","2","1","1","0","0.9701","15","低"
"2026-06","嘉義","gas","氣體偵測","氧氣濃度符合標準","70","71","68","3","1","1","0","0.9577","17","低"
"2026-06","嘉義","gas","氣體偵測","有害氣體低於容許濃度","70","69","66","3","1","1","0","0.9565","17","低"
"2026-06","嘉義","gas","氣體偵測","上下午或連續測定紀錄完整","70","60","57","3","1","1","0","0.95","17","低"
"2026-06","嘉義","fireExplosion","消防與防爆設備","20型滅火器配置足夠","70","71","68","3","1","1","0","0.9577","17","低"
"2026-06","嘉義","fireExplosion","消防與防爆設備","防爆電氣設備符合","70","59","57","2","0","1","0","0.9661","7","低"
"2026-06","嘉義","fireExplosion","消防與防爆設備","安全工具使用正確","70","71","68","3","1","1","0","0.9577","17","低"
"2026-06","嘉義","fireExplosion","消防與防爆設備","消防水帶或防火措施到位","70","64","62","2","0","1","0","0.9688","7","低"
"2026-06","嘉義","ppeHeight","PPE與高處防墜","個人防護具穿戴正確","70","63","60","3","1","1","0","0.9524","17","低"
"2026-06","嘉義","ppeHeight","PPE與高處防墜","安全帶/安全母索使用","70","61","59","2","1","1","0","0.9672","15","低"
"2026-06","嘉義","ppeHeight","PPE與高處防墜","施工架檢點合格","70","58","56","2","1","0","0","0.9655","12","低"
"2026-06","嘉義","ppeHeight","PPE與高處防墜","安全網或工作平台設置","70","68","65","3","1","1","0","0.9559","17","低"
"2026-06","嘉義","patrol","巡查會簽","轄區檢點簽認","70","66","64","2","0","1","0","0.9697","7","低"
"2026-06","嘉義","patrol","巡查會簽","監造巡查簽認","70","62","60","2","0","1","0","0.9677","7","低"
"2026-06","嘉義","patrol","巡查會簽","安衛人員巡查紀錄","70","65","63","2","0","1","0","0.9692","7","低"
"2026-06","嘉義","patrol","巡查會簽","異常已即時通知","70","58","56","2","0","1","0","0.9655","7","低"
"2026-06","嘉義","closeout","收工回簽與現場紀錄","環境整理完成","70","66","64","2","0","1","0","0.9697","7","低"
"2026-06","嘉義","closeout","收工回簽與現場紀錄","施工前後照片完整","70","58","56","2","0","0","0","0.9655","4","低"
"2026-06","嘉義","closeout","收工回簽與現場紀錄","氣體偵測照片上傳","70","68","66","2","0","1","0","0.9706","7","低"
"2026-06","嘉義","closeout","收工回簽與現場紀錄","改善事項結案佐證完整","70","65","63","2","0","1","0","0.9692","7","低"
"2026-07","嘉義","permit","許可基本資料","工作內容與地點完整","66","65","64","1","0","0","0","0.9846","2","低"
"2026-07","嘉義","permit","許可基本資料","作業分級正確","66","59","58","1","0","0","0","0.9831","2","低"
"2026-07","嘉義","permit","許可基本資料","核准工作時間明確","66","59","57","2","0","0","0","0.9661","4","低"
"2026-07","嘉義","permit","許可基本資料","回簽資料完整","66","63","62","1","0","0","0","0.9841","2","低"
"2026-07","嘉義","workType","作業分級與工作項目","動火/非動火判定正確","66","55","53","2","0","1","0","0.9636","7","低"
"2026-07","嘉義","workType","作業分級與工作項目","A/B/C級作業判定正確","66","60","58","2","0","1","0","0.9667","7","低"
"2026-07","嘉義","workType","作業分級與工作項目","附加檢點表適用","66","66","64","2","0","1","0","0.9697","7","低"
"2026-07","嘉義","workType","作業分級與工作項目","延時工作經核准","66","58","56","2","0","1","0","0.9655","7","低"
"2026-07","嘉義","contractor","承攬商與人員資格","施工人員名冊完整","66","59","57","2","0","1","0","0.9661","7","低"
"2026-07","嘉義","contractor","承攬商與人員資格","工地負責人到場","66","55","53","2","0","1","0","0.9636","7","低"
"2026-07","嘉義","contractor","承攬商與人員資格","安衛人員到場","66","65","63","2","0","0","0","0.9692","4","低"
"2026-07","嘉義","contractor","承攬商與人員資格","特殊作業主管資格符合","66","64","62","2","0","1","0","0.9688","7","低"
"2026-07","嘉義","hazardNotice","危害告知","承攬商已知悉注意事項","66","56","54","2","0","0","0","0.9643","4","低"
"2026-07","嘉義","hazardNotice","危害告知","施工人員完成危害告知","66","58","56","2","0","1","0","0.9655","7","低"
"2026-07","嘉義","hazardNotice","危害告知","勤前教育紀錄完整","66","57","56","1","0","0","0","0.9825","2","低"
"2026-07","嘉義","hazardNotice","危害告知","緊急聯絡資訊明確","66","66","64","2","0","1","0","0.9697","7","低"
"2026-07","嘉義","isolation","環境安全隔離","設備管線已釋壓清洗","66","59","57","2","0","1","0","0.9661","7","低"
"2026-07","嘉義","isolation","環境安全隔離","進出口已關斷/盲封/掛牌","66","54","52","2","1","1","0","0.963","15","低"
"2026-07","嘉義","isolation","環境安全隔離","電源隔離加鎖掛牌","66","60","58","2","1","0","0","0.9667","12","低"
"2026-07","嘉義","isolation","環境安全隔離","暗溝陰井已堵塞密封","66","64","62","2","1","1","0","0.9688","15","低"
"2026-07","嘉義","gas","氣體偵測","可燃性氣體低於20%LEL","66","57","55","2","1","1","0","0.9649","15","低"
"2026-07","嘉義","gas","氣體偵測","氧氣濃度符合標準","66","59","57","2","0","1","0","0.9661","7","低"
"2026-07","嘉義","gas","氣體偵測","有害氣體低於容許濃度","66","63","60","3","1","1","0","0.9524","17","低"
"2026-07","嘉義","gas","氣體偵測","上下午或連續測定紀錄完整","66","57","55","2","1","1","0","0.9649","15","低"
"2026-07","嘉義","fireExplosion","消防與防爆設備","20型滅火器配置足夠","66","56","54","2","0","1","0","0.9643","7","低"
"2026-07","嘉義","fireExplosion","消防與防爆設備","防爆電氣設備符合","66","54","52","2","1","0","0","0.963","12","低"
"2026-07","嘉義","fireExplosion","消防與防爆設備","安全工具使用正確","66","63","60","3","1","1","0","0.9524","17","低"
"2026-07","嘉義","fireExplosion","消防與防爆設備","消防水帶或防火措施到位","66","58","56","2","0","1","0","0.9655","7","低"
"2026-07","嘉義","ppeHeight","PPE與高處防墜","個人防護具穿戴正確","66","58","56","2","0","0","0","0.9655","4","低"
"2026-07","嘉義","ppeHeight","PPE與高處防墜","安全帶/安全母索使用","66","57","55","2","1","0","0","0.9649","12","低"
"2026-07","嘉義","ppeHeight","PPE與高處防墜","施工架檢點合格","66","65","62","3","1","1","0","0.9538","17","低"
"2026-07","嘉義","ppeHeight","PPE與高處防墜","安全網或工作平台設置","66","57","55","2","1","1","0","0.9649","15","低"
"2026-07","嘉義","patrol","巡查會簽","轄區檢點簽認","66","55","53","2","0","1","0","0.9636","7","低"
"2026-07","嘉義","patrol","巡查會簽","監造巡查簽認","66","62","60","2","0","1","0","0.9677","7","低"
"2026-07","嘉義","patrol","巡查會簽","安衛人員巡查紀錄","66","61","60","1","0","0","0","0.9836","2","低"
"2026-07","嘉義","patrol","巡查會簽","異常已即時通知","66","56","55","1","0","0","0","0.9821","2","低"
"2026-07","嘉義","closeout","收工回簽與現場紀錄","環境整理完成","66","56","54","2","0","0","0","0.9643","4","低"
"2026-07","嘉義","closeout","收工回簽與現場紀錄","施工前後照片完整","66","56","54","2","0","1","0","0.9643","7","低"
"2026-07","嘉義","closeout","收工回簽與現場紀錄","氣體偵測照片上傳","66","60","58","2","0","1","0","0.9667","7","低"
"2026-07","嘉義","closeout","收工回簽與現場紀錄","改善事項結案佐證完整","66","55","53","2","0","0","0","0.9636","4","低"
"2026-08","嘉義","permit","許可基本資料","工作內容與地點完整","70","71","69","2","0","1","0","0.9718","7","低"
"2026-08","嘉義","permit","許可基本資料","作業分級正確","70","59","58","1","0","0","0","0.9831","2","低"
"2026-08","嘉義","permit","許可基本資料","核准工作時間明確","70","71","70","1","0","0","0","0.9859","2","低"
"2026-08","嘉義","permit","許可基本資料","回簽資料完整","70","67","66","1","0","0","0","0.9851","2","低"
"2026-08","嘉義","workType","作業分級與工作項目","動火/非動火判定正確","70","60","58","2","0","1","0","0.9667","7","低"
"2026-08","嘉義","workType","作業分級與工作項目","A/B/C級作業判定正確","70","60","58","2","0","1","0","0.9667","7","低"
"2026-08","嘉義","workType","作業分級與工作項目","附加檢點表適用","70","59","57","2","0","1","0","0.9661","7","低"
"2026-08","嘉義","workType","作業分級與工作項目","延時工作經核准","70","57","55","2","0","1","0","0.9649","7","低"
"2026-08","嘉義","contractor","承攬商與人員資格","施工人員名冊完整","70","68","66","2","0","1","0","0.9706","7","低"
"2026-08","嘉義","contractor","承攬商與人員資格","工地負責人到場","70","68","66","2","0","1","0","0.9706","7","低"
"2026-08","嘉義","contractor","承攬商與人員資格","安衛人員到場","70","62","60","2","0","0","0","0.9677","4","低"
"2026-08","嘉義","contractor","承攬商與人員資格","特殊作業主管資格符合","70","68","66","2","0","0","0","0.9706","4","低"
"2026-08","嘉義","hazardNotice","危害告知","承攬商已知悉注意事項","70","63","61","2","0","1","0","0.9683","7","低"
"2026-08","嘉義","hazardNotice","危害告知","施工人員完成危害告知","70","71","69","2","0","1","0","0.9718","7","低"
"2026-08","嘉義","hazardNotice","危害告知","勤前教育紀錄完整","70","66","64","2","0","1","0","0.9697","7","低"
"2026-08","嘉義","hazardNotice","危害告知","緊急聯絡資訊明確","70","60","58","2","0","1","0","0.9667","7","低"
"2026-08","嘉義","isolation","環境安全隔離","設備管線已釋壓清洗","70","69","66","3","1","1","0","0.9565","17","低"
"2026-08","嘉義","isolation","環境安全隔離","進出口已關斷/盲封/掛牌","70","58","56","2","1","1","0","0.9655","15","低"
"2026-08","嘉義","isolation","環境安全隔離","電源隔離加鎖掛牌","70","58","55","3","1","1","0","0.9483","17","低"
"2026-08","嘉義","isolation","環境安全隔離","暗溝陰井已堵塞密封","70","69","66","3","1","1","0","0.9565","17","低"
"2026-08","嘉義","gas","氣體偵測","可燃性氣體低於20%LEL","70","65","63","2","1","1","0","0.9692","15","低"
"2026-08","嘉義","gas","氣體偵測","氧氣濃度符合標準","70","64","62","2","1","1","0","0.9688","15","低"
"2026-08","嘉義","gas","氣體偵測","有害氣體低於容許濃度","70","64","61","3","1","1","0","0.9531","17","低"
"2026-08","嘉義","gas","氣體偵測","上下午或連續測定紀錄完整","70","66","63","3","1","1","0","0.9545","17","低"
"2026-08","嘉義","fireExplosion","消防與防爆設備","20型滅火器配置足夠","70","64","62","2","1","1","0","0.9688","15","低"
"2026-08","嘉義","fireExplosion","消防與防爆設備","防爆電氣設備符合","70","65","63","2","1","1","0","0.9692","15","低"
"2026-08","嘉義","fireExplosion","消防與防爆設備","安全工具使用正確","70","68","66","2","0","1","0","0.9706","7","低"
"2026-08","嘉義","fireExplosion","消防與防爆設備","消防水帶或防火措施到位","70","69","67","2","1","1","0","0.971","15","低"
"2026-08","嘉義","ppeHeight","PPE與高處防墜","個人防護具穿戴正確","70","61","59","2","1","1","0","0.9672","15","低"
"2026-08","嘉義","ppeHeight","PPE與高處防墜","安全帶/安全母索使用","70","58","55","3","1","1","0","0.9483","17","低"
"2026-08","嘉義","ppeHeight","PPE與高處防墜","施工架檢點合格","70","64","62","2","1","1","0","0.9688","15","低"
"2026-08","嘉義","ppeHeight","PPE與高處防墜","安全網或工作平台設置","70","64","62","2","1","1","0","0.9688","15","低"
"2026-08","嘉義","patrol","巡查會簽","轄區檢點簽認","70","61","59","2","0","1","0","0.9672","7","低"
"2026-08","嘉義","patrol","巡查會簽","監造巡查簽認","70","60","58","2","0","1","0","0.9667","7","低"
"2026-08","嘉義","patrol","巡查會簽","安衛人員巡查紀錄","70","59","57","2","0","1","0","0.9661","7","低"
"2026-08","嘉義","patrol","巡查會簽","異常已即時通知","70","69","67","2","0","1","0","0.971","7","低"
"2026-08","嘉義","closeout","收工回簽與現場紀錄","環境整理完成","70","67","65","2","0","1","0","0.9701","7","低"
"2026-08","嘉義","closeout","收工回簽與現場紀錄","施工前後照片完整","70","60","58","2","0","1","0","0.9667","7","低"
"2026-08","嘉義","closeout","收工回簽與現場紀錄","氣體偵測照片上傳","70","69","67","2","0","1","0","0.971","7","低"
"2026-08","嘉義","closeout","收工回簽與現場紀錄","改善事項結案佐證完整","70","63","61","2","0","1","0","0.9683","7","低"
"2026-09","嘉義","permit","許可基本資料","工作內容與地點完整","68","66","65","1","0","0","0","0.9848","2","低"
"2026-09","嘉義","permit","許可基本資料","作業分級正確","68","60","59","1","0","0","0","0.9833","2","低"
"2026-09","嘉義","permit","許可基本資料","核准工作時間明確","68","59","58","1","0","0","0","0.9831","2","低"
"2026-09","嘉義","permit","許可基本資料","回簽資料完整","68","60","59","1","0","0","0","0.9833","2","低"
"2026-09","嘉義","workType","作業分級與工作項目","動火/非動火判定正確","68","60","58","2","0","0","0","0.9667","4","低"
"2026-09","嘉義","workType","作業分級與工作項目","A/B/C級作業判定正確","68","57","56","1","0","0","0","0.9825","2","低"
"2026-09","嘉義","workType","作業分級與工作項目","附加檢點表適用","68","62","60","2","0","1","0","0.9677","7","低"
"2026-09","嘉義","workType","作業分級與工作項目","延時工作經核准","68","60","58","2","0","1","0","0.9667","7","低"
"2026-09","嘉義","contractor","承攬商與人員資格","施工人員名冊完整","68","68","66","2","0","1","0","0.9706","7","低"
"2026-09","嘉義","contractor","承攬商與人員資格","工地負責人到場","68","65","63","2","0","1","0","0.9692","7","低"
"2026-09","嘉義","contractor","承攬商與人員資格","安衛人員到場","68","63","61","2","0","0","0","0.9683","4","低"
"2026-09","嘉義","contractor","承攬商與人員資格","特殊作業主管資格符合","68","61","59","2","0","1","0","0.9672","7","低"
"2026-09","嘉義","hazardNotice","危害告知","承攬商已知悉注意事項","68","61","60","1","0","0","0","0.9836","2","低"
"2026-09","嘉義","hazardNotice","危害告知","施工人員完成危害告知","68","66","64","2","0","1","0","0.9697","7","低"
"2026-09","嘉義","hazardNotice","危害告知","勤前教育紀錄完整","68","57","56","1","0","0","0","0.9825","2","低"
"2026-09","嘉義","hazardNotice","危害告知","緊急聯絡資訊明確","68","60","58","2","0","1","0","0.9667","7","低"
"2026-09","嘉義","isolation","環境安全隔離","設備管線已釋壓清洗","68","64","62","2","1","1","0","0.9688","15","低"
"2026-09","嘉義","isolation","環境安全隔離","進出口已關斷/盲封/掛牌","68","57","55","2","0","1","0","0.9649","7","低"
"2026-09","嘉義","isolation","環境安全隔離","電源隔離加鎖掛牌","68","66","64","2","1","1","0","0.9697","15","低"
"2026-09","嘉義","isolation","環境安全隔離","暗溝陰井已堵塞密封","68","64","62","2","1","1","0","0.9688","15","低"
"2026-09","嘉義","gas","氣體偵測","可燃性氣體低於20%LEL","68","63","61","2","1","0","0","0.9683","12","低"
"2026-09","嘉義","gas","氣體偵測","氧氣濃度符合標準","68","69","67","2","1","1","0","0.971","15","低"
"2026-09","嘉義","gas","氣體偵測","有害氣體低於容許濃度","68","60","57","3","1","1","0","0.95","17","低"
"2026-09","嘉義","gas","氣體偵測","上下午或連續測定紀錄完整","68","65","62","3","1","1","0","0.9538","17","低"
"2026-09","嘉義","fireExplosion","消防與防爆設備","20型滅火器配置足夠","68","63","60","3","1","1","0","0.9524","17","低"
"2026-09","嘉義","fireExplosion","消防與防爆設備","防爆電氣設備符合","68","64","61","3","1","1","0","0.9531","17","低"
"2026-09","嘉義","fireExplosion","消防與防爆設備","安全工具使用正確","68","67","65","2","1","1","0","0.9701","15","低"
"2026-09","嘉義","fireExplosion","消防與防爆設備","消防水帶或防火措施到位","68","61","59","2","1","1","0","0.9672","15","低"
"2026-09","嘉義","ppeHeight","PPE與高處防墜","個人防護具穿戴正確","68","61","59","2","1","1","0","0.9672","15","低"
"2026-09","嘉義","ppeHeight","PPE與高處防墜","安全帶/安全母索使用","68","64","61","3","1","1","0","0.9531","17","低"
"2026-09","嘉義","ppeHeight","PPE與高處防墜","施工架檢點合格","68","66","63","3","1","1","0","0.9545","17","低"
"2026-09","嘉義","ppeHeight","PPE與高處防墜","安全網或工作平台設置","68","68","66","2","0","1","0","0.9706","7","低"
"2026-09","嘉義","patrol","巡查會簽","轄區檢點簽認","68","56","55","1","0","0","0","0.9821","2","低"
"2026-09","嘉義","patrol","巡查會簽","監造巡查簽認","68","62","60","2","0","1","0","0.9677","7","低"
"2026-09","嘉義","patrol","巡查會簽","安衛人員巡查紀錄","68","68","66","2","0","1","0","0.9706","7","低"
"2026-09","嘉義","patrol","巡查會簽","異常已即時通知","68","64","62","2","0","0","0","0.9688","4","低"
"2026-09","嘉義","closeout","收工回簽與現場紀錄","環境整理完成","68","69","66","3","0","1","0","0.9565","9","低"
"2026-09","嘉義","closeout","收工回簽與現場紀錄","施工前後照片完整","68","63","61","2","0","1","0","0.9683","7","低"
"2026-09","嘉義","closeout","收工回簽與現場紀錄","氣體偵測照片上傳","68","63","61","2","0","1","0","0.9683","7","低"
"2026-09","嘉義","closeout","收工回簽與現場紀錄","改善事項結案佐證完整","68","60","58","2","0","1","0","0.9667","7","低"
"2026-10","嘉義","permit","許可基本資料","工作內容與地點完整","70","68","66","2","0","0","0","0.9706","4","低"
"2026-10","嘉義","permit","許可基本資料","作業分級正確","70","61","59","2","0","1","0","0.9672","7","低"
"2026-10","嘉義","permit","許可基本資料","核准工作時間明確","70","59","58","1","0","0","0","0.9831","2","低"
"2026-10","嘉義","permit","許可基本資料","回簽資料完整","70","62","60","2","0","0","0","0.9677","4","低"
"2026-10","嘉義","workType","作業分級與工作項目","動火/非動火判定正確","70","68","66","2","0","1","0","0.9706","7","低"
"2026-10","嘉義","workType","作業分級與工作項目","A/B/C級作業判定正確","70","60","58","2","0","1","0","0.9667","7","低"
"2026-10","嘉義","workType","作業分級與工作項目","附加檢點表適用","70","66","64","2","0","1","0","0.9697","7","低"
"2026-10","嘉義","workType","作業分級與工作項目","延時工作經核准","70","63","61","2","0","1","0","0.9683","7","低"
"2026-10","嘉義","contractor","承攬商與人員資格","施工人員名冊完整","70","71","68","3","0","1","0","0.9577","9","低"
"2026-10","嘉義","contractor","承攬商與人員資格","工地負責人到場","70","65","63","2","0","1","0","0.9692","7","低"
"2026-10","嘉義","contractor","承攬商與人員資格","安衛人員到場","70","59","57","2","0","1","0","0.9661","7","低"
"2026-10","嘉義","contractor","承攬商與人員資格","特殊作業主管資格符合","70","68","66","2","0","1","0","0.9706","7","低"
"2026-10","嘉義","hazardNotice","危害告知","承攬商已知悉注意事項","70","66","64","2","0","1","0","0.9697","7","低"
"2026-10","嘉義","hazardNotice","危害告知","施工人員完成危害告知","70","61","59","2","0","1","0","0.9672","7","低"
"2026-10","嘉義","hazardNotice","危害告知","勤前教育紀錄完整","70","65","63","2","0","1","0","0.9692","7","低"
"2026-10","嘉義","hazardNotice","危害告知","緊急聯絡資訊明確","70","65","64","1","0","0","0","0.9846","2","低"
"2026-10","嘉義","isolation","環境安全隔離","設備管線已釋壓清洗","70","59","57","2","1","1","0","0.9661","15","低"
"2026-10","嘉義","isolation","環境安全隔離","進出口已關斷/盲封/掛牌","70","67","65","2","1","0","0","0.9701","12","低"
"2026-10","嘉義","isolation","環境安全隔離","電源隔離加鎖掛牌","70","62","60","2","0","1","0","0.9677","7","低"
"2026-10","嘉義","isolation","環境安全隔離","暗溝陰井已堵塞密封","70","59","56","3","1","1","0","0.9492","17","低"
"2026-10","嘉義","gas","氣體偵測","可燃性氣體低於20%LEL","70","70","67","3","1","1","0","0.9571","17","低"
"2026-10","嘉義","gas","氣體偵測","氧氣濃度符合標準","70","61","58","3","1","1","0","0.9508","17","低"
"2026-10","嘉義","gas","氣體偵測","有害氣體低於容許濃度","70","69","66","3","1","1","0","0.9565","17","低"
"2026-10","嘉義","gas","氣體偵測","上下午或連續測定紀錄完整","70","66","64","2","1","1","0","0.9697","15","低"
"2026-10","嘉義","fireExplosion","消防與防爆設備","20型滅火器配置足夠","70","59","57","2","1","1","0","0.9661","15","低"
"2026-10","嘉義","fireExplosion","消防與防爆設備","防爆電氣設備符合","70","62","59","3","1","1","0","0.9516","17","低"
"2026-10","嘉義","fireExplosion","消防與防爆設備","安全工具使用正確","70","63","61","2","0","0","0","0.9683","4","低"
"2026-10","嘉義","fireExplosion","消防與防爆設備","消防水帶或防火措施到位","70","62","60","2","1","1","0","0.9677","15","低"
"2026-10","嘉義","ppeHeight","PPE與高處防墜","個人防護具穿戴正確","70","59","57","2","1","1","0","0.9661","15","低"
"2026-10","嘉義","ppeHeight","PPE與高處防墜","安全帶/安全母索使用","70","67","65","2","0","1","0","0.9701","7","低"
"2026-10","嘉義","ppeHeight","PPE與高處防墜","施工架檢點合格","70","62","60","2","0","1","0","0.9677","7","低"
"2026-10","嘉義","ppeHeight","PPE與高處防墜","安全網或工作平台設置","70","71","68","3","1","1","0","0.9577","17","低"
"2026-10","嘉義","patrol","巡查會簽","轄區檢點簽認","70","62","60","2","0","1","0","0.9677","7","低"
"2026-10","嘉義","patrol","巡查會簽","監造巡查簽認","70","58","56","2","0","1","0","0.9655","7","低"
"2026-10","嘉義","patrol","巡查會簽","安衛人員巡查紀錄","70","63","61","2","0","1","0","0.9683","7","低"
"2026-10","嘉義","patrol","巡查會簽","異常已即時通知","70","63","61","2","0","1","0","0.9683","7","低"
"2026-10","嘉義","closeout","收工回簽與現場紀錄","環境整理完成","70","69","66","3","0","1","0","0.9565","9","低"
"2026-10","嘉義","closeout","收工回簽與現場紀錄","施工前後照片完整","70","63","61","2","0","1","0","0.9683","7","低"
"2026-10","嘉義","closeout","收工回簽與現場紀錄","氣體偵測照片上傳","70","71","68","3","0","1","0","0.9577","9","低"
"2026-10","嘉義","closeout","收工回簽與現場紀錄","改善事項結案佐證完整","70","62","60","2","0","1","0","0.9677","7","低"
"2026-11","嘉義","permit","許可基本資料","工作內容與地點完整","75","74","72","2","0","1","0","0.973","7","低"
"2026-11","嘉義","permit","許可基本資料","作業分級正確","75","73","71","2","0","1","0","0.9726","7","低"
"2026-11","嘉義","permit","許可基本資料","核准工作時間明確","75","68","66","2","0","1","0","0.9706","7","低"
"2026-11","嘉義","permit","許可基本資料","回簽資料完整","75","72","70","2","0","1","0","0.9722","7","低"
"2026-11","嘉義","workType","作業分級與工作項目","動火/非動火判定正確","75","74","72","2","0","1","0","0.973","7","低"
"2026-11","嘉義","workType","作業分級與工作項目","A/B/C級作業判定正確","75","72","70","2","0","1","0","0.9722","7","低"
"2026-11","嘉義","workType","作業分級與工作項目","附加檢點表適用","75","74","72","2","0","1","0","0.973","7","低"
"2026-11","嘉義","workType","作業分級與工作項目","延時工作經核准","75","62","60","2","0","1","0","0.9677","7","低"
"2026-11","嘉義","contractor","承攬商與人員資格","施工人員名冊完整","75","68","66","2","0","1","0","0.9706","7","低"
"2026-11","嘉義","contractor","承攬商與人員資格","工地負責人到場","75","63","61","2","0","1","0","0.9683","7","低"
"2026-11","嘉義","contractor","承攬商與人員資格","安衛人員到場","75","66","64","2","0","1","0","0.9697","7","低"
"2026-11","嘉義","contractor","承攬商與人員資格","特殊作業主管資格符合","75","73","70","3","0","1","0","0.9589","9","低"
"2026-11","嘉義","hazardNotice","危害告知","承攬商已知悉注意事項","75","75","73","2","0","1","0","0.9733","7","低"
"2026-11","嘉義","hazardNotice","危害告知","施工人員完成危害告知","75","67","65","2","0","1","0","0.9701","7","低"
"2026-11","嘉義","hazardNotice","危害告知","勤前教育紀錄完整","75","69","67","2","0","1","0","0.971","7","低"
"2026-11","嘉義","hazardNotice","危害告知","緊急聯絡資訊明確","75","63","61","2","0","1","0","0.9683","7","低"
"2026-11","嘉義","isolation","環境安全隔離","設備管線已釋壓清洗","75","69","67","2","0","1","0","0.971","7","低"
"2026-11","嘉義","isolation","環境安全隔離","進出口已關斷/盲封/掛牌","75","67","64","3","1","1","0","0.9552","17","低"
"2026-11","嘉義","isolation","環境安全隔離","電源隔離加鎖掛牌","75","63","61","2","1","1","0","0.9683","15","低"
"2026-11","嘉義","isolation","環境安全隔離","暗溝陰井已堵塞密封","75","69","66","3","1","1","0","0.9565","17","低"
"2026-11","嘉義","gas","氣體偵測","可燃性氣體低於20%LEL","75","72","69","3","1","1","0","0.9583","17","低"
"2026-11","嘉義","gas","氣體偵測","氧氣濃度符合標準","75","67","64","3","1","1","0","0.9552","17","低"
"2026-11","嘉義","gas","氣體偵測","有害氣體低於容許濃度","75","65","62","3","1","1","0","0.9538","17","低"
"2026-11","嘉義","gas","氣體偵測","上下午或連續測定紀錄完整","75","63","60","3","1","1","0","0.9524","17","低"
"2026-11","嘉義","fireExplosion","消防與防爆設備","20型滅火器配置足夠","75","71","69","2","1","1","0","0.9718","15","低"
"2026-11","嘉義","fireExplosion","消防與防爆設備","防爆電氣設備符合","75","70","68","2","1","1","0","0.9714","15","低"
"2026-11","嘉義","fireExplosion","消防與防爆設備","安全工具使用正確","75","65","62","3","1","1","0","0.9538","17","低"
"2026-11","嘉義","fireExplosion","消防與防爆設備","消防水帶或防火措施到位","75","70","67","3","1","1","0","0.9571","17","低"
"2026-11","嘉義","ppeHeight","PPE與高處防墜","個人防護具穿戴正確","75","74","71","3","1","1","0","0.9595","17","低"
"2026-11","嘉義","ppeHeight","PPE與高處防墜","安全帶/安全母索使用","75","69","66","3","1","1","0","0.9565","17","低"
"2026-11","嘉義","ppeHeight","PPE與高處防墜","施工架檢點合格","75","75","72","3","1","1","0","0.96","17","低"
"2026-11","嘉義","ppeHeight","PPE與高處防墜","安全網或工作平台設置","75","76","72","4","1","1","0","0.9474","19","中"
"2026-11","嘉義","patrol","巡查會簽","轄區檢點簽認","75","76","74","2","0","1","0","0.9737","7","低"
"2026-11","嘉義","patrol","巡查會簽","監造巡查簽認","75","76","73","3","0","1","0","0.9605","9","低"
"2026-11","嘉義","patrol","巡查會簽","安衛人員巡查紀錄","75","62","60","2","0","1","0","0.9677","7","低"
"2026-11","嘉義","patrol","巡查會簽","異常已即時通知","75","65","63","2","0","1","0","0.9692","7","低"
"2026-11","嘉義","closeout","收工回簽與現場紀錄","環境整理完成","75","71","69","2","0","1","0","0.9718","7","低"
"2026-11","嘉義","closeout","收工回簽與現場紀錄","施工前後照片完整","75","62","60","2","0","1","0","0.9677","7","低"
"2026-11","嘉義","closeout","收工回簽與現場紀錄","氣體偵測照片上傳","75","67","65","2","0","1","0","0.9701","7","低"
"2026-11","嘉義","closeout","收工回簽與現場紀錄","改善事項結案佐證完整","75","73","71","2","0","1","0","0.9726","7","低"
"2026-12","嘉義","permit","許可基本資料","工作內容與地點完整","69","64","62","2","0","1","0","0.9688","7","低"
"2026-12","嘉義","permit","許可基本資料","作業分級正確","69","60","59","1","0","0","0","0.9833","2","低"
"2026-12","嘉義","permit","許可基本資料","核准工作時間明確","69","62","61","1","0","0","0","0.9839","2","低"
"2026-12","嘉義","permit","許可基本資料","回簽資料完整","69","69","67","2","0","1","0","0.971","7","低"
"2026-12","嘉義","workType","作業分級與工作項目","動火/非動火判定正確","69","69","67","2","0","1","0","0.971","7","低"
"2026-12","嘉義","workType","作業分級與工作項目","A/B/C級作業判定正確","69","67","65","2","0","1","0","0.9701","7","低"
"2026-12","嘉義","workType","作業分級與工作項目","附加檢點表適用","69","66","64","2","0","1","0","0.9697","7","低"
"2026-12","嘉義","workType","作業分級與工作項目","延時工作經核准","69","57","56","1","0","0","0","0.9825","2","低"
"2026-12","嘉義","contractor","承攬商與人員資格","施工人員名冊完整","69","60","58","2","0","1","0","0.9667","7","低"
"2026-12","嘉義","contractor","承攬商與人員資格","工地負責人到場","69","59","57","2","0","1","0","0.9661","7","低"
"2026-12","嘉義","contractor","承攬商與人員資格","安衛人員到場","69","65","63","2","0","0","0","0.9692","4","低"
"2026-12","嘉義","contractor","承攬商與人員資格","特殊作業主管資格符合","69","65","63","2","0","1","0","0.9692","7","低"
"2026-12","嘉義","hazardNotice","危害告知","承攬商已知悉注意事項","69","67","65","2","0","0","0","0.9701","4","低"
"2026-12","嘉義","hazardNotice","危害告知","施工人員完成危害告知","69","67","66","1","0","0","0","0.9851","2","低"
"2026-12","嘉義","hazardNotice","危害告知","勤前教育紀錄完整","69","66","64","2","0","1","0","0.9697","7","低"
"2026-12","嘉義","hazardNotice","危害告知","緊急聯絡資訊明確","69","67","65","2","0","1","0","0.9701","7","低"
"2026-12","嘉義","isolation","環境安全隔離","設備管線已釋壓清洗","69","64","62","2","1","1","0","0.9688","15","低"
"2026-12","嘉義","isolation","環境安全隔離","進出口已關斷/盲封/掛牌","69","57","55","2","1","1","0","0.9649","15","低"
"2026-12","嘉義","isolation","環境安全隔離","電源隔離加鎖掛牌","69","59","57","2","0","1","0","0.9661","7","低"
"2026-12","嘉義","isolation","環境安全隔離","暗溝陰井已堵塞密封","69","60","58","2","1","1","0","0.9667","15","低"
"2026-12","嘉義","gas","氣體偵測","可燃性氣體低於20%LEL","69","66","64","2","1","1","0","0.9697","15","低"
"2026-12","嘉義","gas","氣體偵測","氧氣濃度符合標準","69","66","63","3","1","1","0","0.9545","17","低"
"2026-12","嘉義","gas","氣體偵測","有害氣體低於容許濃度","69","60","57","3","1","1","0","0.95","17","低"
"2026-12","嘉義","gas","氣體偵測","上下午或連續測定紀錄完整","69","65","63","2","0","1","0","0.9692","7","低"
"2026-12","嘉義","fireExplosion","消防與防爆設備","20型滅火器配置足夠","69","62","59","3","1","1","0","0.9516","17","低"
"2026-12","嘉義","fireExplosion","消防與防爆設備","防爆電氣設備符合","69","61","58","3","1","1","0","0.9508","17","低"
"2026-12","嘉義","fireExplosion","消防與防爆設備","安全工具使用正確","69","65","62","3","1","1","0","0.9538","17","低"
"2026-12","嘉義","fireExplosion","消防與防爆設備","消防水帶或防火措施到位","69","63","61","2","1","0","0","0.9683","12","低"
"2026-12","嘉義","ppeHeight","PPE與高處防墜","個人防護具穿戴正確","69","57","55","2","1","1","0","0.9649","15","低"
"2026-12","嘉義","ppeHeight","PPE與高處防墜","安全帶/安全母索使用","69","61","58","3","1","1","0","0.9508","17","低"
"2026-12","嘉義","ppeHeight","PPE與高處防墜","施工架檢點合格","69","65","63","2","0","0","0","0.9692","4","低"
"2026-12","嘉義","ppeHeight","PPE與高處防墜","安全網或工作平台設置","69","58","55","3","1","1","0","0.9483","17","低"
"2026-12","嘉義","patrol","巡查會簽","轄區檢點簽認","69","70","68","2","0","1","0","0.9714","7","低"
"2026-12","嘉義","patrol","巡查會簽","監造巡查簽認","69","68","66","2","0","1","0","0.9706","7","低"
"2026-12","嘉義","patrol","巡查會簽","安衛人員巡查紀錄","69","58","56","2","0","0","0","0.9655","4","低"
"2026-12","嘉義","patrol","巡查會簽","異常已即時通知","69","68","66","2","0","1","0","0.9706","7","低"
"2026-12","嘉義","closeout","收工回簽與現場紀錄","環境整理完成","69","66","64","2","0","1","0","0.9697","7","低"
"2026-12","嘉義","closeout","收工回簽與現場紀錄","施工前後照片完整","69","58","56","2","0","1","0","0.9655","7","低"
"2026-12","嘉義","closeout","收工回簽與現場紀錄","氣體偵測照片上傳","69","69","67","2","0","1","0","0.971","7","低"
"2026-12","嘉義","closeout","收工回簽與現場紀錄","改善事項結案佐證完整","69","58","56","2","0","1","0","0.9655","7","低"
"2024-01","高雄大林","permit","許可基本資料","工作內容與地點完整","139","118","114","4","0","2","0","0.9661","14","低"
"2024-01","高雄大林","permit","許可基本資料","作業分級正確","139","127","122","5","1","2","1","0.9606","29","中"
"2024-01","高雄大林","permit","許可基本資料","核准工作時間明確","139","133","129","4","1","2","1","0.9699","27","中"
"2024-01","高雄大林","permit","許可基本資料","回簽資料完整","139","138","133","5","0","1","0","0.9638","13","低"
"2024-01","高雄大林","workType","作業分級與工作項目","動火/非動火判定正確","139","134","130","4","0","1","0","0.9701","11","低"
"2024-01","高雄大林","workType","作業分級與工作項目","A/B/C級作業判定正確","139","127","123","4","0","1","0","0.9685","11","低"
"2024-01","高雄大林","workType","作業分級與工作項目","附加檢點表適用","139","132","126","6","1","2","0","0.9545","26","中"
"2024-01","高雄大林","workType","作業分級與工作項目","延時工作經核准","139","119","114","5","1","2","1","0.958","29","中"
"2024-01","高雄大林","contractor","承攬商與人員資格","施工人員名冊完整","139","128","123","5","0","1","0","0.9609","13","低"
"2024-01","高雄大林","contractor","承攬商與人員資格","工地負責人到場","139","131","124","7","1","3","1","0.9466","36","中"
"2024-01","高雄大林","contractor","承攬商與人員資格","安衛人員到場","139","119","114","5","0","2","0","0.958","16","低"
"2024-01","高雄大林","contractor","承攬商與人員資格","特殊作業主管資格符合","139","118","113","5","1","2","1","0.9576","29","中"
"2024-01","高雄大林","hazardNotice","危害告知","承攬商已知悉注意事項","139","120","116","4","1","2","0","0.9667","22","中"
"2024-01","高雄大林","hazardNotice","危害告知","施工人員完成危害告知","139","125","121","4","1","2","1","0.968","27","中"
"2024-01","高雄大林","hazardNotice","危害告知","勤前教育紀錄完整","139","134","130","4","0","1","0","0.9701","11","低"
"2024-01","高雄大林","hazardNotice","危害告知","緊急聯絡資訊明確","139","115","110","5","1","1","0","0.9565","21","中"
"2024-01","高雄大林","isolation","環境安全隔離","設備管線已釋壓清洗","139","138","131","7","2","3","1","0.9493","44","高"
"2024-01","高雄大林","isolation","環境安全隔離","進出口已關斷/盲封/掛牌","139","125","120","5","1","2","0","0.96","24","中"
"2024-01","高雄大林","isolation","環境安全隔離","電源隔離加鎖掛牌","139","127","119","8","2","2","0","0.937","38","中"
"2024-01","高雄大林","isolation","環境安全隔離","暗溝陰井已堵塞密封","139","138","130","8","3","4","1","0.942","57","高"
"2024-01","高雄大林","gas","氣體偵測","可燃性氣體低於20%LEL","139","134","127","7","2","3","1","0.9478","44","高"
"2024-01","高雄大林","gas","氣體偵測","氧氣濃度符合標準","139","129","123","6","1","2","0","0.9535","26","中"
"2024-01","高雄大林","gas","氣體偵測","有害氣體低於容許濃度","139","116","109","7","2","3","1","0.9397","44","高"
"2024-01","高雄大林","gas","氣體偵測","上下午或連續測定紀錄完整","139","118","112","6","2","2","1","0.9492","39","中"
"2024-01","高雄大林","fireExplosion","消防與防爆設備","20型滅火器配置足夠","139","125","116","9","3","2","1","0.928","53","高"
"2024-01","高雄大林","fireExplosion","消防與防爆設備","防爆電氣設備符合","139","118","112","6","1","3","1","0.9492","34","中"
"2024-01","高雄大林","fireExplosion","消防與防爆設備","安全工具使用正確","139","137","128","9","2","2","1","0.9343","45","高"
"2024-01","高雄大林","fireExplosion","消防與防爆設備","消防水帶或防火措施到位","139","119","113","6","2","1","0","0.9496","31","中"
"2024-01","高雄大林","ppeHeight","PPE與高處防墜","個人防護具穿戴正確","139","118","112","6","2","2","0","0.9492","34","中"
"2024-01","高雄大林","ppeHeight","PPE與高處防墜","安全帶/安全母索使用","139","132","126","6","2","3","1","0.9545","42","高"
"2024-01","高雄大林","ppeHeight","PPE與高處防墜","施工架檢點合格","139","122","117","5","2","2","1","0.959","37","中"
"2024-01","高雄大林","ppeHeight","PPE與高處防墜","安全網或工作平台設置","139","138","130","8","2","3","1","0.942","46","高"
"2024-01","高雄大林","patrol","巡查會簽","轄區檢點簽認","139","135","128","7","1","3","1","0.9481","36","中"
"2024-01","高雄大林","patrol","巡查會簽","監造巡查簽認","139","117","113","4","1","1","0","0.9658","19","中"
"2024-01","高雄大林","patrol","巡查會簽","安衛人員巡查紀錄","139","115","111","4","1","1","0","0.9652","19","中"
"2024-01","高雄大林","patrol","巡查會簽","異常已即時通知","139","124","118","6","1","3","1","0.9516","34","中"
"2024-01","高雄大林","closeout","收工回簽與現場紀錄","環境整理完成","139","135","129","6","1","3","1","0.9556","34","中"
"2024-01","高雄大林","closeout","收工回簽與現場紀錄","施工前後照片完整","139","131","126","5","1","2","1","0.9618","29","中"
"2024-01","高雄大林","closeout","收工回簽與現場紀錄","氣體偵測照片上傳","139","135","129","6","1","3","1","0.9556","34","中"
"2024-01","高雄大林","closeout","收工回簽與現場紀錄","改善事項結案佐證完整","139","117","112","5","1","2","1","0.9573","29","中"
"2024-02","高雄大林","permit","許可基本資料","工作內容與地點完整","142","132","129","3","0","1","0","0.9773","9","低"
"2024-02","高雄大林","permit","許可基本資料","作業分級正確","142","118","114","4","1","1","0","0.9661","19","中"
"2024-02","高雄大林","permit","許可基本資料","核准工作時間明確","142","144","139","5","1","1","0","0.9653","21","中"
"2024-02","高雄大林","permit","許可基本資料","回簽資料完整","142","124","120","4","1","1","0","0.9677","19","中"
"2024-02","高雄大林","workType","作業分級與工作項目","動火/非動火判定正確","142","127","122","5","0","2","0","0.9606","16","低"
"2024-02","高雄大林","workType","作業分級與工作項目","A/B/C級作業判定正確","142","142","138","4","0","1","0","0.9718","11","低"
"2024-02","高雄大林","workType","作業分級與工作項目","附加檢點表適用","142","131","126","5","1","1","0","0.9618","21","中"
"2024-02","高雄大林","workType","作業分級與工作項目","延時工作經核准","142","119","115","4","1","2","1","0.9664","27","中"
"2024-02","高雄大林","contractor","承攬商與人員資格","施工人員名冊完整","142","128","123","5","0","2","1","0.9609","21","中"
"2024-02","高雄大林","contractor","承攬商與人員資格","工地負責人到場","142","121","115","6","1","3","1","0.9504","34","中"
"2024-02","高雄大林","contractor","承攬商與人員資格","安衛人員到場","142","118","112","6","1","2","0","0.9492","26","中"
"2024-02","高雄大林","contractor","承攬商與人員資格","特殊作業主管資格符合","142","118","114","4","1","1","0","0.9661","19","中"
"2024-02","高雄大林","hazardNotice","危害告知","承攬商已知悉注意事項","142","119","116","3","0","1","0","0.9748","9","低"
"2024-02","高雄大林","hazardNotice","危害告知","施工人員完成危害告知","142","119","115","4","1","1","0","0.9664","19","中"
"2024-02","高雄大林","hazardNotice","危害告知","勤前教育紀錄完整","142","138","133","5","0","2","1","0.9638","21","中"
"2024-02","高雄大林","hazardNotice","危害告知","緊急聯絡資訊明確","142","121","116","5","1","1","0","0.9587","21","中"
"2024-02","高雄大林","isolation","環境安全隔離","設備管線已釋壓清洗","142","139","132","7","2","3","1","0.9496","44","高"
"2024-02","高雄大林","isolation","環境安全隔離","進出口已關斷/盲封/掛牌","142","135","127","8","2","3","1","0.9407","46","高"
"2024-02","高雄大林","isolation","環境安全隔離","電源隔離加鎖掛牌","142","122","115","7","2","3","1","0.9426","44","高"
"2024-02","高雄大林","isolation","環境安全隔離","暗溝陰井已堵塞密封","142","131","125","6","1","3","1","0.9542","34","中"
"2024-02","高雄大林","gas","氣體偵測","可燃性氣體低於20%LEL","142","121","115","6","2","3","1","0.9504","42","高"
"2024-02","高雄大林","gas","氣體偵測","氧氣濃度符合標準","142","135","127","8","2","4","1","0.9407","49","高"
"2024-02","高雄大林","gas","氣體偵測","有害氣體低於容許濃度","142","123","115","8","2","2","0","0.935","38","中"
"2024-02","高雄大林","gas","氣體偵測","上下午或連續測定紀錄完整","142","117","110","7","2","3","1","0.9402","44","高"
"2024-02","高雄大林","fireExplosion","消防與防爆設備","20型滅火器配置足夠","142","133","127","6","2","2","0","0.9549","34","中"
"2024-02","高雄大林","fireExplosion","消防與防爆設備","防爆電氣設備符合","142","139","133","6","2","3","1","0.9568","42","高"
"2024-02","高雄大林","fireExplosion","消防與防爆設備","安全工具使用正確","142","138","129","9","2","3","1","0.9348","48","高"
"2024-02","高雄大林","fireExplosion","消防與防爆設備","消防水帶或防火措施到位","142","133","124","9","3","3","1","0.9323","56","高"
"2024-02","高雄大林","ppeHeight","PPE與高處防墜","個人防護具穿戴正確","142","140","134","6","1","3","1","0.9571","34","中"
"2024-02","高雄大林","ppeHeight","PPE與高處防墜","安全帶/安全母索使用","142","119","112","7","2","2","1","0.9412","41","中"
"2024-02","高雄大林","ppeHeight","PPE與高處防墜","施工架檢點合格","142","142","135","7","2","2","1","0.9507","41","中"
"2024-02","高雄大林","ppeHeight","PPE與高處防墜","安全網或工作平台設置","142","128","120","8","3","3","1","0.9375","54","高"
"2024-02","高雄大林","patrol","巡查會簽","轄區檢點簽認","142","140","135","5","1","2","1","0.9643","29","中"
"2024-02","高雄大林","patrol","巡查會簽","監造巡查簽認","142","131","126","5","1","2","0","0.9618","24","中"
"2024-02","高雄大林","patrol","巡查會簽","安衛人員巡查紀錄","142","132","126","6","1","3","1","0.9545","34","中"
"2024-02","高雄大林","patrol","巡查會簽","異常已即時通知","142","121","117","4","0","2","1","0.9669","19","中"
"2024-02","高雄大林","closeout","收工回簽與現場紀錄","環境整理完成","142","121","115","6","1","3","1","0.9504","34","中"
"2024-02","高雄大林","closeout","收工回簽與現場紀錄","施工前後照片完整","142","128","121","7","1","3","1","0.9453","36","中"
"2024-02","高雄大林","closeout","收工回簽與現場紀錄","氣體偵測照片上傳","142","137","131","6","1","2","1","0.9562","31","中"
"2024-02","高雄大林","closeout","收工回簽與現場紀錄","改善事項結案佐證完整","142","126","120","6","1","2","1","0.9524","31","中"
"2024-03","高雄大林","permit","許可基本資料","工作內容與地點完整","145","130","126","4","1","2","1","0.9692","27","中"
"2024-03","高雄大林","permit","許可基本資料","作業分級正確","145","141","136","5","1","1","0","0.9645","21","中"
"2024-03","高雄大林","permit","許可基本資料","核准工作時間明確","145","142","137","5","1","2","1","0.9648","29","中"
"2024-03","高雄大林","permit","許可基本資料","回簽資料完整","145","136","131","5","1","2","1","0.9632","29","中"
"2024-03","高雄大林","workType","作業分級與工作項目","動火/非動火判定正確","145","138","133","5","1","2","0","0.9638","24","中"
"2024-03","高雄大林","workType","作業分級與工作項目","A/B/C級作業判定正確","145","124","119","5","0","2","1","0.9597","21","中"
"2024-03","高雄大林","workType","作業分級與工作項目","附加檢點表適用","145","134","129","5","1","1","0","0.9627","21","中"
"2024-03","高雄大林","workType","作業分級與工作項目","延時工作經核准","145","143","139","4","1","2","0","0.972","22","中"
"2024-03","高雄大林","contractor","承攬商與人員資格","施工人員名冊完整","145","119","114","5","0","2","1","0.958","21","中"
"2024-03","高雄大林","contractor","承攬商與人員資格","工地負責人到場","145","147","140","7","1","3","1","0.9524","36","中"
"2024-03","高雄大林","contractor","承攬商與人員資格","安衛人員到場","145","136","131","5","1","2","0","0.9632","24","中"
"2024-03","高雄大林","contractor","承攬商與人員資格","特殊作業主管資格符合","145","146","139","7","1","3","1","0.9521","36","中"
"2024-03","高雄大林","hazardNotice","危害告知","承攬商已知悉注意事項","145","140","135","5","1","2","1","0.9643","29","中"
"2024-03","高雄大林","hazardNotice","危害告知","施工人員完成危害告知","145","124","121","3","1","1","0","0.9758","17","低"
"2024-03","高雄大林","hazardNotice","危害告知","勤前教育紀錄完整","145","136","132","4","0","2","1","0.9706","19","中"
"2024-03","高雄大林","hazardNotice","危害告知","緊急聯絡資訊明確","145","119","115","4","1","1","0","0.9664","19","中"
"2024-03","高雄大林","isolation","環境安全隔離","設備管線已釋壓清洗","145","134","127","7","2","2","0","0.9478","36","中"
"2024-03","高雄大林","isolation","環境安全隔離","進出口已關斷/盲封/掛牌","145","137","130","7","2","3","1","0.9489","44","高"
"2024-03","高雄大林","isolation","環境安全隔離","電源隔離加鎖掛牌","145","136","128","8","3","4","1","0.9412","57","高"
"2024-03","高雄大林","isolation","環境安全隔離","暗溝陰井已堵塞密封","145","128","121","7","2","2","1","0.9453","41","中"
"2024-03","高雄大林","gas","氣體偵測","可燃性氣體低於20%LEL","145","139","132","7","2","3","1","0.9496","44","高"
"2024-03","高雄大林","gas","氣體偵測","氧氣濃度符合標準","145","143","133","10","3","3","1","0.9301","58","高"
"2024-03","高雄大林","gas","氣體偵測","有害氣體低於容許濃度","145","125","119","6","1","3","1","0.952","34","中"
"2024-03","高雄大林","gas","氣體偵測","上下午或連續測定紀錄完整","145","140","131","9","3","2","1","0.9357","53","高"
"2024-03","高雄大林","fireExplosion","消防與防爆設備","20型滅火器配置足夠","145","146","137","9","3","4","1","0.9384","59","高"
"2024-03","高雄大林","fireExplosion","消防與防爆設備","防爆電氣設備符合","145","145","138","7","2","2","1","0.9517","41","中"
"2024-03","高雄大林","fireExplosion","消防與防爆設備","安全工具使用正確","145","120","113","7","2","3","1","0.9417","44","高"
"2024-03","高雄大林","fireExplosion","消防與防爆設備","消防水帶或防火措施到位","145","126","119","7","2","3","1","0.9444","44","高"
"2024-03","高雄大林","ppeHeight","PPE與高處防墜","個人防護具穿戴正確","145","127","121","6","1","3","1","0.9528","34","中"
"2024-03","高雄大林","ppeHeight","PPE與高處防墜","安全帶/安全母索使用","145","143","135","8","2","3","1","0.9441","46","高"
"2024-03","高雄大林","ppeHeight","PPE與高處防墜","施工架檢點合格","145","122","115","7","2","2","1","0.9426","41","中"
"2024-03","高雄大林","ppeHeight","PPE與高處防墜","安全網或工作平台設置","145","148","141","7","2","3","1","0.9527","44","高"
"2024-03","高雄大林","patrol","巡查會簽","轄區檢點簽認","145","122","118","4","0","1","0","0.9672","11","低"
"2024-03","高雄大林","patrol","巡查會簽","監造巡查簽認","145","142","136","6","1","1","0","0.9577","23","中"
"2024-03","高雄大林","patrol","巡查會簽","安衛人員巡查紀錄","145","135","129","6","1","2","0","0.9556","26","中"
"2024-03","高雄大林","patrol","巡查會簽","異常已即時通知","145","125","119","6","1","2","1","0.952","31","中"
"2024-03","高雄大林","closeout","收工回簽與現場紀錄","環境整理完成","145","141","134","7","1","3","1","0.9504","36","中"
"2024-03","高雄大林","closeout","收工回簽與現場紀錄","施工前後照片完整","145","121","114","7","1","3","1","0.9421","36","中"
"2024-03","高雄大林","closeout","收工回簽與現場紀錄","氣體偵測照片上傳","145","137","132","5","0","2","1","0.9635","21","中"
"2024-03","高雄大林","closeout","收工回簽與現場紀錄","改善事項結案佐證完整","145","127","122","5","1","2","0","0.9606","24","中"
"2024-04","高雄大林","permit","許可基本資料","工作內容與地點完整","146","121","118","3","1","1","0","0.9752","17","低"
"2024-04","高雄大林","permit","許可基本資料","作業分級正確","146","136","131","5","0","1","0","0.9632","13","低"
"2024-04","高雄大林","permit","許可基本資料","核准工作時間明確","146","135","130","5","1","2","1","0.963","29","中"
"2024-04","高雄大林","permit","許可基本資料","回簽資料完整","146","140","135","5","1","2","1","0.9643","29","中"
"2024-04","高雄大林","workType","作業分級與工作項目","動火/非動火判定正確","146","138","132","6","1","2","0","0.9565","26","中"
"2024-04","高雄大林","workType","作業分級與工作項目","A/B/C級作業判定正確","146","131","125","6","1","2","1","0.9542","31","中"
"2024-04","高雄大林","workType","作業分級與工作項目","附加檢點表適用","146","144","138","6","1","2","1","0.9583","31","中"
"2024-04","高雄大林","workType","作業分級與工作項目","延時工作經核准","146","142","138","4","1","1","0","0.9718","19","中"
"2024-04","高雄大林","contractor","承攬商與人員資格","施工人員名冊完整","146","120","114","6","1","2","1","0.95","31","中"
"2024-04","高雄大林","contractor","承攬商與人員資格","工地負責人到場","146","138","133","5","1","2","1","0.9638","29","中"
"2024-04","高雄大林","contractor","承攬商與人員資格","安衛人員到場","146","133","127","6","1","3","1","0.9549","34","中"
"2024-04","高雄大林","contractor","承攬商與人員資格","特殊作業主管資格符合","146","129","123","6","1","3","1","0.9535","34","中"
"2024-04","高雄大林","hazardNotice","危害告知","承攬商已知悉注意事項","146","132","128","4","1","1","0","0.9697","19","中"
"2024-04","高雄大林","hazardNotice","危害告知","施工人員完成危害告知","146","131","126","5","1","2","1","0.9618","29","中"
"2024-04","高雄大林","hazardNotice","危害告知","勤前教育紀錄完整","146","130","126","4","0","1","0","0.9692","11","低"
"2024-04","高雄大林","hazardNotice","危害告知","緊急聯絡資訊明確","146","127","122","5","1","2","0","0.9606","24","中"
"2024-04","高雄大林","isolation","環境安全隔離","設備管線已釋壓清洗","146","135","126","9","2","2","0","0.9333","40","中"
"2024-04","高雄大林","isolation","環境安全隔離","進出口已關斷/盲封/掛牌","146","148","140","8","3","2","1","0.9459","51","高"
"2024-04","高雄大林","isolation","環境安全隔離","電源隔離加鎖掛牌","146","140","134","6","2","2","0","0.9571","34","中"
"2024-04","高雄大林","isolation","環境安全隔離","暗溝陰井已堵塞密封","146","139","131","8","2","3","1","0.9424","46","高"
"2024-04","高雄大林","gas","氣體偵測","可燃性氣體低於20%LEL","146","137","129","8","2","4","1","0.9416","49","高"
"2024-04","高雄大林","gas","氣體偵測","氧氣濃度符合標準","146","124","117","7","2","2","0","0.9435","36","中"
"2024-04","高雄大林","gas","氣體偵測","有害氣體低於容許濃度","146","141","134","7","2","3","1","0.9504","44","高"
"2024-04","高雄大林","gas","氣體偵測","上下午或連續測定紀錄完整","146","129","123","6","2","2","1","0.9535","39","中"
"2024-04","高雄大林","fireExplosion","消防與防爆設備","20型滅火器配置足夠","146","124","116","8","2","2","1","0.9355","43","高"
"2024-04","高雄大林","fireExplosion","消防與防爆設備","防爆電氣設備符合","146","126","118","8","2","3","1","0.9365","46","高"
"2024-04","高雄大林","fireExplosion","消防與防爆設備","安全工具使用正確","146","135","126","9","2","4","1","0.9333","51","高"
"2024-04","高雄大林","fireExplosion","消防與防爆設備","消防水帶或防火措施到位","146","122","116","6","2","2","1","0.9508","39","中"
"2024-04","高雄大林","ppeHeight","PPE與高處防墜","個人防護具穿戴正確","146","121","116","5","2","2","0","0.9587","32","中"
"2024-04","高雄大林","ppeHeight","PPE與高處防墜","安全帶/安全母索使用","146","146","139","7","2","3","1","0.9521","44","高"
"2024-04","高雄大林","ppeHeight","PPE與高處防墜","施工架檢點合格","146","139","133","6","2","2","0","0.9568","34","中"
"2024-04","高雄大林","ppeHeight","PPE與高處防墜","安全網或工作平台設置","146","131","124","7","2","3","1","0.9466","44","高"
"2024-04","高雄大林","patrol","巡查會簽","轄區檢點簽認","146","136","129","7","1","3","1","0.9485","36","中"
"2024-04","高雄大林","patrol","巡查會簽","監造巡查簽認","146","148","143","5","1","2","1","0.9662","29","中"
"2024-04","高雄大林","patrol","巡查會簽","安衛人員巡查紀錄","146","130","125","5","1","1","0","0.9615","21","中"
"2024-04","高雄大林","patrol","巡查會簽","異常已即時通知","146","145","138","7","1","3","1","0.9517","36","中"
"2024-04","高雄大林","closeout","收工回簽與現場紀錄","環境整理完成","146","144","137","7","1","2","0","0.9514","28","中"
"2024-04","高雄大林","closeout","收工回簽與現場紀錄","施工前後照片完整","146","134","127","7","1","3","1","0.9478","36","中"
"2024-04","高雄大林","closeout","收工回簽與現場紀錄","氣體偵測照片上傳","146","137","130","7","1","2","1","0.9489","33","中"
"2024-04","高雄大林","closeout","收工回簽與現場紀錄","改善事項結案佐證完整","146","129","123","6","1","2","1","0.9535","31","中"
"2024-05","高雄大林","permit","許可基本資料","工作內容與地點完整","133","122","118","4","0","1","0","0.9672","11","低"
"2024-05","高雄大林","permit","許可基本資料","作業分級正確","133","114","111","3","0","1","0","0.9737","9","低"
"2024-05","高雄大林","permit","許可基本資料","核准工作時間明確","133","136","132","4","1","2","0","0.9706","22","中"
"2024-05","高雄大林","permit","許可基本資料","回簽資料完整","133","113","109","4","1","1","0","0.9646","19","中"
"2024-05","高雄大林","workType","作業分級與工作項目","動火/非動火判定正確","133","133","127","6","1","2","0","0.9549","26","中"
"2024-05","高雄大林","workType","作業分級與工作項目","A/B/C級作業判定正確","133","117","113","4","0","2","1","0.9658","19","中"
"2024-05","高雄大林","workType","作業分級與工作項目","附加檢點表適用","133","128","123","5","0","2","1","0.9609","21","中"
"2024-05","高雄大林","workType","作業分級與工作項目","延時工作經核准","133","116","112","4","1","1","0","0.9655","19","中"
"2024-05","高雄大林","contractor","承攬商與人員資格","施工人員名冊完整","133","120","114","6","1","2","0","0.95","26","中"
"2024-05","高雄大林","contractor","承攬商與人員資格","工地負責人到場","133","135","129","6","1","2","0","0.9556","26","中"
"2024-05","高雄大林","contractor","承攬商與人員資格","安衛人員到場","133","118","113","5","1","2","1","0.9576","29","中"
"2024-05","高雄大林","contractor","承攬商與人員資格","特殊作業主管資格符合","133","128","122","6","1","2","0","0.9531","26","中"
"2024-05","高雄大林","hazardNotice","危害告知","承攬商已知悉注意事項","133","129","125","4","0","1","0","0.969","11","低"
"2024-05","高雄大林","hazardNotice","危害告知","施工人員完成危害告知","133","118","114","4","0","1","0","0.9661","11","低"
"2024-05","高雄大林","hazardNotice","危害告知","勤前教育紀錄完整","133","120","116","4","1","2","1","0.9667","27","中"
"2024-05","高雄大林","hazardNotice","危害告知","緊急聯絡資訊明確","133","113","109","4","0","2","1","0.9646","19","中"
"2024-05","高雄大林","isolation","環境安全隔離","設備管線已釋壓清洗","133","118","112","6","2","2","0","0.9492","34","中"
"2024-05","高雄大林","isolation","環境安全隔離","進出口已關斷/盲封/掛牌","133","134","126","8","2","2","1","0.9403","43","高"
"2024-05","高雄大林","isolation","環境安全隔離","電源隔離加鎖掛牌","133","123","116","7","2","2","1","0.9431","41","中"
"2024-05","高雄大林","isolation","環境安全隔離","暗溝陰井已堵塞密封","133","115","110","5","2","1","0","0.9565","29","中"
"2024-05","高雄大林","gas","氣體偵測","可燃性氣體低於20%LEL","133","115","108","7","2","2","1","0.9391","41","中"
"2024-05","高雄大林","gas","氣體偵測","氧氣濃度符合標準","133","135","127","8","2","3","1","0.9407","46","高"
"2024-05","高雄大林","gas","氣體偵測","有害氣體低於容許濃度","133","132","124","8","2","2","1","0.9394","43","高"
"2024-05","高雄大林","gas","氣體偵測","上下午或連續測定紀錄完整","133","133","127","6","2","2","0","0.9549","34","中"
"2024-05","高雄大林","fireExplosion","消防與防爆設備","20型滅火器配置足夠","133","109","103","6","2","2","1","0.945","39","中"
"2024-05","高雄大林","fireExplosion","消防與防爆設備","防爆電氣設備符合","133","115","108","7","2","3","1","0.9391","44","高"
"2024-05","高雄大林","fireExplosion","消防與防爆設備","安全工具使用正確","133","115","109","6","2","2","1","0.9478","39","中"
"2024-05","高雄大林","fireExplosion","消防與防爆設備","消防水帶或防火措施到位","133","110","103","7","2","3","1","0.9364","44","高"
"2024-05","高雄大林","ppeHeight","PPE與高處防墜","個人防護具穿戴正確","133","127","120","7","2","3","1","0.9449","44","高"
"2024-05","高雄大林","ppeHeight","PPE與高處防墜","安全帶/安全母索使用","133","112","106","6","2","2","0","0.9464","34","中"
"2024-05","高雄大林","ppeHeight","PPE與高處防墜","施工架檢點合格","133","124","117","7","2","2","1","0.9435","41","中"
"2024-05","高雄大林","ppeHeight","PPE與高處防墜","安全網或工作平台設置","133","136","128","8","2","3","1","0.9412","46","高"
"2024-05","高雄大林","patrol","巡查會簽","轄區檢點簽認","133","123","118","5","1","2","1","0.9593","29","中"
"2024-05","高雄大林","patrol","巡查會簽","監造巡查簽認","133","114","109","5","0","2","1","0.9561","21","中"
"2024-05","高雄大林","patrol","巡查會簽","安衛人員巡查紀錄","133","124","119","5","1","2","1","0.9597","29","中"
"2024-05","高雄大林","patrol","巡查會簽","異常已即時通知","133","125","120","5","1","2","0","0.96","24","中"
"2024-05","高雄大林","closeout","收工回簽與現場紀錄","環境整理完成","133","122","116","6","1","3","1","0.9508","34","中"
"2024-05","高雄大林","closeout","收工回簽與現場紀錄","施工前後照片完整","133","122","117","5","1","1","0","0.959","21","中"
"2024-05","高雄大林","closeout","收工回簽與現場紀錄","氣體偵測照片上傳","133","121","116","5","1","1","0","0.9587","21","中"
"2024-05","高雄大林","closeout","收工回簽與現場紀錄","改善事項結案佐證完整","133","118","113","5","1","2","0","0.9576","24","中"
"2024-06","高雄大林","permit","許可基本資料","工作內容與地點完整","128","116","113","3","1","1","0","0.9741","17","低"
"2024-06","高雄大林","permit","許可基本資料","作業分級正確","128","117","114","3","0","1","0","0.9744","9","低"
"2024-06","高雄大林","permit","許可基本資料","核准工作時間明確","128","113","109","4","1","2","1","0.9646","27","中"
"2024-06","高雄大林","permit","許可基本資料","回簽資料完整","128","127","123","4","0","1","0","0.9685","11","低"
"2024-06","高雄大林","workType","作業分級與工作項目","動火/非動火判定正確","128","111","106","5","1","1","0","0.955","21","中"
"2024-06","高雄大林","workType","作業分級與工作項目","A/B/C級作業判定正確","128","108","104","4","1","2","1","0.963","27","中"
"2024-06","高雄大林","workType","作業分級與工作項目","附加檢點表適用","128","113","109","4","1","1","0","0.9646","19","中"
"2024-06","高雄大林","workType","作業分級與工作項目","延時工作經核准","128","124","120","4","1","2","0","0.9677","22","中"
"2024-06","高雄大林","contractor","承攬商與人員資格","施工人員名冊完整","128","112","107","5","1","2","0","0.9554","24","中"
"2024-06","高雄大林","contractor","承攬商與人員資格","工地負責人到場","128","129","123","6","1","2","1","0.9535","31","中"
"2024-06","高雄大林","contractor","承攬商與人員資格","安衛人員到場","128","110","106","4","1","1","0","0.9636","19","中"
"2024-06","高雄大林","contractor","承攬商與人員資格","特殊作業主管資格符合","128","129","123","6","1","2","1","0.9535","31","中"
"2024-06","高雄大林","hazardNotice","危害告知","承攬商已知悉注意事項","128","124","119","5","1","2","1","0.9597","29","中"
"2024-06","高雄大林","hazardNotice","危害告知","施工人員完成危害告知","128","113","108","5","1","1","0","0.9558","21","中"
"2024-06","高雄大林","hazardNotice","危害告知","勤前教育紀錄完整","128","122","118","4","1","1","0","0.9672","19","中"
"2024-06","高雄大林","hazardNotice","危害告知","緊急聯絡資訊明確","128","121","117","4","1","1","0","0.9669","19","中"
"2024-06","高雄大林","isolation","環境安全隔離","設備管線已釋壓清洗","128","115","108","7","2","2","1","0.9391","41","中"
"2024-06","高雄大林","isolation","環境安全隔離","進出口已關斷/盲封/掛牌","128","117","110","7","2","2","1","0.9402","41","中"
"2024-06","高雄大林","isolation","環境安全隔離","電源隔離加鎖掛牌","128","118","111","7","2","2","1","0.9407","41","中"
"2024-06","高雄大林","isolation","環境安全隔離","暗溝陰井已堵塞密封","128","113","108","5","1","1","0","0.9558","21","中"
"2024-06","高雄大林","gas","氣體偵測","可燃性氣體低於20%LEL","128","112","105","7","2","3","1","0.9375","44","高"
"2024-06","高雄大林","gas","氣體偵測","氧氣濃度符合標準","128","109","103","6","2","2","0","0.945","34","中"
"2024-06","高雄大林","gas","氣體偵測","有害氣體低於容許濃度","128","113","107","6","2","2","0","0.9469","34","中"
"2024-06","高雄大林","gas","氣體偵測","上下午或連續測定紀錄完整","128","120","114","6","2","2","1","0.95","39","中"
"2024-06","高雄大林","fireExplosion","消防與防爆設備","20型滅火器配置足夠","128","113","106","7","2","2","1","0.9381","41","中"
"2024-06","高雄大林","fireExplosion","消防與防爆設備","防爆電氣設備符合","128","112","107","5","1","2","0","0.9554","24","中"
"2024-06","高雄大林","fireExplosion","消防與防爆設備","安全工具使用正確","128","107","100","7","2","2","1","0.9346","41","中"
"2024-06","高雄大林","fireExplosion","消防與防爆設備","消防水帶或防火措施到位","128","121","115","6","2","2","0","0.9504","34","中"
"2024-06","高雄大林","ppeHeight","PPE與高處防墜","個人防護具穿戴正確","128","109","103","6","2","3","1","0.945","42","高"
"2024-06","高雄大林","ppeHeight","PPE與高處防墜","安全帶/安全母索使用","128","119","112","7","2","2","1","0.9412","41","中"
"2024-06","高雄大林","ppeHeight","PPE與高處防墜","施工架檢點合格","128","123","116","7","2","2","1","0.9431","41","中"
"2024-06","高雄大林","ppeHeight","PPE與高處防墜","安全網或工作平台設置","128","119","113","6","2","2","0","0.9496","34","中"
"2024-06","高雄大林","patrol","巡查會簽","轄區檢點簽認","128","112","107","5","0","1","0","0.9554","13","低"
"2024-06","高雄大林","patrol","巡查會簽","監造巡查簽認","128","114","110","4","1","2","1","0.9649","27","中"
"2024-06","高雄大林","patrol","巡查會簽","安衛人員巡查紀錄","128","119","113","6","1","2","0","0.9496","26","中"
"2024-06","高雄大林","patrol","巡查會簽","異常已即時通知","128","127","122","5","0","2","0","0.9606","16","低"
"2024-06","高雄大林","closeout","收工回簽與現場紀錄","環境整理完成","128","117","111","6","1","2","1","0.9487","31","中"
"2024-06","高雄大林","closeout","收工回簽與現場紀錄","施工前後照片完整","128","105","99","6","1","3","1","0.9429","34","中"
"2024-06","高雄大林","closeout","收工回簽與現場紀錄","氣體偵測照片上傳","128","119","114","5","0","1","0","0.958","13","低"
"2024-06","高雄大林","closeout","收工回簽與現場紀錄","改善事項結案佐證完整","128","108","103","5","0","2","1","0.9537","21","中"
"2024-07","高雄大林","permit","許可基本資料","工作內容與地點完整","131","122","118","4","0","2","1","0.9672","19","中"
"2024-07","高雄大林","permit","許可基本資料","作業分級正確","131","114","111","3","0","1","0","0.9737","9","低"
"2024-07","高雄大林","permit","許可基本資料","核准工作時間明確","131","115","111","4","1","1","0","0.9652","19","中"
"2024-07","高雄大林","permit","許可基本資料","回簽資料完整","131","127","122","5","1","1","0","0.9606","21","中"
"2024-07","高雄大林","workType","作業分級與工作項目","動火/非動火判定正確","131","131","126","5","1","2","0","0.9618","24","中"
"2024-07","高雄大林","workType","作業分級與工作項目","A/B/C級作業判定正確","131","113","109","4","0","2","0","0.9646","14","低"
"2024-07","高雄大林","workType","作業分級與工作項目","附加檢點表適用","131","125","120","5","0","2","1","0.96","21","中"
"2024-07","高雄大林","workType","作業分級與工作項目","延時工作經核准","131","116","112","4","1","1","0","0.9655","19","中"
"2024-07","高雄大林","contractor","承攬商與人員資格","施工人員名冊完整","131","116","110","6","1","2","1","0.9483","31","中"
"2024-07","高雄大林","contractor","承攬商與人員資格","工地負責人到場","131","110","106","4","0","1","0","0.9636","11","低"
"2024-07","高雄大林","contractor","承攬商與人員資格","安衛人員到場","131","114","108","6","1","2","1","0.9474","31","中"
"2024-07","高雄大林","contractor","承攬商與人員資格","特殊作業主管資格符合","131","129","122","7","1","2","1","0.9457","33","中"
"2024-07","高雄大林","hazardNotice","危害告知","承攬商已知悉注意事項","131","132","128","4","1","1","0","0.9697","19","中"
"2024-07","高雄大林","hazardNotice","危害告知","施工人員完成危害告知","131","128","123","5","1","2","0","0.9609","24","中"
"2024-07","高雄大林","hazardNotice","危害告知","勤前教育紀錄完整","131","120","116","4","1","1","0","0.9667","19","中"
"2024-07","高雄大林","hazardNotice","危害告知","緊急聯絡資訊明確","131","114","111","3","0","1","0","0.9737","9","低"
"2024-07","高雄大林","isolation","環境安全隔離","設備管線已釋壓清洗","131","108","102","6","2","2","1","0.9444","39","中"
"2024-07","高雄大林","isolation","環境安全隔離","進出口已關斷/盲封/掛牌","131","115","108","7","2","3","1","0.9391","44","高"
"2024-07","高雄大林","isolation","環境安全隔離","電源隔離加鎖掛牌","131","113","108","5","2","2","0","0.9558","32","中"
"2024-07","高雄大林","isolation","環境安全隔離","暗溝陰井已堵塞密封","131","131","123","8","2","3","1","0.9389","46","高"
"2024-07","高雄大林","gas","氣體偵測","可燃性氣體低於20%LEL","131","126","120","6","2","2","1","0.9524","39","中"
"2024-07","高雄大林","gas","氣體偵測","氧氣濃度符合標準","131","119","111","8","2","3","1","0.9328","46","高"
"2024-07","高雄大林","gas","氣體偵測","有害氣體低於容許濃度","131","124","117","7","2","3","1","0.9435","44","高"
"2024-07","高雄大林","gas","氣體偵測","上下午或連續測定紀錄完整","131","120","112","8","3","3","1","0.9333","54","高"
"2024-07","高雄大林","fireExplosion","消防與防爆設備","20型滅火器配置足夠","131","131","123","8","2","4","1","0.9389","49","高"
"2024-07","高雄大林","fireExplosion","消防與防爆設備","防爆電氣設備符合","131","120","112","8","2","3","1","0.9333","46","高"
"2024-07","高雄大林","fireExplosion","消防與防爆設備","安全工具使用正確","131","116","109","7","2","2","0","0.9397","36","中"
"2024-07","高雄大林","fireExplosion","消防與防爆設備","消防水帶或防火措施到位","131","125","117","8","2","2","1","0.936","43","高"
"2024-07","高雄大林","ppeHeight","PPE與高處防墜","個人防護具穿戴正確","131","124","116","8","2","2","1","0.9355","43","高"
"2024-07","高雄大林","ppeHeight","PPE與高處防墜","安全帶/安全母索使用","131","123","116","7","2","3","1","0.9431","44","高"
"2024-07","高雄大林","ppeHeight","PPE與高處防墜","施工架檢點合格","131","119","111","8","2","2","1","0.9328","43","高"
"2024-07","高雄大林","ppeHeight","PPE與高處防墜","安全網或工作平台設置","131","118","112","6","2","2","1","0.9492","39","中"
"2024-07","高雄大林","patrol","巡查會簽","轄區檢點簽認","131","118","113","5","1","2","1","0.9576","29","中"
"2024-07","高雄大林","patrol","巡查會簽","監造巡查簽認","131","110","105","5","1","2","0","0.9545","24","中"
"2024-07","高雄大林","patrol","巡查會簽","安衛人員巡查紀錄","131","110","106","4","1","1","0","0.9636","19","中"
"2024-07","高雄大林","patrol","巡查會簽","異常已即時通知","131","121","116","5","1","1","0","0.9587","21","中"
"2024-07","高雄大林","closeout","收工回簽與現場紀錄","環境整理完成","131","123","118","5","1","2","0","0.9593","24","中"
"2024-07","高雄大林","closeout","收工回簽與現場紀錄","施工前後照片完整","131","113","107","6","1","3","1","0.9469","34","中"
"2024-07","高雄大林","closeout","收工回簽與現場紀錄","氣體偵測照片上傳","131","112","106","6","1","2","1","0.9464","31","中"
"2024-07","高雄大林","closeout","收工回簽與現場紀錄","改善事項結案佐證完整","131","122","116","6","1","3","1","0.9508","34","中"
"2024-08","高雄大林","permit","許可基本資料","工作內容與地點完整","129","123","119","4","0","1","0","0.9675","11","低"
"2024-08","高雄大林","permit","許可基本資料","作業分級正確","129","117","114","3","0","1","0","0.9744","9","低"
"2024-08","高雄大林","permit","許可基本資料","核准工作時間明確","129","108","105","3","1","1","0","0.9722","17","低"
"2024-08","高雄大林","permit","許可基本資料","回簽資料完整","129","123","118","5","0","2","0","0.9593","16","低"
"2024-08","高雄大林","workType","作業分級與工作項目","動火/非動火判定正確","129","132","126","6","1","2","1","0.9545","31","中"
"2024-08","高雄大林","workType","作業分級與工作項目","A/B/C級作業判定正確","129","118","113","5","0","2","1","0.9576","21","中"
"2024-08","高雄大林","workType","作業分級與工作項目","附加檢點表適用","129","129","125","4","1","2","1","0.969","27","中"
"2024-08","高雄大林","workType","作業分級與工作項目","延時工作經核准","129","113","109","4","0","2","1","0.9646","19","中"
"2024-08","高雄大林","contractor","承攬商與人員資格","施工人員名冊完整","129","118","113","5","1","1","0","0.9576","21","中"
"2024-08","高雄大林","contractor","承攬商與人員資格","工地負責人到場","129","114","108","6","1","3","1","0.9474","34","中"
"2024-08","高雄大林","contractor","承攬商與人員資格","安衛人員到場","129","126","121","5","1","1","0","0.9603","21","中"
"2024-08","高雄大林","contractor","承攬商與人員資格","特殊作業主管資格符合","129","125","119","6","1","3","1","0.952","34","中"
"2024-08","高雄大林","hazardNotice","危害告知","承攬商已知悉注意事項","129","121","117","4","1","1","0","0.9669","19","中"
"2024-08","高雄大林","hazardNotice","危害告知","施工人員完成危害告知","129","127","123","4","1","1","0","0.9685","19","中"
"2024-08","高雄大林","hazardNotice","危害告知","勤前教育紀錄完整","129","125","121","4","0","1","0","0.968","11","低"
"2024-08","高雄大林","hazardNotice","危害告知","緊急聯絡資訊明確","129","114","109","5","1","2","1","0.9561","29","中"
"2024-08","高雄大林","isolation","環境安全隔離","設備管線已釋壓清洗","129","128","122","6","2","2","1","0.9531","39","中"
"2024-08","高雄大林","isolation","環境安全隔離","進出口已關斷/盲封/掛牌","129","107","101","6","2","2","0","0.9439","34","中"
"2024-08","高雄大林","isolation","環境安全隔離","電源隔離加鎖掛牌","129","124","118","6","2","3","1","0.9516","42","高"
"2024-08","高雄大林","isolation","環境安全隔離","暗溝陰井已堵塞密封","129","124","118","6","2","2","1","0.9516","39","中"
"2024-08","高雄大林","gas","氣體偵測","可燃性氣體低於20%LEL","129","116","109","7","2","2","0","0.9397","36","中"
"2024-08","高雄大林","gas","氣體偵測","氧氣濃度符合標準","129","120","113","7","2","2","0","0.9417","36","中"
"2024-08","高雄大林","gas","氣體偵測","有害氣體低於容許濃度","129","121","115","6","1","1","0","0.9504","23","中"
"2024-08","高雄大林","gas","氣體偵測","上下午或連續測定紀錄完整","129","116","110","6","2","3","1","0.9483","42","高"
"2024-08","高雄大林","fireExplosion","消防與防爆設備","20型滅火器配置足夠","129","114","108","6","1","2","0","0.9474","26","中"
"2024-08","高雄大林","fireExplosion","消防與防爆設備","防爆電氣設備符合","129","126","118","8","2","3","1","0.9365","46","高"
"2024-08","高雄大林","fireExplosion","消防與防爆設備","安全工具使用正確","129","115","109","6","2","3","1","0.9478","42","高"
"2024-08","高雄大林","fireExplosion","消防與防爆設備","消防水帶或防火措施到位","129","130","123","7","2","3","1","0.9462","44","高"
"2024-08","高雄大林","ppeHeight","PPE與高處防墜","個人防護具穿戴正確","129","117","110","7","2","2","1","0.9402","41","中"
"2024-08","高雄大林","ppeHeight","PPE與高處防墜","安全帶/安全母索使用","129","107","101","6","2","2","1","0.9439","39","中"
"2024-08","高雄大林","ppeHeight","PPE與高處防墜","施工架檢點合格","129","132","125","7","2","2","1","0.947","41","中"
"2024-08","高雄大林","ppeHeight","PPE與高處防墜","安全網或工作平台設置","129","107","102","5","1","1","0","0.9533","21","中"
"2024-08","高雄大林","patrol","巡查會簽","轄區檢點簽認","129","115","111","4","1","1","0","0.9652","19","中"
"2024-08","高雄大林","patrol","巡查會簽","監造巡查簽認","129","126","121","5","1","2","1","0.9603","29","中"
"2024-08","高雄大林","patrol","巡查會簽","安衛人員巡查紀錄","129","125","120","5","1","2","1","0.96","29","中"
"2024-08","高雄大林","patrol","巡查會簽","異常已即時通知","129","107","103","4","0","2","1","0.9626","19","中"
"2024-08","高雄大林","closeout","收工回簽與現場紀錄","環境整理完成","129","112","107","5","1","2","1","0.9554","29","中"
"2024-08","高雄大林","closeout","收工回簽與現場紀錄","施工前後照片完整","129","111","106","5","1","2","1","0.955","29","中"
"2024-08","高雄大林","closeout","收工回簽與現場紀錄","氣體偵測照片上傳","129","107","102","5","1","2","1","0.9533","29","中"
"2024-08","高雄大林","closeout","收工回簽與現場紀錄","改善事項結案佐證完整","129","122","117","5","1","2","1","0.959","29","中"
"2024-09","高雄大林","permit","許可基本資料","工作內容與地點完整","122","107","103","4","1","2","0","0.9626","22","中"
"2024-09","高雄大林","permit","許可基本資料","作業分級正確","122","119","114","5","1","1","0","0.958","21","中"
"2024-09","高雄大林","permit","許可基本資料","核准工作時間明確","122","119","115","4","1","1","0","0.9664","19","中"
"2024-09","高雄大林","permit","許可基本資料","回簽資料完整","122","104","101","3","1","1","0","0.9712","17","低"
"2024-09","高雄大林","workType","作業分級與工作項目","動火/非動火判定正確","122","108","104","4","0","1","0","0.963","11","低"
"2024-09","高雄大林","workType","作業分級與工作項目","A/B/C級作業判定正確","122","113","108","5","1","2","1","0.9558","29","中"
"2024-09","高雄大林","workType","作業分級與工作項目","附加檢點表適用","122","108","103","5","1","2","1","0.9537","29","中"
"2024-09","高雄大林","workType","作業分級與工作項目","延時工作經核准","122","116","113","3","1","1","0","0.9741","17","低"
"2024-09","高雄大林","contractor","承攬商與人員資格","施工人員名冊完整","122","100","96","4","1","1","0","0.96","19","中"
"2024-09","高雄大林","contractor","承攬商與人員資格","工地負責人到場","122","109","103","6","1","2","1","0.945","31","中"
"2024-09","高雄大林","contractor","承攬商與人員資格","安衛人員到場","122","120","115","5","1","1","0","0.9583","21","中"
"2024-09","高雄大林","contractor","承攬商與人員資格","特殊作業主管資格符合","122","107","101","6","1","2","1","0.9439","31","中"
"2024-09","高雄大林","hazardNotice","危害告知","承攬商已知悉注意事項","122","123","118","5","0","1","0","0.9593","13","低"
"2024-09","高雄大林","hazardNotice","危害告知","施工人員完成危害告知","122","112","108","4","1","1","0","0.9643","19","中"
"2024-09","高雄大林","hazardNotice","危害告知","勤前教育紀錄完整","122","103","100","3","0","1","0","0.9709","9","低"
"2024-09","高雄大林","hazardNotice","危害告知","緊急聯絡資訊明確","122","119","115","4","1","1","0","0.9664","19","中"
"2024-09","高雄大林","isolation","環境安全隔離","設備管線已釋壓清洗","122","112","106","6","2","3","1","0.9464","42","高"
"2024-09","高雄大林","isolation","環境安全隔離","進出口已關斷/盲封/掛牌","122","104","99","5","2","2","1","0.9519","37","中"
"2024-09","高雄大林","isolation","環境安全隔離","電源隔離加鎖掛牌","122","108","103","5","1","2","0","0.9537","24","中"
"2024-09","高雄大林","isolation","環境安全隔離","暗溝陰井已堵塞密封","122","102","97","5","1","1","0","0.951","21","中"
"2024-09","高雄大林","gas","氣體偵測","可燃性氣體低於20%LEL","122","106","99","7","2","2","1","0.934","41","中"
"2024-09","高雄大林","gas","氣體偵測","氧氣濃度符合標準","122","116","109","7","2","2","0","0.9397","36","中"
"2024-09","高雄大林","gas","氣體偵測","有害氣體低於容許濃度","122","112","105","7","2","2","1","0.9375","41","中"
"2024-09","高雄大林","gas","氣體偵測","上下午或連續測定紀錄完整","122","121","115","6","2","3","1","0.9504","42","高"
"2024-09","高雄大林","fireExplosion","消防與防爆設備","20型滅火器配置足夠","122","108","101","7","2","3","1","0.9352","44","高"
"2024-09","高雄大林","fireExplosion","消防與防爆設備","防爆電氣設備符合","122","109","104","5","1","1","0","0.9541","21","中"
"2024-09","高雄大林","fireExplosion","消防與防爆設備","安全工具使用正確","122","104","99","5","1","1","0","0.9519","21","中"
"2024-09","高雄大林","fireExplosion","消防與防爆設備","消防水帶或防火措施到位","122","119","113","6","1","2","1","0.9496","31","中"
"2024-09","高雄大林","ppeHeight","PPE與高處防墜","個人防護具穿戴正確","122","105","99","6","2","3","1","0.9429","42","高"
"2024-09","高雄大林","ppeHeight","PPE與高處防墜","安全帶/安全母索使用","122","108","102","6","2","2","1","0.9444","39","中"
"2024-09","高雄大林","ppeHeight","PPE與高處防墜","施工架檢點合格","122","119","111","8","2","3","1","0.9328","46","高"
"2024-09","高雄大林","ppeHeight","PPE與高處防墜","安全網或工作平台設置","122","116","111","5","2","2","1","0.9569","37","中"
"2024-09","高雄大林","patrol","巡查會簽","轄區檢點簽認","122","104","100","4","0","1","0","0.9615","11","低"
"2024-09","高雄大林","patrol","巡查會簽","監造巡查簽認","122","107","102","5","1","1","0","0.9533","21","中"
"2024-09","高雄大林","patrol","巡查會簽","安衛人員巡查紀錄","122","111","106","5","0","1","0","0.955","13","低"
"2024-09","高雄大林","patrol","巡查會簽","異常已即時通知","122","122","117","5","1","2","0","0.959","24","中"
"2024-09","高雄大林","closeout","收工回簽與現場紀錄","環境整理完成","122","107","102","5","1","2","1","0.9533","29","中"
"2024-09","高雄大林","closeout","收工回簽與現場紀錄","施工前後照片完整","122","115","111","4","1","1","0","0.9652","19","中"
"2024-09","高雄大林","closeout","收工回簽與現場紀錄","氣體偵測照片上傳","122","121","117","4","0","2","1","0.9669","19","中"
"2024-09","高雄大林","closeout","收工回簽與現場紀錄","改善事項結案佐證完整","122","105","101","4","0","1","0","0.9619","11","低"
"2024-10","高雄大林","permit","許可基本資料","工作內容與地點完整","131","114","110","4","1","2","1","0.9649","27","中"
"2024-10","高雄大林","permit","許可基本資料","作業分級正確","131","109","106","3","0","1","0","0.9725","9","低"
"2024-10","高雄大林","permit","許可基本資料","核准工作時間明確","131","122","118","4","1","1","0","0.9672","19","中"
"2024-10","高雄大林","permit","許可基本資料","回簽資料完整","131","133","129","4","0","2","1","0.9699","19","中"
"2024-10","高雄大林","workType","作業分級與工作項目","動火/非動火判定正確","131","120","115","5","1","2","0","0.9583","24","中"
"2024-10","高雄大林","workType","作業分級與工作項目","A/B/C級作業判定正確","131","130","126","4","0","1","0","0.9692","11","低"
"2024-10","高雄大林","workType","作業分級與工作項目","附加檢點表適用","131","121","116","5","1","2","0","0.9587","24","中"
"2024-10","高雄大林","workType","作業分級與工作項目","延時工作經核准","131","125","120","5","1","2","1","0.96","29","中"
"2024-10","高雄大林","contractor","承攬商與人員資格","施工人員名冊完整","131","129","124","5","0","1","0","0.9612","13","低"
"2024-10","高雄大林","contractor","承攬商與人員資格","工地負責人到場","131","119","114","5","1","2","1","0.958","29","中"
"2024-10","高雄大林","contractor","承攬商與人員資格","安衛人員到場","131","124","118","6","1","2","0","0.9516","26","中"
"2024-10","高雄大林","contractor","承攬商與人員資格","特殊作業主管資格符合","131","122","117","5","1","2","1","0.959","29","中"
"2024-10","高雄大林","hazardNotice","危害告知","承攬商已知悉注意事項","131","114","110","4","0","1","0","0.9649","11","低"
"2024-10","高雄大林","hazardNotice","危害告知","施工人員完成危害告知","131","116","112","4","1","2","1","0.9655","27","中"
"2024-10","高雄大林","hazardNotice","危害告知","勤前教育紀錄完整","131","131","127","4","0","1","0","0.9695","11","低"
"2024-10","高雄大林","hazardNotice","危害告知","緊急聯絡資訊明確","131","109","105","4","1","1","0","0.9633","19","中"
"2024-10","高雄大林","isolation","環境安全隔離","設備管線已釋壓清洗","131","127","121","6","2","2","1","0.9528","39","中"
"2024-10","高雄大林","isolation","環境安全隔離","進出口已關斷/盲封/掛牌","131","115","108","7","2","2","0","0.9391","36","中"
"2024-10","高雄大林","isolation","環境安全隔離","電源隔離加鎖掛牌","131","129","123","6","2","2","0","0.9535","34","中"
"2024-10","高雄大林","isolation","環境安全隔離","暗溝陰井已堵塞密封","131","116","109","7","2","2","0","0.9397","36","中"
"2024-10","高雄大林","gas","氣體偵測","可燃性氣體低於20%LEL","131","125","118","7","2","2","1","0.944","41","中"
"2024-10","高雄大林","gas","氣體偵測","氧氣濃度符合標準","131","109","103","6","2","2","1","0.945","39","中"
"2024-10","高雄大林","gas","氣體偵測","有害氣體低於容許濃度","131","117","111","6","1","2","1","0.9487","31","中"
"2024-10","高雄大林","gas","氣體偵測","上下午或連續測定紀錄完整","131","122","115","7","2","2","0","0.9426","36","中"
"2024-10","高雄大林","fireExplosion","消防與防爆設備","20型滅火器配置足夠","131","119","111","8","3","3","1","0.9328","54","高"
"2024-10","高雄大林","fireExplosion","消防與防爆設備","防爆電氣設備符合","131","111","104","7","2","3","1","0.9369","44","高"
"2024-10","高雄大林","fireExplosion","消防與防爆設備","安全工具使用正確","131","113","107","6","2","2","1","0.9469","39","中"
"2024-10","高雄大林","fireExplosion","消防與防爆設備","消防水帶或防火措施到位","131","124","117","7","2","3","1","0.9435","44","高"
"2024-10","高雄大林","ppeHeight","PPE與高處防墜","個人防護具穿戴正確","131","117","110","7","2","2","0","0.9402","36","中"
"2024-10","高雄大林","ppeHeight","PPE與高處防墜","安全帶/安全母索使用","131","111","104","7","2","3","1","0.9369","44","高"
"2024-10","高雄大林","ppeHeight","PPE與高處防墜","施工架檢點合格","131","116","109","7","2","2","1","0.9397","41","中"
"2024-10","高雄大林","ppeHeight","PPE與高處防墜","安全網或工作平台設置","131","129","121","8","3","2","1","0.938","51","高"
"2024-10","高雄大林","patrol","巡查會簽","轄區檢點簽認","131","131","125","6","1","3","1","0.9542","34","中"
"2024-10","高雄大林","patrol","巡查會簽","監造巡查簽認","131","116","111","5","1","1","0","0.9569","21","中"
"2024-10","高雄大林","patrol","巡查會簽","安衛人員巡查紀錄","131","129","124","5","1","1","0","0.9612","21","中"
"2024-10","高雄大林","patrol","巡查會簽","異常已即時通知","131","116","110","6","1","3","1","0.9483","34","中"
"2024-10","高雄大林","closeout","收工回簽與現場紀錄","環境整理完成","131","133","126","7","1","2","1","0.9474","33","中"
"2024-10","高雄大林","closeout","收工回簽與現場紀錄","施工前後照片完整","131","115","109","6","1","3","1","0.9478","34","中"
"2024-10","高雄大林","closeout","收工回簽與現場紀錄","氣體偵測照片上傳","131","109","103","6","1","2","1","0.945","31","中"
"2024-10","高雄大林","closeout","收工回簽與現場紀錄","改善事項結案佐證完整","131","111","107","4","1","1","0","0.964","19","中"
"2024-11","高雄大林","permit","許可基本資料","工作內容與地點完整","130","111","108","3","0","1","0","0.973","9","低"
"2024-11","高雄大林","permit","許可基本資料","作業分級正確","130","112","109","3","1","1","0","0.9732","17","低"
"2024-11","高雄大林","permit","許可基本資料","核准工作時間明確","130","131","127","4","1","2","0","0.9695","22","中"
"2024-11","高雄大林","permit","許可基本資料","回簽資料完整","130","110","106","4","0","1","0","0.9636","11","低"
"2024-11","高雄大林","workType","作業分級與工作項目","動火/非動火判定正確","130","125","119","6","1","2","1","0.952","31","中"
"2024-11","高雄大林","workType","作業分級與工作項目","A/B/C級作業判定正確","130","111","107","4","0","2","1","0.964","19","中"
"2024-11","高雄大林","workType","作業分級與工作項目","附加檢點表適用","130","119","115","4","0","2","1","0.9664","19","中"
"2024-11","高雄大林","workType","作業分級與工作項目","延時工作經核准","130","117","112","5","1","2","0","0.9573","24","中"
"2024-11","高雄大林","contractor","承攬商與人員資格","施工人員名冊完整","130","130","125","5","1","1","0","0.9615","21","中"
"2024-11","高雄大林","contractor","承攬商與人員資格","工地負責人到場","130","122","116","6","1","3","1","0.9508","34","中"
"2024-11","高雄大林","contractor","承攬商與人員資格","安衛人員到場","130","115","110","5","1","1","0","0.9565","21","中"
"2024-11","高雄大林","contractor","承攬商與人員資格","特殊作業主管資格符合","130","131","124","7","1","3","1","0.9466","36","中"
"2024-11","高雄大林","hazardNotice","危害告知","承攬商已知悉注意事項","130","129","125","4","0","1","0","0.969","11","低"
"2024-11","高雄大林","hazardNotice","危害告知","施工人員完成危害告知","130","131","126","5","1","2","1","0.9618","29","中"
"2024-11","高雄大林","hazardNotice","危害告知","勤前教育紀錄完整","130","120","116","4","0","1","0","0.9667","11","低"
"2024-11","高雄大林","hazardNotice","危害告知","緊急聯絡資訊明確","130","118","113","5","1","2","1","0.9576","29","中"
"2024-11","高雄大林","isolation","環境安全隔離","設備管線已釋壓清洗","130","130","122","8","2","3","1","0.9385","46","高"
"2024-11","高雄大林","isolation","環境安全隔離","進出口已關斷/盲封/掛牌","130","109","102","7","2","2","1","0.9358","41","中"
"2024-11","高雄大林","isolation","環境安全隔離","電源隔離加鎖掛牌","130","120","114","6","2","2","1","0.95","39","中"
"2024-11","高雄大林","isolation","環境安全隔離","暗溝陰井已堵塞密封","130","109","103","6","2","3","1","0.945","42","高"
"2024-11","高雄大林","gas","氣體偵測","可燃性氣體低於20%LEL","130","119","111","8","2","3","1","0.9328","46","高"
"2024-11","高雄大林","gas","氣體偵測","氧氣濃度符合標準","130","107","102","5","2","1","0","0.9533","29","中"
"2024-11","高雄大林","gas","氣體偵測","有害氣體低於容許濃度","130","132","124","8","2","4","1","0.9394","49","高"
"2024-11","高雄大林","gas","氣體偵測","上下午或連續測定紀錄完整","130","114","109","5","2","2","1","0.9561","37","中"
"2024-11","高雄大林","fireExplosion","消防與防爆設備","20型滅火器配置足夠","130","107","101","6","2","2","0","0.9439","34","中"
"2024-11","高雄大林","fireExplosion","消防與防爆設備","防爆電氣設備符合","130","120","114","6","2","3","1","0.95","42","高"
"2024-11","高雄大林","fireExplosion","消防與防爆設備","安全工具使用正確","130","132","124","8","2","4","1","0.9394","49","高"
"2024-11","高雄大林","fireExplosion","消防與防爆設備","消防水帶或防火措施到位","130","120","114","6","2","3","1","0.95","42","高"
"2024-11","高雄大林","ppeHeight","PPE與高處防墜","個人防護具穿戴正確","130","112","107","5","1","1","0","0.9554","21","中"
"2024-11","高雄大林","ppeHeight","PPE與高處防墜","安全帶/安全母索使用","130","130","123","7","2","3","1","0.9462","44","高"
"2024-11","高雄大林","ppeHeight","PPE與高處防墜","施工架檢點合格","130","126","119","7","2","2","1","0.9444","41","中"
"2024-11","高雄大林","ppeHeight","PPE與高處防墜","安全網或工作平台設置","130","125","117","8","2","2","1","0.936","43","高"
"2024-11","高雄大林","patrol","巡查會簽","轄區檢點簽認","130","130","126","4","1","1","0","0.9692","19","中"
"2024-11","高雄大林","patrol","巡查會簽","監造巡查簽認","130","132","126","6","1","3","1","0.9545","34","中"
"2024-11","高雄大林","patrol","巡查會簽","安衛人員巡查紀錄","130","126","122","4","1","1","0","0.9683","19","中"
"2024-11","高雄大林","patrol","巡查會簽","異常已即時通知","130","115","110","5","1","2","1","0.9565","29","中"
"2024-11","高雄大林","closeout","收工回簽與現場紀錄","環境整理完成","130","128","121","7","1","3","1","0.9453","36","中"
"2024-11","高雄大林","closeout","收工回簽與現場紀錄","施工前後照片完整","130","108","102","6","1","2","1","0.9444","31","中"
"2024-11","高雄大林","closeout","收工回簽與現場紀錄","氣體偵測照片上傳","130","108","103","5","1","1","0","0.9537","21","中"
"2024-11","高雄大林","closeout","收工回簽與現場紀錄","改善事項結案佐證完整","130","129","122","7","1","2","1","0.9457","33","中"
"2024-12","高雄大林","permit","許可基本資料","工作內容與地點完整","129","129","125","4","1","1","0","0.969","19","中"
"2024-12","高雄大林","permit","許可基本資料","作業分級正確","129","111","107","4","1","1","0","0.964","19","中"
"2024-12","高雄大林","permit","許可基本資料","核准工作時間明確","129","122","118","4","1","1","0","0.9672","19","中"
"2024-12","高雄大林","permit","許可基本資料","回簽資料完整","129","113","109","4","1","2","1","0.9646","27","中"
"2024-12","高雄大林","workType","作業分級與工作項目","動火/非動火判定正確","129","118","114","4","0","1","0","0.9661","11","低"
"2024-12","高雄大林","workType","作業分級與工作項目","A/B/C級作業判定正確","129","106","102","4","1","2","1","0.9623","27","中"
"2024-12","高雄大林","workType","作業分級與工作項目","附加檢點表適用","129","114","110","4","0","2","0","0.9649","14","低"
"2024-12","高雄大林","workType","作業分級與工作項目","延時工作經核准","129","119","115","4","1","1","0","0.9664","19","中"
"2024-12","高雄大林","contractor","承攬商與人員資格","施工人員名冊完整","129","108","104","4","1","1","0","0.963","19","中"
"2024-12","高雄大林","contractor","承攬商與人員資格","工地負責人到場","129","111","107","4","1","1","0","0.964","19","中"
"2024-12","高雄大林","contractor","承攬商與人員資格","安衛人員到場","129","129","124","5","1","2","1","0.9612","29","中"
"2024-12","高雄大林","contractor","承攬商與人員資格","特殊作業主管資格符合","129","114","108","6","1","3","1","0.9474","34","中"
"2024-12","高雄大林","hazardNotice","危害告知","承攬商已知悉注意事項","129","129","125","4","1","2","1","0.969","27","中"
"2024-12","高雄大林","hazardNotice","危害告知","施工人員完成危害告知","129","131","127","4","1","2","1","0.9695","27","中"
"2024-12","高雄大林","hazardNotice","危害告知","勤前教育紀錄完整","129","118","114","4","0","2","1","0.9661","19","中"
"2024-12","高雄大林","hazardNotice","危害告知","緊急聯絡資訊明確","129","120","116","4","1","1","0","0.9667","19","中"
"2024-12","高雄大林","isolation","環境安全隔離","設備管線已釋壓清洗","129","119","113","6","2","2","0","0.9496","34","中"
"2024-12","高雄大林","isolation","環境安全隔離","進出口已關斷/盲封/掛牌","129","122","114","8","2","3","1","0.9344","46","高"
"2024-12","高雄大林","isolation","環境安全隔離","電源隔離加鎖掛牌","129","130","122","8","3","4","1","0.9385","57","高"
"2024-12","高雄大林","isolation","環境安全隔離","暗溝陰井已堵塞密封","129","120","112","8","2","2","0","0.9333","38","中"
"2024-12","高雄大林","gas","氣體偵測","可燃性氣體低於20%LEL","129","131","125","6","1","2","1","0.9542","31","中"
"2024-12","高雄大林","gas","氣體偵測","氧氣濃度符合標準","129","124","117","7","2","3","1","0.9435","44","高"
"2024-12","高雄大林","gas","氣體偵測","有害氣體低於容許濃度","129","110","105","5","1","2","1","0.9545","29","中"
"2024-12","高雄大林","gas","氣體偵測","上下午或連續測定紀錄完整","129","116","109","7","2","2","1","0.9397","41","中"
"2024-12","高雄大林","fireExplosion","消防與防爆設備","20型滅火器配置足夠","129","123","117","6","2","2","0","0.9512","34","中"
"2024-12","高雄大林","fireExplosion","消防與防爆設備","防爆電氣設備符合","129","129","122","7","2","3","1","0.9457","44","高"
"2024-12","高雄大林","fireExplosion","消防與防爆設備","安全工具使用正確","129","107","101","6","2","2","0","0.9439","34","中"
"2024-12","高雄大林","fireExplosion","消防與防爆設備","消防水帶或防火措施到位","129","109","102","7","2","3","1","0.9358","44","高"
"2024-12","高雄大林","ppeHeight","PPE與高處防墜","個人防護具穿戴正確","129","121","116","5","1","1","0","0.9587","21","中"
"2024-12","高雄大林","ppeHeight","PPE與高處防墜","安全帶/安全母索使用","129","120","113","7","2","2","1","0.9417","41","中"
"2024-12","高雄大林","ppeHeight","PPE與高處防墜","施工架檢點合格","129","110","105","5","1","2","0","0.9545","24","中"
"2024-12","高雄大林","ppeHeight","PPE與高處防墜","安全網或工作平台設置","129","119","112","7","2","3","1","0.9412","44","高"
"2024-12","高雄大林","patrol","巡查會簽","轄區檢點簽認","129","125","120","5","1","2","1","0.96","29","中"
"2024-12","高雄大林","patrol","巡查會簽","監造巡查簽認","129","113","108","5","1","2","0","0.9558","24","中"
"2024-12","高雄大林","patrol","巡查會簽","安衛人員巡查紀錄","129","126","122","4","0","1","0","0.9683","11","低"
"2024-12","高雄大林","patrol","巡查會簽","異常已即時通知","129","113","109","4","1","2","1","0.9646","27","中"
"2024-12","高雄大林","closeout","收工回簽與現場紀錄","環境整理完成","129","116","111","5","1","2","1","0.9569","29","中"
"2024-12","高雄大林","closeout","收工回簽與現場紀錄","施工前後照片完整","129","119","114","5","1","2","1","0.958","29","中"
"2024-12","高雄大林","closeout","收工回簽與現場紀錄","氣體偵測照片上傳","129","119","113","6","1","2","1","0.9496","31","中"
"2024-12","高雄大林","closeout","收工回簽與現場紀錄","改善事項結案佐證完整","129","113","108","5","1","1","0","0.9558","21","中"
"2025-01","高雄大林","permit","許可基本資料","工作內容與地點完整","141","125","121","4","1","1","0","0.968","19","中"
"2025-01","高雄大林","permit","許可基本資料","作業分級正確","141","126","122","4","0","1","0","0.9683","11","低"
"2025-01","高雄大林","permit","許可基本資料","核准工作時間明確","141","132","128","4","1","2","1","0.9697","27","中"
"2025-01","高雄大林","permit","許可基本資料","回簽資料完整","141","141","136","5","1","1","0","0.9645","21","中"
"2025-01","高雄大林","workType","作業分級與工作項目","動火/非動火判定正確","141","143","137","6","1","3","1","0.958","34","中"
"2025-01","高雄大林","workType","作業分級與工作項目","A/B/C級作業判定正確","141","130","125","5","1","1","0","0.9615","21","中"
"2025-01","高雄大林","workType","作業分級與工作項目","附加檢點表適用","141","120","116","4","1","1","0","0.9667","19","中"
"2025-01","高雄大林","workType","作業分級與工作項目","延時工作經核准","141","139","135","4","1","2","1","0.9712","27","中"
"2025-01","高雄大林","contractor","承攬商與人員資格","施工人員名冊完整","141","118","114","4","1","2","1","0.9661","27","中"
"2025-01","高雄大林","contractor","承攬商與人員資格","工地負責人到場","141","137","132","5","1","2","1","0.9635","29","中"
"2025-01","高雄大林","contractor","承攬商與人員資格","安衛人員到場","141","120","114","6","1","2","1","0.95","31","中"
"2025-01","高雄大林","contractor","承攬商與人員資格","特殊作業主管資格符合","141","118","114","4","1","2","1","0.9661","27","中"
"2025-01","高雄大林","hazardNotice","危害告知","承攬商已知悉注意事項","141","118","114","4","0","2","1","0.9661","19","中"
"2025-01","高雄大林","hazardNotice","危害告知","施工人員完成危害告知","141","127","123","4","1","1","0","0.9685","19","中"
"2025-01","高雄大林","hazardNotice","危害告知","勤前教育紀錄完整","141","137","132","5","1","2","1","0.9635","29","中"
"2025-01","高雄大林","hazardNotice","危害告知","緊急聯絡資訊明確","141","142","137","5","1","2","1","0.9648","29","中"
"2025-01","高雄大林","isolation","環境安全隔離","設備管線已釋壓清洗","141","136","130","6","2","2","0","0.9559","34","中"
"2025-01","高雄大林","isolation","環境安全隔離","進出口已關斷/盲封/掛牌","141","119","114","5","1","1","0","0.958","21","中"
"2025-01","高雄大林","isolation","環境安全隔離","電源隔離加鎖掛牌","141","136","128","8","2","4","1","0.9412","49","高"
"2025-01","高雄大林","isolation","環境安全隔離","暗溝陰井已堵塞密封","141","125","119","6","2","2","0","0.952","34","中"
"2025-01","高雄大林","gas","氣體偵測","可燃性氣體低於20%LEL","141","128","122","6","1","3","1","0.9531","34","中"
"2025-01","高雄大林","gas","氣體偵測","氧氣濃度符合標準","141","130","124","6","2","2","1","0.9538","39","中"
"2025-01","高雄大林","gas","氣體偵測","有害氣體低於容許濃度","141","143","136","7","2","3","1","0.951","44","高"
"2025-01","高雄大林","gas","氣體偵測","上下午或連續測定紀錄完整","141","132","126","6","1","2","1","0.9545","31","中"
"2025-01","高雄大林","fireExplosion","消防與防爆設備","20型滅火器配置足夠","141","119","113","6","2","1","0","0.9496","31","中"
"2025-01","高雄大林","fireExplosion","消防與防爆設備","防爆電氣設備符合","141","141","134","7","2","2","1","0.9504","41","中"
"2025-01","高雄大林","fireExplosion","消防與防爆設備","安全工具使用正確","141","124","116","8","3","3","1","0.9355","54","高"
"2025-01","高雄大林","fireExplosion","消防與防爆設備","消防水帶或防火措施到位","141","121","114","7","2","3","1","0.9421","44","高"
"2025-01","高雄大林","ppeHeight","PPE與高處防墜","個人防護具穿戴正確","141","135","128","7","2","2","1","0.9481","41","中"
"2025-01","高雄大林","ppeHeight","PPE與高處防墜","安全帶/安全母索使用","141","140","134","6","2","2","1","0.9571","39","中"
"2025-01","高雄大林","ppeHeight","PPE與高處防墜","施工架檢點合格","141","122","117","5","1","2","1","0.959","29","中"
"2025-01","高雄大林","ppeHeight","PPE與高處防墜","安全網或工作平台設置","141","132","126","6","2","2","0","0.9545","34","中"
"2025-01","高雄大林","patrol","巡查會簽","轄區檢點簽認","141","120","116","4","1","1","0","0.9667","19","中"
"2025-01","高雄大林","patrol","巡查會簽","監造巡查簽認","141","125","120","5","1","2","1","0.96","29","中"
"2025-01","高雄大林","patrol","巡查會簽","安衛人員巡查紀錄","141","130","125","5","1","2","0","0.9615","24","中"
"2025-01","高雄大林","patrol","巡查會簽","異常已即時通知","141","132","127","5","0","2","1","0.9621","21","中"
"2025-01","高雄大林","closeout","收工回簽與現場紀錄","環境整理完成","141","126","120","6","1","3","1","0.9524","34","中"
"2025-01","高雄大林","closeout","收工回簽與現場紀錄","施工前後照片完整","141","139","132","7","1","3","1","0.9496","36","中"
"2025-01","高雄大林","closeout","收工回簽與現場紀錄","氣體偵測照片上傳","141","131","125","6","1","3","1","0.9542","34","中"
"2025-01","高雄大林","closeout","收工回簽與現場紀錄","改善事項結案佐證完整","141","128","121","7","1","3","1","0.9453","36","中"
"2025-02","高雄大林","permit","許可基本資料","工作內容與地點完整","152","152","148","4","1","2","1","0.9737","27","中"
"2025-02","高雄大林","permit","許可基本資料","作業分級正確","152","136","133","3","0","1","0","0.9779","9","低"
"2025-02","高雄大林","permit","許可基本資料","核准工作時間明確","152","150","145","5","1","1","0","0.9667","21","中"
"2025-02","高雄大林","permit","許可基本資料","回簽資料完整","152","134","130","4","0","2","1","0.9701","19","中"
"2025-02","高雄大林","workType","作業分級與工作項目","動火/非動火判定正確","152","144","139","5","1","2","1","0.9653","29","中"
"2025-02","高雄大林","workType","作業分級與工作項目","A/B/C級作業判定正確","152","146","141","5","1","2","1","0.9658","29","中"
"2025-02","高雄大林","workType","作業分級與工作項目","附加檢點表適用","152","155","149","6","1","2","1","0.9613","31","中"
"2025-02","高雄大林","workType","作業分級與工作項目","延時工作經核准","152","141","135","6","1","2","0","0.9574","26","中"
"2025-02","高雄大林","contractor","承攬商與人員資格","施工人員名冊完整","152","155","148","7","1","2","1","0.9548","33","中"
"2025-02","高雄大林","contractor","承攬商與人員資格","工地負責人到場","152","125","120","5","1","2","1","0.96","29","中"
"2025-02","高雄大林","contractor","承攬商與人員資格","安衛人員到場","152","154","147","7","1","2","0","0.9545","28","中"
"2025-02","高雄大林","contractor","承攬商與人員資格","特殊作業主管資格符合","152","152","145","7","1","2","1","0.9539","33","中"
"2025-02","高雄大林","hazardNotice","危害告知","承攬商已知悉注意事項","152","141","137","4","1","2","1","0.9716","27","中"
"2025-02","高雄大林","hazardNotice","危害告知","施工人員完成危害告知","152","137","133","4","1","2","0","0.9708","22","中"
"2025-02","高雄大林","hazardNotice","危害告知","勤前教育紀錄完整","152","135","131","4","0","2","0","0.9704","14","低"
"2025-02","高雄大林","hazardNotice","危害告知","緊急聯絡資訊明確","152","138","133","5","1","1","0","0.9638","21","中"
"2025-02","高雄大林","isolation","環境安全隔離","設備管線已釋壓清洗","152","142","134","8","3","3","1","0.9437","54","高"
"2025-02","高雄大林","isolation","環境安全隔離","進出口已關斷/盲封/掛牌","152","129","123","6","1","3","1","0.9535","34","中"
"2025-02","高雄大林","isolation","環境安全隔離","電源隔離加鎖掛牌","152","132","125","7","2","2","1","0.947","41","中"
"2025-02","高雄大林","isolation","環境安全隔離","暗溝陰井已堵塞密封","152","154","145","9","2","4","1","0.9416","51","高"
"2025-02","高雄大林","gas","氣體偵測","可燃性氣體低於20%LEL","152","146","139","7","2","2","1","0.9521","41","中"
"2025-02","高雄大林","gas","氣體偵測","氧氣濃度符合標準","152","149","141","8","2","3","1","0.9463","46","高"
"2025-02","高雄大林","gas","氣體偵測","有害氣體低於容許濃度","152","128","122","6","2","2","1","0.9531","39","中"
"2025-02","高雄大林","gas","氣體偵測","上下午或連續測定紀錄完整","152","149","140","9","2","4","1","0.9396","51","高"
"2025-02","高雄大林","fireExplosion","消防與防爆設備","20型滅火器配置足夠","152","151","142","9","3","3","1","0.9404","56","高"
"2025-02","高雄大林","fireExplosion","消防與防爆設備","防爆電氣設備符合","152","132","125","7","2","3","1","0.947","44","高"
"2025-02","高雄大林","fireExplosion","消防與防爆設備","安全工具使用正確","152","144","137","7","2","2","1","0.9514","41","中"
"2025-02","高雄大林","fireExplosion","消防與防爆設備","消防水帶或防火措施到位","152","134","126","8","2","2","1","0.9403","43","高"
"2025-02","高雄大林","ppeHeight","PPE與高處防墜","個人防護具穿戴正確","152","143","135","8","2","2","1","0.9441","43","高"
"2025-02","高雄大林","ppeHeight","PPE與高處防墜","安全帶/安全母索使用","152","145","138","7","2","3","1","0.9517","44","高"
"2025-02","高雄大林","ppeHeight","PPE與高處防墜","施工架檢點合格","152","144","137","7","2","3","1","0.9514","44","高"
"2025-02","高雄大林","ppeHeight","PPE與高處防墜","安全網或工作平台設置","152","144","136","8","2","3","1","0.9444","46","高"
"2025-02","高雄大林","patrol","巡查會簽","轄區檢點簽認","152","141","136","5","1","1","0","0.9645","21","中"
"2025-02","高雄大林","patrol","巡查會簽","監造巡查簽認","152","129","123","6","1","3","1","0.9535","34","中"
"2025-02","高雄大林","patrol","巡查會簽","安衛人員巡查紀錄","152","133","128","5","1","2","1","0.9624","29","中"
"2025-02","高雄大林","patrol","巡查會簽","異常已即時通知","152","130","125","5","1","1","0","0.9615","21","中"
"2025-02","高雄大林","closeout","收工回簽與現場紀錄","環境整理完成","152","140","133","7","1","2","1","0.95","33","中"
"2025-02","高雄大林","closeout","收工回簽與現場紀錄","施工前後照片完整","152","142","135","7","1","3","1","0.9507","36","中"
"2025-02","高雄大林","closeout","收工回簽與現場紀錄","氣體偵測照片上傳","152","145","139","6","1","3","1","0.9586","34","中"
"2025-02","高雄大林","closeout","收工回簽與現場紀錄","改善事項結案佐證完整","152","153","145","8","1","2","1","0.9477","35","中"
"2025-03","高雄大林","permit","許可基本資料","工作內容與地點完整","152","148","144","4","1","1","0","0.973","19","中"
"2025-03","高雄大林","permit","許可基本資料","作業分級正確","152","136","132","4","1","1","0","0.9706","19","中"
"2025-03","高雄大林","permit","許可基本資料","核准工作時間明確","152","126","122","4","0","2","1","0.9683","19","中"
"2025-03","高雄大林","permit","許可基本資料","回簽資料完整","152","154","149","5","1","1","0","0.9675","21","中"
"2025-03","高雄大林","workType","作業分級與工作項目","動火/非動火判定正確","152","147","142","5","1","2","1","0.966","29","中"
"2025-03","高雄大林","workType","作業分級與工作項目","A/B/C級作業判定正確","152","154","150","4","0","2","1","0.974","19","中"
"2025-03","高雄大林","workType","作業分級與工作項目","附加檢點表適用","152","125","120","5","1","2","1","0.96","29","中"
"2025-03","高雄大林","workType","作業分級與工作項目","延時工作經核准","152","152","147","5","0","2","0","0.9671","16","低"
"2025-03","高雄大林","contractor","承攬商與人員資格","施工人員名冊完整","152","127","122","5","1","1","0","0.9606","21","中"
"2025-03","高雄大林","contractor","承攬商與人員資格","工地負責人到場","152","143","137","6","1","3","1","0.958","34","中"
"2025-03","高雄大林","contractor","承攬商與人員資格","安衛人員到場","152","129","123","6","1","2","1","0.9535","31","中"
"2025-03","高雄大林","contractor","承攬商與人員資格","特殊作業主管資格符合","152","145","138","7","1","2","0","0.9517","28","中"
"2025-03","高雄大林","hazardNotice","危害告知","承攬商已知悉注意事項","152","144","140","4","0","2","0","0.9722","14","低"
"2025-03","高雄大林","hazardNotice","危害告知","施工人員完成危害告知","152","134","129","5","1","2","1","0.9627","29","中"
"2025-03","高雄大林","hazardNotice","危害告知","勤前教育紀錄完整","152","145","141","4","1","2","1","0.9724","27","中"
"2025-03","高雄大林","hazardNotice","危害告知","緊急聯絡資訊明確","152","146","140","6","1","2","1","0.9589","31","中"
"2025-03","高雄大林","isolation","環境安全隔離","設備管線已釋壓清洗","152","152","146","6","1","2","0","0.9605","26","中"
"2025-03","高雄大林","isolation","環境安全隔離","進出口已關斷/盲封/掛牌","152","145","138","7","2","3","1","0.9517","44","高"
"2025-03","高雄大林","isolation","環境安全隔離","電源隔離加鎖掛牌","152","138","130","8","2","3","1","0.942","46","高"
"2025-03","高雄大林","isolation","環境安全隔離","暗溝陰井已堵塞密封","152","127","121","6","2","3","1","0.9528","42","高"
"2025-03","高雄大林","gas","氣體偵測","可燃性氣體低於20%LEL","152","137","129","8","2","3","1","0.9416","46","高"
"2025-03","高雄大林","gas","氣體偵測","氧氣濃度符合標準","152","152","143","9","3","4","1","0.9408","59","高"
"2025-03","高雄大林","gas","氣體偵測","有害氣體低於容許濃度","152","129","122","7","2","3","1","0.9457","44","高"
"2025-03","高雄大林","gas","氣體偵測","上下午或連續測定紀錄完整","152","127","119","8","2","3","1","0.937","46","高"
"2025-03","高雄大林","fireExplosion","消防與防爆設備","20型滅火器配置足夠","152","151","143","8","3","2","1","0.947","51","高"
"2025-03","高雄大林","fireExplosion","消防與防爆設備","防爆電氣設備符合","152","148","139","9","2","4","1","0.9392","51","高"
"2025-03","高雄大林","fireExplosion","消防與防爆設備","安全工具使用正確","152","153","145","8","2","3","1","0.9477","46","高"
"2025-03","高雄大林","fireExplosion","消防與防爆設備","消防水帶或防火措施到位","152","133","125","8","2","3","1","0.9398","46","高"
"2025-03","高雄大林","ppeHeight","PPE與高處防墜","個人防護具穿戴正確","152","148","141","7","2","2","1","0.9527","41","中"
"2025-03","高雄大林","ppeHeight","PPE與高處防墜","安全帶/安全母索使用","152","154","145","9","3","3","1","0.9416","56","高"
"2025-03","高雄大林","ppeHeight","PPE與高處防墜","施工架檢點合格","152","145","138","7","2","2","0","0.9517","36","中"
"2025-03","高雄大林","ppeHeight","PPE與高處防墜","安全網或工作平台設置","152","149","140","9","2","3","1","0.9396","48","高"
"2025-03","高雄大林","patrol","巡查會簽","轄區檢點簽認","152","149","144","5","1","2","0","0.9664","24","中"
"2025-03","高雄大林","patrol","巡查會簽","監造巡查簽認","152","135","129","6","1","2","0","0.9556","26","中"
"2025-03","高雄大林","patrol","巡查會簽","安衛人員巡查紀錄","152","143","138","5","1","2","1","0.965","29","中"
"2025-03","高雄大林","patrol","巡查會簽","異常已即時通知","152","137","132","5","1","2","0","0.9635","24","中"
"2025-03","高雄大林","closeout","收工回簽與現場紀錄","環境整理完成","152","140","133","7","1","3","1","0.95","36","中"
"2025-03","高雄大林","closeout","收工回簽與現場紀錄","施工前後照片完整","152","125","119","6","0","2","1","0.952","23","中"
"2025-03","高雄大林","closeout","收工回簽與現場紀錄","氣體偵測照片上傳","152","137","130","7","1","3","1","0.9489","36","中"
"2025-03","高雄大林","closeout","收工回簽與現場紀錄","改善事項結案佐證完整","152","140","135","5","1","2","1","0.9643","29","中"
"2025-04","高雄大林","permit","許可基本資料","工作內容與地點完整","152","129","126","3","1","1","0","0.9767","17","低"
"2025-04","高雄大林","permit","許可基本資料","作業分級正確","152","153","149","4","0","1","0","0.9739","11","低"
"2025-04","高雄大林","permit","許可基本資料","核准工作時間明確","152","153","148","5","1","2","1","0.9673","29","中"
"2025-04","高雄大林","permit","許可基本資料","回簽資料完整","152","125","122","3","0","1","0","0.976","9","低"
"2025-04","高雄大林","workType","作業分級與工作項目","動火/非動火判定正確","152","131","127","4","0","1","0","0.9695","11","低"
"2025-04","高雄大林","workType","作業分級與工作項目","A/B/C級作業判定正確","152","144","138","6","1","3","1","0.9583","34","中"
"2025-04","高雄大林","workType","作業分級與工作項目","附加檢點表適用","152","152","146","6","1","3","1","0.9605","34","中"
"2025-04","高雄大林","workType","作業分級與工作項目","延時工作經核准","152","150","145","5","1","1","0","0.9667","21","中"
"2025-04","高雄大林","contractor","承攬商與人員資格","施工人員名冊完整","152","133","128","5","1","2","1","0.9624","29","中"
"2025-04","高雄大林","contractor","承攬商與人員資格","工地負責人到場","152","149","143","6","1","2","0","0.9597","26","中"
"2025-04","高雄大林","contractor","承攬商與人員資格","安衛人員到場","152","127","122","5","0","2","1","0.9606","21","中"
"2025-04","高雄大林","contractor","承攬商與人員資格","特殊作業主管資格符合","152","126","120","6","1","2","1","0.9524","31","中"
"2025-04","高雄大林","hazardNotice","危害告知","承攬商已知悉注意事項","152","154","150","4","1","1","0","0.974","19","中"
"2025-04","高雄大林","hazardNotice","危害告知","施工人員完成危害告知","152","154","149","5","1","2","0","0.9675","24","中"
"2025-04","高雄大林","hazardNotice","危害告知","勤前教育紀錄完整","152","128","123","5","1","2","1","0.9609","29","中"
"2025-04","高雄大林","hazardNotice","危害告知","緊急聯絡資訊明確","152","136","132","4","1","2","1","0.9706","27","中"
"2025-04","高雄大林","isolation","環境安全隔離","設備管線已釋壓清洗","152","136","129","7","2","3","1","0.9485","44","高"
"2025-04","高雄大林","isolation","環境安全隔離","進出口已關斷/盲封/掛牌","152","150","143","7","2","2","1","0.9533","41","中"
"2025-04","高雄大林","isolation","環境安全隔離","電源隔離加鎖掛牌","152","133","126","7","2","3","1","0.9474","44","高"
"2025-04","高雄大林","isolation","環境安全隔離","暗溝陰井已堵塞密封","152","148","139","9","3","3","1","0.9392","56","高"
"2025-04","高雄大林","gas","氣體偵測","可燃性氣體低於20%LEL","152","151","143","8","2","3","1","0.947","46","高"
"2025-04","高雄大林","gas","氣體偵測","氧氣濃度符合標準","152","142","135","7","2","2","1","0.9507","41","中"
"2025-04","高雄大林","gas","氣體偵測","有害氣體低於容許濃度","152","144","136","8","2","4","1","0.9444","49","高"
"2025-04","高雄大林","gas","氣體偵測","上下午或連續測定紀錄完整","152","128","122","6","1","2","1","0.9531","31","中"
"2025-04","高雄大林","fireExplosion","消防與防爆設備","20型滅火器配置足夠","152","130","123","7","2","3","1","0.9462","44","高"
"2025-04","高雄大林","fireExplosion","消防與防爆設備","防爆電氣設備符合","152","147","139","8","3","4","1","0.9456","57","高"
"2025-04","高雄大林","fireExplosion","消防與防爆設備","安全工具使用正確","152","138","131","7","2","3","1","0.9493","44","高"
"2025-04","高雄大林","fireExplosion","消防與防爆設備","消防水帶或防火措施到位","152","138","130","8","2","3","1","0.942","46","高"
"2025-04","高雄大林","ppeHeight","PPE與高處防墜","個人防護具穿戴正確","152","139","133","6","2","2","1","0.9568","39","中"
"2025-04","高雄大林","ppeHeight","PPE與高處防墜","安全帶/安全母索使用","152","151","144","7","2","3","1","0.9536","44","高"
"2025-04","高雄大林","ppeHeight","PPE與高處防墜","施工架檢點合格","152","143","134","9","2","4","1","0.9371","51","高"
"2025-04","高雄大林","ppeHeight","PPE與高處防墜","安全網或工作平台設置","152","152","142","10","3","3","1","0.9342","58","高"
"2025-04","高雄大林","patrol","巡查會簽","轄區檢點簽認","152","155","149","6","1","2","1","0.9613","31","中"
"2025-04","高雄大林","patrol","巡查會簽","監造巡查簽認","152","152","146","6","1","2","1","0.9605","31","中"
"2025-04","高雄大林","patrol","巡查會簽","安衛人員巡查紀錄","152","146","140","6","1","2","1","0.9589","31","中"
"2025-04","高雄大林","patrol","巡查會簽","異常已即時通知","152","143","137","6","1","3","1","0.958","34","中"
"2025-04","高雄大林","closeout","收工回簽與現場紀錄","環境整理完成","152","151","145","6","1","2","1","0.9603","31","中"
"2025-04","高雄大林","closeout","收工回簽與現場紀錄","施工前後照片完整","152","146","139","7","1","3","1","0.9521","36","中"
"2025-04","高雄大林","closeout","收工回簽與現場紀錄","氣體偵測照片上傳","152","132","127","5","1","2","1","0.9621","29","中"
"2025-04","高雄大林","closeout","收工回簽與現場紀錄","改善事項結案佐證完整","152","143","136","7","1","2","1","0.951","33","中"
"2025-05","高雄大林","permit","許可基本資料","工作內容與地點完整","148","142","137","5","1","2","1","0.9648","29","中"
"2025-05","高雄大林","permit","許可基本資料","作業分級正確","148","137","133","4","0","1","0","0.9708","11","低"
"2025-05","高雄大林","permit","許可基本資料","核准工作時間明確","148","148","144","4","1","1","0","0.973","19","中"
"2025-05","高雄大林","permit","許可基本資料","回簽資料完整","148","151","146","5","1","2","1","0.9669","29","中"
"2025-05","高雄大林","workType","作業分級與工作項目","動火/非動火判定正確","148","137","133","4","1","1","0","0.9708","19","中"
"2025-05","高雄大林","workType","作業分級與工作項目","A/B/C級作業判定正確","148","145","140","5","0","2","0","0.9655","16","低"
"2025-05","高雄大林","workType","作業分級與工作項目","附加檢點表適用","148","132","126","6","1","3","1","0.9545","34","中"
"2025-05","高雄大林","workType","作業分級與工作項目","延時工作經核准","148","134","130","4","0","1","0","0.9701","11","低"
"2025-05","高雄大林","contractor","承攬商與人員資格","施工人員名冊完整","148","126","121","5","1","2","1","0.9603","29","中"
"2025-05","高雄大林","contractor","承攬商與人員資格","工地負責人到場","148","129","124","5","0","2","0","0.9612","16","低"
"2025-05","高雄大林","contractor","承攬商與人員資格","安衛人員到場","148","132","127","5","1","2","1","0.9621","29","中"
"2025-05","高雄大林","contractor","承攬商與人員資格","特殊作業主管資格符合","148","138","132","6","1","2","1","0.9565","31","中"
"2025-05","高雄大林","hazardNotice","危害告知","承攬商已知悉注意事項","148","135","130","5","1","2","1","0.963","29","中"
"2025-05","高雄大林","hazardNotice","危害告知","施工人員完成危害告知","148","143","138","5","1","2","1","0.965","29","中"
"2025-05","高雄大林","hazardNotice","危害告知","勤前教育紀錄完整","148","131","126","5","1","2","1","0.9618","29","中"
"2025-05","高雄大林","hazardNotice","危害告知","緊急聯絡資訊明確","148","133","128","5","1","1","0","0.9624","21","中"
"2025-05","高雄大林","isolation","環境安全隔離","設備管線已釋壓清洗","148","147","140","7","2","2","1","0.9524","41","中"
"2025-05","高雄大林","isolation","環境安全隔離","進出口已關斷/盲封/掛牌","148","133","126","7","2","3","1","0.9474","44","高"
"2025-05","高雄大林","isolation","環境安全隔離","電源隔離加鎖掛牌","148","129","122","7","2","2","0","0.9457","36","中"
"2025-05","高雄大林","isolation","環境安全隔離","暗溝陰井已堵塞密封","148","137","129","8","2","4","1","0.9416","49","高"
"2025-05","高雄大林","gas","氣體偵測","可燃性氣體低於20%LEL","148","140","134","6","2","2","1","0.9571","39","中"
"2025-05","高雄大林","gas","氣體偵測","氧氣濃度符合標準","148","135","127","8","2","3","1","0.9407","46","高"
"2025-05","高雄大林","gas","氣體偵測","有害氣體低於容許濃度","148","127","121","6","1","2","1","0.9528","31","中"
"2025-05","高雄大林","gas","氣體偵測","上下午或連續測定紀錄完整","148","146","137","9","2","4","1","0.9384","51","高"
"2025-05","高雄大林","fireExplosion","消防與防爆設備","20型滅火器配置足夠","148","145","138","7","2","2","1","0.9517","41","中"
"2025-05","高雄大林","fireExplosion","消防與防爆設備","防爆電氣設備符合","148","131","122","9","2","3","1","0.9313","48","高"
"2025-05","高雄大林","fireExplosion","消防與防爆設備","安全工具使用正確","148","146","138","8","3","3","1","0.9452","54","高"
"2025-05","高雄大林","fireExplosion","消防與防爆設備","消防水帶或防火措施到位","148","131","123","8","3","2","1","0.9389","51","高"
"2025-05","高雄大林","ppeHeight","PPE與高處防墜","個人防護具穿戴正確","148","143","134","9","2","3","1","0.9371","48","高"
"2025-05","高雄大林","ppeHeight","PPE與高處防墜","安全帶/安全母索使用","148","138","132","6","1","2","1","0.9565","31","中"
"2025-05","高雄大林","ppeHeight","PPE與高處防墜","施工架檢點合格","148","150","142","8","2","2","0","0.9467","38","中"
"2025-05","高雄大林","ppeHeight","PPE與高處防墜","安全網或工作平台設置","148","147","139","8","2","2","1","0.9456","43","高"
"2025-05","高雄大林","patrol","巡查會簽","轄區檢點簽認","148","138","132","6","1","2","0","0.9565","26","中"
"2025-05","高雄大林","patrol","巡查會簽","監造巡查簽認","148","137","132","5","1","2","0","0.9635","24","中"
"2025-05","高雄大林","patrol","巡查會簽","安衛人員巡查紀錄","148","126","121","5","0","2","1","0.9603","21","中"
"2025-05","高雄大林","patrol","巡查會簽","異常已即時通知","148","133","128","5","1","2","0","0.9624","24","中"
"2025-05","高雄大林","closeout","收工回簽與現場紀錄","環境整理完成","148","136","131","5","0","2","1","0.9632","21","中"
"2025-05","高雄大林","closeout","收工回簽與現場紀錄","施工前後照片完整","148","123","117","6","1","1","0","0.9512","23","中"
"2025-05","高雄大林","closeout","收工回簽與現場紀錄","氣體偵測照片上傳","148","122","117","5","1","2","0","0.959","24","中"
"2025-05","高雄大林","closeout","收工回簽與現場紀錄","改善事項結案佐證完整","148","130","124","6","1","3","1","0.9538","34","中"
"2025-06","高雄大林","permit","許可基本資料","工作內容與地點完整","141","131","126","5","1","1","0","0.9618","21","中"
"2025-06","高雄大林","permit","許可基本資料","作業分級正確","141","132","128","4","0","1","0","0.9697","11","低"
"2025-06","高雄大林","permit","許可基本資料","核准工作時間明確","141","129","125","4","0","2","0","0.969","14","低"
"2025-06","高雄大林","permit","許可基本資料","回簽資料完整","141","118","115","3","0","1","0","0.9746","9","低"
"2025-06","高雄大林","workType","作業分級與工作項目","動火/非動火判定正確","141","116","112","4","0","2","0","0.9655","14","低"
"2025-06","高雄大林","workType","作業分級與工作項目","A/B/C級作業判定正確","141","139","133","6","1","3","1","0.9568","34","中"
"2025-06","高雄大林","workType","作業分級與工作項目","附加檢點表適用","141","137","132","5","0","2","0","0.9635","16","低"
"2025-06","高雄大林","workType","作業分級與工作項目","延時工作經核准","141","132","128","4","1","2","1","0.9697","27","中"
"2025-06","高雄大林","contractor","承攬商與人員資格","施工人員名冊完整","141","123","119","4","0","1","0","0.9675","11","低"
"2025-06","高雄大林","contractor","承攬商與人員資格","工地負責人到場","141","136","130","6","1","2","1","0.9559","31","中"
"2025-06","高雄大林","contractor","承攬商與人員資格","安衛人員到場","141","127","121","6","1","3","1","0.9528","34","中"
"2025-06","高雄大林","contractor","承攬商與人員資格","特殊作業主管資格符合","141","120","114","6","1","2","1","0.95","31","中"
"2025-06","高雄大林","hazardNotice","危害告知","承攬商已知悉注意事項","141","139","134","5","1","2","0","0.964","24","中"
"2025-06","高雄大林","hazardNotice","危害告知","施工人員完成危害告知","141","132","127","5","1","1","0","0.9621","21","中"
"2025-06","高雄大林","hazardNotice","危害告知","勤前教育紀錄完整","141","137","132","5","1","1","0","0.9635","21","中"
"2025-06","高雄大林","hazardNotice","危害告知","緊急聯絡資訊明確","141","121","117","4","0","1","0","0.9669","11","低"
"2025-06","高雄大林","isolation","環境安全隔離","設備管線已釋壓清洗","141","121","114","7","2","3","1","0.9421","44","高"
"2025-06","高雄大林","isolation","環境安全隔離","進出口已關斷/盲封/掛牌","141","142","135","7","2","3","1","0.9507","44","高"
"2025-06","高雄大林","isolation","環境安全隔離","電源隔離加鎖掛牌","141","131","123","8","2","4","1","0.9389","49","高"
"2025-06","高雄大林","isolation","環境安全隔離","暗溝陰井已堵塞密封","141","138","132","6","2","3","1","0.9565","42","高"
"2025-06","高雄大林","gas","氣體偵測","可燃性氣體低於20%LEL","141","122","114","8","2","2","1","0.9344","43","高"
"2025-06","高雄大林","gas","氣體偵測","氧氣濃度符合標準","141","117","112","5","2","2","1","0.9573","37","中"
"2025-06","高雄大林","gas","氣體偵測","有害氣體低於容許濃度","141","127","119","8","2","3","1","0.937","46","高"
"2025-06","高雄大林","gas","氣體偵測","上下午或連續測定紀錄完整","141","119","112","7","2","2","1","0.9412","41","中"
"2025-06","高雄大林","fireExplosion","消防與防爆設備","20型滅火器配置足夠","141","133","127","6","2","1","0","0.9549","31","中"
"2025-06","高雄大林","fireExplosion","消防與防爆設備","防爆電氣設備符合","141","142","135","7","2","2","1","0.9507","41","中"
"2025-06","高雄大林","fireExplosion","消防與防爆設備","安全工具使用正確","141","138","131","7","2","3","1","0.9493","44","高"
"2025-06","高雄大林","fireExplosion","消防與防爆設備","消防水帶或防火措施到位","141","120","114","6","2","2","1","0.95","39","中"
"2025-06","高雄大林","ppeHeight","PPE與高處防墜","個人防護具穿戴正確","141","127","121","6","1","2","1","0.9528","31","中"
"2025-06","高雄大林","ppeHeight","PPE與高處防墜","安全帶/安全母索使用","141","135","128","7","2","3","1","0.9481","44","高"
"2025-06","高雄大林","ppeHeight","PPE與高處防墜","施工架檢點合格","141","117","112","5","2","2","0","0.9573","32","中"
"2025-06","高雄大林","ppeHeight","PPE與高處防墜","安全網或工作平台設置","141","128","121","7","2","3","1","0.9453","44","高"
"2025-06","高雄大林","patrol","巡查會簽","轄區檢點簽認","141","129","123","6","1","2","1","0.9535","31","中"
"2025-06","高雄大林","patrol","巡查會簽","監造巡查簽認","141","143","137","6","0","1","0","0.958","15","低"
"2025-06","高雄大林","patrol","巡查會簽","安衛人員巡查紀錄","141","129","124","5","1","2","1","0.9612","29","中"
"2025-06","高雄大林","patrol","巡查會簽","異常已即時通知","141","118","113","5","1","2","1","0.9576","29","中"
"2025-06","高雄大林","closeout","收工回簽與現場紀錄","環境整理完成","141","135","129","6","1","3","1","0.9556","34","中"
"2025-06","高雄大林","closeout","收工回簽與現場紀錄","施工前後照片完整","141","127","121","6","1","3","1","0.9528","34","中"
"2025-06","高雄大林","closeout","收工回簽與現場紀錄","氣體偵測照片上傳","141","134","128","6","1","3","1","0.9552","34","中"
"2025-06","高雄大林","closeout","收工回簽與現場紀錄","改善事項結案佐證完整","141","129","124","5","1","1","0","0.9612","21","中"
"2025-07","高雄大林","permit","許可基本資料","工作內容與地點完整","128","106","102","4","1","2","0","0.9623","22","中"
"2025-07","高雄大林","permit","許可基本資料","作業分級正確","128","125","122","3","0","1","0","0.976","9","低"
"2025-07","高雄大林","permit","許可基本資料","核准工作時間明確","128","130","126","4","1","1","0","0.9692","19","中"
"2025-07","高雄大林","permit","許可基本資料","回簽資料完整","128","123","119","4","1","2","1","0.9675","27","中"
"2025-07","高雄大林","workType","作業分級與工作項目","動火/非動火判定正確","128","129","124","5","0","1","0","0.9612","13","低"
"2025-07","高雄大林","workType","作業分級與工作項目","A/B/C級作業判定正確","128","123","118","5","1","1","0","0.9593","21","中"
"2025-07","高雄大林","workType","作業分級與工作項目","附加檢點表適用","128","111","106","5","1","2","1","0.955","29","中"
"2025-07","高雄大林","workType","作業分級與工作項目","延時工作經核准","128","122","117","5","1","2","1","0.959","29","中"
"2025-07","高雄大林","contractor","承攬商與人員資格","施工人員名冊完整","128","128","122","6","1","3","1","0.9531","34","中"
"2025-07","高雄大林","contractor","承攬商與人員資格","工地負責人到場","128","111","107","4","1","2","1","0.964","27","中"
"2025-07","高雄大林","contractor","承攬商與人員資格","安衛人員到場","128","128","123","5","1","1","0","0.9609","21","中"
"2025-07","高雄大林","contractor","承攬商與人員資格","特殊作業主管資格符合","128","107","103","4","1","2","1","0.9626","27","中"
"2025-07","高雄大林","hazardNotice","危害告知","承攬商已知悉注意事項","128","105","102","3","0","1","0","0.9714","9","低"
"2025-07","高雄大林","hazardNotice","危害告知","施工人員完成危害告知","128","126","121","5","1","2","1","0.9603","29","中"
"2025-07","高雄大林","hazardNotice","危害告知","勤前教育紀錄完整","128","125","120","5","1","2","0","0.96","24","中"
"2025-07","高雄大林","hazardNotice","危害告知","緊急聯絡資訊明確","128","106","102","4","1","2","0","0.9623","22","中"
"2025-07","高雄大林","isolation","環境安全隔離","設備管線已釋壓清洗","128","123","116","7","2","3","1","0.9431","44","高"
"2025-07","高雄大林","isolation","環境安全隔離","進出口已關斷/盲封/掛牌","128","112","107","5","1","1","0","0.9554","21","中"
"2025-07","高雄大林","isolation","環境安全隔離","電源隔離加鎖掛牌","128","126","119","7","2","3","1","0.9444","44","高"
"2025-07","高雄大林","isolation","環境安全隔離","暗溝陰井已堵塞密封","128","119","112","7","2","3","1","0.9412","44","高"
"2025-07","高雄大林","gas","氣體偵測","可燃性氣體低於20%LEL","128","123","115","8","2","2","1","0.935","43","高"
"2025-07","高雄大林","gas","氣體偵測","氧氣濃度符合標準","128","113","107","6","2","1","0","0.9469","31","中"
"2025-07","高雄大林","gas","氣體偵測","有害氣體低於容許濃度","128","122","115","7","2","2","1","0.9426","41","中"
"2025-07","高雄大林","gas","氣體偵測","上下午或連續測定紀錄完整","128","130","124","6","1","2","0","0.9538","26","中"
"2025-07","高雄大林","fireExplosion","消防與防爆設備","20型滅火器配置足夠","128","108","101","7","2","3","1","0.9352","44","高"
"2025-07","高雄大林","fireExplosion","消防與防爆設備","防爆電氣設備符合","128","124","116","8","2","3","1","0.9355","46","高"
"2025-07","高雄大林","fireExplosion","消防與防爆設備","安全工具使用正確","128","124","118","6","2","2","1","0.9516","39","中"
"2025-07","高雄大林","fireExplosion","消防與防爆設備","消防水帶或防火措施到位","128","111","106","5","1","2","1","0.955","29","中"
"2025-07","高雄大林","ppeHeight","PPE與高處防墜","個人防護具穿戴正確","128","106","100","6","1","2","1","0.9434","31","中"
"2025-07","高雄大林","ppeHeight","PPE與高處防墜","安全帶/安全母索使用","128","112","106","6","2","1","0","0.9464","31","中"
"2025-07","高雄大林","ppeHeight","PPE與高處防墜","施工架檢點合格","128","109","102","7","2","3","1","0.9358","44","高"
"2025-07","高雄大林","ppeHeight","PPE與高處防墜","安全網或工作平台設置","128","126","120","6","2","2","1","0.9524","39","中"
"2025-07","高雄大林","patrol","巡查會簽","轄區檢點簽認","128","116","111","5","1","2","1","0.9569","29","中"
"2025-07","高雄大林","patrol","巡查會簽","監造巡查簽認","128","116","111","5","1","2","0","0.9569","24","中"
"2025-07","高雄大林","patrol","巡查會簽","安衛人員巡查紀錄","128","129","124","5","0","1","0","0.9612","13","低"
"2025-07","高雄大林","patrol","巡查會簽","異常已即時通知","128","107","104","3","0","1","0","0.972","9","低"
"2025-07","高雄大林","closeout","收工回簽與現場紀錄","環境整理完成","128","105","101","4","1","2","1","0.9619","27","中"
"2025-07","高雄大林","closeout","收工回簽與現場紀錄","施工前後照片完整","128","122","116","6","0","3","1","0.9508","26","中"
"2025-07","高雄大林","closeout","收工回簽與現場紀錄","氣體偵測照片上傳","128","112","107","5","1","2","1","0.9554","29","中"
"2025-07","高雄大林","closeout","收工回簽與現場紀錄","改善事項結案佐證完整","128","127","121","6","1","2","1","0.9528","31","中"
"2025-08","高雄大林","permit","許可基本資料","工作內容與地點完整","134","132","127","5","1","2","0","0.9621","24","中"
"2025-08","高雄大林","permit","許可基本資料","作業分級正確","134","117","113","4","0","2","0","0.9658","14","低"
"2025-08","高雄大林","permit","許可基本資料","核准工作時間明確","134","127","123","4","1","1","0","0.9685","19","中"
"2025-08","高雄大林","permit","許可基本資料","回簽資料完整","134","134","129","5","1","2","1","0.9627","29","中"
"2025-08","高雄大林","workType","作業分級與工作項目","動火/非動火判定正確","134","130","126","4","0","1","0","0.9692","11","低"
"2025-08","高雄大林","workType","作業分級與工作項目","A/B/C級作業判定正確","134","119","114","5","1","2","1","0.958","29","中"
"2025-08","高雄大林","workType","作業分級與工作項目","附加檢點表適用","134","119","114","5","1","2","0","0.958","24","中"
"2025-08","高雄大林","workType","作業分級與工作項目","延時工作經核准","134","127","122","5","1","2","1","0.9606","29","中"
"2025-08","高雄大林","contractor","承攬商與人員資格","施工人員名冊完整","134","129","123","6","1","3","1","0.9535","34","中"
"2025-08","高雄大林","contractor","承攬商與人員資格","工地負責人到場","134","113","108","5","1","2","1","0.9558","29","中"
"2025-08","高雄大林","contractor","承攬商與人員資格","安衛人員到場","134","135","129","6","1","2","0","0.9556","26","中"
"2025-08","高雄大林","contractor","承攬商與人員資格","特殊作業主管資格符合","134","110","104","6","1","3","1","0.9455","34","中"
"2025-08","高雄大林","hazardNotice","危害告知","承攬商已知悉注意事項","134","135","131","4","1","1","0","0.9704","19","中"
"2025-08","高雄大林","hazardNotice","危害告知","施工人員完成危害告知","134","126","122","4","1","2","1","0.9683","27","中"
"2025-08","高雄大林","hazardNotice","危害告知","勤前教育紀錄完整","134","118","113","5","0","2","1","0.9576","21","中"
"2025-08","高雄大林","hazardNotice","危害告知","緊急聯絡資訊明確","134","135","131","4","1","2","1","0.9704","27","中"
"2025-08","高雄大林","isolation","環境安全隔離","設備管線已釋壓清洗","134","118","112","6","1","3","1","0.9492","34","中"
"2025-08","高雄大林","isolation","環境安全隔離","進出口已關斷/盲封/掛牌","134","120","113","7","2","3","1","0.9417","44","高"
"2025-08","高雄大林","isolation","環境安全隔離","電源隔離加鎖掛牌","134","133","127","6","2","1","0","0.9549","31","中"
"2025-08","高雄大林","isolation","環境安全隔離","暗溝陰井已堵塞密封","134","126","119","7","2","3","1","0.9444","44","高"
"2025-08","高雄大林","gas","氣體偵測","可燃性氣體低於20%LEL","134","128","122","6","2","3","1","0.9531","42","高"
"2025-08","高雄大林","gas","氣體偵測","氧氣濃度符合標準","134","135","127","8","2","3","1","0.9407","46","高"
"2025-08","高雄大林","gas","氣體偵測","有害氣體低於容許濃度","134","132","124","8","2","2","1","0.9394","43","高"
"2025-08","高雄大林","gas","氣體偵測","上下午或連續測定紀錄完整","134","114","107","7","2","2","0","0.9386","36","中"
"2025-08","高雄大林","fireExplosion","消防與防爆設備","20型滅火器配置足夠","134","136","128","8","2","3","1","0.9412","46","高"
"2025-08","高雄大林","fireExplosion","消防與防爆設備","防爆電氣設備符合","134","112","106","6","1","2","1","0.9464","31","中"
"2025-08","高雄大林","fireExplosion","消防與防爆設備","安全工具使用正確","134","137","128","9","3","3","1","0.9343","56","高"
"2025-08","高雄大林","fireExplosion","消防與防爆設備","消防水帶或防火措施到位","134","123","116","7","2","3","1","0.9431","44","高"
"2025-08","高雄大林","ppeHeight","PPE與高處防墜","個人防護具穿戴正確","134","121","114","7","2","2","1","0.9421","41","中"
"2025-08","高雄大林","ppeHeight","PPE與高處防墜","安全帶/安全母索使用","134","116","111","5","2","2","1","0.9569","37","中"
"2025-08","高雄大林","ppeHeight","PPE與高處防墜","施工架檢點合格","134","112","106","6","2","1","0","0.9464","31","中"
"2025-08","高雄大林","ppeHeight","PPE與高處防墜","安全網或工作平台設置","134","130","123","7","2","3","1","0.9462","44","高"
"2025-08","高雄大林","patrol","巡查會簽","轄區檢點簽認","134","126","121","5","1","2","1","0.9603","29","中"
"2025-08","高雄大林","patrol","巡查會簽","監造巡查簽認","134","119","114","5","1","2","0","0.958","24","中"
"2025-08","高雄大林","patrol","巡查會簽","安衛人員巡查紀錄","134","124","119","5","0","2","0","0.9597","16","低"
"2025-08","高雄大林","patrol","巡查會簽","異常已即時通知","134","111","107","4","1","1","0","0.964","19","中"
"2025-08","高雄大林","closeout","收工回簽與現場紀錄","環境整理完成","134","126","121","5","1","2","0","0.9603","24","中"
"2025-08","高雄大林","closeout","收工回簽與現場紀錄","施工前後照片完整","134","111","107","4","0","1","0","0.964","11","低"
"2025-08","高雄大林","closeout","收工回簽與現場紀錄","氣體偵測照片上傳","134","130","124","6","1","2","0","0.9538","26","中"
"2025-08","高雄大林","closeout","收工回簽與現場紀錄","改善事項結案佐證完整","134","124","118","6","1","3","1","0.9516","34","中"
"2025-09","高雄大林","permit","許可基本資料","工作內容與地點完整","133","131","128","3","0","1","0","0.9771","9","低"
"2025-09","高雄大林","permit","許可基本資料","作業分級正確","133","120","116","4","1","1","0","0.9667","19","中"
"2025-09","高雄大林","permit","許可基本資料","核准工作時間明確","133","119","115","4","0","1","0","0.9664","11","低"
"2025-09","高雄大林","permit","許可基本資料","回簽資料完整","133","127","124","3","0","1","0","0.9764","9","低"
"2025-09","高雄大林","workType","作業分級與工作項目","動火/非動火判定正確","133","111","106","5","1","2","1","0.955","29","中"
"2025-09","高雄大林","workType","作業分級與工作項目","A/B/C級作業判定正確","133","121","117","4","1","1","0","0.9669","19","中"
"2025-09","高雄大林","workType","作業分級與工作項目","附加檢點表適用","133","132","126","6","1","2","0","0.9545","26","中"
"2025-09","高雄大林","workType","作業分級與工作項目","延時工作經核准","133","116","112","4","0","1","0","0.9655","11","低"
"2025-09","高雄大林","contractor","承攬商與人員資格","施工人員名冊完整","133","120","116","4","1","1","0","0.9667","19","中"
"2025-09","高雄大林","contractor","承攬商與人員資格","工地負責人到場","133","110","105","5","1","2","1","0.9545","29","中"
"2025-09","高雄大林","contractor","承攬商與人員資格","安衛人員到場","133","131","125","6","1","1","0","0.9542","23","中"
"2025-09","高雄大林","contractor","承攬商與人員資格","特殊作業主管資格符合","133","129","124","5","1","2","0","0.9612","24","中"
"2025-09","高雄大林","hazardNotice","危害告知","承攬商已知悉注意事項","133","112","108","4","1","1","0","0.9643","19","中"
"2025-09","高雄大林","hazardNotice","危害告知","施工人員完成危害告知","133","117","113","4","1","1","0","0.9658","19","中"
"2025-09","高雄大林","hazardNotice","危害告知","勤前教育紀錄完整","133","115","111","4","1","1","0","0.9652","19","中"
"2025-09","高雄大林","hazardNotice","危害告知","緊急聯絡資訊明確","133","134","130","4","0","2","1","0.9701","19","中"
"2025-09","高雄大林","isolation","環境安全隔離","設備管線已釋壓清洗","133","118","113","5","1","2","0","0.9576","24","中"
"2025-09","高雄大林","isolation","環境安全隔離","進出口已關斷/盲封/掛牌","133","109","103","6","2","2","0","0.945","34","中"
"2025-09","高雄大林","isolation","環境安全隔離","電源隔離加鎖掛牌","133","120","115","5","2","1","0","0.9583","29","中"
"2025-09","高雄大林","isolation","環境安全隔離","暗溝陰井已堵塞密封","133","128","122","6","2","2","1","0.9531","39","中"
"2025-09","高雄大林","gas","氣體偵測","可燃性氣體低於20%LEL","133","116","109","7","2","3","1","0.9397","44","高"
"2025-09","高雄大林","gas","氣體偵測","氧氣濃度符合標準","133","119","113","6","1","2","1","0.9496","31","中"
"2025-09","高雄大林","gas","氣體偵測","有害氣體低於容許濃度","133","127","119","8","2","2","0","0.937","38","中"
"2025-09","高雄大林","gas","氣體偵測","上下午或連續測定紀錄完整","133","115","110","5","2","2","0","0.9565","32","中"
"2025-09","高雄大林","fireExplosion","消防與防爆設備","20型滅火器配置足夠","133","114","108","6","1","3","1","0.9474","34","中"
"2025-09","高雄大林","fireExplosion","消防與防爆設備","防爆電氣設備符合","133","110","104","6","2","1","0","0.9455","31","中"
"2025-09","高雄大林","fireExplosion","消防與防爆設備","安全工具使用正確","133","127","119","8","2","3","1","0.937","46","高"
"2025-09","高雄大林","fireExplosion","消防與防爆設備","消防水帶或防火措施到位","133","117","111","6","1","2","1","0.9487","31","中"
"2025-09","高雄大林","ppeHeight","PPE與高處防墜","個人防護具穿戴正確","133","116","110","6","1","1","0","0.9483","23","中"
"2025-09","高雄大林","ppeHeight","PPE與高處防墜","安全帶/安全母索使用","133","116","109","7","2","2","0","0.9397","36","中"
"2025-09","高雄大林","ppeHeight","PPE與高處防墜","施工架檢點合格","133","131","123","8","3","2","0","0.9389","46","高"
"2025-09","高雄大林","ppeHeight","PPE與高處防墜","安全網或工作平台設置","133","115","110","5","1","2","1","0.9565","29","中"
"2025-09","高雄大林","patrol","巡查會簽","轄區檢點簽認","133","111","107","4","0","1","0","0.964","11","低"
"2025-09","高雄大林","patrol","巡查會簽","監造巡查簽認","133","124","118","6","1","3","1","0.9516","34","中"
"2025-09","高雄大林","patrol","巡查會簽","安衛人員巡查紀錄","133","123","119","4","0","1","0","0.9675","11","低"
"2025-09","高雄大林","patrol","巡查會簽","異常已即時通知","133","112","108","4","1","2","0","0.9643","22","中"
"2025-09","高雄大林","closeout","收工回簽與現場紀錄","環境整理完成","133","112","107","5","1","1","0","0.9554","21","中"
"2025-09","高雄大林","closeout","收工回簽與現場紀錄","施工前後照片完整","133","114","109","5","1","1","0","0.9561","21","中"
"2025-09","高雄大林","closeout","收工回簽與現場紀錄","氣體偵測照片上傳","133","121","116","5","1","1","0","0.9587","21","中"
"2025-09","高雄大林","closeout","收工回簽與現場紀錄","改善事項結案佐證完整","133","111","105","6","1","1","0","0.9459","23","中"
"2025-10","高雄大林","permit","許可基本資料","工作內容與地點完整","124","125","121","4","0","1","0","0.968","11","低"
"2025-10","高雄大林","permit","許可基本資料","作業分級正確","124","104","101","3","0","1","0","0.9712","9","低"
"2025-10","高雄大林","permit","許可基本資料","核准工作時間明確","124","125","122","3","0","1","0","0.976","9","低"
"2025-10","高雄大林","permit","許可基本資料","回簽資料完整","124","118","115","3","0","1","0","0.9746","9","低"
"2025-10","高雄大林","workType","作業分級與工作項目","動火/非動火判定正確","124","107","103","4","1","2","0","0.9626","22","中"
"2025-10","高雄大林","workType","作業分級與工作項目","A/B/C級作業判定正確","124","107","103","4","1","1","0","0.9626","19","中"
"2025-10","高雄大林","workType","作業分級與工作項目","附加檢點表適用","124","104","100","4","1","2","1","0.9615","27","中"
"2025-10","高雄大林","workType","作業分級與工作項目","延時工作經核准","124","102","98","4","1","2","1","0.9608","27","中"
"2025-10","高雄大林","contractor","承攬商與人員資格","施工人員名冊完整","124","121","116","5","1","2","1","0.9587","29","中"
"2025-10","高雄大林","contractor","承攬商與人員資格","工地負責人到場","124","120","116","4","1","2","1","0.9667","27","中"
"2025-10","高雄大林","contractor","承攬商與人員資格","安衛人員到場","124","111","106","5","1","1","0","0.955","21","中"
"2025-10","高雄大林","contractor","承攬商與人員資格","特殊作業主管資格符合","124","120","115","5","1","1","0","0.9583","21","中"
"2025-10","高雄大林","hazardNotice","危害告知","承攬商已知悉注意事項","124","112","108","4","1","2","1","0.9643","27","中"
"2025-10","高雄大林","hazardNotice","危害告知","施工人員完成危害告知","124","126","122","4","1","2","1","0.9683","27","中"
"2025-10","高雄大林","hazardNotice","危害告知","勤前教育紀錄完整","124","117","113","4","1","1","0","0.9658","19","中"
"2025-10","高雄大林","hazardNotice","危害告知","緊急聯絡資訊明確","124","107","103","4","1","1","0","0.9626","19","中"
"2025-10","高雄大林","isolation","環境安全隔離","設備管線已釋壓清洗","124","123","116","7","2","3","1","0.9431","44","高"
"2025-10","高雄大林","isolation","環境安全隔離","進出口已關斷/盲封/掛牌","124","103","97","6","2","2","1","0.9417","39","中"
"2025-10","高雄大林","isolation","環境安全隔離","電源隔離加鎖掛牌","124","103","97","6","2","2","1","0.9417","39","中"
"2025-10","高雄大林","isolation","環境安全隔離","暗溝陰井已堵塞密封","124","123","116","7","2","3","1","0.9431","44","高"
"2025-10","高雄大林","gas","氣體偵測","可燃性氣體低於20%LEL","124","116","111","5","2","1","0","0.9569","29","中"
"2025-10","高雄大林","gas","氣體偵測","氧氣濃度符合標準","124","113","108","5","2","1","0","0.9558","29","中"
"2025-10","高雄大林","gas","氣體偵測","有害氣體低於容許濃度","124","114","107","7","2","2","0","0.9386","36","中"
"2025-10","高雄大林","gas","氣體偵測","上下午或連續測定紀錄完整","124","117","111","6","2","2","1","0.9487","39","中"
"2025-10","高雄大林","fireExplosion","消防與防爆設備","20型滅火器配置足夠","124","114","108","6","2","2","1","0.9474","39","中"
"2025-10","高雄大林","fireExplosion","消防與防爆設備","防爆電氣設備符合","124","115","109","6","2","2","0","0.9478","34","中"
"2025-10","高雄大林","fireExplosion","消防與防爆設備","安全工具使用正確","124","120","114","6","1","2","1","0.95","31","中"
"2025-10","高雄大林","fireExplosion","消防與防爆設備","消防水帶或防火措施到位","124","123","117","6","2","2","1","0.9512","39","中"
"2025-10","高雄大林","ppeHeight","PPE與高處防墜","個人防護具穿戴正確","124","107","103","4","1","1","0","0.9626","19","中"
"2025-10","高雄大林","ppeHeight","PPE與高處防墜","安全帶/安全母索使用","124","102","96","6","1","2","1","0.9412","31","中"
"2025-10","高雄大林","ppeHeight","PPE與高處防墜","施工架檢點合格","124","114","108","6","2","2","1","0.9474","39","中"
"2025-10","高雄大林","ppeHeight","PPE與高處防墜","安全網或工作平台設置","124","113","108","5","2","2","0","0.9558","32","中"
"2025-10","高雄大林","patrol","巡查會簽","轄區檢點簽認","124","108","103","5","1","2","0","0.9537","24","中"
"2025-10","高雄大林","patrol","巡查會簽","監造巡查簽認","124","107","102","5","1","2","0","0.9533","24","中"
"2025-10","高雄大林","patrol","巡查會簽","安衛人員巡查紀錄","124","105","101","4","1","1","0","0.9619","19","中"
"2025-10","高雄大林","patrol","巡查會簽","異常已即時通知","124","123","118","5","0","1","0","0.9593","13","低"
"2025-10","高雄大林","closeout","收工回簽與現場紀錄","環境整理完成","124","119","114","5","1","2","0","0.958","24","中"
"2025-10","高雄大林","closeout","收工回簽與現場紀錄","施工前後照片完整","124","106","102","4","0","1","0","0.9623","11","低"
"2025-10","高雄大林","closeout","收工回簽與現場紀錄","氣體偵測照片上傳","124","122","116","6","0","2","1","0.9508","23","中"
"2025-10","高雄大林","closeout","收工回簽與現場紀錄","改善事項結案佐證完整","124","111","106","5","1","2","1","0.955","29","中"
"2025-11","高雄大林","permit","許可基本資料","工作內容與地點完整","128","124","121","3","0","1","0","0.9758","9","低"
"2025-11","高雄大林","permit","許可基本資料","作業分級正確","128","114","111","3","0","1","0","0.9737","9","低"
"2025-11","高雄大林","permit","許可基本資料","核准工作時間明確","128","111","108","3","0","1","0","0.973","9","低"
"2025-11","高雄大林","permit","許可基本資料","回簽資料完整","128","112","109","3","0","1","0","0.9732","9","低"
"2025-11","高雄大林","workType","作業分級與工作項目","動火/非動火判定正確","128","113","109","4","0","1","0","0.9646","11","低"
"2025-11","高雄大林","workType","作業分級與工作項目","A/B/C級作業判定正確","128","108","104","4","0","1","0","0.963","11","低"
"2025-11","高雄大林","workType","作業分級與工作項目","附加檢點表適用","128","117","113","4","1","2","0","0.9658","22","中"
"2025-11","高雄大林","workType","作業分級與工作項目","延時工作經核准","128","112","107","5","1","1","0","0.9554","21","中"
"2025-11","高雄大林","contractor","承攬商與人員資格","施工人員名冊完整","128","128","124","4","0","1","0","0.9688","11","低"
"2025-11","高雄大林","contractor","承攬商與人員資格","工地負責人到場","128","122","116","6","1","2","1","0.9508","31","中"
"2025-11","高雄大林","contractor","承攬商與人員資格","安衛人員到場","128","119","115","4","0","1","0","0.9664","11","低"
"2025-11","高雄大林","contractor","承攬商與人員資格","特殊作業主管資格符合","128","115","110","5","1","2","0","0.9565","24","中"
"2025-11","高雄大林","hazardNotice","危害告知","承攬商已知悉注意事項","128","115","111","4","1","1","0","0.9652","19","中"
"2025-11","高雄大林","hazardNotice","危害告知","施工人員完成危害告知","128","125","120","5","1","2","0","0.96","24","中"
"2025-11","高雄大林","hazardNotice","危害告知","勤前教育紀錄完整","128","108","104","4","1","2","1","0.963","27","中"
"2025-11","高雄大林","hazardNotice","危害告知","緊急聯絡資訊明確","128","114","110","4","0","1","0","0.9649","11","低"
"2025-11","高雄大林","isolation","環境安全隔離","設備管線已釋壓清洗","128","121","115","6","2","3","1","0.9504","42","高"
"2025-11","高雄大林","isolation","環境安全隔離","進出口已關斷/盲封/掛牌","128","106","100","6","1","2","0","0.9434","26","中"
"2025-11","高雄大林","isolation","環境安全隔離","電源隔離加鎖掛牌","128","124","118","6","2","2","1","0.9516","39","中"
"2025-11","高雄大林","isolation","環境安全隔離","暗溝陰井已堵塞密封","128","121","115","6","2","3","1","0.9504","42","高"
"2025-11","高雄大林","gas","氣體偵測","可燃性氣體低於20%LEL","128","119","113","6","2","1","0","0.9496","31","中"
"2025-11","高雄大林","gas","氣體偵測","氧氣濃度符合標準","128","129","123","6","2","2","0","0.9535","34","中"
"2025-11","高雄大林","gas","氣體偵測","有害氣體低於容許濃度","128","113","106","7","2","3","1","0.9381","44","高"
"2025-11","高雄大林","gas","氣體偵測","上下午或連續測定紀錄完整","128","123","116","7","2","3","1","0.9431","44","高"
"2025-11","高雄大林","fireExplosion","消防與防爆設備","20型滅火器配置足夠","128","119","112","7","2","3","1","0.9412","44","高"
"2025-11","高雄大林","fireExplosion","消防與防爆設備","防爆電氣設備符合","128","120","113","7","2","2","1","0.9417","41","中"
"2025-11","高雄大林","fireExplosion","消防與防爆設備","安全工具使用正確","128","126","120","6","2","2","0","0.9524","34","中"
"2025-11","高雄大林","fireExplosion","消防與防爆設備","消防水帶或防火措施到位","128","115","109","6","2","3","1","0.9478","42","高"
"2025-11","高雄大林","ppeHeight","PPE與高處防墜","個人防護具穿戴正確","128","115","110","5","1","2","1","0.9565","29","中"
"2025-11","高雄大林","ppeHeight","PPE與高處防墜","安全帶/安全母索使用","128","120","112","8","2","4","2","0.9333","54","高"
"2025-11","高雄大林","ppeHeight","PPE與高處防墜","施工架檢點合格","128","123","116","7","2","3","1","0.9431","44","高"
"2025-11","高雄大林","ppeHeight","PPE與高處防墜","安全網或工作平台設置","128","128","123","5","1","2","1","0.9609","29","中"
"2025-11","高雄大林","patrol","巡查會簽","轄區檢點簽認","128","106","103","3","0","1","0","0.9717","9","低"
"2025-11","高雄大林","patrol","巡查會簽","監造巡查簽認","128","116","111","5","1","2","0","0.9569","24","中"
"2025-11","高雄大林","patrol","巡查會簽","安衛人員巡查紀錄","128","128","122","6","1","2","1","0.9531","31","中"
"2025-11","高雄大林","patrol","巡查會簽","異常已即時通知","128","120","114","6","1","1","0","0.95","23","中"
"2025-11","高雄大林","closeout","收工回簽與現場紀錄","環境整理完成","128","130","123","7","1","2","1","0.9462","33","中"
"2025-11","高雄大林","closeout","收工回簽與現場紀錄","施工前後照片完整","128","118","112","6","1","3","1","0.9492","34","中"
"2025-11","高雄大林","closeout","收工回簽與現場紀錄","氣體偵測照片上傳","128","119","114","5","1","1","0","0.958","21","中"
"2025-11","高雄大林","closeout","收工回簽與現場紀錄","改善事項結案佐證完整","128","114","108","6","1","2","0","0.9474","26","中"
"2025-12","高雄大林","permit","許可基本資料","工作內容與地點完整","141","136","132","4","0","1","0","0.9706","11","低"
"2025-12","高雄大林","permit","許可基本資料","作業分級正確","141","123","119","4","1","2","1","0.9675","27","中"
"2025-12","高雄大林","permit","許可基本資料","核准工作時間明確","141","118","115","3","0","1","0","0.9746","9","低"
"2025-12","高雄大林","permit","許可基本資料","回簽資料完整","141","125","121","4","0","1","0","0.968","11","低"
"2025-12","高雄大林","workType","作業分級與工作項目","動火/非動火判定正確","141","138","132","6","1","2","1","0.9565","31","中"
"2025-12","高雄大林","workType","作業分級與工作項目","A/B/C級作業判定正確","141","120","115","5","1","2","1","0.9583","29","中"
"2025-12","高雄大林","workType","作業分級與工作項目","附加檢點表適用","141","133","129","4","0","1","0","0.9699","11","低"
"2025-12","高雄大林","workType","作業分級與工作項目","延時工作經核准","141","126","121","5","0","2","1","0.9603","21","中"
"2025-12","高雄大林","contractor","承攬商與人員資格","施工人員名冊完整","141","142","135","7","1","3","1","0.9507","36","中"
"2025-12","高雄大林","contractor","承攬商與人員資格","工地負責人到場","141","131","125","6","1","2","0","0.9542","26","中"
"2025-12","高雄大林","contractor","承攬商與人員資格","安衛人員到場","141","118","113","5","1","2","1","0.9576","29","中"
"2025-12","高雄大林","contractor","承攬商與人員資格","特殊作業主管資格符合","141","136","130","6","1","2","1","0.9559","31","中"
"2025-12","高雄大林","hazardNotice","危害告知","承攬商已知悉注意事項","141","133","128","5","0","2","1","0.9624","21","中"
"2025-12","高雄大林","hazardNotice","危害告知","施工人員完成危害告知","141","123","119","4","0","2","1","0.9675","19","中"
"2025-12","高雄大林","hazardNotice","危害告知","勤前教育紀錄完整","141","130","126","4","1","1","0","0.9692","19","中"
"2025-12","高雄大林","hazardNotice","危害告知","緊急聯絡資訊明確","141","131","127","4","1","2","0","0.9695","22","中"
"2025-12","高雄大林","isolation","環境安全隔離","設備管線已釋壓清洗","141","119","112","7","2","3","1","0.9412","44","高"
"2025-12","高雄大林","isolation","環境安全隔離","進出口已關斷/盲封/掛牌","141","135","129","6","2","1","0","0.9556","31","中"
"2025-12","高雄大林","isolation","環境安全隔離","電源隔離加鎖掛牌","141","125","118","7","2","2","1","0.944","41","中"
"2025-12","高雄大林","isolation","環境安全隔離","暗溝陰井已堵塞密封","141","119","112","7","2","2","1","0.9412","41","中"
"2025-12","高雄大林","gas","氣體偵測","可燃性氣體低於20%LEL","141","140","132","8","2","3","1","0.9429","46","高"
"2025-12","高雄大林","gas","氣體偵測","氧氣濃度符合標準","141","123","115","8","2","2","1","0.935","43","高"
"2025-12","高雄大林","gas","氣體偵測","有害氣體低於容許濃度","141","139","131","8","3","3","1","0.9424","54","高"
"2025-12","高雄大林","gas","氣體偵測","上下午或連續測定紀錄完整","141","133","127","6","2","2","1","0.9549","39","中"
"2025-12","高雄大林","fireExplosion","消防與防爆設備","20型滅火器配置足夠","141","118","112","6","2","2","1","0.9492","39","中"
"2025-12","高雄大林","fireExplosion","消防與防爆設備","防爆電氣設備符合","141","125","117","8","2","3","1","0.936","46","高"
"2025-12","高雄大林","fireExplosion","消防與防爆設備","安全工具使用正確","141","127","120","7","2","2","0","0.9449","36","中"
"2025-12","高雄大林","fireExplosion","消防與防爆設備","消防水帶或防火措施到位","141","125","119","6","2","2","1","0.952","39","中"
"2025-12","高雄大林","ppeHeight","PPE與高處防墜","個人防護具穿戴正確","141","118","113","5","1","1","0","0.9576","21","中"
"2025-12","高雄大林","ppeHeight","PPE與高處防墜","安全帶/安全母索使用","141","136","129","7","2","3","1","0.9485","44","高"
"2025-12","高雄大林","ppeHeight","PPE與高處防墜","施工架檢點合格","141","125","119","6","1","2","0","0.952","26","中"
"2025-12","高雄大林","ppeHeight","PPE與高處防墜","安全網或工作平台設置","141","143","136","7","2","3","1","0.951","44","高"
"2025-12","高雄大林","patrol","巡查會簽","轄區檢點簽認","141","125","120","5","1","2","1","0.96","29","中"
"2025-12","高雄大林","patrol","巡查會簽","監造巡查簽認","141","116","111","5","1","2","1","0.9569","29","中"
"2025-12","高雄大林","patrol","巡查會簽","安衛人員巡查紀錄","141","127","122","5","0","2","1","0.9606","21","中"
"2025-12","高雄大林","patrol","巡查會簽","異常已即時通知","141","127","121","6","1","2","1","0.9528","31","中"
"2025-12","高雄大林","closeout","收工回簽與現場紀錄","環境整理完成","141","139","132","7","1","2","0","0.9496","28","中"
"2025-12","高雄大林","closeout","收工回簽與現場紀錄","施工前後照片完整","141","128","122","6","1","3","1","0.9531","34","中"
"2025-12","高雄大林","closeout","收工回簽與現場紀錄","氣體偵測照片上傳","141","142","135","7","1","3","1","0.9507","36","中"
"2025-12","高雄大林","closeout","收工回簽與現場紀錄","改善事項結案佐證完整","141","124","118","6","1","3","1","0.9516","34","中"
"2026-01","高雄大林","permit","許可基本資料","工作內容與地點完整","154","152","148","4","0","1","0","0.9737","11","低"
"2026-01","高雄大林","permit","許可基本資料","作業分級正確","154","149","145","4","0","1","0","0.9732","11","低"
"2026-01","高雄大林","permit","許可基本資料","核准工作時間明確","154","139","135","4","0","1","0","0.9712","11","低"
"2026-01","高雄大林","permit","許可基本資料","回簽資料完整","154","148","143","5","1","1","0","0.9662","21","中"
"2026-01","高雄大林","workType","作業分級與工作項目","動火/非動火判定正確","154","151","146","5","1","1","0","0.9669","21","中"
"2026-01","高雄大林","workType","作業分級與工作項目","A/B/C級作業判定正確","154","148","143","5","1","2","0","0.9662","24","中"
"2026-01","高雄大林","workType","作業分級與工作項目","附加檢點表適用","154","152","147","5","1","2","0","0.9671","24","中"
"2026-01","高雄大林","workType","作業分級與工作項目","延時工作經核准","154","128","124","4","0","1","0","0.9688","11","低"
"2026-01","高雄大林","contractor","承攬商與人員資格","施工人員名冊完整","154","140","135","5","0","2","1","0.9643","21","中"
"2026-01","高雄大林","contractor","承攬商與人員資格","工地負責人到場","154","130","124","6","0","2","1","0.9538","23","中"
"2026-01","高雄大林","contractor","承攬商與人員資格","安衛人員到場","154","135","130","5","0","2","1","0.963","21","中"
"2026-01","高雄大林","contractor","承攬商與人員資格","特殊作業主管資格符合","154","150","143","7","1","2","1","0.9533","33","中"
"2026-01","高雄大林","hazardNotice","危害告知","承攬商已知悉注意事項","154","153","148","5","1","2","0","0.9673","24","中"
"2026-01","高雄大林","hazardNotice","危害告知","施工人員完成危害告知","154","137","132","5","1","2","1","0.9635","29","中"
"2026-01","高雄大林","hazardNotice","危害告知","勤前教育紀錄完整","154","141","136","5","1","2","1","0.9645","29","中"
"2026-01","高雄大林","hazardNotice","危害告知","緊急聯絡資訊明確","154","130","126","4","1","1","0","0.9692","19","中"
"2026-01","高雄大林","isolation","環境安全隔離","設備管線已釋壓清洗","154","141","134","7","2","3","1","0.9504","44","高"
"2026-01","高雄大林","isolation","環境安全隔離","進出口已關斷/盲封/掛牌","154","137","130","7","2","3","1","0.9489","44","高"
"2026-01","高雄大林","isolation","環境安全隔離","電源隔離加鎖掛牌","154","129","123","6","2","2","1","0.9535","39","中"
"2026-01","高雄大林","isolation","環境安全隔離","暗溝陰井已堵塞密封","154","141","133","8","2","2","1","0.9433","43","高"
"2026-01","高雄大林","gas","氣體偵測","可燃性氣體低於20%LEL","154","148","139","9","3","4","2","0.9392","64","高"
"2026-01","高雄大林","gas","氣體偵測","氧氣濃度符合標準","154","138","130","8","2","4","1","0.942","49","高"
"2026-01","高雄大林","gas","氣體偵測","有害氣體低於容許濃度","154","133","126","7","2","3","1","0.9474","44","高"
"2026-01","高雄大林","gas","氣體偵測","上下午或連續測定紀錄完整","154","130","123","7","2","3","1","0.9462","44","高"
"2026-01","高雄大林","fireExplosion","消防與防爆設備","20型滅火器配置足夠","154","147","140","7","2","2","0","0.9524","36","中"
"2026-01","高雄大林","fireExplosion","消防與防爆設備","防爆電氣設備符合","154","143","137","6","2","3","1","0.958","42","高"
"2026-01","高雄大林","fireExplosion","消防與防爆設備","安全工具使用正確","154","133","124","9","3","4","1","0.9323","59","高"
"2026-01","高雄大林","fireExplosion","消防與防爆設備","消防水帶或防火措施到位","154","144","135","9","2","2","0","0.9375","40","中"
"2026-01","高雄大林","ppeHeight","PPE與高處防墜","個人防護具穿戴正確","154","152","145","7","2","2","1","0.9539","41","中"
"2026-01","高雄大林","ppeHeight","PPE與高處防墜","安全帶/安全母索使用","154","142","134","8","2","3","1","0.9437","46","高"
"2026-01","高雄大林","ppeHeight","PPE與高處防墜","施工架檢點合格","154","154","147","7","2","2","1","0.9545","41","中"
"2026-01","高雄大林","ppeHeight","PPE與高處防墜","安全網或工作平台設置","154","156","146","10","2","3","1","0.9359","50","高"
"2026-01","高雄大林","patrol","巡查會簽","轄區檢點簽認","154","157","151","6","1","2","1","0.9618","31","中"
"2026-01","高雄大林","patrol","巡查會簽","監造巡查簽認","154","156","149","7","1","3","1","0.9551","36","中"
"2026-01","高雄大林","patrol","巡查會簽","安衛人員巡查紀錄","154","128","124","4","1","1","0","0.9688","19","中"
"2026-01","高雄大林","patrol","巡查會簽","異常已即時通知","154","134","129","5","1","2","1","0.9627","29","中"
"2026-01","高雄大林","closeout","收工回簽與現場紀錄","環境整理完成","154","147","142","5","1","1","0","0.966","21","中"
"2026-01","高雄大林","closeout","收工回簽與現場紀錄","施工前後照片完整","154","127","123","4","1","2","1","0.9685","27","中"
"2026-01","高雄大林","closeout","收工回簽與現場紀錄","氣體偵測照片上傳","154","138","133","5","1","2","1","0.9638","29","中"
"2026-01","高雄大林","closeout","收工回簽與現場紀錄","改善事項結案佐證完整","154","151","144","7","1","3","1","0.9536","36","中"
"2026-02","高雄大林","permit","許可基本資料","工作內容與地點完整","151","141","136","5","0","2","1","0.9645","21","中"
"2026-02","高雄大林","permit","許可基本資料","作業分級正確","151","132","128","4","1","1","0","0.9697","19","中"
"2026-02","高雄大林","permit","許可基本資料","核准工作時間明確","151","135","131","4","1","1","0","0.9704","19","中"
"2026-02","高雄大林","permit","許可基本資料","回簽資料完整","151","151","146","5","1","2","1","0.9669","29","中"
"2026-02","高雄大林","workType","作業分級與工作項目","動火/非動火判定正確","151","152","147","5","1","2","1","0.9671","29","中"
"2026-02","高雄大林","workType","作業分級與工作項目","A/B/C級作業判定正確","151","146","140","6","1","3","1","0.9589","34","中"
"2026-02","高雄大林","workType","作業分級與工作項目","附加檢點表適用","151","145","140","5","1","2","1","0.9655","29","中"
"2026-02","高雄大林","workType","作業分級與工作項目","延時工作經核准","151","124","120","4","0","2","1","0.9677","19","中"
"2026-02","高雄大林","contractor","承攬商與人員資格","施工人員名冊完整","151","130","126","4","1","2","0","0.9692","22","中"
"2026-02","高雄大林","contractor","承攬商與人員資格","工地負責人到場","151","130","126","4","0","2","1","0.9692","19","中"
"2026-02","高雄大林","contractor","承攬商與人員資格","安衛人員到場","151","142","136","6","1","1","0","0.9577","23","中"
"2026-02","高雄大林","contractor","承攬商與人員資格","特殊作業主管資格符合","151","141","135","6","1","2","1","0.9574","31","中"
"2026-02","高雄大林","hazardNotice","危害告知","承攬商已知悉注意事項","151","147","142","5","1","1","0","0.966","21","中"
"2026-02","高雄大林","hazardNotice","危害告知","施工人員完成危害告知","151","146","142","4","1","2","1","0.9726","27","中"
"2026-02","高雄大林","hazardNotice","危害告知","勤前教育紀錄完整","151","144","139","5","1","2","0","0.9653","24","中"
"2026-02","高雄大林","hazardNotice","危害告知","緊急聯絡資訊明確","151","146","141","5","1","1","0","0.9658","21","中"
"2026-02","高雄大林","isolation","環境安全隔離","設備管線已釋壓清洗","151","141","134","7","2","3","1","0.9504","44","高"
"2026-02","高雄大林","isolation","環境安全隔離","進出口已關斷/盲封/掛牌","151","124","117","7","2","2","0","0.9435","36","中"
"2026-02","高雄大林","isolation","環境安全隔離","電源隔離加鎖掛牌","151","129","124","5","1","2","1","0.9612","29","中"
"2026-02","高雄大林","isolation","環境安全隔離","暗溝陰井已堵塞密封","151","131","124","7","2","3","1","0.9466","44","高"
"2026-02","高雄大林","gas","氣體偵測","可燃性氣體低於20%LEL","151","145","139","6","2","2","0","0.9586","34","中"
"2026-02","高雄大林","gas","氣體偵測","氧氣濃度符合標準","151","145","136","9","2","2","1","0.9379","45","高"
"2026-02","高雄大林","gas","氣體偵測","有害氣體低於容許濃度","151","132","125","7","2","2","0","0.947","36","中"
"2026-02","高雄大林","gas","氣體偵測","上下午或連續測定紀錄完整","151","141","134","7","2","3","1","0.9504","44","高"
"2026-02","高雄大林","fireExplosion","消防與防爆設備","20型滅火器配置足夠","151","135","127","8","2","3","1","0.9407","46","高"
"2026-02","高雄大林","fireExplosion","消防與防爆設備","防爆電氣設備符合","151","133","125","8","3","4","1","0.9398","57","高"
"2026-02","高雄大林","fireExplosion","消防與防爆設備","安全工具使用正確","151","142","134","8","2","4","1","0.9437","49","高"
"2026-02","高雄大林","fireExplosion","消防與防爆設備","消防水帶或防火措施到位","151","138","132","6","2","1","0","0.9565","31","中"
"2026-02","高雄大林","ppeHeight","PPE與高處防墜","個人防護具穿戴正確","151","125","119","6","2","2","0","0.952","34","中"
"2026-02","高雄大林","ppeHeight","PPE與高處防墜","安全帶/安全母索使用","151","134","126","8","2","3","1","0.9403","46","高"
"2026-02","高雄大林","ppeHeight","PPE與高處防墜","施工架檢點合格","151","142","135","7","2","2","0","0.9507","36","中"
"2026-02","高雄大林","ppeHeight","PPE與高處防墜","安全網或工作平台設置","151","126","118","8","2","4","1","0.9365","49","高"
"2026-02","高雄大林","patrol","巡查會簽","轄區檢點簽認","151","154","147","7","1","2","1","0.9545","33","中"
"2026-02","高雄大林","patrol","巡查會簽","監造巡查簽認","151","149","143","6","1","2","0","0.9597","26","中"
"2026-02","高雄大林","patrol","巡查會簽","安衛人員巡查紀錄","151","126","121","5","0","1","0","0.9603","13","低"
"2026-02","高雄大林","patrol","巡查會簽","異常已即時通知","151","148","142","6","1","3","1","0.9595","34","中"
"2026-02","高雄大林","closeout","收工回簽與現場紀錄","環境整理完成","151","145","138","7","1","3","1","0.9517","36","中"
"2026-02","高雄大林","closeout","收工回簽與現場紀錄","施工前後照片完整","151","127","123","4","0","1","0","0.9685","11","低"
"2026-02","高雄大林","closeout","收工回簽與現場紀錄","氣體偵測照片上傳","151","150","144","6","1","3","1","0.96","34","中"
"2026-02","高雄大林","closeout","收工回簽與現場紀錄","改善事項結案佐證完整","151","126","121","5","1","2","0","0.9603","24","中"
"2026-03","高雄大林","permit","許可基本資料","工作內容與地點完整","148","128","125","3","1","1","0","0.9766","17","低"
"2026-03","高雄大林","permit","許可基本資料","作業分級正確","148","124","120","4","1","2","1","0.9677","27","中"
"2026-03","高雄大林","permit","許可基本資料","核准工作時間明確","148","148","144","4","1","1","0","0.973","19","中"
"2026-03","高雄大林","permit","許可基本資料","回簽資料完整","148","140","136","4","0","2","0","0.9714","14","低"
"2026-03","高雄大林","workType","作業分級與工作項目","動火/非動火判定正確","148","127","123","4","1","1","0","0.9685","19","中"
"2026-03","高雄大林","workType","作業分級與工作項目","A/B/C級作業判定正確","148","146","140","6","1","1","0","0.9589","23","中"
"2026-03","高雄大林","workType","作業分級與工作項目","附加檢點表適用","148","134","129","5","1","2","1","0.9627","29","中"
"2026-03","高雄大林","workType","作業分級與工作項目","延時工作經核准","148","150","145","5","1","1","0","0.9667","21","中"
"2026-03","高雄大林","contractor","承攬商與人員資格","施工人員名冊完整","148","139","134","5","1","1","0","0.964","21","中"
"2026-03","高雄大林","contractor","承攬商與人員資格","工地負責人到場","148","133","128","5","1","2","1","0.9624","29","中"
"2026-03","高雄大林","contractor","承攬商與人員資格","安衛人員到場","148","144","139","5","1","2","1","0.9653","29","中"
"2026-03","高雄大林","contractor","承攬商與人員資格","特殊作業主管資格符合","148","138","133","5","1","2","1","0.9638","29","中"
"2026-03","高雄大林","hazardNotice","危害告知","承攬商已知悉注意事項","148","124","120","4","0","1","0","0.9677","11","低"
"2026-03","高雄大林","hazardNotice","危害告知","施工人員完成危害告知","148","143","138","5","1","2","1","0.965","29","中"
"2026-03","高雄大林","hazardNotice","危害告知","勤前教育紀錄完整","148","123","119","4","1","2","1","0.9675","27","中"
"2026-03","高雄大林","hazardNotice","危害告知","緊急聯絡資訊明確","148","149","144","5","1","2","0","0.9664","24","中"
"2026-03","高雄大林","isolation","環境安全隔離","設備管線已釋壓清洗","148","138","130","8","3","4","1","0.942","57","高"
"2026-03","高雄大林","isolation","環境安全隔離","進出口已關斷/盲封/掛牌","148","134","128","6","2","3","1","0.9552","42","高"
"2026-03","高雄大林","isolation","環境安全隔離","電源隔離加鎖掛牌","148","142","136","6","2","3","1","0.9577","42","高"
"2026-03","高雄大林","isolation","環境安全隔離","暗溝陰井已堵塞密封","148","128","120","8","2","2","1","0.9375","43","高"
"2026-03","高雄大林","gas","氣體偵測","可燃性氣體低於20%LEL","148","150","143","7","2","2","0","0.9533","36","中"
"2026-03","高雄大林","gas","氣體偵測","氧氣濃度符合標準","148","147","140","7","2","2","1","0.9524","41","中"
"2026-03","高雄大林","gas","氣體偵測","有害氣體低於容許濃度","148","139","131","8","2","2","1","0.9424","43","高"
"2026-03","高雄大林","gas","氣體偵測","上下午或連續測定紀錄完整","148","150","141","9","3","4","1","0.94","59","高"
"2026-03","高雄大林","fireExplosion","消防與防爆設備","20型滅火器配置足夠","148","146","139","7","2","3","1","0.9521","44","高"
"2026-03","高雄大林","fireExplosion","消防與防爆設備","防爆電氣設備符合","148","151","142","9","2","2","1","0.9404","45","高"
"2026-03","高雄大林","fireExplosion","消防與防爆設備","安全工具使用正確","148","127","121","6","2","2","1","0.9528","39","中"
"2026-03","高雄大林","fireExplosion","消防與防爆設備","消防水帶或防火措施到位","148","129","123","6","2","2","1","0.9535","39","中"
"2026-03","高雄大林","ppeHeight","PPE與高處防墜","個人防護具穿戴正確","148","123","117","6","1","2","1","0.9512","31","中"
"2026-03","高雄大林","ppeHeight","PPE與高處防墜","安全帶/安全母索使用","148","130","125","5","2","2","0","0.9615","32","中"
"2026-03","高雄大林","ppeHeight","PPE與高處防墜","施工架檢點合格","148","143","135","8","2","2","1","0.9441","43","高"
"2026-03","高雄大林","ppeHeight","PPE與高處防墜","安全網或工作平台設置","148","126","121","5","1","2","1","0.9603","29","中"
"2026-03","高雄大林","patrol","巡查會簽","轄區檢點簽認","148","125","120","5","1","1","0","0.96","21","中"
"2026-03","高雄大林","patrol","巡查會簽","監造巡查簽認","148","125","120","5","0","2","1","0.96","21","中"
"2026-03","高雄大林","patrol","巡查會簽","安衛人員巡查紀錄","148","136","132","4","1","2","0","0.9706","22","中"
"2026-03","高雄大林","patrol","巡查會簽","異常已即時通知","148","124","119","5","1","2","1","0.9597","29","中"
"2026-03","高雄大林","closeout","收工回簽與現場紀錄","環境整理完成","148","145","140","5","1","2","0","0.9655","24","中"
"2026-03","高雄大林","closeout","收工回簽與現場紀錄","施工前後照片完整","148","131","126","5","1","2","1","0.9618","29","中"
"2026-03","高雄大林","closeout","收工回簽與現場紀錄","氣體偵測照片上傳","148","140","135","5","1","2","0","0.9643","24","中"
"2026-03","高雄大林","closeout","收工回簽與現場紀錄","改善事項結案佐證完整","148","139","133","6","1","2","1","0.9568","31","中"
"2026-04","高雄大林","permit","許可基本資料","工作內容與地點完整","154","146","142","4","0","1","0","0.9726","11","低"
"2026-04","高雄大林","permit","許可基本資料","作業分級正確","154","152","147","5","1","1","0","0.9671","21","中"
"2026-04","高雄大林","permit","許可基本資料","核准工作時間明確","154","142","138","4","0","1","0","0.9718","11","低"
"2026-04","高雄大林","permit","許可基本資料","回簽資料完整","154","143","139","4","1","2","1","0.972","27","中"
"2026-04","高雄大林","workType","作業分級與工作項目","動火/非動火判定正確","154","138","134","4","1","1","0","0.971","19","中"
"2026-04","高雄大林","workType","作業分級與工作項目","A/B/C級作業判定正確","154","149","143","6","1","2","1","0.9597","31","中"
"2026-04","高雄大林","workType","作業分級與工作項目","附加檢點表適用","154","147","143","4","1","2","0","0.9728","22","中"
"2026-04","高雄大林","workType","作業分級與工作項目","延時工作經核准","154","128","124","4","1","1","0","0.9688","19","中"
"2026-04","高雄大林","contractor","承攬商與人員資格","施工人員名冊完整","154","131","126","5","1","2","1","0.9618","29","中"
"2026-04","高雄大林","contractor","承攬商與人員資格","工地負責人到場","154","138","132","6","1","2","1","0.9565","31","中"
"2026-04","高雄大林","contractor","承攬商與人員資格","安衛人員到場","154","147","142","5","1","1","0","0.966","21","中"
"2026-04","高雄大林","contractor","承攬商與人員資格","特殊作業主管資格符合","154","156","150","6","1","2","1","0.9615","31","中"
"2026-04","高雄大林","hazardNotice","危害告知","承攬商已知悉注意事項","154","138","133","5","1","2","0","0.9638","24","中"
"2026-04","高雄大林","hazardNotice","危害告知","施工人員完成危害告知","154","150","146","4","1","1","0","0.9733","19","中"
"2026-04","高雄大林","hazardNotice","危害告知","勤前教育紀錄完整","154","134","129","5","1","2","1","0.9627","29","中"
"2026-04","高雄大林","hazardNotice","危害告知","緊急聯絡資訊明確","154","151","146","5","1","2","0","0.9669","24","中"
"2026-04","高雄大林","isolation","環境安全隔離","設備管線已釋壓清洗","154","135","127","8","2","2","0","0.9407","38","中"
"2026-04","高雄大林","isolation","環境安全隔離","進出口已關斷/盲封/掛牌","154","129","123","6","2","2","1","0.9535","39","中"
"2026-04","高雄大林","isolation","環境安全隔離","電源隔離加鎖掛牌","154","139","132","7","2","3","1","0.9496","44","高"
"2026-04","高雄大林","isolation","環境安全隔離","暗溝陰井已堵塞密封","154","137","131","6","2","3","1","0.9562","42","高"
"2026-04","高雄大林","gas","氣體偵測","可燃性氣體低於20%LEL","154","137","131","6","1","2","0","0.9562","26","中"
"2026-04","高雄大林","gas","氣體偵測","氧氣濃度符合標準","154","139","130","9","3","3","1","0.9353","56","高"
"2026-04","高雄大林","gas","氣體偵測","有害氣體低於容許濃度","154","156","148","8","2","4","1","0.9487","49","高"
"2026-04","高雄大林","gas","氣體偵測","上下午或連續測定紀錄完整","154","129","123","6","1","3","1","0.9535","34","中"
"2026-04","高雄大林","fireExplosion","消防與防爆設備","20型滅火器配置足夠","154","131","124","7","2","2","0","0.9466","36","中"
"2026-04","高雄大林","fireExplosion","消防與防爆設備","防爆電氣設備符合","154","146","137","9","3","4","1","0.9384","59","高"
"2026-04","高雄大林","fireExplosion","消防與防爆設備","安全工具使用正確","154","155","148","7","2","2","0","0.9548","36","中"
"2026-04","高雄大林","fireExplosion","消防與防爆設備","消防水帶或防火措施到位","154","131","124","7","2","2","1","0.9466","41","中"
"2026-04","高雄大林","ppeHeight","PPE與高處防墜","個人防護具穿戴正確","154","138","131","7","2","2","0","0.9493","36","中"
"2026-04","高雄大林","ppeHeight","PPE與高處防墜","安全帶/安全母索使用","154","153","145","8","3","2","1","0.9477","51","高"
"2026-04","高雄大林","ppeHeight","PPE與高處防墜","施工架檢點合格","154","150","143","7","2","2","1","0.9533","41","中"
"2026-04","高雄大林","ppeHeight","PPE與高處防墜","安全網或工作平台設置","154","134","126","8","2","4","1","0.9403","49","高"
"2026-04","高雄大林","patrol","巡查會簽","轄區檢點簽認","154","150","145","5","0","2","0","0.9667","16","低"
"2026-04","高雄大林","patrol","巡查會簽","監造巡查簽認","154","135","129","6","1","2","1","0.9556","31","中"
"2026-04","高雄大林","patrol","巡查會簽","安衛人員巡查紀錄","154","127","123","4","1","2","0","0.9685","22","中"
"2026-04","高雄大林","patrol","巡查會簽","異常已即時通知","154","130","126","4","1","1","0","0.9692","19","中"
"2026-04","高雄大林","closeout","收工回簽與現場紀錄","環境整理完成","154","132","127","5","1","2","0","0.9621","24","中"
"2026-04","高雄大林","closeout","收工回簽與現場紀錄","施工前後照片完整","154","127","122","5","1","1","0","0.9606","21","中"
"2026-04","高雄大林","closeout","收工回簽與現場紀錄","氣體偵測照片上傳","154","155","148","7","1","2","0","0.9548","28","中"
"2026-04","高雄大林","closeout","收工回簽與現場紀錄","改善事項結案佐證完整","154","127","122","5","1","2","1","0.9606","29","中"
"2026-05","高雄大林","permit","許可基本資料","工作內容與地點完整","154","138","134","4","0","1","0","0.971","11","低"
"2026-05","高雄大林","permit","許可基本資料","作業分級正確","154","151","146","5","1","2","1","0.9669","29","中"
"2026-05","高雄大林","permit","許可基本資料","核准工作時間明確","154","127","123","4","0","2","0","0.9685","14","低"
"2026-05","高雄大林","permit","許可基本資料","回簽資料完整","154","133","130","3","0","1","0","0.9774","9","低"
"2026-05","高雄大林","workType","作業分級與工作項目","動火/非動火判定正確","154","129","124","5","1","2","1","0.9612","29","中"
"2026-05","高雄大林","workType","作業分級與工作項目","A/B/C級作業判定正確","154","127","123","4","1","1","0","0.9685","19","中"
"2026-05","高雄大林","workType","作業分級與工作項目","附加檢點表適用","154","137","133","4","0","1","0","0.9708","11","低"
"2026-05","高雄大林","workType","作業分級與工作項目","延時工作經核准","154","133","128","5","1","2","0","0.9624","24","中"
"2026-05","高雄大林","contractor","承攬商與人員資格","施工人員名冊完整","154","148","141","7","1","2","1","0.9527","33","中"
"2026-05","高雄大林","contractor","承攬商與人員資格","工地負責人到場","154","146","140","6","1","3","1","0.9589","34","中"
"2026-05","高雄大林","contractor","承攬商與人員資格","安衛人員到場","154","134","128","6","1","2","1","0.9552","31","中"
"2026-05","高雄大林","contractor","承攬商與人員資格","特殊作業主管資格符合","154","145","140","5","1","2","0","0.9655","24","中"
"2026-05","高雄大林","hazardNotice","危害告知","承攬商已知悉注意事項","154","131","127","4","1","2","1","0.9695","27","中"
"2026-05","高雄大林","hazardNotice","危害告知","施工人員完成危害告知","154","129","125","4","1","2","1","0.969","27","中"
"2026-05","高雄大林","hazardNotice","危害告知","勤前教育紀錄完整","154","145","141","4","0","1","0","0.9724","11","低"
"2026-05","高雄大林","hazardNotice","危害告知","緊急聯絡資訊明確","154","148","142","6","0","2","1","0.9595","23","中"
"2026-05","高雄大林","isolation","環境安全隔離","設備管線已釋壓清洗","154","155","147","8","3","3","1","0.9484","54","高"
"2026-05","高雄大林","isolation","環境安全隔離","進出口已關斷/盲封/掛牌","154","146","139","7","2","3","1","0.9521","44","高"
"2026-05","高雄大林","isolation","環境安全隔離","電源隔離加鎖掛牌","154","136","128","8","3","2","0","0.9412","46","高"
"2026-05","高雄大林","isolation","環境安全隔離","暗溝陰井已堵塞密封","154","157","149","8","2","2","1","0.949","43","高"
"2026-05","高雄大林","gas","氣體偵測","可燃性氣體低於20%LEL","154","144","135","9","2","2","1","0.9375","45","高"
"2026-05","高雄大林","gas","氣體偵測","氧氣濃度符合標準","154","130","122","8","2","3","1","0.9385","46","高"
"2026-05","高雄大林","gas","氣體偵測","有害氣體低於容許濃度","154","143","135","8","2","3","1","0.9441","46","高"
"2026-05","高雄大林","gas","氣體偵測","上下午或連續測定紀錄完整","154","152","144","8","2","4","1","0.9474","49","高"
"2026-05","高雄大林","fireExplosion","消防與防爆設備","20型滅火器配置足夠","154","146","137","9","3","4","2","0.9384","64","高"
"2026-05","高雄大林","fireExplosion","消防與防爆設備","防爆電氣設備符合","154","131","125","6","2","2","1","0.9542","39","中"
"2026-05","高雄大林","fireExplosion","消防與防爆設備","安全工具使用正確","154","127","122","5","1","1","0","0.9606","21","中"
"2026-05","高雄大林","fireExplosion","消防與防爆設備","消防水帶或防火措施到位","154","132","125","7","2","2","1","0.947","41","中"
"2026-05","高雄大林","ppeHeight","PPE與高處防墜","個人防護具穿戴正確","154","144","138","6","2","2","0","0.9583","34","中"
"2026-05","高雄大林","ppeHeight","PPE與高處防墜","安全帶/安全母索使用","154","145","139","6","2","3","1","0.9586","42","高"
"2026-05","高雄大林","ppeHeight","PPE與高處防墜","施工架檢點合格","154","157","149","8","2","3","1","0.949","46","高"
"2026-05","高雄大林","ppeHeight","PPE與高處防墜","安全網或工作平台設置","154","146","139","7","2","3","1","0.9521","44","高"
"2026-05","高雄大林","patrol","巡查會簽","轄區檢點簽認","154","137","132","5","1","2","0","0.9635","24","中"
"2026-05","高雄大林","patrol","巡查會簽","監造巡查簽認","154","134","130","4","1","1","0","0.9701","19","中"
"2026-05","高雄大林","patrol","巡查會簽","安衛人員巡查紀錄","154","131","126","5","1","2","1","0.9618","29","中"
"2026-05","高雄大林","patrol","巡查會簽","異常已即時通知","154","154","147","7","1","3","1","0.9545","36","中"
"2026-05","高雄大林","closeout","收工回簽與現場紀錄","環境整理完成","154","153","148","5","1","1","0","0.9673","21","中"
"2026-05","高雄大林","closeout","收工回簽與現場紀錄","施工前後照片完整","154","147","140","7","1","2","1","0.9524","33","中"
"2026-05","高雄大林","closeout","收工回簽與現場紀錄","氣體偵測照片上傳","154","153","146","7","1","3","1","0.9542","36","中"
"2026-05","高雄大林","closeout","收工回簽與現場紀錄","改善事項結案佐證完整","154","133","128","5","1","2","1","0.9624","29","中"
"2026-06","高雄大林","permit","許可基本資料","工作內容與地點完整","147","129","125","4","1","2","0","0.969","22","中"
"2026-06","高雄大林","permit","許可基本資料","作業分級正確","147","143","139","4","1","2","1","0.972","27","中"
"2026-06","高雄大林","permit","許可基本資料","核准工作時間明確","147","144","140","4","1","2","1","0.9722","27","中"
"2026-06","高雄大林","permit","許可基本資料","回簽資料完整","147","126","123","3","1","1","0","0.9762","17","低"
"2026-06","高雄大林","workType","作業分級與工作項目","動火/非動火判定正確","147","124","120","4","0","1","0","0.9677","11","低"
"2026-06","高雄大林","workType","作業分級與工作項目","A/B/C級作業判定正確","147","147","142","5","1","2","1","0.966","29","中"
"2026-06","高雄大林","workType","作業分級與工作項目","附加檢點表適用","147","132","127","5","1","2","1","0.9621","29","中"
"2026-06","高雄大林","workType","作業分級與工作項目","延時工作經核准","147","133","128","5","1","1","0","0.9624","21","中"
"2026-06","高雄大林","contractor","承攬商與人員資格","施工人員名冊完整","147","141","135","6","1","2","1","0.9574","31","中"
"2026-06","高雄大林","contractor","承攬商與人員資格","工地負責人到場","147","139","134","5","1","2","1","0.964","29","中"
"2026-06","高雄大林","contractor","承攬商與人員資格","安衛人員到場","147","136","131","5","1","2","1","0.9632","29","中"
"2026-06","高雄大林","contractor","承攬商與人員資格","特殊作業主管資格符合","147","127","121","6","1","2","0","0.9528","26","中"
"2026-06","高雄大林","hazardNotice","危害告知","承攬商已知悉注意事項","147","149","144","5","1","2","1","0.9664","29","中"
"2026-06","高雄大林","hazardNotice","危害告知","施工人員完成危害告知","147","131","127","4","1","2","0","0.9695","22","中"
"2026-06","高雄大林","hazardNotice","危害告知","勤前教育紀錄完整","147","125","121","4","1","1","0","0.968","19","中"
"2026-06","高雄大林","hazardNotice","危害告知","緊急聯絡資訊明確","147","128","123","5","0","1","0","0.9609","13","低"
"2026-06","高雄大林","isolation","環境安全隔離","設備管線已釋壓清洗","147","142","135","7","2","2","1","0.9507","41","中"
"2026-06","高雄大林","isolation","環境安全隔離","進出口已關斷/盲封/掛牌","147","135","128","7","2","3","1","0.9481","44","高"
"2026-06","高雄大林","isolation","環境安全隔離","電源隔離加鎖掛牌","147","133","127","6","2","3","1","0.9549","42","高"
"2026-06","高雄大林","isolation","環境安全隔離","暗溝陰井已堵塞密封","147","134","127","7","2","2","1","0.9478","41","中"
"2026-06","高雄大林","gas","氣體偵測","可燃性氣體低於20%LEL","147","138","130","8","2","3","1","0.942","46","高"
"2026-06","高雄大林","gas","氣體偵測","氧氣濃度符合標準","147","126","118","8","2","4","1","0.9365","49","高"
"2026-06","高雄大林","gas","氣體偵測","有害氣體低於容許濃度","147","126","120","6","1","2","1","0.9524","31","中"
"2026-06","高雄大林","gas","氣體偵測","上下午或連續測定紀錄完整","147","134","127","7","2","2","1","0.9478","41","中"
"2026-06","高雄大林","fireExplosion","消防與防爆設備","20型滅火器配置足夠","147","135","127","8","2","2","0","0.9407","38","中"
"2026-06","高雄大林","fireExplosion","消防與防爆設備","防爆電氣設備符合","147","144","138","6","2","3","1","0.9583","42","高"
"2026-06","高雄大林","fireExplosion","消防與防爆設備","安全工具使用正確","147","124","117","7","2","2","1","0.9435","41","中"
"2026-06","高雄大林","fireExplosion","消防與防爆設備","消防水帶或防火措施到位","147","133","125","8","2","2","1","0.9398","43","高"
"2026-06","高雄大林","ppeHeight","PPE與高處防墜","個人防護具穿戴正確","147","149","141","8","2","4","1","0.9463","49","高"
"2026-06","高雄大林","ppeHeight","PPE與高處防墜","安全帶/安全母索使用","147","137","131","6","2","2","1","0.9562","39","中"
"2026-06","高雄大林","ppeHeight","PPE與高處防墜","施工架檢點合格","147","129","123","6","2","2","1","0.9535","39","中"
"2026-06","高雄大林","ppeHeight","PPE與高處防墜","安全網或工作平台設置","147","126","119","7","2","2","0","0.9444","36","中"
"2026-06","高雄大林","patrol","巡查會簽","轄區檢點簽認","147","143","137","6","1","2","1","0.958","31","中"
"2026-06","高雄大林","patrol","巡查會簽","監造巡查簽認","147","123","119","4","1","1","0","0.9675","19","中"
"2026-06","高雄大林","patrol","巡查會簽","安衛人員巡查紀錄","147","124","118","6","1","2","1","0.9516","31","中"
"2026-06","高雄大林","patrol","巡查會簽","異常已即時通知","147","121","117","4","0","1","0","0.9669","11","低"
"2026-06","高雄大林","closeout","收工回簽與現場紀錄","環境整理完成","147","133","126","7","1","2","1","0.9474","33","中"
"2026-06","高雄大林","closeout","收工回簽與現場紀錄","施工前後照片完整","147","135","130","5","1","2","0","0.963","24","中"
"2026-06","高雄大林","closeout","收工回簽與現場紀錄","氣體偵測照片上傳","147","131","126","5","1","2","1","0.9618","29","中"
"2026-06","高雄大林","closeout","收工回簽與現場紀錄","改善事項結案佐證完整","147","124","119","5","0","2","0","0.9597","16","低"
"2026-07","高雄大林","permit","許可基本資料","工作內容與地點完整","133","116","113","3","1","1","0","0.9741","17","低"
"2026-07","高雄大林","permit","許可基本資料","作業分級正確","133","115","112","3","0","1","0","0.9739","9","低"
"2026-07","高雄大林","permit","許可基本資料","核准工作時間明確","133","119","116","3","1","1","0","0.9748","17","低"
"2026-07","高雄大林","permit","許可基本資料","回簽資料完整","133","133","129","4","0","2","0","0.9699","14","低"
"2026-07","高雄大林","workType","作業分級與工作項目","動火/非動火判定正確","133","127","123","4","0","2","1","0.9685","19","中"
"2026-07","高雄大林","workType","作業分級與工作項目","A/B/C級作業判定正確","133","131","127","4","1","1","0","0.9695","19","中"
"2026-07","高雄大林","workType","作業分級與工作項目","附加檢點表適用","133","132","128","4","0","1","0","0.9697","11","低"
"2026-07","高雄大林","workType","作業分級與工作項目","延時工作經核准","133","134","129","5","1","2","0","0.9627","24","中"
"2026-07","高雄大林","contractor","承攬商與人員資格","施工人員名冊完整","133","120","114","6","1","1","0","0.95","23","中"
"2026-07","高雄大林","contractor","承攬商與人員資格","工地負責人到場","133","116","111","5","1","2","0","0.9569","24","中"
"2026-07","高雄大林","contractor","承攬商與人員資格","安衛人員到場","133","130","124","6","1","3","1","0.9538","34","中"
"2026-07","高雄大林","contractor","承攬商與人員資格","特殊作業主管資格符合","133","113","109","4","0","1","0","0.9646","11","低"
"2026-07","高雄大林","hazardNotice","危害告知","承攬商已知悉注意事項","133","120","116","4","1","1","0","0.9667","19","中"
"2026-07","高雄大林","hazardNotice","危害告知","施工人員完成危害告知","133","117","114","3","0","1","0","0.9744","9","低"
"2026-07","高雄大林","hazardNotice","危害告知","勤前教育紀錄完整","133","128","125","3","0","1","0","0.9766","9","低"
"2026-07","高雄大林","hazardNotice","危害告知","緊急聯絡資訊明確","133","131","126","5","1","1","0","0.9618","21","中"
"2026-07","高雄大林","isolation","環境安全隔離","設備管線已釋壓清洗","133","135","127","8","2","3","1","0.9407","46","高"
"2026-07","高雄大林","isolation","環境安全隔離","進出口已關斷/盲封/掛牌","133","135","127","8","2","2","0","0.9407","38","中"
"2026-07","高雄大林","isolation","環境安全隔離","電源隔離加鎖掛牌","133","115","109","6","2","1","0","0.9478","31","中"
"2026-07","高雄大林","isolation","環境安全隔離","暗溝陰井已堵塞密封","133","133","127","6","2","2","1","0.9549","39","中"
"2026-07","高雄大林","gas","氣體偵測","可燃性氣體低於20%LEL","133","118","112","6","2","2","1","0.9492","39","中"
"2026-07","高雄大林","gas","氣體偵測","氧氣濃度符合標準","133","132","126","6","2","2","1","0.9545","39","中"
"2026-07","高雄大林","gas","氣體偵測","有害氣體低於容許濃度","133","113","107","6","2","2","1","0.9469","39","中"
"2026-07","高雄大林","gas","氣體偵測","上下午或連續測定紀錄完整","133","118","112","6","2","2","1","0.9492","39","中"
"2026-07","高雄大林","fireExplosion","消防與防爆設備","20型滅火器配置足夠","133","116","110","6","2","3","1","0.9483","42","高"
"2026-07","高雄大林","fireExplosion","消防與防爆設備","防爆電氣設備符合","133","109","103","6","2","2","1","0.945","39","中"
"2026-07","高雄大林","fireExplosion","消防與防爆設備","安全工具使用正確","133","127","121","6","2","2","0","0.9528","34","中"
"2026-07","高雄大林","fireExplosion","消防與防爆設備","消防水帶或防火措施到位","133","120","113","7","2","2","1","0.9417","41","中"
"2026-07","高雄大林","ppeHeight","PPE與高處防墜","個人防護具穿戴正確","133","124","118","6","2","2","0","0.9516","34","中"
"2026-07","高雄大林","ppeHeight","PPE與高處防墜","安全帶/安全母索使用","133","122","116","6","2","3","1","0.9508","42","高"
"2026-07","高雄大林","ppeHeight","PPE與高處防墜","施工架檢點合格","133","113","106","7","2","2","1","0.9381","41","中"
"2026-07","高雄大林","ppeHeight","PPE與高處防墜","安全網或工作平台設置","133","123","116","7","2","2","1","0.9431","41","中"
"2026-07","高雄大林","patrol","巡查會簽","轄區檢點簽認","133","127","122","5","0","2","1","0.9606","21","中"
"2026-07","高雄大林","patrol","巡查會簽","監造巡查簽認","133","118","114","4","1","1","0","0.9661","19","中"
"2026-07","高雄大林","patrol","巡查會簽","安衛人員巡查紀錄","133","110","106","4","1","1","0","0.9636","19","中"
"2026-07","高雄大林","patrol","巡查會簽","異常已即時通知","133","129","123","6","1","3","1","0.9535","34","中"
"2026-07","高雄大林","closeout","收工回簽與現場紀錄","環境整理完成","133","133","126","7","1","2","0","0.9474","28","中"
"2026-07","高雄大林","closeout","收工回簽與現場紀錄","施工前後照片完整","133","113","108","5","1","2","1","0.9558","29","中"
"2026-07","高雄大林","closeout","收工回簽與現場紀錄","氣體偵測照片上傳","133","115","109","6","1","1","0","0.9478","23","中"
"2026-07","高雄大林","closeout","收工回簽與現場紀錄","改善事項結案佐證完整","133","110","106","4","0","2","0","0.9636","14","低"
"2026-08","高雄大林","permit","許可基本資料","工作內容與地點完整","136","120","117","3","0","1","0","0.975","9","低"
"2026-08","高雄大林","permit","許可基本資料","作業分級正確","136","113","109","4","1","2","1","0.9646","27","中"
"2026-08","高雄大林","permit","許可基本資料","核准工作時間明確","136","137","134","3","1","1","0","0.9781","17","低"
"2026-08","高雄大林","permit","許可基本資料","回簽資料完整","136","135","131","4","0","1","0","0.9704","11","低"
"2026-08","高雄大林","workType","作業分級與工作項目","動火/非動火判定正確","136","124","120","4","0","1","0","0.9677","11","低"
"2026-08","高雄大林","workType","作業分級與工作項目","A/B/C級作業判定正確","136","113","109","4","1","2","1","0.9646","27","中"
"2026-08","高雄大林","workType","作業分級與工作項目","附加檢點表適用","136","131","126","5","1","1","0","0.9618","21","中"
"2026-08","高雄大林","workType","作業分級與工作項目","延時工作經核准","136","120","115","5","0","2","0","0.9583","16","低"
"2026-08","高雄大林","contractor","承攬商與人員資格","施工人員名冊完整","136","131","126","5","1","2","1","0.9618","29","中"
"2026-08","高雄大林","contractor","承攬商與人員資格","工地負責人到場","136","128","122","6","1","3","1","0.9531","34","中"
"2026-08","高雄大林","contractor","承攬商與人員資格","安衛人員到場","136","115","111","4","1","1","0","0.9652","19","中"
"2026-08","高雄大林","contractor","承攬商與人員資格","特殊作業主管資格符合","136","115","110","5","0","2","1","0.9565","21","中"
"2026-08","高雄大林","hazardNotice","危害告知","承攬商已知悉注意事項","136","129","125","4","1","1","0","0.969","19","中"
"2026-08","高雄大林","hazardNotice","危害告知","施工人員完成危害告知","136","117","113","4","1","2","0","0.9658","22","中"
"2026-08","高雄大林","hazardNotice","危害告知","勤前教育紀錄完整","136","130","126","4","1","2","0","0.9692","22","中"
"2026-08","高雄大林","hazardNotice","危害告知","緊急聯絡資訊明確","136","135","130","5","1","2","1","0.963","29","中"
"2026-08","高雄大林","isolation","環境安全隔離","設備管線已釋壓清洗","136","131","123","8","3","2","0","0.9389","46","高"
"2026-08","高雄大林","isolation","環境安全隔離","進出口已關斷/盲封/掛牌","136","118","113","5","1","1","0","0.9576","21","中"
"2026-08","高雄大林","isolation","環境安全隔離","電源隔離加鎖掛牌","136","136","130","6","1","1","0","0.9559","23","中"
"2026-08","高雄大林","isolation","環境安全隔離","暗溝陰井已堵塞密封","136","123","116","7","2","2","1","0.9431","41","中"
"2026-08","高雄大林","gas","氣體偵測","可燃性氣體低於20%LEL","136","135","127","8","2","3","1","0.9407","46","高"
"2026-08","高雄大林","gas","氣體偵測","氧氣濃度符合標準","136","139","130","9","3","4","1","0.9353","59","高"
"2026-08","高雄大林","gas","氣體偵測","有害氣體低於容許濃度","136","121","116","5","2","1","0","0.9587","29","中"
"2026-08","高雄大林","gas","氣體偵測","上下午或連續測定紀錄完整","136","133","127","6","2","2","0","0.9549","34","中"
"2026-08","高雄大林","fireExplosion","消防與防爆設備","20型滅火器配置足夠","136","118","112","6","2","2","1","0.9492","39","中"
"2026-08","高雄大林","fireExplosion","消防與防爆設備","防爆電氣設備符合","136","112","105","7","2","2","1","0.9375","41","中"
"2026-08","高雄大林","fireExplosion","消防與防爆設備","安全工具使用正確","136","121","114","7","2","3","1","0.9421","44","高"
"2026-08","高雄大林","fireExplosion","消防與防爆設備","消防水帶或防火措施到位","136","113","106","7","2","2","1","0.9381","41","中"
"2026-08","高雄大林","ppeHeight","PPE與高處防墜","個人防護具穿戴正確","136","131","123","8","2","2","0","0.9389","38","中"
"2026-08","高雄大林","ppeHeight","PPE與高處防墜","安全帶/安全母索使用","136","112","107","5","2","1","0","0.9554","29","中"
"2026-08","高雄大林","ppeHeight","PPE與高處防墜","施工架檢點合格","136","122","116","6","2","2","0","0.9508","34","中"
"2026-08","高雄大林","ppeHeight","PPE與高處防墜","安全網或工作平台設置","136","131","126","5","2","2","1","0.9618","37","中"
"2026-08","高雄大林","patrol","巡查會簽","轄區檢點簽認","136","113","108","5","1","2","1","0.9558","29","中"
"2026-08","高雄大林","patrol","巡查會簽","監造巡查簽認","136","129","125","4","0","2","1","0.969","19","中"
"2026-08","高雄大林","patrol","巡查會簽","安衛人員巡查紀錄","136","116","112","4","0","2","0","0.9655","14","低"
"2026-08","高雄大林","patrol","巡查會簽","異常已即時通知","136","127","123","4","1","1","0","0.9685","19","中"
"2026-08","高雄大林","closeout","收工回簽與現場紀錄","環境整理完成","136","119","113","6","1","1","0","0.9496","23","中"
"2026-08","高雄大林","closeout","收工回簽與現場紀錄","施工前後照片完整","136","130","126","4","1","2","1","0.9692","27","中"
"2026-08","高雄大林","closeout","收工回簽與現場紀錄","氣體偵測照片上傳","136","121","116","5","0","2","1","0.9587","21","中"
"2026-08","高雄大林","closeout","收工回簽與現場紀錄","改善事項結案佐證完整","136","117","112","5","1","1","0","0.9573","21","中"
"2026-09","高雄大林","permit","許可基本資料","工作內容與地點完整","129","121","117","4","1","2","1","0.9669","27","中"
"2026-09","高雄大林","permit","許可基本資料","作業分級正確","129","129","125","4","1","1","0","0.969","19","中"
"2026-09","高雄大林","permit","許可基本資料","核准工作時間明確","129","111","108","3","1","1","0","0.973","17","低"
"2026-09","高雄大林","permit","許可基本資料","回簽資料完整","129","118","114","4","1","2","0","0.9661","22","中"
"2026-09","高雄大林","workType","作業分級與工作項目","動火/非動火判定正確","129","128","124","4","0","1","0","0.9688","11","低"
"2026-09","高雄大林","workType","作業分級與工作項目","A/B/C級作業判定正確","129","128","124","4","1","1","0","0.9688","19","中"
"2026-09","高雄大林","workType","作業分級與工作項目","附加檢點表適用","129","108","104","4","1","1","0","0.963","19","中"
"2026-09","高雄大林","workType","作業分級與工作項目","延時工作經核准","129","122","118","4","0","1","0","0.9672","11","低"
"2026-09","高雄大林","contractor","承攬商與人員資格","施工人員名冊完整","129","112","107","5","1","1","0","0.9554","21","中"
"2026-09","高雄大林","contractor","承攬商與人員資格","工地負責人到場","129","122","118","4","1","1","0","0.9672","19","中"
"2026-09","高雄大林","contractor","承攬商與人員資格","安衛人員到場","129","131","126","5","0","2","0","0.9618","16","低"
"2026-09","高雄大林","contractor","承攬商與人員資格","特殊作業主管資格符合","129","115","111","4","1","2","0","0.9652","22","中"
"2026-09","高雄大林","hazardNotice","危害告知","承攬商已知悉注意事項","129","108","104","4","1","2","1","0.963","27","中"
"2026-09","高雄大林","hazardNotice","危害告知","施工人員完成危害告知","129","106","103","3","0","1","0","0.9717","9","低"
"2026-09","高雄大林","hazardNotice","危害告知","勤前教育紀錄完整","129","106","103","3","0","1","0","0.9717","9","低"
"2026-09","高雄大林","hazardNotice","危害告知","緊急聯絡資訊明確","129","113","110","3","0","1","0","0.9735","9","低"
"2026-09","高雄大林","isolation","環境安全隔離","設備管線已釋壓清洗","129","108","102","6","2","2","1","0.9444","39","中"
"2026-09","高雄大林","isolation","環境安全隔離","進出口已關斷/盲封/掛牌","129","120","113","7","2","3","1","0.9417","44","高"
"2026-09","高雄大林","isolation","環境安全隔離","電源隔離加鎖掛牌","129","121","114","7","2","2","1","0.9421","41","中"
"2026-09","高雄大林","isolation","環境安全隔離","暗溝陰井已堵塞密封","129","117","111","6","2","2","1","0.9487","39","中"
"2026-09","高雄大林","gas","氣體偵測","可燃性氣體低於20%LEL","129","121","114","7","2","2","0","0.9421","36","中"
"2026-09","高雄大林","gas","氣體偵測","氧氣濃度符合標準","129","121","114","7","2","2","1","0.9421","41","中"
"2026-09","高雄大林","gas","氣體偵測","有害氣體低於容許濃度","129","130","124","6","2","2","1","0.9538","39","中"
"2026-09","高雄大林","gas","氣體偵測","上下午或連續測定紀錄完整","129","125","118","7","2","3","1","0.944","44","高"
"2026-09","高雄大林","fireExplosion","消防與防爆設備","20型滅火器配置足夠","129","124","119","5","1","2","0","0.9597","24","中"
"2026-09","高雄大林","fireExplosion","消防與防爆設備","防爆電氣設備符合","129","108","103","5","2","1","0","0.9537","29","中"
"2026-09","高雄大林","fireExplosion","消防與防爆設備","安全工具使用正確","129","122","117","5","2","2","1","0.959","37","中"
"2026-09","高雄大林","fireExplosion","消防與防爆設備","消防水帶或防火措施到位","129","118","112","6","2","1","0","0.9492","31","中"
"2026-09","高雄大林","ppeHeight","PPE與高處防墜","個人防護具穿戴正確","129","117","112","5","1","1","0","0.9573","21","中"
"2026-09","高雄大林","ppeHeight","PPE與高處防墜","安全帶/安全母索使用","129","121","114","7","2","2","1","0.9421","41","中"
"2026-09","高雄大林","ppeHeight","PPE與高處防墜","施工架檢點合格","129","125","118","7","2","2","1","0.944","41","中"
"2026-09","高雄大林","ppeHeight","PPE與高處防墜","安全網或工作平台設置","129","107","103","4","1","1","0","0.9626","19","中"
"2026-09","高雄大林","patrol","巡查會簽","轄區檢點簽認","129","106","102","4","1","1","0","0.9623","19","中"
"2026-09","高雄大林","patrol","巡查會簽","監造巡查簽認","129","124","119","5","1","2","1","0.9597","29","中"
"2026-09","高雄大林","patrol","巡查會簽","安衛人員巡查紀錄","129","108","105","3","1","1","0","0.9722","17","低"
"2026-09","高雄大林","patrol","巡查會簽","異常已即時通知","129","113","109","4","1","1","0","0.9646","19","中"
"2026-09","高雄大林","closeout","收工回簽與現場紀錄","環境整理完成","129","111","105","6","1","2","1","0.9459","31","中"
"2026-09","高雄大林","closeout","收工回簽與現場紀錄","施工前後照片完整","129","112","108","4","1","1","0","0.9643","19","中"
"2026-09","高雄大林","closeout","收工回簽與現場紀錄","氣體偵測照片上傳","129","117","112","5","1","2","0","0.9573","24","中"
"2026-09","高雄大林","closeout","收工回簽與現場紀錄","改善事項結案佐證完整","129","127","122","5","0","2","1","0.9606","21","中"
"2026-10","高雄大林","permit","許可基本資料","工作內容與地點完整","134","123","119","4","1","1","0","0.9675","19","中"
"2026-10","高雄大林","permit","許可基本資料","作業分級正確","134","129","125","4","0","2","1","0.969","19","中"
"2026-10","高雄大林","permit","許可基本資料","核准工作時間明確","134","114","111","3","0","1","0","0.9737","9","低"
"2026-10","高雄大林","permit","許可基本資料","回簽資料完整","134","131","128","3","1","1","0","0.9771","17","低"
"2026-10","高雄大林","workType","作業分級與工作項目","動火/非動火判定正確","134","111","107","4","1","2","1","0.964","27","中"
"2026-10","高雄大林","workType","作業分級與工作項目","A/B/C級作業判定正確","134","118","114","4","1","2","0","0.9661","22","中"
"2026-10","高雄大林","workType","作業分級與工作項目","附加檢點表適用","134","122","119","3","0","1","0","0.9754","9","低"
"2026-10","高雄大林","workType","作業分級與工作項目","延時工作經核准","134","121","116","5","1","2","1","0.9587","29","中"
"2026-10","高雄大林","contractor","承攬商與人員資格","施工人員名冊完整","134","130","125","5","1","2","0","0.9615","24","中"
"2026-10","高雄大林","contractor","承攬商與人員資格","工地負責人到場","134","122","117","5","1","2","1","0.959","29","中"
"2026-10","高雄大林","contractor","承攬商與人員資格","安衛人員到場","134","115","110","5","1","2","0","0.9565","24","中"
"2026-10","高雄大林","contractor","承攬商與人員資格","特殊作業主管資格符合","134","134","128","6","1","3","1","0.9552","34","中"
"2026-10","高雄大林","hazardNotice","危害告知","承攬商已知悉注意事項","134","127","123","4","0","1","0","0.9685","11","低"
"2026-10","高雄大林","hazardNotice","危害告知","施工人員完成危害告知","134","119","115","4","1","2","1","0.9664","27","中"
"2026-10","高雄大林","hazardNotice","危害告知","勤前教育紀錄完整","134","129","124","5","1","1","0","0.9612","21","中"
"2026-10","高雄大林","hazardNotice","危害告知","緊急聯絡資訊明確","134","128","124","4","0","1","0","0.9688","11","低"
"2026-10","高雄大林","isolation","環境安全隔離","設備管線已釋壓清洗","134","119","114","5","2","2","0","0.958","32","中"
"2026-10","高雄大林","isolation","環境安全隔離","進出口已關斷/盲封/掛牌","134","129","122","7","2","2","0","0.9457","36","中"
"2026-10","高雄大林","isolation","環境安全隔離","電源隔離加鎖掛牌","134","136","130","6","1","3","1","0.9559","34","中"
"2026-10","高雄大林","isolation","環境安全隔離","暗溝陰井已堵塞密封","134","111","105","6","2","1","0","0.9459","31","中"
"2026-10","高雄大林","gas","氣體偵測","可燃性氣體低於20%LEL","134","128","122","6","1","3","1","0.9531","34","中"
"2026-10","高雄大林","gas","氣體偵測","氧氣濃度符合標準","134","111","105","6","1","2","1","0.9459","31","中"
"2026-10","高雄大林","gas","氣體偵測","有害氣體低於容許濃度","134","113","107","6","2","2","1","0.9469","39","中"
"2026-10","高雄大林","gas","氣體偵測","上下午或連續測定紀錄完整","134","130","124","6","2","3","1","0.9538","42","高"
"2026-10","高雄大林","fireExplosion","消防與防爆設備","20型滅火器配置足夠","134","111","105","6","2","2","1","0.9459","39","中"
"2026-10","高雄大林","fireExplosion","消防與防爆設備","防爆電氣設備符合","134","135","129","6","2","3","1","0.9556","42","高"
"2026-10","高雄大林","fireExplosion","消防與防爆設備","安全工具使用正確","134","110","103","7","2","2","0","0.9364","36","中"
"2026-10","高雄大林","fireExplosion","消防與防爆設備","消防水帶或防火措施到位","134","113","108","5","1","2","1","0.9558","29","中"
"2026-10","高雄大林","ppeHeight","PPE與高處防墜","個人防護具穿戴正確","134","117","112","5","2","2","0","0.9573","32","中"
"2026-10","高雄大林","ppeHeight","PPE與高處防墜","安全帶/安全母索使用","134","121","114","7","2","2","1","0.9421","41","中"
"2026-10","高雄大林","ppeHeight","PPE與高處防墜","施工架檢點合格","134","136","130","6","1","2","1","0.9559","31","中"
"2026-10","高雄大林","ppeHeight","PPE與高處防墜","安全網或工作平台設置","134","132","124","8","2","3","1","0.9394","46","高"
"2026-10","高雄大林","patrol","巡查會簽","轄區檢點簽認","134","135","131","4","0","2","1","0.9704","19","中"
"2026-10","高雄大林","patrol","巡查會簽","監造巡查簽認","134","119","114","5","1","2","0","0.958","24","中"
"2026-10","高雄大林","patrol","巡查會簽","安衛人員巡查紀錄","134","119","114","5","1","2","1","0.958","29","中"
"2026-10","高雄大林","patrol","巡查會簽","異常已即時通知","134","130","126","4","0","1","0","0.9692","11","低"
"2026-10","高雄大林","closeout","收工回簽與現場紀錄","環境整理完成","134","117","112","5","1","1","0","0.9573","21","中"
"2026-10","高雄大林","closeout","收工回簽與現場紀錄","施工前後照片完整","134","124","118","6","1","2","0","0.9516","26","中"
"2026-10","高雄大林","closeout","收工回簽與現場紀錄","氣體偵測照片上傳","134","125","119","6","1","1","0","0.952","23","中"
"2026-10","高雄大林","closeout","收工回簽與現場紀錄","改善事項結案佐證完整","134","116","110","6","1","1","0","0.9483","23","中"
"2026-11","高雄大林","permit","許可基本資料","工作內容與地點完整","139","140","136","4","1","2","1","0.9714","27","中"
"2026-11","高雄大林","permit","許可基本資料","作業分級正確","139","127","123","4","0","2","0","0.9685","14","低"
"2026-11","高雄大林","permit","許可基本資料","核准工作時間明確","139","118","115","3","0","1","0","0.9746","9","低"
"2026-11","高雄大林","permit","許可基本資料","回簽資料完整","139","137","133","4","1","1","0","0.9708","19","中"
"2026-11","高雄大林","workType","作業分級與工作項目","動火/非動火判定正確","139","132","127","5","1","2","1","0.9621","29","中"
"2026-11","高雄大林","workType","作業分級與工作項目","A/B/C級作業判定正確","139","114","110","4","0","1","0","0.9649","11","低"
"2026-11","高雄大林","workType","作業分級與工作項目","附加檢點表適用","139","117","112","5","1","2","1","0.9573","29","中"
"2026-11","高雄大林","workType","作業分級與工作項目","延時工作經核准","139","137","131","6","1","2","0","0.9562","26","中"
"2026-11","高雄大林","contractor","承攬商與人員資格","施工人員名冊完整","139","138","132","6","1","1","0","0.9565","23","中"
"2026-11","高雄大林","contractor","承攬商與人員資格","工地負責人到場","139","132","127","5","1","2","1","0.9621","29","中"
"2026-11","高雄大林","contractor","承攬商與人員資格","安衛人員到場","139","119","114","5","1","2","0","0.958","24","中"
"2026-11","高雄大林","contractor","承攬商與人員資格","特殊作業主管資格符合","139","123","118","5","1","2","1","0.9593","29","中"
"2026-11","高雄大林","hazardNotice","危害告知","承攬商已知悉注意事項","139","126","122","4","0","1","0","0.9683","11","低"
"2026-11","高雄大林","hazardNotice","危害告知","施工人員完成危害告知","139","124","119","5","1","2","0","0.9597","24","中"
"2026-11","高雄大林","hazardNotice","危害告知","勤前教育紀錄完整","139","125","122","3","0","1","0","0.976","9","低"
"2026-11","高雄大林","hazardNotice","危害告知","緊急聯絡資訊明確","139","129","125","4","1","1","0","0.969","19","中"
"2026-11","高雄大林","isolation","環境安全隔離","設備管線已釋壓清洗","139","123","117","6","1","2","0","0.9512","26","中"
"2026-11","高雄大林","isolation","環境安全隔離","進出口已關斷/盲封/掛牌","139","130","124","6","1","2","0","0.9538","26","中"
"2026-11","高雄大林","isolation","環境安全隔離","電源隔離加鎖掛牌","139","138","132","6","2","2","1","0.9565","39","中"
"2026-11","高雄大林","isolation","環境安全隔離","暗溝陰井已堵塞密封","139","119","113","6","2","2","0","0.9496","34","中"
"2026-11","高雄大林","gas","氣體偵測","可燃性氣體低於20%LEL","139","133","126","7","2","2","1","0.9474","41","中"
"2026-11","高雄大林","gas","氣體偵測","氧氣濃度符合標準","139","125","119","6","1","2","0","0.952","26","中"
"2026-11","高雄大林","gas","氣體偵測","有害氣體低於容許濃度","139","128","122","6","2","2","1","0.9531","39","中"
"2026-11","高雄大林","gas","氣體偵測","上下午或連續測定紀錄完整","139","117","112","5","1","1","0","0.9573","21","中"
"2026-11","高雄大林","fireExplosion","消防與防爆設備","20型滅火器配置足夠","139","118","113","5","2","1","0","0.9576","29","中"
"2026-11","高雄大林","fireExplosion","消防與防爆設備","防爆電氣設備符合","139","120","114","6","2","2","0","0.95","34","中"
"2026-11","高雄大林","fireExplosion","消防與防爆設備","安全工具使用正確","139","127","121","6","2","2","1","0.9528","39","中"
"2026-11","高雄大林","fireExplosion","消防與防爆設備","消防水帶或防火措施到位","139","116","110","6","1","2","0","0.9483","26","中"
"2026-11","高雄大林","ppeHeight","PPE與高處防墜","個人防護具穿戴正確","139","129","122","7","2","3","1","0.9457","44","高"
"2026-11","高雄大林","ppeHeight","PPE與高處防墜","安全帶/安全母索使用","139","118","112","6","1","2","1","0.9492","31","中"
"2026-11","高雄大林","ppeHeight","PPE與高處防墜","施工架檢點合格","139","119","114","5","1","1","0","0.958","21","中"
"2026-11","高雄大林","ppeHeight","PPE與高處防墜","安全網或工作平台設置","139","138","132","6","1","1","0","0.9565","23","中"
"2026-11","高雄大林","patrol","巡查會簽","轄區檢點簽認","139","121","116","5","1","1","0","0.9587","21","中"
"2026-11","高雄大林","patrol","巡查會簽","監造巡查簽認","139","122","117","5","1","2","1","0.959","29","中"
"2026-11","高雄大林","patrol","巡查會簽","安衛人員巡查紀錄","139","124","119","5","1","2","1","0.9597","29","中"
"2026-11","高雄大林","patrol","巡查會簽","異常已即時通知","139","131","127","4","1","2","1","0.9695","27","中"
"2026-11","高雄大林","closeout","收工回簽與現場紀錄","環境整理完成","139","118","114","4","0","1","0","0.9661","11","低"
"2026-11","高雄大林","closeout","收工回簽與現場紀錄","施工前後照片完整","139","119","114","5","1","2","0","0.958","24","中"
"2026-11","高雄大林","closeout","收工回簽與現場紀錄","氣體偵測照片上傳","139","114","110","4","1","1","0","0.9649","19","中"
"2026-11","高雄大林","closeout","收工回簽與現場紀錄","改善事項結案佐證完整","139","136","130","6","1","1","0","0.9559","23","中"
"2026-12","高雄大林","permit","許可基本資料","工作內容與地點完整","138","134","130","4","1","2","1","0.9701","27","中"
"2026-12","高雄大林","permit","許可基本資料","作業分級正確","138","138","133","5","0","1","0","0.9638","13","低"
"2026-12","高雄大林","permit","許可基本資料","核准工作時間明確","138","132","129","3","0","1","0","0.9773","9","低"
"2026-12","高雄大林","permit","許可基本資料","回簽資料完整","138","120","117","3","1","1","0","0.975","17","低"
"2026-12","高雄大林","workType","作業分級與工作項目","動火/非動火判定正確","138","124","119","5","1","2","1","0.9597","29","中"
"2026-12","高雄大林","workType","作業分級與工作項目","A/B/C級作業判定正確","138","114","109","5","0","2","1","0.9561","21","中"
"2026-12","高雄大林","workType","作業分級與工作項目","附加檢點表適用","138","115","111","4","1","1","0","0.9652","19","中"
"2026-12","高雄大林","workType","作業分級與工作項目","延時工作經核准","138","133","129","4","1","1","0","0.9699","19","中"
"2026-12","高雄大林","contractor","承攬商與人員資格","施工人員名冊完整","138","121","115","6","1","1","0","0.9504","23","中"
"2026-12","高雄大林","contractor","承攬商與人員資格","工地負責人到場","138","133","127","6","1","1","0","0.9549","23","中"
"2026-12","高雄大林","contractor","承攬商與人員資格","安衛人員到場","138","120","114","6","1","2","0","0.95","26","中"
"2026-12","高雄大林","contractor","承攬商與人員資格","特殊作業主管資格符合","138","140","133","7","1","2","0","0.95","28","中"
"2026-12","高雄大林","hazardNotice","危害告知","承攬商已知悉注意事項","138","141","136","5","1","2","0","0.9645","24","中"
"2026-12","高雄大林","hazardNotice","危害告知","施工人員完成危害告知","138","125","121","4","1","1","0","0.968","19","中"
"2026-12","高雄大林","hazardNotice","危害告知","勤前教育紀錄完整","138","121","118","3","0","1","0","0.9752","9","低"
"2026-12","高雄大林","hazardNotice","危害告知","緊急聯絡資訊明確","138","132","128","4","0","1","0","0.9697","11","低"
"2026-12","高雄大林","isolation","環境安全隔離","設備管線已釋壓清洗","138","115","109","6","1","2","0","0.9478","26","中"
"2026-12","高雄大林","isolation","環境安全隔離","進出口已關斷/盲封/掛牌","138","124","119","5","2","1","0","0.9597","29","中"
"2026-12","高雄大林","isolation","環境安全隔離","電源隔離加鎖掛牌","138","115","110","5","1","2","0","0.9565","24","中"
"2026-12","高雄大林","isolation","環境安全隔離","暗溝陰井已堵塞密封","138","119","113","6","2","2","1","0.9496","39","中"
"2026-12","高雄大林","gas","氣體偵測","可燃性氣體低於20%LEL","138","125","120","5","1","2","1","0.96","29","中"
"2026-12","高雄大林","gas","氣體偵測","氧氣濃度符合標準","138","123","116","7","2","2","1","0.9431","41","中"
"2026-12","高雄大林","gas","氣體偵測","有害氣體低於容許濃度","138","119","113","6","1","3","1","0.9496","34","中"
"2026-12","高雄大林","gas","氣體偵測","上下午或連續測定紀錄完整","138","114","109","5","1","1","0","0.9561","21","中"
"2026-12","高雄大林","fireExplosion","消防與防爆設備","20型滅火器配置足夠","138","119","113","6","2","2","1","0.9496","39","中"
"2026-12","高雄大林","fireExplosion","消防與防爆設備","防爆電氣設備符合","138","139","132","7","2","2","1","0.9496","41","中"
"2026-12","高雄大林","fireExplosion","消防與防爆設備","安全工具使用正確","138","130","122","8","2","3","1","0.9385","46","高"
"2026-12","高雄大林","fireExplosion","消防與防爆設備","消防水帶或防火措施到位","138","120","115","5","1","2","1","0.9583","29","中"
"2026-12","高雄大林","ppeHeight","PPE與高處防墜","個人防護具穿戴正確","138","114","107","7","2","2","1","0.9386","41","中"
"2026-12","高雄大林","ppeHeight","PPE與高處防墜","安全帶/安全母索使用","138","135","128","7","2","2","1","0.9481","41","中"
"2026-12","高雄大林","ppeHeight","PPE與高處防墜","施工架檢點合格","138","116","110","6","1","2","0","0.9483","26","中"
"2026-12","高雄大林","ppeHeight","PPE與高處防墜","安全網或工作平台設置","138","137","131","6","2","3","1","0.9562","42","高"
"2026-12","高雄大林","patrol","巡查會簽","轄區檢點簽認","138","116","111","5","1","2","0","0.9569","24","中"
"2026-12","高雄大林","patrol","巡查會簽","監造巡查簽認","138","126","122","4","0","2","1","0.9683","19","中"
"2026-12","高雄大林","patrol","巡查會簽","安衛人員巡查紀錄","138","126","122","4","0","1","0","0.9683","11","低"
"2026-12","高雄大林","patrol","巡查會簽","異常已即時通知","138","140","136","4","1","2","0","0.9714","22","中"
"2026-12","高雄大林","closeout","收工回簽與現場紀錄","環境整理完成","138","113","108","5","0","2","0","0.9558","16","低"
"2026-12","高雄大林","closeout","收工回簽與現場紀錄","施工前後照片完整","138","119","115","4","1","2","1","0.9664","27","中"
"2026-12","高雄大林","closeout","收工回簽與現場紀錄","氣體偵測照片上傳","138","135","129","6","1","2","0","0.9556","26","中"
"2026-12","高雄大林","closeout","收工回簽與現場紀錄","改善事項結案佐證完整","138","128","122","6","1","3","1","0.9531","34","中"
"2024-01","高雄林園","permit","許可基本資料","工作內容與地點完整","129","110","107","3","0","1","0","0.9727","9","低"
"2024-01","高雄林園","permit","許可基本資料","作業分級正確","129","111","108","3","1","1","0","0.973","17","低"
"2024-01","高雄林園","permit","許可基本資料","核准工作時間明確","129","130","126","4","1","2","0","0.9692","22","中"
"2024-01","高雄林園","permit","許可基本資料","回簽資料完整","129","109","105","4","0","1","0","0.9633","11","低"
"2024-01","高雄林園","workType","作業分級與工作項目","動火/非動火判定正確","129","124","119","5","1","2","1","0.9597","29","中"
"2024-01","高雄林園","workType","作業分級與工作項目","A/B/C級作業判定正確","129","110","106","4","0","2","1","0.9636","19","中"
"2024-01","高雄林園","workType","作業分級與工作項目","附加檢點表適用","129","118","114","4","0","2","1","0.9661","19","中"
"2024-01","高雄林園","workType","作業分級與工作項目","延時工作經核准","129","116","111","5","1","2","0","0.9569","24","中"
"2024-01","高雄林園","contractor","承攬商與人員資格","施工人員名冊完整","129","129","124","5","1","1","0","0.9612","21","中"
"2024-01","高雄林園","contractor","承攬商與人員資格","工地負責人到場","129","121","115","6","1","3","1","0.9504","34","中"
"2024-01","高雄林園","contractor","承攬商與人員資格","安衛人員到場","129","114","109","5","1","1","0","0.9561","21","中"
"2024-01","高雄林園","contractor","承攬商與人員資格","特殊作業主管資格符合","129","130","124","6","0","2","1","0.9538","23","中"
"2024-01","高雄林園","hazardNotice","危害告知","承攬商已知悉注意事項","129","128","124","4","0","1","0","0.9688","11","低"
"2024-01","高雄林園","hazardNotice","危害告知","施工人員完成危害告知","129","130","125","5","1","2","1","0.9615","29","中"
"2024-01","高雄林園","hazardNotice","危害告知","勤前教育紀錄完整","129","119","116","3","0","1","0","0.9748","9","低"
"2024-01","高雄林園","hazardNotice","危害告知","緊急聯絡資訊明確","129","117","112","5","1","2","1","0.9573","29","中"
"2024-01","高雄林園","isolation","環境安全隔離","設備管線已釋壓清洗","129","129","121","8","2","3","1","0.938","46","高"
"2024-01","高雄林園","isolation","環境安全隔離","進出口已關斷/盲封/掛牌","129","108","102","6","2","1","0","0.9444","31","中"
"2024-01","高雄林園","isolation","環境安全隔離","電源隔離加鎖掛牌","129","119","113","6","2","2","1","0.9496","39","中"
"2024-01","高雄林園","isolation","環境安全隔離","暗溝陰井已堵塞密封","129","108","103","5","2","2","1","0.9537","37","中"
"2024-01","高雄林園","gas","氣體偵測","可燃性氣體低於20%LEL","129","118","111","7","2","3","1","0.9407","44","高"
"2024-01","高雄林園","gas","氣體偵測","氧氣濃度符合標準","129","106","101","5","2","1","0","0.9528","29","中"
"2024-01","高雄林園","gas","氣體偵測","有害氣體低於容許濃度","129","131","124","7","2","3","1","0.9466","44","高"
"2024-01","高雄林園","gas","氣體偵測","上下午或連續測定紀錄完整","129","113","108","5","2","2","1","0.9558","37","中"
"2024-01","高雄林園","fireExplosion","消防與防爆設備","20型滅火器配置足夠","129","106","100","6","2","2","0","0.9434","34","中"
"2024-01","高雄林園","fireExplosion","消防與防爆設備","防爆電氣設備符合","129","119","114","5","2","2","1","0.958","37","中"
"2024-01","高雄林園","fireExplosion","消防與防爆設備","安全工具使用正確","129","131","124","7","2","3","1","0.9466","44","高"
"2024-01","高雄林園","fireExplosion","消防與防爆設備","消防水帶或防火措施到位","129","119","113","6","2","3","1","0.9496","42","高"
"2024-01","高雄林園","ppeHeight","PPE與高處防墜","個人防護具穿戴正確","129","111","106","5","1","1","0","0.955","21","中"
"2024-01","高雄林園","ppeHeight","PPE與高處防墜","安全帶/安全母索使用","129","129","122","7","2","3","1","0.9457","44","高"
"2024-01","高雄林園","ppeHeight","PPE與高處防墜","施工架檢點合格","129","125","119","6","1","1","0","0.952","23","中"
"2024-01","高雄林園","ppeHeight","PPE與高處防墜","安全網或工作平台設置","129","124","116","8","2","2","1","0.9355","43","高"
"2024-01","高雄林園","patrol","巡查會簽","轄區檢點簽認","129","129","125","4","1","1","0","0.969","19","中"
"2024-01","高雄林園","patrol","巡查會簽","監造巡查簽認","129","131","125","6","1","3","1","0.9542","34","中"
"2024-01","高雄林園","patrol","巡查會簽","安衛人員巡查紀錄","129","125","121","4","1","1","0","0.968","19","中"
"2024-01","高雄林園","patrol","巡查會簽","異常已即時通知","129","114","109","5","1","2","1","0.9561","29","中"
"2024-01","高雄林園","closeout","收工回簽與現場紀錄","環境整理完成","129","127","120","7","1","3","1","0.9449","36","中"
"2024-01","高雄林園","closeout","收工回簽與現場紀錄","施工前後照片完整","129","108","102","6","1","2","1","0.9444","31","中"
"2024-01","高雄林園","closeout","收工回簽與現場紀錄","氣體偵測照片上傳","129","107","102","5","1","1","0","0.9533","21","中"
"2024-01","高雄林園","closeout","收工回簽與現場紀錄","改善事項結案佐證完整","129","128","121","7","1","2","1","0.9453","33","中"
"2024-02","高雄林園","permit","許可基本資料","工作內容與地點完整","127","127","123","4","1","1","0","0.9685","19","中"
"2024-02","高雄林園","permit","許可基本資料","作業分級正確","127","109","105","4","1","1","0","0.9633","19","中"
"2024-02","高雄林園","permit","許可基本資料","核准工作時間明確","127","120","116","4","1","1","0","0.9667","19","中"
"2024-02","高雄林園","permit","許可基本資料","回簽資料完整","127","111","108","3","0","1","0","0.973","9","低"
"2024-02","高雄林園","workType","作業分級與工作項目","動火/非動火判定正確","127","116","112","4","0","1","0","0.9655","11","低"
"2024-02","高雄林園","workType","作業分級與工作項目","A/B/C級作業判定正確","127","105","101","4","1","2","1","0.9619","27","中"
"2024-02","高雄林園","workType","作業分級與工作項目","附加檢點表適用","127","112","108","4","0","2","0","0.9643","14","低"
"2024-02","高雄林園","workType","作業分級與工作項目","延時工作經核准","127","117","114","3","1","1","0","0.9744","17","低"
"2024-02","高雄林園","contractor","承攬商與人員資格","施工人員名冊完整","127","106","102","4","1","1","0","0.9623","19","中"
"2024-02","高雄林園","contractor","承攬商與人員資格","工地負責人到場","127","109","105","4","1","1","0","0.9633","19","中"
"2024-02","高雄林園","contractor","承攬商與人員資格","安衛人員到場","127","127","123","4","0","2","1","0.9685","19","中"
"2024-02","高雄林園","contractor","承攬商與人員資格","特殊作業主管資格符合","127","112","106","6","1","3","1","0.9464","34","中"
"2024-02","高雄林園","hazardNotice","危害告知","承攬商已知悉注意事項","127","127","123","4","1","2","1","0.9685","27","中"
"2024-02","高雄林園","hazardNotice","危害告知","施工人員完成危害告知","127","129","125","4","1","2","1","0.969","27","中"
"2024-02","高雄林園","hazardNotice","危害告知","勤前教育紀錄完整","127","116","112","4","0","2","1","0.9655","19","中"
"2024-02","高雄林園","hazardNotice","危害告知","緊急聯絡資訊明確","127","118","114","4","1","1","0","0.9661","19","中"
"2024-02","高雄林園","isolation","環境安全隔離","設備管線已釋壓清洗","127","117","111","6","2","2","0","0.9487","34","中"
"2024-02","高雄林園","isolation","環境安全隔離","進出口已關斷/盲封/掛牌","127","121","114","7","2","3","1","0.9421","44","高"
"2024-02","高雄林園","isolation","環境安全隔離","電源隔離加鎖掛牌","127","128","121","7","2","3","1","0.9453","44","高"
"2024-02","高雄林園","isolation","環境安全隔離","暗溝陰井已堵塞密封","127","118","111","7","2","2","0","0.9407","36","中"
"2024-02","高雄林園","gas","氣體偵測","可燃性氣體低於20%LEL","127","129","123","6","1","2","1","0.9535","31","中"
"2024-02","高雄林園","gas","氣體偵測","氧氣濃度符合標準","127","122","116","6","2","2","1","0.9508","39","中"
"2024-02","高雄林園","gas","氣體偵測","有害氣體低於容許濃度","127","108","103","5","1","2","1","0.9537","29","中"
"2024-02","高雄林園","gas","氣體偵測","上下午或連續測定紀錄完整","127","114","107","7","2","2","1","0.9386","41","中"
"2024-02","高雄林園","fireExplosion","消防與防爆設備","20型滅火器配置足夠","127","121","115","6","2","2","0","0.9504","34","中"
"2024-02","高雄林園","fireExplosion","消防與防爆設備","防爆電氣設備符合","127","127","120","7","2","3","1","0.9449","44","高"
"2024-02","高雄林園","fireExplosion","消防與防爆設備","安全工具使用正確","127","105","100","5","1","1","0","0.9524","21","中"
"2024-02","高雄林園","fireExplosion","消防與防爆設備","消防水帶或防火措施到位","127","108","102","6","2","3","1","0.9444","42","高"
"2024-02","高雄林園","ppeHeight","PPE與高處防墜","個人防護具穿戴正確","127","119","114","5","1","1","0","0.958","21","中"
"2024-02","高雄林園","ppeHeight","PPE與高處防墜","安全帶/安全母索使用","127","118","111","7","2","2","1","0.9407","41","中"
"2024-02","高雄林園","ppeHeight","PPE與高處防墜","施工架檢點合格","127","109","104","5","1","2","0","0.9541","24","中"
"2024-02","高雄林園","ppeHeight","PPE與高處防墜","安全網或工作平台設置","127","117","110","7","2","3","1","0.9402","44","高"
"2024-02","高雄林園","patrol","巡查會簽","轄區檢點簽認","127","123","119","4","0","2","1","0.9675","19","中"
"2024-02","高雄林園","patrol","巡查會簽","監造巡查簽認","127","111","106","5","1","2","0","0.955","24","中"
"2024-02","高雄林園","patrol","巡查會簽","安衛人員巡查紀錄","127","124","120","4","0","1","0","0.9677","11","低"
"2024-02","高雄林園","patrol","巡查會簽","異常已即時通知","127","111","107","4","1","2","1","0.964","27","中"
"2024-02","高雄林園","closeout","收工回簽與現場紀錄","環境整理完成","127","114","109","5","1","2","1","0.9561","29","中"
"2024-02","高雄林園","closeout","收工回簽與現場紀錄","施工前後照片完整","127","118","113","5","1","2","1","0.9576","29","中"
"2024-02","高雄林園","closeout","收工回簽與現場紀錄","氣體偵測照片上傳","127","117","112","5","1","2","1","0.9573","29","中"
"2024-02","高雄林園","closeout","收工回簽與現場紀錄","改善事項結案佐證完整","127","112","107","5","1","1","0","0.9554","21","中"
"2024-03","高雄林園","permit","許可基本資料","工作內容與地點完整","132","117","114","3","1","1","0","0.9744","17","低"
"2024-03","高雄林園","permit","許可基本資料","作業分級正確","132","118","114","4","0","1","0","0.9661","11","低"
"2024-03","高雄林園","permit","許可基本資料","核准工作時間明確","132","124","120","4","1","2","1","0.9677","27","中"
"2024-03","高雄林園","permit","許可基本資料","回簽資料完整","132","132","127","5","1","1","0","0.9621","21","中"
"2024-03","高雄林園","workType","作業分級與工作項目","動火/非動火判定正確","132","134","128","6","1","3","1","0.9552","34","中"
"2024-03","高雄林園","workType","作業分級與工作項目","A/B/C級作業判定正確","132","122","118","4","1","1","0","0.9672","19","中"
"2024-03","高雄林園","workType","作業分級與工作項目","附加檢點表適用","132","113","109","4","1","1","0","0.9646","19","中"
"2024-03","高雄林園","workType","作業分級與工作項目","延時工作經核准","132","130","126","4","1","2","1","0.9692","27","中"
"2024-03","高雄林園","contractor","承攬商與人員資格","施工人員名冊完整","132","110","106","4","1","2","1","0.9636","27","中"
"2024-03","高雄林園","contractor","承攬商與人員資格","工地負責人到場","132","128","123","5","1","2","1","0.9609","29","中"
"2024-03","高雄林園","contractor","承攬商與人員資格","安衛人員到場","132","112","106","6","1","2","1","0.9464","31","中"
"2024-03","高雄林園","contractor","承攬商與人員資格","特殊作業主管資格符合","132","110","106","4","1","2","1","0.9636","27","中"
"2024-03","高雄林園","hazardNotice","危害告知","承攬商已知悉注意事項","132","111","107","4","0","2","1","0.964","19","中"
"2024-03","高雄林園","hazardNotice","危害告知","施工人員完成危害告知","132","119","115","4","1","1","0","0.9664","19","中"
"2024-03","高雄林園","hazardNotice","危害告知","勤前教育紀錄完整","132","128","123","5","1","2","1","0.9609","29","中"
"2024-03","高雄林園","hazardNotice","危害告知","緊急聯絡資訊明確","132","133","128","5","1","2","1","0.9624","29","中"
"2024-03","高雄林園","isolation","環境安全隔離","設備管線已釋壓清洗","132","127","121","6","2","2","0","0.9528","34","中"
"2024-03","高雄林園","isolation","環境安全隔離","進出口已關斷/盲封/掛牌","132","111","106","5","1","1","0","0.955","21","中"
"2024-03","高雄林園","isolation","環境安全隔離","電源隔離加鎖掛牌","132","127","119","8","2","4","1","0.937","49","高"
"2024-03","高雄林園","isolation","環境安全隔離","暗溝陰井已堵塞密封","132","117","111","6","2","2","0","0.9487","34","中"
"2024-03","高雄林園","gas","氣體偵測","可燃性氣體低於20%LEL","132","120","114","6","1","3","1","0.95","34","中"
"2024-03","高雄林園","gas","氣體偵測","氧氣濃度符合標準","132","122","116","6","2","2","1","0.9508","39","中"
"2024-03","高雄林園","gas","氣體偵測","有害氣體低於容許濃度","132","133","127","6","2","3","1","0.9549","42","高"
"2024-03","高雄林園","gas","氣體偵測","上下午或連續測定紀錄完整","132","123","117","6","1","2","1","0.9512","31","中"
"2024-03","高雄林園","fireExplosion","消防與防爆設備","20型滅火器配置足夠","132","112","106","6","2","1","0","0.9464","31","中"
"2024-03","高雄林園","fireExplosion","消防與防爆設備","防爆電氣設備符合","132","132","126","6","2","2","1","0.9545","39","中"
"2024-03","高雄林園","fireExplosion","消防與防爆設備","安全工具使用正確","132","116","109","7","2","2","0","0.9397","36","中"
"2024-03","高雄林園","fireExplosion","消防與防爆設備","消防水帶或防火措施到位","132","113","106","7","2","3","1","0.9381","44","高"
"2024-03","高雄林園","ppeHeight","PPE與高處防墜","個人防護具穿戴正確","132","126","119","7","2","2","1","0.9444","41","中"
"2024-03","高雄林園","ppeHeight","PPE與高處防墜","安全帶/安全母索使用","132","131","125","6","2","2","1","0.9542","39","中"
"2024-03","高雄林園","ppeHeight","PPE與高處防墜","施工架檢點合格","132","114","109","5","1","2","1","0.9561","29","中"
"2024-03","高雄林園","ppeHeight","PPE與高處防墜","安全網或工作平台設置","132","123","117","6","2","2","0","0.9512","34","中"
"2024-03","高雄林園","patrol","巡查會簽","轄區檢點簽認","132","113","109","4","1","1","0","0.9646","19","中"
"2024-03","高雄林園","patrol","巡查會簽","監造巡查簽認","132","117","113","4","1","2","1","0.9658","27","中"
"2024-03","高雄林園","patrol","巡查會簽","安衛人員巡查紀錄","132","121","117","4","1","1","0","0.9669","19","中"
"2024-03","高雄林園","patrol","巡查會簽","異常已即時通知","132","123","118","5","0","2","1","0.9593","21","中"
"2024-03","高雄林園","closeout","收工回簽與現場紀錄","環境整理完成","132","118","113","5","1","2","1","0.9576","29","中"
"2024-03","高雄林園","closeout","收工回簽與現場紀錄","施工前後照片完整","132","130","123","7","1","3","1","0.9462","36","中"
"2024-03","高雄林園","closeout","收工回簽與現場紀錄","氣體偵測照片上傳","132","122","117","5","1","2","1","0.959","29","中"
"2024-03","高雄林園","closeout","收工回簽與現場紀錄","改善事項結案佐證完整","132","120","114","6","1","3","1","0.95","34","中"
"2024-04","高雄林園","permit","許可基本資料","工作內容與地點完整","131","131","127","4","1","2","1","0.9695","27","中"
"2024-04","高雄林園","permit","許可基本資料","作業分級正確","131","117","114","3","0","1","0","0.9744","9","低"
"2024-04","高雄林園","permit","許可基本資料","核准工作時間明確","131","130","126","4","1","1","0","0.9692","19","中"
"2024-04","高雄林園","permit","許可基本資料","回簽資料完整","131","116","112","4","0","2","1","0.9655","19","中"
"2024-04","高雄林園","workType","作業分級與工作項目","動火/非動火判定正確","131","124","119","5","1","2","1","0.9597","29","中"
"2024-04","高雄林園","workType","作業分級與工作項目","A/B/C級作業判定正確","131","126","122","4","1","1","0","0.9683","19","中"
"2024-04","高雄林園","workType","作業分級與工作項目","附加檢點表適用","131","133","128","5","1","2","1","0.9624","29","中"
"2024-04","高雄林園","workType","作業分級與工作項目","延時工作經核准","131","121","116","5","1","2","0","0.9587","24","中"
"2024-04","高雄林園","contractor","承攬商與人員資格","施工人員名冊完整","131","134","128","6","1","2","1","0.9552","31","中"
"2024-04","高雄林園","contractor","承攬商與人員資格","工地負責人到場","131","108","104","4","1","2","1","0.963","27","中"
"2024-04","高雄林園","contractor","承攬商與人員資格","安衛人員到場","131","132","126","6","1","2","0","0.9545","26","中"
"2024-04","高雄林園","contractor","承攬商與人員資格","特殊作業主管資格符合","131","131","125","6","1","2","1","0.9542","31","中"
"2024-04","高雄林園","hazardNotice","危害告知","承攬商已知悉注意事項","131","121","117","4","1","2","1","0.9669","27","中"
"2024-04","高雄林園","hazardNotice","危害告知","施工人員完成危害告知","131","118","114","4","1","2","0","0.9661","22","中"
"2024-04","高雄林園","hazardNotice","危害告知","勤前教育紀錄完整","131","116","112","4","0","2","0","0.9655","14","低"
"2024-04","高雄林園","hazardNotice","危害告知","緊急聯絡資訊明確","131","119","115","4","1","1","0","0.9664","19","中"
"2024-04","高雄林園","isolation","環境安全隔離","設備管線已釋壓清洗","131","122","115","7","2","2","0","0.9426","36","中"
"2024-04","高雄林園","isolation","環境安全隔離","進出口已關斷/盲封/掛牌","131","111","106","5","1","2","1","0.955","29","中"
"2024-04","高雄林園","isolation","環境安全隔離","電源隔離加鎖掛牌","131","113","107","6","1","2","1","0.9469","31","中"
"2024-04","高雄林園","isolation","環境安全隔離","暗溝陰井已堵塞密封","131","133","126","7","2","3","1","0.9474","44","高"
"2024-04","高雄林園","gas","氣體偵測","可燃性氣體低於20%LEL","131","126","120","6","2","2","1","0.9524","39","中"
"2024-04","高雄林園","gas","氣體偵測","氧氣濃度符合標準","131","128","121","7","2","3","1","0.9453","44","高"
"2024-04","高雄林園","gas","氣體偵測","有害氣體低於容許濃度","131","110","105","5","2","2","1","0.9545","37","中"
"2024-04","高雄林園","gas","氣體偵測","上下午或連續測定紀錄完整","131","129","121","8","2","3","1","0.938","46","高"
"2024-04","高雄林園","fireExplosion","消防與防爆設備","20型滅火器配置足夠","131","130","122","8","2","3","1","0.9385","46","高"
"2024-04","高雄林園","fireExplosion","消防與防爆設備","防爆電氣設備符合","131","114","108","6","2","2","1","0.9474","39","中"
"2024-04","高雄林園","fireExplosion","消防與防爆設備","安全工具使用正確","131","124","118","6","2","2","1","0.9516","39","中"
"2024-04","高雄林園","fireExplosion","消防與防爆設備","消防水帶或防火措施到位","131","115","108","7","2","2","1","0.9391","41","中"
"2024-04","高雄林園","ppeHeight","PPE與高處防墜","個人防護具穿戴正確","131","123","116","7","2","2","1","0.9431","41","中"
"2024-04","高雄林園","ppeHeight","PPE與高處防墜","安全帶/安全母索使用","131","125","119","6","2","2","1","0.952","39","中"
"2024-04","高雄林園","ppeHeight","PPE與高處防墜","施工架檢點合格","131","124","118","6","2","2","1","0.9516","39","中"
"2024-04","高雄林園","ppeHeight","PPE與高處防墜","安全網或工作平台設置","131","124","117","7","2","3","1","0.9435","44","高"
"2024-04","高雄林園","patrol","巡查會簽","轄區檢點簽認","131","122","118","4","1","1","0","0.9672","19","中"
"2024-04","高雄林園","patrol","巡查會簽","監造巡查簽認","131","111","106","5","1","2","0","0.955","24","中"
"2024-04","高雄林園","patrol","巡查會簽","安衛人員巡查紀錄","131","115","111","4","0","1","0","0.9652","11","低"
"2024-04","高雄林園","patrol","巡查會簽","異常已即時通知","131","112","108","4","1","1","0","0.9643","19","中"
"2024-04","高雄林園","closeout","收工回簽與現場紀錄","環境整理完成","131","121","115","6","1","2","1","0.9504","31","中"
"2024-04","高雄林園","closeout","收工回簽與現場紀錄","施工前後照片完整","131","123","117","6","1","3","1","0.9512","34","中"
"2024-04","高雄林園","closeout","收工回簽與現場紀錄","氣體偵測照片上傳","131","125","120","5","1","2","0","0.96","24","中"
"2024-04","高雄林園","closeout","收工回簽與現場紀錄","改善事項結案佐證完整","131","132","126","6","1","1","0","0.9545","23","中"
"2024-05","高雄林園","permit","許可基本資料","工作內容與地點完整","122","119","116","3","1","1","0","0.9748","17","低"
"2024-05","高雄林園","permit","許可基本資料","作業分級正確","122","109","106","3","0","1","0","0.9725","9","低"
"2024-05","高雄林園","permit","許可基本資料","核准工作時間明確","122","102","99","3","0","1","0","0.9706","9","低"
"2024-05","高雄林園","permit","許可基本資料","回簽資料完整","122","124","120","4","1","1","0","0.9677","19","中"
"2024-05","高雄林園","workType","作業分級與工作項目","動火/非動火判定正確","122","118","114","4","1","2","1","0.9661","27","中"
"2024-05","高雄林園","workType","作業分級與工作項目","A/B/C級作業判定正確","122","124","120","4","0","2","1","0.9677","19","中"
"2024-05","高雄林園","workType","作業分級與工作項目","附加檢點表適用","122","100","96","4","1","1","0","0.96","19","中"
"2024-05","高雄林園","workType","作業分級與工作項目","延時工作經核准","122","122","118","4","0","2","0","0.9672","14","低"
"2024-05","高雄林園","contractor","承攬商與人員資格","施工人員名冊完整","122","102","98","4","1","1","0","0.9608","19","中"
"2024-05","高雄林園","contractor","承攬商與人員資格","工地負責人到場","122","115","110","5","1","2","1","0.9565","29","中"
"2024-05","高雄林園","contractor","承攬商與人員資格","安衛人員到場","122","103","98","5","1","2","1","0.9515","29","中"
"2024-05","高雄林園","contractor","承攬商與人員資格","特殊作業主管資格符合","122","116","111","5","1","2","0","0.9569","24","中"
"2024-05","高雄林園","hazardNotice","危害告知","承攬商已知悉注意事項","122","116","113","3","0","1","0","0.9741","9","低"
"2024-05","高雄林園","hazardNotice","危害告知","施工人員完成危害告知","122","107","103","4","1","1","0","0.9626","19","中"
"2024-05","高雄林園","hazardNotice","危害告知","勤前教育紀錄完整","122","116","113","3","0","1","0","0.9741","9","低"
"2024-05","高雄林園","hazardNotice","危害告知","緊急聯絡資訊明確","122","117","112","5","0","1","0","0.9573","13","低"
"2024-05","高雄林園","isolation","環境安全隔離","設備管線已釋壓清洗","122","122","117","5","1","2","0","0.959","24","中"
"2024-05","高雄林園","isolation","環境安全隔離","進出口已關斷/盲封/掛牌","122","117","111","6","2","3","1","0.9487","42","高"
"2024-05","高雄林園","isolation","環境安全隔離","電源隔離加鎖掛牌","122","111","104","7","2","3","1","0.9369","44","高"
"2024-05","高雄林園","isolation","環境安全隔離","暗溝陰井已堵塞密封","122","102","97","5","1","2","0","0.951","24","中"
"2024-05","高雄林園","gas","氣體偵測","可燃性氣體低於20%LEL","122","110","104","6","2","2","1","0.9455","39","中"
"2024-05","高雄林園","gas","氣體偵測","氧氣濃度符合標準","122","122","115","7","2","3","1","0.9426","44","高"
"2024-05","高雄林園","gas","氣體偵測","有害氣體低於容許濃度","122","104","99","5","1","2","1","0.9519","29","中"
"2024-05","高雄林園","gas","氣體偵測","上下午或連續測定紀錄完整","122","102","96","6","2","2","1","0.9412","39","中"
"2024-05","高雄林園","fireExplosion","消防與防爆設備","20型滅火器配置足夠","122","121","115","6","2","2","1","0.9504","39","中"
"2024-05","高雄林園","fireExplosion","消防與防爆設備","防爆電氣設備符合","122","118","111","7","2","3","1","0.9407","44","高"
"2024-05","高雄林園","fireExplosion","消防與防爆設備","安全工具使用正確","122","123","117","6","2","2","1","0.9512","39","中"
"2024-05","高雄林園","fireExplosion","消防與防爆設備","消防水帶或防火措施到位","122","106","100","6","2","2","0","0.9434","34","中"
"2024-05","高雄林園","ppeHeight","PPE與高處防墜","個人防護具穿戴正確","122","119","113","6","2","2","1","0.9496","39","中"
"2024-05","高雄林園","ppeHeight","PPE與高處防墜","安全帶/安全母索使用","122","123","116","7","2","3","1","0.9431","44","高"
"2024-05","高雄林園","ppeHeight","PPE與高處防墜","施工架檢點合格","122","117","112","5","2","1","0","0.9573","29","中"
"2024-05","高雄林園","ppeHeight","PPE與高處防墜","安全網或工作平台設置","122","119","112","7","2","2","1","0.9412","41","中"
"2024-05","高雄林園","patrol","巡查會簽","轄區檢點簽認","122","120","116","4","1","2","0","0.9667","22","中"
"2024-05","高雄林園","patrol","巡查會簽","監造巡查簽認","122","108","103","5","0","1","0","0.9537","13","低"
"2024-05","高雄林園","patrol","巡查會簽","安衛人員巡查紀錄","122","115","111","4","0","2","1","0.9652","19","中"
"2024-05","高雄林園","patrol","巡查會簽","異常已即時通知","122","110","106","4","1","2","0","0.9636","22","中"
"2024-05","高雄林園","closeout","收工回簽與現場紀錄","環境整理完成","122","113","108","5","0","2","1","0.9558","21","中"
"2024-05","高雄林園","closeout","收工回簽與現場紀錄","施工前後照片完整","122","100","95","5","0","1","0","0.95","13","低"
"2024-05","高雄林園","closeout","收工回簽與現場紀錄","氣體偵測照片上傳","122","110","105","5","1","2","0","0.9545","24","中"
"2024-05","高雄林園","closeout","收工回簽與現場紀錄","改善事項結案佐證完整","122","112","108","4","0","2","1","0.9643","19","中"
"2024-06","高雄林園","permit","許可基本資料","工作內容與地點完整","127","108","105","3","1","1","0","0.9722","17","低"
"2024-06","高雄林園","permit","許可基本資料","作業分級正確","127","128","124","4","0","1","0","0.9688","11","低"
"2024-06","高雄林園","permit","許可基本資料","核准工作時間明確","127","128","124","4","0","2","1","0.9688","19","中"
"2024-06","高雄林園","permit","許可基本資料","回簽資料完整","127","105","102","3","0","1","0","0.9714","9","低"
"2024-06","高雄林園","workType","作業分級與工作項目","動火/非動火判定正確","127","109","106","3","0","1","0","0.9725","9","低"
"2024-06","高雄林園","workType","作業分級與工作項目","A/B/C級作業判定正確","127","120","115","5","1","2","1","0.9583","29","中"
"2024-06","高雄林園","workType","作業分級與工作項目","附加檢點表適用","127","127","122","5","1","2","0","0.9606","24","中"
"2024-06","高雄林園","workType","作業分級與工作項目","延時工作經核准","127","125","121","4","0","1","0","0.968","11","低"
"2024-06","高雄林園","contractor","承攬商與人員資格","施工人員名冊完整","127","111","107","4","1","2","1","0.964","27","中"
"2024-06","高雄林園","contractor","承攬商與人員資格","工地負責人到場","127","124","119","5","1","2","0","0.9597","24","中"
"2024-06","高雄林園","contractor","承攬商與人員資格","安衛人員到場","127","106","102","4","0","2","1","0.9623","19","中"
"2024-06","高雄林園","contractor","承攬商與人員資格","特殊作業主管資格符合","127","105","100","5","1","2","1","0.9524","29","中"
"2024-06","高雄林園","hazardNotice","危害告知","承攬商已知悉注意事項","127","128","125","3","1","1","0","0.9766","17","低"
"2024-06","高雄林園","hazardNotice","危害告知","施工人員完成危害告知","127","128","124","4","0","2","0","0.9688","14","低"
"2024-06","高雄林園","hazardNotice","危害告知","勤前教育紀錄完整","127","107","103","4","1","2","1","0.9626","27","中"
"2024-06","高雄林園","hazardNotice","危害告知","緊急聯絡資訊明確","127","114","110","4","1","2","1","0.9649","27","中"
"2024-06","高雄林園","isolation","環境安全隔離","設備管線已釋壓清洗","127","114","109","5","1","2","1","0.9561","29","中"
"2024-06","高雄林園","isolation","環境安全隔離","進出口已關斷/盲封/掛牌","127","125","119","6","1","2","1","0.952","31","中"
"2024-06","高雄林園","isolation","環境安全隔離","電源隔離加鎖掛牌","127","112","106","6","2","3","1","0.9464","42","高"
"2024-06","高雄林園","isolation","環境安全隔離","暗溝陰井已堵塞密封","127","124","117","7","2","2","0","0.9435","36","中"
"2024-06","高雄林園","gas","氣體偵測","可燃性氣體低於20%LEL","127","126","119","7","2","2","1","0.9444","41","中"
"2024-06","高雄林園","gas","氣體偵測","氧氣濃度符合標準","127","119","113","6","2","2","1","0.9496","39","中"
"2024-06","高雄林園","gas","氣體偵測","有害氣體低於容許濃度","127","120","113","7","2","3","1","0.9417","44","高"
"2024-06","高雄林園","gas","氣體偵測","上下午或連續測定紀錄完整","127","107","102","5","1","2","1","0.9533","29","中"
"2024-06","高雄林園","fireExplosion","消防與防爆設備","20型滅火器配置足夠","127","109","104","5","2","2","1","0.9541","37","中"
"2024-06","高雄林園","fireExplosion","消防與防爆設備","防爆電氣設備符合","127","123","117","6","2","3","1","0.9512","42","高"
"2024-06","高雄林園","fireExplosion","消防與防爆設備","安全工具使用正確","127","115","109","6","2","3","1","0.9478","42","高"
"2024-06","高雄林園","fireExplosion","消防與防爆設備","消防水帶或防火措施到位","127","115","109","6","2","3","1","0.9478","42","高"
"2024-06","高雄林園","ppeHeight","PPE與高處防墜","個人防護具穿戴正確","127","116","111","5","1","2","1","0.9569","29","中"
"2024-06","高雄林園","ppeHeight","PPE與高處防墜","安全帶/安全母索使用","127","126","120","6","2","3","1","0.9524","42","高"
"2024-06","高雄林園","ppeHeight","PPE與高處防墜","施工架檢點合格","127","120","113","7","2","3","1","0.9417","44","高"
"2024-06","高雄林園","ppeHeight","PPE與高處防墜","安全網或工作平台設置","127","127","119","8","2","2","1","0.937","43","高"
"2024-06","高雄林園","patrol","巡查會簽","轄區檢點簽認","127","129","124","5","1","1","0","0.9612","21","中"
"2024-06","高雄林園","patrol","巡查會簽","監造巡查簽認","127","127","122","5","0","2","1","0.9606","21","中"
"2024-06","高雄林園","patrol","巡查會簽","安衛人員巡查紀錄","127","122","117","5","1","2","1","0.959","29","中"
"2024-06","高雄林園","patrol","巡查會簽","異常已即時通知","127","120","115","5","1","2","0","0.9583","24","中"
"2024-06","高雄林園","closeout","收工回簽與現場紀錄","環境整理完成","127","126","121","5","1","2","1","0.9603","29","中"
"2024-06","高雄林園","closeout","收工回簽與現場紀錄","施工前後照片完整","127","122","116","6","1","2","0","0.9508","26","中"
"2024-06","高雄林園","closeout","收工回簽與現場紀錄","氣體偵測照片上傳","127","110","106","4","1","2","1","0.9636","27","中"
"2024-06","高雄林園","closeout","收工回簽與現場紀錄","改善事項結案佐證完整","127","120","114","6","1","2","1","0.95","31","中"
"2024-07","高雄林園","permit","許可基本資料","工作內容與地點完整","121","116","112","4","1","2","1","0.9655","27","中"
"2024-07","高雄林園","permit","許可基本資料","作業分級正確","121","112","109","3","0","1","0","0.9732","9","低"
"2024-07","高雄林園","permit","許可基本資料","核准工作時間明確","121","121","117","4","1","1","0","0.9669","19","中"
"2024-07","高雄林園","permit","許可基本資料","回簽資料完整","121","123","119","4","0","1","0","0.9675","11","低"
"2024-07","高雄林園","workType","作業分級與工作項目","動火/非動火判定正確","121","112","109","3","0","1","0","0.9732","9","低"
"2024-07","高雄林園","workType","作業分級與工作項目","A/B/C級作業判定正確","121","118","114","4","0","1","0","0.9661","11","低"
"2024-07","高雄林園","workType","作業分級與工作項目","附加檢點表適用","121","108","103","5","1","2","1","0.9537","29","中"
"2024-07","高雄林園","workType","作業分級與工作項目","延時工作經核准","121","110","107","3","0","1","0","0.9727","9","低"
"2024-07","高雄林園","contractor","承攬商與人員資格","施工人員名冊完整","121","103","99","4","1","2","1","0.9612","27","中"
"2024-07","高雄林園","contractor","承攬商與人員資格","工地負責人到場","121","106","102","4","0","2","0","0.9623","14","低"
"2024-07","高雄林園","contractor","承攬商與人員資格","安衛人員到場","121","108","104","4","0","1","0","0.963","11","低"
"2024-07","高雄林園","contractor","承攬商與人員資格","特殊作業主管資格符合","121","112","107","5","1","1","0","0.9554","21","中"
"2024-07","高雄林園","hazardNotice","危害告知","承攬商已知悉注意事項","121","111","107","4","1","2","1","0.964","27","中"
"2024-07","高雄林園","hazardNotice","危害告知","施工人員完成危害告知","121","117","113","4","0","2","1","0.9658","19","中"
"2024-07","高雄林園","hazardNotice","危害告知","勤前教育紀錄完整","121","107","103","4","1","1","0","0.9626","19","中"
"2024-07","高雄林園","hazardNotice","危害告知","緊急聯絡資訊明確","121","109","105","4","1","1","0","0.9633","19","中"
"2024-07","高雄林園","isolation","環境安全隔離","設備管線已釋壓清洗","121","120","115","5","2","1","0","0.9583","29","中"
"2024-07","高雄林園","isolation","環境安全隔離","進出口已關斷/盲封/掛牌","121","108","102","6","2","3","1","0.9444","42","高"
"2024-07","高雄林園","isolation","環境安全隔離","電源隔離加鎖掛牌","121","105","99","6","2","2","0","0.9429","34","中"
"2024-07","高雄林園","isolation","環境安全隔離","暗溝陰井已堵塞密封","121","112","106","6","2","3","1","0.9464","42","高"
"2024-07","高雄林園","gas","氣體偵測","可燃性氣體低於20%LEL","121","115","110","5","1","2","1","0.9565","29","中"
"2024-07","高雄林園","gas","氣體偵測","氧氣濃度符合標準","121","110","104","6","2","3","1","0.9455","42","高"
"2024-07","高雄林園","gas","氣體偵測","有害氣體低於容許濃度","121","104","99","5","1","2","1","0.9519","29","中"
"2024-07","高雄林園","gas","氣體偵測","上下午或連續測定紀錄完整","121","119","112","7","2","3","1","0.9412","44","高"
"2024-07","高雄林園","fireExplosion","消防與防爆設備","20型滅火器配置足夠","121","118","112","6","2","2","1","0.9492","39","中"
"2024-07","高雄林園","fireExplosion","消防與防爆設備","防爆電氣設備符合","121","107","100","7","2","3","1","0.9346","44","高"
"2024-07","高雄林園","fireExplosion","消防與防爆設備","安全工具使用正確","121","120","113","7","2","3","1","0.9417","44","高"
"2024-07","高雄林園","fireExplosion","消防與防爆設備","消防水帶或防火措施到位","121","107","101","6","2","2","1","0.9439","39","中"
"2024-07","高雄林園","ppeHeight","PPE與高處防墜","個人防護具穿戴正確","121","117","110","7","2","3","1","0.9402","44","高"
"2024-07","高雄林園","ppeHeight","PPE與高處防墜","安全帶/安全母索使用","121","113","108","5","1","2","1","0.9558","29","中"
"2024-07","高雄林園","ppeHeight","PPE與高處防墜","施工架檢點合格","121","123","117","6","1","1","0","0.9512","23","中"
"2024-07","高雄林園","ppeHeight","PPE與高處防墜","安全網或工作平台設置","121","120","114","6","2","1","0","0.95","31","中"
"2024-07","高雄林園","patrol","巡查會簽","轄區檢點簽認","121","113","108","5","1","2","0","0.9558","24","中"
"2024-07","高雄林園","patrol","巡查會簽","監造巡查簽認","121","112","108","4","1","1","0","0.9643","19","中"
"2024-07","高雄林園","patrol","巡查會簽","安衛人員巡查紀錄","121","103","99","4","0","2","1","0.9612","19","中"
"2024-07","高雄林園","patrol","巡查會簽","異常已即時通知","121","109","105","4","0","1","0","0.9633","11","低"
"2024-07","高雄林園","closeout","收工回簽與現場紀錄","環境整理完成","121","111","107","4","0","1","0","0.964","11","低"
"2024-07","高雄林園","closeout","收工回簽與現場紀錄","施工前後照片完整","121","100","95","5","1","1","0","0.95","21","中"
"2024-07","高雄林園","closeout","收工回簽與現場紀錄","氣體偵測照片上傳","121","100","96","4","1","2","0","0.96","22","中"
"2024-07","高雄林園","closeout","收工回簽與現場紀錄","改善事項結案佐證完整","121","106","101","5","1","2","1","0.9528","29","中"
"2024-08","高雄林園","permit","許可基本資料","工作內容與地點完整","116","108","104","4","1","1","0","0.963","19","中"
"2024-08","高雄林園","permit","許可基本資料","作業分級正確","116","108","105","3","0","1","0","0.9722","9","低"
"2024-08","高雄林園","permit","許可基本資料","核准工作時間明確","116","106","103","3","0","1","0","0.9717","9","低"
"2024-08","高雄林園","permit","許可基本資料","回簽資料完整","116","97","95","2","0","1","0","0.9794","7","低"
"2024-08","高雄林園","workType","作業分級與工作項目","動火/非動火判定正確","116","95","92","3","0","1","0","0.9684","9","低"
"2024-08","高雄林園","workType","作業分級與工作項目","A/B/C級作業判定正確","116","114","109","5","1","2","1","0.9561","29","中"
"2024-08","高雄林園","workType","作業分級與工作項目","附加檢點表適用","116","112","108","4","0","2","0","0.9643","14","低"
"2024-08","高雄林園","workType","作業分級與工作項目","延時工作經核准","116","108","104","4","1","2","1","0.963","27","中"
"2024-08","高雄林園","contractor","承攬商與人員資格","施工人員名冊完整","116","102","98","4","0","1","0","0.9608","11","低"
"2024-08","高雄林園","contractor","承攬商與人員資格","工地負責人到場","116","112","107","5","1","1","0","0.9554","21","中"
"2024-08","高雄林園","contractor","承攬商與人員資格","安衛人員到場","116","105","100","5","1","2","1","0.9524","29","中"
"2024-08","高雄林園","contractor","承攬商與人員資格","特殊作業主管資格符合","116","99","94","5","1","2","1","0.9495","29","中"
"2024-08","高雄林園","hazardNotice","危害告知","承攬商已知悉注意事項","116","115","111","4","1","2","0","0.9652","22","中"
"2024-08","高雄林園","hazardNotice","危害告知","施工人員完成危害告知","116","108","104","4","1","1","0","0.963","19","中"
"2024-08","高雄林園","hazardNotice","危害告知","勤前教育紀錄完整","116","112","108","4","1","1","0","0.9643","19","中"
"2024-08","高雄林園","hazardNotice","危害告知","緊急聯絡資訊明確","116","100","97","3","0","1","0","0.97","9","低"
"2024-08","高雄林園","isolation","環境安全隔離","設備管線已釋壓清洗","116","99","93","6","1","3","1","0.9394","34","中"
"2024-08","高雄林園","isolation","環境安全隔離","進出口已關斷/盲封/掛牌","116","117","111","6","1","2","1","0.9487","31","中"
"2024-08","高雄林園","isolation","環境安全隔離","電源隔離加鎖掛牌","116","107","100","7","2","3","1","0.9346","44","高"
"2024-08","高雄林園","isolation","環境安全隔離","暗溝陰井已堵塞密封","116","114","109","5","1","2","1","0.9561","29","中"
"2024-08","高雄林園","gas","氣體偵測","可燃性氣體低於20%LEL","116","100","94","6","1","2","1","0.94","31","中"
"2024-08","高雄林園","gas","氣體偵測","氧氣濃度符合標準","116","96","92","4","1","1","0","0.9583","19","中"
"2024-08","高雄林園","gas","氣體偵測","有害氣體低於容許濃度","116","104","97","7","2","3","1","0.9327","44","高"
"2024-08","高雄林園","gas","氣體偵測","上下午或連續測定紀錄完整","116","98","92","6","2","1","0","0.9388","31","中"
"2024-08","高雄林園","fireExplosion","消防與防爆設備","20型滅火器配置足夠","116","110","105","5","1","1","0","0.9545","21","中"
"2024-08","高雄林園","fireExplosion","消防與防爆設備","防爆電氣設備符合","116","117","112","5","2","2","1","0.9573","37","中"
"2024-08","高雄林園","fireExplosion","消防與防爆設備","安全工具使用正確","116","114","109","5","1","2","1","0.9561","29","中"
"2024-08","高雄林園","fireExplosion","消防與防爆設備","消防水帶或防火措施到位","116","99","94","5","2","2","1","0.9495","37","中"
"2024-08","高雄林園","ppeHeight","PPE與高處防墜","個人防護具穿戴正確","116","104","99","5","1","2","1","0.9519","29","中"
"2024-08","高雄林園","ppeHeight","PPE與高處防墜","安全帶/安全母索使用","116","111","105","6","2","2","0","0.9459","34","中"
"2024-08","高雄林園","ppeHeight","PPE與高處防墜","施工架檢點合格","116","96","92","4","1","1","0","0.9583","19","中"
"2024-08","高雄林園","ppeHeight","PPE與高處防墜","安全網或工作平台設置","116","105","100","5","2","2","1","0.9524","37","中"
"2024-08","高雄林園","patrol","巡查會簽","轄區檢點簽認","116","106","101","5","1","2","1","0.9528","29","中"
"2024-08","高雄林園","patrol","巡查會簽","監造巡查簽認","116","117","112","5","0","1","0","0.9573","13","低"
"2024-08","高雄林園","patrol","巡查會簽","安衛人員巡查紀錄","116","106","102","4","0","2","1","0.9623","19","中"
"2024-08","高雄林園","patrol","巡查會簽","異常已即時通知","116","97","93","4","0","2","1","0.9588","19","中"
"2024-08","高雄林園","closeout","收工回簽與現場紀錄","環境整理完成","116","111","106","5","1","2","1","0.955","29","中"
"2024-08","高雄林園","closeout","收工回簽與現場紀錄","施工前後照片完整","116","105","100","5","0","2","0","0.9524","16","低"
"2024-08","高雄林園","closeout","收工回簽與現場紀錄","氣體偵測照片上傳","116","110","105","5","1","2","1","0.9545","29","中"
"2024-08","高雄林園","closeout","收工回簽與現場紀錄","改善事項結案佐證完整","116","106","102","4","1","1","0","0.9623","19","中"
"2024-09","高雄林園","permit","許可基本資料","工作內容與地點完整","111","92","89","3","0","1","0","0.9674","9","低"
"2024-09","高雄林園","permit","許可基本資料","作業分級正確","111","108","105","3","0","1","0","0.9722","9","低"
"2024-09","高雄林園","permit","許可基本資料","核准工作時間明確","111","113","109","4","1","1","0","0.9646","19","中"
"2024-09","高雄林園","permit","許可基本資料","回簽資料完整","111","107","103","4","1","2","1","0.9626","27","中"
"2024-09","高雄林園","workType","作業分級與工作項目","動火/非動火判定正確","111","112","108","4","0","1","0","0.9643","11","低"
"2024-09","高雄林園","workType","作業分級與工作項目","A/B/C級作業判定正確","111","107","103","4","1","1","0","0.9626","19","中"
"2024-09","高雄林園","workType","作業分級與工作項目","附加檢點表適用","111","96","92","4","1","2","1","0.9583","27","中"
"2024-09","高雄林園","workType","作業分級與工作項目","延時工作經核准","111","106","101","5","1","2","1","0.9528","29","中"
"2024-09","高雄林園","contractor","承攬商與人員資格","施工人員名冊完整","111","111","106","5","0","2","1","0.955","21","中"
"2024-09","高雄林園","contractor","承攬商與人員資格","工地負責人到場","111","96","93","3","1","1","0","0.9688","17","低"
"2024-09","高雄林園","contractor","承攬商與人員資格","安衛人員到場","111","111","107","4","0","1","0","0.964","11","低"
"2024-09","高雄林園","contractor","承攬商與人員資格","特殊作業主管資格符合","111","93","90","3","0","1","0","0.9677","9","低"
"2024-09","高雄林園","hazardNotice","危害告知","承攬商已知悉注意事項","111","91","88","3","0","1","0","0.967","9","低"
"2024-09","高雄林園","hazardNotice","危害告知","施工人員完成危害告知","111","109","105","4","1","2","1","0.9633","27","中"
"2024-09","高雄林園","hazardNotice","危害告知","勤前教育紀錄完整","111","108","104","4","0","1","0","0.963","11","低"
"2024-09","高雄林園","hazardNotice","危害告知","緊急聯絡資訊明確","111","92","89","3","0","1","0","0.9674","9","低"
"2024-09","高雄林園","isolation","環境安全隔離","設備管線已釋壓清洗","111","107","101","6","2","2","0","0.9439","34","中"
"2024-09","高雄林園","isolation","環境安全隔離","進出口已關斷/盲封/掛牌","111","97","93","4","1","1","0","0.9588","19","中"
"2024-09","高雄林園","isolation","環境安全隔離","電源隔離加鎖掛牌","111","109","103","6","1","3","1","0.945","34","中"
"2024-09","高雄林園","isolation","環境安全隔離","暗溝陰井已堵塞密封","111","103","97","6","1","3","1","0.9417","34","中"
"2024-09","高雄林園","gas","氣體偵測","可燃性氣體低於20%LEL","111","107","100","7","2","2","1","0.9346","41","中"
"2024-09","高雄林園","gas","氣體偵測","氧氣濃度符合標準","111","98","93","5","1","1","0","0.949","21","中"
"2024-09","高雄林園","gas","氣體偵測","有害氣體低於容許濃度","111","106","100","6","2","2","1","0.9434","39","中"
"2024-09","高雄林園","gas","氣體偵測","上下午或連續測定紀錄完整","111","112","107","5","1","1","0","0.9554","21","中"
"2024-09","高雄林園","fireExplosion","消防與防爆設備","20型滅火器配置足夠","111","93","87","6","2","3","1","0.9355","42","高"
"2024-09","高雄林園","fireExplosion","消防與防爆設備","防爆電氣設備符合","111","108","101","7","2","2","1","0.9352","41","中"
"2024-09","高雄林園","fireExplosion","消防與防爆設備","安全工具使用正確","111","107","102","5","2","2","1","0.9533","37","中"
"2024-09","高雄林園","fireExplosion","消防與防爆設備","消防水帶或防火措施到位","111","96","92","4","1","2","1","0.9583","27","中"
"2024-09","高雄林園","ppeHeight","PPE與高處防墜","個人防護具穿戴正確","111","92","86","6","1","2","1","0.9348","31","中"
"2024-09","高雄林園","ppeHeight","PPE與高處防墜","安全帶/安全母索使用","111","97","91","6","2","1","0","0.9381","31","中"
"2024-09","高雄林園","ppeHeight","PPE與高處防墜","施工架檢點合格","111","95","89","6","2","2","0","0.9368","34","中"
"2024-09","高雄林園","ppeHeight","PPE與高處防墜","安全網或工作平台設置","111","109","104","5","1","1","0","0.9541","21","中"
"2024-09","高雄林園","patrol","巡查會簽","轄區檢點簽認","111","100","96","4","1","1","0","0.96","19","中"
"2024-09","高雄林園","patrol","巡查會簽","監造巡查簽認","111","100","96","4","1","2","0","0.96","22","中"
"2024-09","高雄林園","patrol","巡查會簽","安衛人員巡查紀錄","111","112","108","4","0","1","0","0.9643","11","低"
"2024-09","高雄林園","patrol","巡查會簽","異常已即時通知","111","93","90","3","0","1","0","0.9677","9","低"
"2024-09","高雄林園","closeout","收工回簽與現場紀錄","環境整理完成","111","91","88","3","1","1","0","0.967","17","低"
"2024-09","高雄林園","closeout","收工回簽與現場紀錄","施工前後照片完整","111","106","101","5","0","2","0","0.9528","16","低"
"2024-09","高雄林園","closeout","收工回簽與現場紀錄","氣體偵測照片上傳","111","97","93","4","1","1","0","0.9588","19","中"
"2024-09","高雄林園","closeout","收工回簽與現場紀錄","改善事項結案佐證完整","111","110","105","5","1","2","1","0.9545","29","中"
"2024-10","高雄林園","permit","許可基本資料","工作內容與地點完整","114","112","108","4","1","2","0","0.9643","22","中"
"2024-10","高雄林園","permit","許可基本資料","作業分級正確","114","100","96","4","0","2","0","0.96","14","低"
"2024-10","高雄林園","permit","許可基本資料","核准工作時間明確","114","108","105","3","1","1","0","0.9722","17","低"
"2024-10","高雄林園","permit","許可基本資料","回簽資料完整","114","114","110","4","1","2","1","0.9649","27","中"
"2024-10","高雄林園","workType","作業分級與工作項目","動火/非動火判定正確","114","111","108","3","0","1","0","0.973","9","低"
"2024-10","高雄林園","workType","作業分級與工作項目","A/B/C級作業判定正確","114","102","98","4","0","2","1","0.9608","19","中"
"2024-10","高雄林園","workType","作業分級與工作項目","附加檢點表適用","114","101","97","4","1","2","0","0.9604","22","中"
"2024-10","高雄林園","workType","作業分級與工作項目","延時工作經核准","114","108","104","4","1","1","0","0.963","19","中"
"2024-10","高雄林園","contractor","承攬商與人員資格","施工人員名冊完整","114","110","105","5","1","2","1","0.9545","29","中"
"2024-10","高雄林園","contractor","承攬商與人員資格","工地負責人到場","114","96","92","4","0","1","0","0.9583","11","低"
"2024-10","高雄林園","contractor","承攬商與人員資格","安衛人員到場","114","114","109","5","1","2","0","0.9561","24","中"
"2024-10","高雄林園","contractor","承攬商與人員資格","特殊作業主管資格符合","114","94","89","5","1","2","1","0.9468","29","中"
"2024-10","高雄林園","hazardNotice","危害告知","承攬商已知悉注意事項","114","115","111","4","1","1","0","0.9652","19","中"
"2024-10","高雄林園","hazardNotice","危害告知","施工人員完成危害告知","114","107","104","3","0","1","0","0.972","9","低"
"2024-10","高雄林園","hazardNotice","危害告知","勤前教育紀錄完整","114","101","97","4","0","2","1","0.9604","19","中"
"2024-10","高雄林園","hazardNotice","危害告知","緊急聯絡資訊明確","114","115","111","4","1","2","1","0.9652","27","中"
"2024-10","高雄林園","isolation","環境安全隔離","設備管線已釋壓清洗","114","100","95","5","1","2","1","0.95","29","中"
"2024-10","高雄林園","isolation","環境安全隔離","進出口已關斷/盲封/掛牌","114","102","96","6","2","3","1","0.9412","42","高"
"2024-10","高雄林園","isolation","環境安全隔離","電源隔離加鎖掛牌","114","113","108","5","1","1","0","0.9558","21","中"
"2024-10","高雄林園","isolation","環境安全隔離","暗溝陰井已堵塞密封","114","107","101","6","2","3","1","0.9439","42","高"
"2024-10","高雄林園","gas","氣體偵測","可燃性氣體低於20%LEL","114","109","104","5","1","2","1","0.9541","29","中"
"2024-10","高雄林園","gas","氣體偵測","氧氣濃度符合標準","114","115","108","7","2","2","0","0.9391","36","中"
"2024-10","高雄林園","gas","氣體偵測","有害氣體低於容許濃度","114","113","106","7","2","2","1","0.9381","41","中"
"2024-10","高雄林園","gas","氣體偵測","上下午或連續測定紀錄完整","114","97","91","6","2","1","0","0.9381","31","中"
"2024-10","高雄林園","fireExplosion","消防與防爆設備","20型滅火器配置足夠","114","115","108","7","2","2","0","0.9391","36","中"
"2024-10","高雄林園","fireExplosion","消防與防爆設備","防爆電氣設備符合","114","96","91","5","1","2","1","0.9479","29","中"
"2024-10","高雄林園","fireExplosion","消防與防爆設備","安全工具使用正確","114","116","109","7","2","2","1","0.9397","41","中"
"2024-10","高雄林園","fireExplosion","消防與防爆設備","消防水帶或防火措施到位","114","105","99","6","1","2","0","0.9429","26","中"
"2024-10","高雄林園","ppeHeight","PPE與高處防墜","個人防護具穿戴正確","114","103","97","6","1","2","1","0.9417","31","中"
"2024-10","高雄林園","ppeHeight","PPE與高處防墜","安全帶/安全母索使用","114","99","95","4","1","2","1","0.9596","27","中"
"2024-10","高雄林園","ppeHeight","PPE與高處防墜","施工架檢點合格","114","95","90","5","1","1","0","0.9474","21","中"
"2024-10","高雄林園","ppeHeight","PPE與高處防墜","安全網或工作平台設置","114","110","104","6","1","3","1","0.9455","34","中"
"2024-10","高雄林園","patrol","巡查會簽","轄區檢點簽認","114","108","104","4","1","2","1","0.963","27","中"
"2024-10","高雄林園","patrol","巡查會簽","監造巡查簽認","114","101","97","4","0","2","0","0.9604","14","低"
"2024-10","高雄林園","patrol","巡查會簽","安衛人員巡查紀錄","114","106","102","4","0","1","0","0.9623","11","低"
"2024-10","高雄林園","patrol","巡查會簽","異常已即時通知","114","95","91","4","1","1","0","0.9579","19","中"
"2024-10","高雄林園","closeout","收工回簽與現場紀錄","環境整理完成","114","107","103","4","1","2","0","0.9626","22","中"
"2024-10","高雄林園","closeout","收工回簽與現場紀錄","施工前後照片完整","114","95","92","3","0","1","0","0.9684","9","低"
"2024-10","高雄林園","closeout","收工回簽與現場紀錄","氣體偵測照片上傳","114","110","105","5","0","2","0","0.9545","16","低"
"2024-10","高雄林園","closeout","收工回簽與現場紀錄","改善事項結案佐證完整","114","106","101","5","0","2","1","0.9528","21","中"
"2024-11","高雄林園","permit","許可基本資料","工作內容與地點完整","113","111","108","3","0","1","0","0.973","9","低"
"2024-11","高雄林園","permit","許可基本資料","作業分級正確","113","102","99","3","0","1","0","0.9706","9","低"
"2024-11","高雄林園","permit","許可基本資料","核准工作時間明確","113","101","98","3","0","1","0","0.9703","9","低"
"2024-11","高雄林園","permit","許可基本資料","回簽資料完整","113","108","105","3","0","1","0","0.9722","9","低"
"2024-11","高雄林園","workType","作業分級與工作項目","動火/非動火判定正確","113","94","90","4","1","2","1","0.9574","27","中"
"2024-11","高雄林園","workType","作業分級與工作項目","A/B/C級作業判定正確","113","103","99","4","1","1","0","0.9612","19","中"
"2024-11","高雄林園","workType","作業分級與工作項目","附加檢點表適用","113","112","107","5","1","2","0","0.9554","24","中"
"2024-11","高雄林園","workType","作業分級與工作項目","延時工作經核准","113","99","96","3","0","1","0","0.9697","9","低"
"2024-11","高雄林園","contractor","承攬商與人員資格","施工人員名冊完整","113","102","98","4","1","1","0","0.9608","19","中"
"2024-11","高雄林園","contractor","承攬商與人員資格","工地負責人到場","113","94","90","4","1","1","0","0.9574","19","中"
"2024-11","高雄林園","contractor","承攬商與人員資格","安衛人員到場","113","111","106","5","0","1","0","0.955","13","低"
"2024-11","高雄林園","contractor","承攬商與人員資格","特殊作業主管資格符合","113","110","106","4","1","1","0","0.9636","19","中"
"2024-11","高雄林園","hazardNotice","危害告知","承攬商已知悉注意事項","113","95","92","3","0","1","0","0.9684","9","低"
"2024-11","高雄林園","hazardNotice","危害告知","施工人員完成危害告知","113","100","96","4","1","1","0","0.96","19","中"
"2024-11","高雄林園","hazardNotice","危害告知","勤前教育紀錄完整","113","98","95","3","0","1","0","0.9694","9","低"
"2024-11","高雄林園","hazardNotice","危害告知","緊急聯絡資訊明確","113","114","110","4","0","2","1","0.9649","19","中"
"2024-11","高雄林園","isolation","環境安全隔離","設備管線已釋壓清洗","113","101","97","4","1","2","0","0.9604","22","中"
"2024-11","高雄林園","isolation","環境安全隔離","進出口已關斷/盲封/掛牌","113","93","88","5","1","1","0","0.9462","21","中"
"2024-11","高雄林園","isolation","環境安全隔離","電源隔離加鎖掛牌","113","102","98","4","1","1","0","0.9608","19","中"
"2024-11","高雄林園","isolation","環境安全隔離","暗溝陰井已堵塞密封","113","109","104","5","1","2","1","0.9541","29","中"
"2024-11","高雄林園","gas","氣體偵測","可燃性氣體低於20%LEL","113","98","92","6","2","3","1","0.9388","42","高"
"2024-11","高雄林園","gas","氣體偵測","氧氣濃度符合標準","113","101","96","5","1","1","0","0.9505","21","中"
"2024-11","高雄林園","gas","氣體偵測","有害氣體低於容許濃度","113","108","101","7","2","2","0","0.9352","36","中"
"2024-11","高雄林園","gas","氣體偵測","上下午或連續測定紀錄完整","113","98","93","5","2","2","0","0.949","32","中"
"2024-11","高雄林園","fireExplosion","消防與防爆設備","20型滅火器配置足夠","113","97","92","5","1","2","0","0.9485","24","中"
"2024-11","高雄林園","fireExplosion","消防與防爆設備","防爆電氣設備符合","113","93","88","5","1","1","0","0.9462","21","中"
"2024-11","高雄林園","fireExplosion","消防與防爆設備","安全工具使用正確","113","108","102","6","1","2","1","0.9444","31","中"
"2024-11","高雄林園","fireExplosion","消防與防爆設備","消防水帶或防火措施到位","113","100","95","5","1","2","1","0.95","29","中"
"2024-11","高雄林園","ppeHeight","PPE與高處防墜","個人防護具穿戴正確","113","99","94","5","1","1","0","0.9495","21","中"
"2024-11","高雄林園","ppeHeight","PPE與高處防墜","安全帶/安全母索使用","113","98","92","6","2","1","0","0.9388","31","中"
"2024-11","高雄林園","ppeHeight","PPE與高處防墜","施工架檢點合格","113","112","105","7","2","2","0","0.9375","36","中"
"2024-11","高雄林園","ppeHeight","PPE與高處防墜","安全網或工作平台設置","113","98","94","4","1","1","0","0.9592","19","中"
"2024-11","高雄林園","patrol","巡查會簽","轄區檢點簽認","113","95","91","4","0","1","0","0.9579","11","低"
"2024-11","高雄林園","patrol","巡查會簽","監造巡查簽認","113","106","101","5","1","2","1","0.9528","29","中"
"2024-11","高雄林園","patrol","巡查會簽","安衛人員巡查紀錄","113","104","101","3","0","1","0","0.9712","9","低"
"2024-11","高雄林園","patrol","巡查會簽","異常已即時通知","113","95","92","3","1","1","0","0.9684","17","低"
"2024-11","高雄林園","closeout","收工回簽與現場紀錄","環境整理完成","113","95","91","4","1","1","0","0.9579","19","中"
"2024-11","高雄林園","closeout","收工回簽與現場紀錄","施工前後照片完整","113","97","93","4","0","1","0","0.9588","11","低"
"2024-11","高雄林園","closeout","收工回簽與現場紀錄","氣體偵測照片上傳","113","103","99","4","0","1","0","0.9612","11","低"
"2024-11","高雄林園","closeout","收工回簽與現場紀錄","改善事項結案佐證完整","113","94","89","5","1","1","0","0.9468","21","中"
"2024-12","高雄林園","permit","許可基本資料","工作內容與地點完整","116","117","113","4","0","1","0","0.9658","11","低"
"2024-12","高雄林園","permit","許可基本資料","作業分級正確","116","97","94","3","0","1","0","0.9691","9","低"
"2024-12","高雄林園","permit","許可基本資料","核准工作時間明確","116","117","114","3","0","1","0","0.9744","9","低"
"2024-12","高雄林園","permit","許可基本資料","回簽資料完整","116","110","107","3","0","1","0","0.9727","9","低"
"2024-12","高雄林園","workType","作業分級與工作項目","動火/非動火判定正確","116","100","96","4","1","2","0","0.96","22","中"
"2024-12","高雄林園","workType","作業分級與工作項目","A/B/C級作業判定正確","116","100","96","4","1","1","0","0.96","19","中"
"2024-12","高雄林園","workType","作業分級與工作項目","附加檢點表適用","116","97","94","3","1","1","0","0.9691","17","低"
"2024-12","高雄林園","workType","作業分級與工作項目","延時工作經核准","116","95","91","4","1","2","1","0.9579","27","中"
"2024-12","高雄林園","contractor","承攬商與人員資格","施工人員名冊完整","116","113","108","5","1","2","1","0.9558","29","中"
"2024-12","高雄林園","contractor","承攬商與人員資格","工地負責人到場","116","112","108","4","1","2","1","0.9643","27","中"
"2024-12","高雄林園","contractor","承攬商與人員資格","安衛人員到場","116","103","98","5","1","1","0","0.9515","21","中"
"2024-12","高雄林園","contractor","承攬商與人員資格","特殊作業主管資格符合","116","112","107","5","1","1","0","0.9554","21","中"
"2024-12","高雄林園","hazardNotice","危害告知","承攬商已知悉注意事項","116","104","100","4","1","2","1","0.9615","27","中"
"2024-12","高雄林園","hazardNotice","危害告知","施工人員完成危害告知","116","118","115","3","0","1","0","0.9746","9","低"
"2024-12","高雄林園","hazardNotice","危害告知","勤前教育紀錄完整","116","109","105","4","1","1","0","0.9633","19","中"
"2024-12","高雄林園","hazardNotice","危害告知","緊急聯絡資訊明確","116","100","96","4","1","1","0","0.96","19","中"
"2024-12","高雄林園","isolation","環境安全隔離","設備管線已釋壓清洗","116","115","108","7","2","3","1","0.9391","44","高"
"2024-12","高雄林園","isolation","環境安全隔離","進出口已關斷/盲封/掛牌","116","96","91","5","2","2","1","0.9479","37","中"
"2024-12","高雄林園","isolation","環境安全隔離","電源隔離加鎖掛牌","116","96","90","6","2","2","1","0.9375","39","中"
"2024-12","高雄林園","isolation","環境安全隔離","暗溝陰井已堵塞密封","116","115","109","6","2","3","1","0.9478","42","高"
"2024-12","高雄林園","gas","氣體偵測","可燃性氣體低於20%LEL","116","108","103","5","2","1","0","0.9537","29","中"
"2024-12","高雄林園","gas","氣體偵測","氧氣濃度符合標準","116","105","100","5","2","1","0","0.9524","29","中"
"2024-12","高雄林園","gas","氣體偵測","有害氣體低於容許濃度","116","106","100","6","2","1","0","0.9434","31","中"
"2024-12","高雄林園","gas","氣體偵測","上下午或連續測定紀錄完整","116","110","104","6","2","2","1","0.9455","39","中"
"2024-12","高雄林園","fireExplosion","消防與防爆設備","20型滅火器配置足夠","116","106","101","5","1","2","1","0.9528","29","中"
"2024-12","高雄林園","fireExplosion","消防與防爆設備","防爆電氣設備符合","116","108","103","5","2","1","0","0.9537","29","中"
"2024-12","高雄林園","fireExplosion","消防與防爆設備","安全工具使用正確","116","112","107","5","1","1","0","0.9554","21","中"
"2024-12","高雄林園","fireExplosion","消防與防爆設備","消防水帶或防火措施到位","116","115","109","6","2","2","1","0.9478","39","中"
"2024-12","高雄林園","ppeHeight","PPE與高處防墜","個人防護具穿戴正確","116","100","96","4","1","1","0","0.96","19","中"
"2024-12","高雄林園","ppeHeight","PPE與高處防墜","安全帶/安全母索使用","116","96","90","6","1","2","1","0.9375","31","中"
"2024-12","高雄林園","ppeHeight","PPE與高處防墜","施工架檢點合格","116","106","101","5","2","1","0","0.9528","29","中"
"2024-12","高雄林園","ppeHeight","PPE與高處防墜","安全網或工作平台設置","116","105","100","5","2","2","0","0.9524","32","中"
"2024-12","高雄林園","patrol","巡查會簽","轄區檢點簽認","116","101","96","5","1","2","0","0.9505","24","中"
"2024-12","高雄林園","patrol","巡查會簽","監造巡查簽認","116","100","95","5","1","2","0","0.95","24","中"
"2024-12","高雄林園","patrol","巡查會簽","安衛人員巡查紀錄","116","98","94","4","1","1","0","0.9592","19","中"
"2024-12","高雄林園","patrol","巡查會簽","異常已即時通知","116","115","110","5","0","1","0","0.9565","13","低"
"2024-12","高雄林園","closeout","收工回簽與現場紀錄","環境整理完成","116","111","106","5","1","2","0","0.955","24","中"
"2024-12","高雄林園","closeout","收工回簽與現場紀錄","施工前後照片完整","116","99","95","4","0","1","0","0.9596","11","低"
"2024-12","高雄林園","closeout","收工回簽與現場紀錄","氣體偵測照片上傳","116","114","109","5","0","1","0","0.9561","13","低"
"2024-12","高雄林園","closeout","收工回簽與現場紀錄","改善事項結案佐證完整","116","104","99","5","1","2","1","0.9519","29","中"
"2025-01","高雄林園","permit","許可基本資料","工作內容與地點完整","137","132","129","3","0","1","0","0.9773","9","低"
"2025-01","高雄林園","permit","許可基本資料","作業分級正確","137","122","119","3","0","1","0","0.9754","9","低"
"2025-01","高雄林園","permit","許可基本資料","核准工作時間明確","137","119","116","3","0","1","0","0.9748","9","低"
"2025-01","高雄林園","permit","許可基本資料","回簽資料完整","137","120","117","3","0","1","0","0.975","9","低"
"2025-01","高雄林園","workType","作業分級與工作項目","動火/非動火判定正確","137","121","117","4","0","1","0","0.9669","11","低"
"2025-01","高雄林園","workType","作業分級與工作項目","A/B/C級作業判定正確","137","115","111","4","0","1","0","0.9652","11","低"
"2025-01","高雄林園","workType","作業分級與工作項目","附加檢點表適用","137","126","122","4","1","2","0","0.9683","22","中"
"2025-01","高雄林園","workType","作業分級與工作項目","延時工作經核准","137","120","115","5","1","1","0","0.9583","21","中"
"2025-01","高雄林園","contractor","承攬商與人員資格","施工人員名冊完整","137","137","133","4","0","1","0","0.9708","11","低"
"2025-01","高雄林園","contractor","承攬商與人員資格","工地負責人到場","137","131","125","6","1","2","1","0.9542","31","中"
"2025-01","高雄林園","contractor","承攬商與人員資格","安衛人員到場","137","127","123","4","0","1","0","0.9685","11","低"
"2025-01","高雄林園","contractor","承攬商與人員資格","特殊作業主管資格符合","137","123","118","5","1","2","0","0.9593","24","中"
"2025-01","高雄林園","hazardNotice","危害告知","承攬商已知悉注意事項","137","123","119","4","1","1","0","0.9675","19","中"
"2025-01","高雄林園","hazardNotice","危害告知","施工人員完成危害告知","137","133","128","5","1","2","0","0.9624","24","中"
"2025-01","高雄林園","hazardNotice","危害告知","勤前教育紀錄完整","137","116","112","4","1","2","1","0.9655","27","中"
"2025-01","高雄林園","hazardNotice","危害告知","緊急聯絡資訊明確","137","122","118","4","0","1","0","0.9672","11","低"
"2025-01","高雄林園","isolation","環境安全隔離","設備管線已釋壓清洗","137","129","123","6","2","3","1","0.9535","42","高"
"2025-01","高雄林園","isolation","環境安全隔離","進出口已關斷/盲封/掛牌","137","114","108","6","1","2","0","0.9474","26","中"
"2025-01","高雄林園","isolation","環境安全隔離","電源隔離加鎖掛牌","137","133","127","6","2","2","1","0.9549","39","中"
"2025-01","高雄林園","isolation","環境安全隔離","暗溝陰井已堵塞密封","137","130","123","7","2","3","1","0.9462","44","高"
"2025-01","高雄林園","gas","氣體偵測","可燃性氣體低於20%LEL","137","128","122","6","2","1","0","0.9531","31","中"
"2025-01","高雄林園","gas","氣體偵測","氧氣濃度符合標準","137","138","132","6","2","2","0","0.9565","34","中"
"2025-01","高雄林園","gas","氣體偵測","有害氣體低於容許濃度","137","121","114","7","2","3","1","0.9421","44","高"
"2025-01","高雄林園","gas","氣體偵測","上下午或連續測定紀錄完整","137","132","125","7","2","3","1","0.947","44","高"
"2025-01","高雄林園","fireExplosion","消防與防爆設備","20型滅火器配置足夠","137","127","120","7","2","3","1","0.9449","44","高"
"2025-01","高雄林園","fireExplosion","消防與防爆設備","防爆電氣設備符合","137","128","121","7","2","2","1","0.9453","41","中"
"2025-01","高雄林園","fireExplosion","消防與防爆設備","安全工具使用正確","137","135","129","6","2","2","0","0.9556","34","中"
"2025-01","高雄林園","fireExplosion","消防與防爆設備","消防水帶或防火措施到位","137","123","117","6","2","3","1","0.9512","42","高"
"2025-01","高雄林園","ppeHeight","PPE與高處防墜","個人防護具穿戴正確","137","123","118","5","1","2","1","0.9593","29","中"
"2025-01","高雄林園","ppeHeight","PPE與高處防墜","安全帶/安全母索使用","137","128","120","8","2","4","2","0.9375","54","高"
"2025-01","高雄林園","ppeHeight","PPE與高處防墜","施工架檢點合格","137","132","125","7","2","3","1","0.947","44","高"
"2025-01","高雄林園","ppeHeight","PPE與高處防墜","安全網或工作平台設置","137","137","131","6","1","2","1","0.9562","31","中"
"2025-01","高雄林園","patrol","巡查會簽","轄區檢點簽認","137","113","109","4","0","1","0","0.9646","11","低"
"2025-01","高雄林園","patrol","巡查會簽","監造巡查簽認","137","124","118","6","1","3","1","0.9516","34","中"
"2025-01","高雄林園","patrol","巡查會簽","安衛人員巡查紀錄","137","137","131","6","1","2","1","0.9562","31","中"
"2025-01","高雄林園","patrol","巡查會簽","異常已即時通知","137","128","122","6","1","1","0","0.9531","23","中"
"2025-01","高雄林園","closeout","收工回簽與現場紀錄","環境整理完成","137","139","132","7","1","2","1","0.9496","33","中"
"2025-01","高雄林園","closeout","收工回簽與現場紀錄","施工前後照片完整","137","126","120","6","1","3","1","0.9524","34","中"
"2025-01","高雄林園","closeout","收工回簽與現場紀錄","氣體偵測照片上傳","137","128","123","5","1","1","0","0.9609","21","中"
"2025-01","高雄林園","closeout","收工回簽與現場紀錄","改善事項結案佐證完整","137","122","116","6","1","2","0","0.9508","26","中"
"2025-02","高雄林園","permit","許可基本資料","工作內容與地點完整","138","133","129","4","0","1","0","0.9699","11","低"
"2025-02","高雄林園","permit","許可基本資料","作業分級正確","138","121","117","4","1","2","1","0.9669","27","中"
"2025-02","高雄林園","permit","許可基本資料","核准工作時間明確","138","116","113","3","0","1","0","0.9741","9","低"
"2025-02","高雄林園","permit","許可基本資料","回簽資料完整","138","123","119","4","0","1","0","0.9675","11","低"
"2025-02","高雄林園","workType","作業分級與工作項目","動火/非動火判定正確","138","135","130","5","1","2","1","0.963","29","中"
"2025-02","高雄林園","workType","作業分級與工作項目","A/B/C級作業判定正確","138","117","112","5","1","2","1","0.9573","29","中"
"2025-02","高雄林園","workType","作業分級與工作項目","附加檢點表適用","138","130","126","4","0","1","0","0.9692","11","低"
"2025-02","高雄林園","workType","作業分級與工作項目","延時工作經核准","138","123","118","5","0","2","1","0.9593","21","中"
"2025-02","高雄林園","contractor","承攬商與人員資格","施工人員名冊完整","138","139","133","6","1","2","0","0.9568","26","中"
"2025-02","高雄林園","contractor","承攬商與人員資格","工地負責人到場","138","129","124","5","1","1","0","0.9612","21","中"
"2025-02","高雄林園","contractor","承攬商與人員資格","安衛人員到場","138","116","111","5","1","2","1","0.9569","29","中"
"2025-02","高雄林園","contractor","承攬商與人員資格","特殊作業主管資格符合","138","134","128","6","1","2","1","0.9552","31","中"
"2025-02","高雄林園","hazardNotice","危害告知","承攬商已知悉注意事項","138","130","126","4","0","1","0","0.9692","11","低"
"2025-02","高雄林園","hazardNotice","危害告知","施工人員完成危害告知","138","120","116","4","0","2","1","0.9667","19","中"
"2025-02","高雄林園","hazardNotice","危害告知","勤前教育紀錄完整","138","127","123","4","1","1","0","0.9685","19","中"
"2025-02","高雄林園","hazardNotice","危害告知","緊急聯絡資訊明確","138","128","124","4","1","2","0","0.9688","22","中"
"2025-02","高雄林園","isolation","環境安全隔離","設備管線已釋壓清洗","138","117","111","6","2","2","1","0.9487","39","中"
"2025-02","高雄林園","isolation","環境安全隔離","進出口已關斷/盲封/掛牌","138","132","126","6","2","1","0","0.9545","31","中"
"2025-02","高雄林園","isolation","環境安全隔離","電源隔離加鎖掛牌","138","122","116","6","1","2","1","0.9508","31","中"
"2025-02","高雄林園","isolation","環境安全隔離","暗溝陰井已堵塞密封","138","117","110","7","2","2","1","0.9402","41","中"
"2025-02","高雄林園","gas","氣體偵測","可燃性氣體低於20%LEL","138","137","129","8","2","3","1","0.9416","46","高"
"2025-02","高雄林園","gas","氣體偵測","氧氣濃度符合標準","138","121","114","7","2","2","1","0.9421","41","中"
"2025-02","高雄林園","gas","氣體偵測","有害氣體低於容許濃度","138","136","129","7","2","3","1","0.9485","44","高"
"2025-02","高雄林園","gas","氣體偵測","上下午或連續測定紀錄完整","138","130","124","6","2","2","1","0.9538","39","中"
"2025-02","高雄林園","fireExplosion","消防與防爆設備","20型滅火器配置足夠","138","116","111","5","2","2","1","0.9569","37","中"
"2025-02","高雄林園","fireExplosion","消防與防爆設備","防爆電氣設備符合","138","123","116","7","2","2","0","0.9431","36","中"
"2025-02","高雄林園","fireExplosion","消防與防爆設備","安全工具使用正確","138","125","119","6","1","1","0","0.952","23","中"
"2025-02","高雄林園","fireExplosion","消防與防爆設備","消防水帶或防火措施到位","138","123","118","5","1","2","1","0.9593","29","中"
"2025-02","高雄林園","ppeHeight","PPE與高處防墜","個人防護具穿戴正確","138","116","111","5","1","1","0","0.9569","21","中"
"2025-02","高雄林園","ppeHeight","PPE與高處防墜","安全帶/安全母索使用","138","133","127","6","1","3","1","0.9549","34","中"
"2025-02","高雄林園","ppeHeight","PPE與高處防墜","施工架檢點合格","138","123","117","6","1","2","0","0.9512","26","中"
"2025-02","高雄林園","ppeHeight","PPE與高處防墜","安全網或工作平台設置","138","140","133","7","2","3","1","0.95","44","高"
"2025-02","高雄林園","patrol","巡查會簽","轄區檢點簽認","138","123","118","5","1","2","1","0.9593","29","中"
"2025-02","高雄林園","patrol","巡查會簽","監造巡查簽認","138","114","109","5","1","2","1","0.9561","29","中"
"2025-02","高雄林園","patrol","巡查會簽","安衛人員巡查紀錄","138","124","120","4","0","2","1","0.9677","19","中"
"2025-02","高雄林園","patrol","巡查會簽","異常已即時通知","138","124","119","5","1","2","1","0.9597","29","中"
"2025-02","高雄林園","closeout","收工回簽與現場紀錄","環境整理完成","138","136","129","7","1","2","0","0.9485","28","中"
"2025-02","高雄林園","closeout","收工回簽與現場紀錄","施工前後照片完整","138","125","119","6","1","3","1","0.952","34","中"
"2025-02","高雄林園","closeout","收工回簽與現場紀錄","氣體偵測照片上傳","138","139","132","7","1","3","1","0.9496","36","中"
"2025-02","高雄林園","closeout","收工回簽與現場紀錄","改善事項結案佐證完整","138","122","116","6","1","3","1","0.9508","34","中"
"2025-03","高雄林園","permit","許可基本資料","工作內容與地點完整","135","133","130","3","0","1","0","0.9774","9","低"
"2025-03","高雄林園","permit","許可基本資料","作業分級正確","135","131","127","4","0","1","0","0.9695","11","低"
"2025-03","高雄林園","permit","許可基本資料","核准工作時間明確","135","122","119","3","0","1","0","0.9754","9","低"
"2025-03","高雄林園","permit","許可基本資料","回簽資料完整","135","130","126","4","1","1","0","0.9692","19","中"
"2025-03","高雄林園","workType","作業分級與工作項目","動火/非動火判定正確","135","132","128","4","1","1","0","0.9697","19","中"
"2025-03","高雄林園","workType","作業分級與工作項目","A/B/C級作業判定正確","135","130","126","4","1","2","0","0.9692","22","中"
"2025-03","高雄林園","workType","作業分級與工作項目","附加檢點表適用","135","133","128","5","1","2","0","0.9624","24","中"
"2025-03","高雄林園","workType","作業分級與工作項目","延時工作經核准","135","112","108","4","0","1","0","0.9643","11","低"
"2025-03","高雄林園","contractor","承攬商與人員資格","施工人員名冊完整","135","123","118","5","0","2","1","0.9593","21","中"
"2025-03","高雄林園","contractor","承攬商與人員資格","工地負責人到場","135","114","109","5","0","2","1","0.9561","21","中"
"2025-03","高雄林園","contractor","承攬商與人員資格","安衛人員到場","135","118","114","4","0","1","0","0.9661","11","低"
"2025-03","高雄林園","contractor","承攬商與人員資格","特殊作業主管資格符合","135","131","125","6","0","1","0","0.9542","15","低"
"2025-03","高雄林園","hazardNotice","危害告知","承攬商已知悉注意事項","135","134","129","5","1","2","0","0.9627","24","中"
"2025-03","高雄林園","hazardNotice","危害告知","施工人員完成危害告知","135","120","115","5","1","2","1","0.9583","29","中"
"2025-03","高雄林園","hazardNotice","危害告知","勤前教育紀錄完整","135","124","120","4","1","1","0","0.9677","19","中"
"2025-03","高雄林園","hazardNotice","危害告知","緊急聯絡資訊明確","135","114","110","4","1","1","0","0.9649","19","中"
"2025-03","高雄林園","isolation","環境安全隔離","設備管線已釋壓清洗","135","124","118","6","1","2","1","0.9516","31","中"
"2025-03","高雄林園","isolation","環境安全隔離","進出口已關斷/盲封/掛牌","135","120","114","6","2","2","1","0.95","39","中"
"2025-03","高雄林園","isolation","環境安全隔離","電源隔離加鎖掛牌","135","113","108","5","1","2","1","0.9558","29","中"
"2025-03","高雄林園","isolation","環境安全隔離","暗溝陰井已堵塞密封","135","124","117","7","2","2","1","0.9435","41","中"
"2025-03","高雄林園","gas","氣體偵測","可燃性氣體低於20%LEL","135","130","122","8","2","4","2","0.9385","54","高"
"2025-03","高雄林園","gas","氣體偵測","氧氣濃度符合標準","135","121","114","7","2","3","1","0.9421","44","高"
"2025-03","高雄林園","gas","氣體偵測","有害氣體低於容許濃度","135","117","111","6","2","2","1","0.9487","39","中"
"2025-03","高雄林園","gas","氣體偵測","上下午或連續測定紀錄完整","135","114","108","6","2","3","1","0.9474","42","高"
"2025-03","高雄林園","fireExplosion","消防與防爆設備","20型滅火器配置足夠","135","129","123","6","2","2","0","0.9535","34","中"
"2025-03","高雄林園","fireExplosion","消防與防爆設備","防爆電氣設備符合","135","126","121","5","1","2","1","0.9603","29","中"
"2025-03","高雄林園","fireExplosion","消防與防爆設備","安全工具使用正確","135","117","110","7","2","3","1","0.9402","44","高"
"2025-03","高雄林園","fireExplosion","消防與防爆設備","消防水帶或防火措施到位","135","126","118","8","2","2","0","0.9365","38","中"
"2025-03","高雄林園","ppeHeight","PPE與高處防墜","個人防護具穿戴正確","135","133","127","6","2","2","1","0.9549","39","中"
"2025-03","高雄林園","ppeHeight","PPE與高處防墜","安全帶/安全母索使用","135","124","117","7","2","3","1","0.9435","44","高"
"2025-03","高雄林園","ppeHeight","PPE與高處防墜","施工架檢點合格","135","135","129","6","2","1","0","0.9556","31","中"
"2025-03","高雄林園","ppeHeight","PPE與高處防墜","安全網或工作平台設置","135","137","129","8","2","3","1","0.9416","46","高"
"2025-03","高雄林園","patrol","巡查會簽","轄區檢點簽認","135","138","133","5","1","1","0","0.9638","21","中"
"2025-03","高雄林園","patrol","巡查會簽","監造巡查簽認","135","137","131","6","1","2","1","0.9562","31","中"
"2025-03","高雄林園","patrol","巡查會簽","安衛人員巡查紀錄","135","112","108","4","1","1","0","0.9643","19","中"
"2025-03","高雄林園","patrol","巡查會簽","異常已即時通知","135","118","113","5","1","2","1","0.9576","29","中"
"2025-03","高雄林園","closeout","收工回簽與現場紀錄","環境整理完成","135","128","123","5","1","1","0","0.9609","21","中"
"2025-03","高雄林園","closeout","收工回簽與現場紀錄","施工前後照片完整","135","111","107","4","1","2","1","0.964","27","中"
"2025-03","高雄林園","closeout","收工回簽與現場紀錄","氣體偵測照片上傳","135","121","117","4","1","2","1","0.9669","27","中"
"2025-03","高雄林園","closeout","收工回簽與現場紀錄","改善事項結案佐證完整","135","132","126","6","1","3","1","0.9545","34","中"
"2025-04","高雄林園","permit","許可基本資料","工作內容與地點完整","135","126","122","4","0","1","0","0.9683","11","低"
"2025-04","高雄林園","permit","許可基本資料","作業分級正確","135","118","114","4","1","1","0","0.9661","19","中"
"2025-04","高雄林園","permit","許可基本資料","核准工作時間明確","135","121","118","3","1","1","0","0.9752","17","低"
"2025-04","高雄林園","permit","許可基本資料","回簽資料完整","135","135","130","5","1","2","1","0.963","29","中"
"2025-04","高雄林園","workType","作業分級與工作項目","動火/非動火判定正確","135","136","131","5","1","2","1","0.9632","29","中"
"2025-04","高雄林園","workType","作業分級與工作項目","A/B/C級作業判定正確","135","130","125","5","1","2","0","0.9615","24","中"
"2025-04","高雄林園","workType","作業分級與工作項目","附加檢點表適用","135","130","125","5","1","2","1","0.9615","29","中"
"2025-04","高雄林園","workType","作業分級與工作項目","延時工作經核准","135","111","108","3","0","1","0","0.973","9","低"
"2025-04","高雄林園","contractor","承攬商與人員資格","施工人員名冊完整","135","117","113","4","1","2","0","0.9658","22","中"
"2025-04","高雄林園","contractor","承攬商與人員資格","工地負責人到場","135","116","112","4","0","2","1","0.9655","19","中"
"2025-04","高雄林園","contractor","承攬商與人員資格","安衛人員到場","135","127","122","5","1","1","0","0.9606","21","中"
"2025-04","高雄林園","contractor","承攬商與人員資格","特殊作業主管資格符合","135","126","120","6","1","2","1","0.9524","31","中"
"2025-04","高雄林園","hazardNotice","危害告知","承攬商已知悉注意事項","135","131","126","5","1","1","0","0.9618","21","中"
"2025-04","高雄林園","hazardNotice","危害告知","施工人員完成危害告知","135","130","126","4","1","2","1","0.9692","27","中"
"2025-04","高雄林園","hazardNotice","危害告知","勤前教育紀錄完整","135","128","123","5","1","2","0","0.9609","24","中"
"2025-04","高雄林園","hazardNotice","危害告知","緊急聯絡資訊明確","135","130","126","4","1","1","0","0.9692","19","中"
"2025-04","高雄林園","isolation","環境安全隔離","設備管線已釋壓清洗","135","126","120","6","2","2","1","0.9524","39","中"
"2025-04","高雄林園","isolation","環境安全隔離","進出口已關斷/盲封/掛牌","135","111","105","6","2","2","0","0.9459","34","中"
"2025-04","高雄林園","isolation","環境安全隔離","電源隔離加鎖掛牌","135","115","110","5","1","2","1","0.9565","29","中"
"2025-04","高雄林園","isolation","環境安全隔離","暗溝陰井已堵塞密封","135","117","111","6","2","2","0","0.9487","34","中"
"2025-04","高雄林園","gas","氣體偵測","可燃性氣體低於20%LEL","135","130","124","6","2","2","0","0.9538","34","中"
"2025-04","高雄林園","gas","氣體偵測","氧氣濃度符合標準","135","130","122","8","2","2","1","0.9385","43","高"
"2025-04","高雄林園","gas","氣體偵測","有害氣體低於容許濃度","135","118","112","6","2","2","0","0.9492","34","中"
"2025-04","高雄林園","gas","氣體偵測","上下午或連續測定紀錄完整","135","126","120","6","1","2","1","0.9524","31","中"
"2025-04","高雄林園","fireExplosion","消防與防爆設備","20型滅火器配置足夠","135","121","114","7","2","2","1","0.9421","41","中"
"2025-04","高雄林園","fireExplosion","消防與防爆設備","防爆電氣設備符合","135","119","112","7","2","3","1","0.9412","44","高"
"2025-04","高雄林園","fireExplosion","消防與防爆設備","安全工具使用正確","135","127","120","7","2","3","1","0.9449","44","高"
"2025-04","高雄林園","fireExplosion","消防與防爆設備","消防水帶或防火措施到位","135","123","118","5","2","1","0","0.9593","29","中"
"2025-04","高雄林園","ppeHeight","PPE與高處防墜","個人防護具穿戴正確","135","112","106","6","2","2","0","0.9464","34","中"
"2025-04","高雄林園","ppeHeight","PPE與高處防墜","安全帶/安全母索使用","135","119","112","7","2","3","1","0.9412","44","高"
"2025-04","高雄林園","ppeHeight","PPE與高處防墜","施工架檢點合格","135","127","121","6","1","1","0","0.9528","23","中"
"2025-04","高雄林園","ppeHeight","PPE與高處防墜","安全網或工作平台設置","135","113","106","7","2","3","1","0.9381","44","高"
"2025-04","高雄林園","patrol","巡查會簽","轄區檢點簽認","135","138","132","6","1","2","1","0.9565","31","中"
"2025-04","高雄林園","patrol","巡查會簽","監造巡查簽認","135","133","128","5","1","1","0","0.9624","21","中"
"2025-04","高雄林園","patrol","巡查會簽","安衛人員巡查紀錄","135","113","109","4","0","1","0","0.9646","11","低"
"2025-04","高雄林園","patrol","巡查會簽","異常已即時通知","135","132","127","5","0","2","1","0.9621","21","中"
"2025-04","高雄林園","closeout","收工回簽與現場紀錄","環境整理完成","135","129","123","6","1","2","1","0.9535","31","中"
"2025-04","高雄林園","closeout","收工回簽與現場紀錄","施工前後照片完整","135","113","109","4","0","1","0","0.9646","11","低"
"2025-04","高雄林園","closeout","收工回簽與現場紀錄","氣體偵測照片上傳","135","134","129","5","1","2","1","0.9627","29","中"
"2025-04","高雄林園","closeout","收工回簽與現場紀錄","改善事項結案佐證完整","135","113","109","4","1","1","0","0.9646","19","中"
"2025-05","高雄林園","permit","許可基本資料","工作內容與地點完整","127","110","107","3","1","1","0","0.9727","17","低"
"2025-05","高雄林園","permit","許可基本資料","作業分級正確","127","107","103","4","1","2","1","0.9626","27","中"
"2025-05","高雄林園","permit","許可基本資料","核准工作時間明確","127","127","123","4","1","1","0","0.9685","19","中"
"2025-05","高雄林園","permit","許可基本資料","回簽資料完整","127","120","117","3","0","1","0","0.975","9","低"
"2025-05","高雄林園","workType","作業分級與工作項目","動火/非動火判定正確","127","109","106","3","0","1","0","0.9725","9","低"
"2025-05","高雄林園","workType","作業分級與工作項目","A/B/C級作業判定正確","127","125","120","5","1","1","0","0.96","21","中"
"2025-05","高雄林園","workType","作業分級與工作項目","附加檢點表適用","127","115","111","4","0","2","1","0.9652","19","中"
"2025-05","高雄林園","workType","作業分級與工作項目","延時工作經核准","127","129","124","5","1","1","0","0.9612","21","中"
"2025-05","高雄林園","contractor","承攬商與人員資格","施工人員名冊完整","127","119","115","4","1","1","0","0.9664","19","中"
"2025-05","高雄林園","contractor","承攬商與人員資格","工地負責人到場","127","114","110","4","0","1","0","0.9649","11","低"
"2025-05","高雄林園","contractor","承攬商與人員資格","安衛人員到場","127","123","119","4","1","1","0","0.9675","19","中"
"2025-05","高雄林園","contractor","承攬商與人員資格","特殊作業主管資格符合","127","119","115","4","1","2","1","0.9664","27","中"
"2025-05","高雄林園","hazardNotice","危害告知","承攬商已知悉注意事項","127","106","102","4","0","1","0","0.9623","11","低"
"2025-05","高雄林園","hazardNotice","危害告知","施工人員完成危害告知","127","123","119","4","1","2","1","0.9675","27","中"
"2025-05","高雄林園","hazardNotice","危害告知","勤前教育紀錄完整","127","106","103","3","0","1","0","0.9717","9","低"
"2025-05","高雄林園","hazardNotice","危害告知","緊急聯絡資訊明確","127","128","124","4","1","2","0","0.9688","22","中"
"2025-05","高雄林園","isolation","環境安全隔離","設備管線已釋壓清洗","127","118","111","7","2","3","1","0.9407","44","高"
"2025-05","高雄林園","isolation","環境安全隔離","進出口已關斷/盲封/掛牌","127","115","110","5","2","2","1","0.9565","37","中"
"2025-05","高雄林園","isolation","環境安全隔離","電源隔離加鎖掛牌","127","122","117","5","2","2","0","0.959","32","中"
"2025-05","高雄林園","isolation","環境安全隔離","暗溝陰井已堵塞密封","127","110","104","6","1","2","1","0.9455","31","中"
"2025-05","高雄林園","gas","氣體偵測","可燃性氣體低於20%LEL","127","128","122","6","2","2","0","0.9531","34","中"
"2025-05","高雄林園","gas","氣體偵測","氧氣濃度符合標準","127","126","120","6","2","1","0","0.9524","31","中"
"2025-05","高雄林園","gas","氣體偵測","有害氣體低於容許濃度","127","119","112","7","2","2","1","0.9412","41","中"
"2025-05","高雄林園","gas","氣體偵測","上下午或連續測定紀錄完整","127","129","121","8","2","3","1","0.938","46","高"
"2025-05","高雄林園","fireExplosion","消防與防爆設備","20型滅火器配置足夠","127","125","119","6","1","3","1","0.952","34","中"
"2025-05","高雄林園","fireExplosion","消防與防爆設備","防爆電氣設備符合","127","129","121","8","2","2","1","0.938","43","高"
"2025-05","高雄林園","fireExplosion","消防與防爆設備","安全工具使用正確","127","109","104","5","1","1","0","0.9541","21","中"
"2025-05","高雄林園","fireExplosion","消防與防爆設備","消防水帶或防火措施到位","127","111","106","5","2","2","1","0.955","37","中"
"2025-05","高雄林園","ppeHeight","PPE與高處防墜","個人防護具穿戴正確","127","106","101","5","1","1","0","0.9528","21","中"
"2025-05","高雄林園","ppeHeight","PPE與高處防墜","安全帶/安全母索使用","127","112","107","5","2","2","0","0.9554","32","中"
"2025-05","高雄林園","ppeHeight","PPE與高處防墜","施工架檢點合格","127","123","116","7","2","2","1","0.9431","41","中"
"2025-05","高雄林園","ppeHeight","PPE與高處防墜","安全網或工作平台設置","127","108","103","5","1","2","1","0.9537","29","中"
"2025-05","高雄林園","patrol","巡查會簽","轄區檢點簽認","127","107","103","4","1","1","0","0.9626","19","中"
"2025-05","高雄林園","patrol","巡查會簽","監造巡查簽認","127","107","103","4","0","2","1","0.9626","19","中"
"2025-05","高雄林園","patrol","巡查會簽","安衛人員巡查紀錄","127","117","113","4","1","2","0","0.9658","22","中"
"2025-05","高雄林園","patrol","巡查會簽","異常已即時通知","127","107","102","5","1","2","1","0.9533","29","中"
"2025-05","高雄林園","closeout","收工回簽與現場紀錄","環境整理完成","127","124","120","4","1","2","0","0.9677","22","中"
"2025-05","高雄林園","closeout","收工回簽與現場紀錄","施工前後照片完整","127","112","108","4","1","1","0","0.9643","19","中"
"2025-05","高雄林園","closeout","收工回簽與現場紀錄","氣體偵測照片上傳","127","120","116","4","0","2","0","0.9667","14","低"
"2025-05","高雄林園","closeout","收工回簽與現場紀錄","改善事項結案佐證完整","127","119","114","5","1","2","1","0.958","29","中"
"2025-06","高雄林園","permit","許可基本資料","工作內容與地點完整","120","114","111","3","0","1","0","0.9737","9","低"
"2025-06","高雄林園","permit","許可基本資料","作業分級正確","120","119","115","4","1","1","0","0.9664","19","中"
"2025-06","高雄林園","permit","許可基本資料","核准工作時間明確","120","111","108","3","0","1","0","0.973","9","低"
"2025-06","高雄林園","permit","許可基本資料","回簽資料完整","120","112","109","3","0","1","0","0.9732","9","低"
"2025-06","高雄林園","workType","作業分級與工作項目","動火/非動火判定正確","120","107","104","3","1","1","0","0.972","17","低"
"2025-06","高雄林園","workType","作業分級與工作項目","A/B/C級作業判定正確","120","116","111","5","1","2","1","0.9569","29","中"
"2025-06","高雄林園","workType","作業分級與工作項目","附加檢點表適用","120","115","112","3","0","1","0","0.9739","9","低"
"2025-06","高雄林園","workType","作業分級與工作項目","延時工作經核准","120","100","97","3","1","1","0","0.97","17","低"
"2025-06","高雄林園","contractor","承攬商與人員資格","施工人員名冊完整","120","102","98","4","1","2","1","0.9608","27","中"
"2025-06","高雄林園","contractor","承攬商與人員資格","工地負責人到場","120","108","103","5","1","2","1","0.9537","29","中"
"2025-06","高雄林園","contractor","承攬商與人員資格","安衛人員到場","120","114","110","4","0","1","0","0.9649","11","低"
"2025-06","高雄林園","contractor","承攬商與人員資格","特殊作業主管資格符合","120","122","117","5","1","2","1","0.959","29","中"
"2025-06","高雄林園","hazardNotice","危害告知","承攬商已知悉注意事項","120","108","104","4","0","2","0","0.963","14","低"
"2025-06","高雄林園","hazardNotice","危害告知","施工人員完成危害告知","120","117","114","3","1","1","0","0.9744","17","低"
"2025-06","高雄林園","hazardNotice","危害告知","勤前教育紀錄完整","120","104","100","4","1","1","0","0.9615","19","中"
"2025-06","高雄林園","hazardNotice","危害告知","緊急聯絡資訊明確","120","117","113","4","1","2","0","0.9658","22","中"
"2025-06","高雄林園","isolation","環境安全隔離","設備管線已釋壓清洗","120","105","99","6","1","2","0","0.9429","26","中"
"2025-06","高雄林園","isolation","環境安全隔離","進出口已關斷/盲封/掛牌","120","100","96","4","1","1","0","0.96","19","中"
"2025-06","高雄林園","isolation","環境安全隔離","電源隔離加鎖掛牌","120","108","102","6","2","2","0","0.9444","34","中"
"2025-06","高雄林園","isolation","環境安全隔離","暗溝陰井已堵塞密封","120","107","102","5","1","2","0","0.9533","24","中"
"2025-06","高雄林園","gas","氣體偵測","可燃性氣體低於20%LEL","120","107","103","4","1","1","0","0.9626","19","中"
"2025-06","高雄林園","gas","氣體偵測","氧氣濃度符合標準","120","108","101","7","2","2","1","0.9352","41","中"
"2025-06","高雄林園","gas","氣體偵測","有害氣體低於容許濃度","120","121","115","6","1","3","1","0.9504","34","中"
"2025-06","高雄林園","gas","氣體偵測","上下午或連續測定紀錄完整","120","101","97","4","1","2","1","0.9604","27","中"
"2025-06","高雄林園","fireExplosion","消防與防爆設備","20型滅火器配置足夠","120","102","96","6","2","2","0","0.9412","34","中"
"2025-06","高雄林園","fireExplosion","消防與防爆設備","防爆電氣設備符合","120","114","107","7","2","3","1","0.9386","44","高"
"2025-06","高雄林園","fireExplosion","消防與防爆設備","安全工具使用正確","120","121","116","5","2","2","0","0.9587","32","中"
"2025-06","高雄林園","fireExplosion","消防與防爆設備","消防水帶或防火措施到位","120","102","97","5","2","1","0","0.951","29","中"
"2025-06","高雄林園","ppeHeight","PPE與高處防墜","個人防護具穿戴正確","120","107","102","5","1","1","0","0.9533","21","中"
"2025-06","高雄林園","ppeHeight","PPE與高處防墜","安全帶/安全母索使用","120","119","113","6","2","2","1","0.9496","39","中"
"2025-06","高雄林園","ppeHeight","PPE與高處防墜","施工架檢點合格","120","117","112","5","1","1","0","0.9573","21","中"
"2025-06","高雄林園","ppeHeight","PPE與高處防墜","安全網或工作平台設置","120","105","99","6","2","3","1","0.9429","42","高"
"2025-06","高雄林園","patrol","巡查會簽","轄區檢點簽認","120","117","113","4","0","2","0","0.9658","14","低"
"2025-06","高雄林園","patrol","巡查會簽","監造巡查簽認","120","105","100","5","1","2","1","0.9524","29","中"
"2025-06","高雄林園","patrol","巡查會簽","安衛人員巡查紀錄","120","99","96","3","0","1","0","0.9697","9","低"
"2025-06","高雄林園","patrol","巡查會簽","異常已即時通知","120","102","99","3","0","1","0","0.9706","9","低"
"2025-06","高雄林園","closeout","收工回簽與現場紀錄","環境整理完成","120","103","99","4","0","1","0","0.9612","11","低"
"2025-06","高雄林園","closeout","收工回簽與現場紀錄","施工前後照片完整","120","99","95","4","1","1","0","0.9596","19","中"
"2025-06","高雄林園","closeout","收工回簽與現場紀錄","氣體偵測照片上傳","120","120","115","5","1","1","0","0.9583","21","中"
"2025-06","高雄林園","closeout","收工回簽與現場紀錄","改善事項結案佐證完整","120","99","95","4","1","1","0","0.9596","19","中"
"2025-07","高雄林園","permit","許可基本資料","工作內容與地點完整","127","114","111","3","0","1","0","0.9737","9","低"
"2025-07","高雄林園","permit","許可基本資料","作業分級正確","127","124","120","4","1","2","1","0.9677","27","中"
"2025-07","高雄林園","permit","許可基本資料","核准工作時間明確","127","104","101","3","0","1","0","0.9712","9","低"
"2025-07","高雄林園","permit","許可基本資料","回簽資料完整","127","110","107","3","0","1","0","0.9727","9","低"
"2025-07","高雄林園","workType","作業分級與工作項目","動火/非動火判定正確","127","107","103","4","1","2","1","0.9626","27","中"
"2025-07","高雄林園","workType","作業分級與工作項目","A/B/C級作業判定正確","127","105","101","4","1","1","0","0.9619","19","中"
"2025-07","高雄林園","workType","作業分級與工作項目","附加檢點表適用","127","113","109","4","0","1","0","0.9646","11","低"
"2025-07","高雄林園","workType","作業分級與工作項目","延時工作經核准","127","109","105","4","1","2","0","0.9633","22","中"
"2025-07","高雄林園","contractor","承攬商與人員資格","施工人員名冊完整","127","122","116","6","1","2","1","0.9508","31","中"
"2025-07","高雄林園","contractor","承攬商與人員資格","工地負責人到場","127","120","115","5","1","2","1","0.9583","29","中"
"2025-07","高雄林園","contractor","承攬商與人員資格","安衛人員到場","127","110","105","5","1","2","1","0.9545","29","中"
"2025-07","高雄林園","contractor","承攬商與人員資格","特殊作業主管資格符合","127","120","116","4","0","1","0","0.9667","11","低"
"2025-07","高雄林園","hazardNotice","危害告知","承攬商已知悉注意事項","127","108","105","3","1","1","0","0.9722","17","低"
"2025-07","高雄林園","hazardNotice","危害告知","施工人員完成危害告知","127","107","104","3","0","1","0","0.972","9","低"
"2025-07","高雄林園","hazardNotice","危害告知","勤前教育紀錄完整","127","119","116","3","0","1","0","0.9748","9","低"
"2025-07","高雄林園","hazardNotice","危害告知","緊急聯絡資訊明確","127","122","117","5","0","2","1","0.959","21","中"
"2025-07","高雄林園","isolation","環境安全隔離","設備管線已釋壓清洗","127","127","120","7","2","3","1","0.9449","44","高"
"2025-07","高雄林園","isolation","環境安全隔離","進出口已關斷/盲封/掛牌","127","120","114","6","2","2","1","0.95","39","中"
"2025-07","高雄林園","isolation","環境安全隔離","電源隔離加鎖掛牌","127","112","105","7","2","2","0","0.9375","36","中"
"2025-07","高雄林園","isolation","環境安全隔離","暗溝陰井已堵塞密封","127","129","122","7","2","2","1","0.9457","41","中"
"2025-07","高雄林園","gas","氣體偵測","可燃性氣體低於20%LEL","127","119","112","7","2","2","1","0.9412","41","中"
"2025-07","高雄林園","gas","氣體偵測","氧氣濃度符合標準","127","107","100","7","2","3","1","0.9346","44","高"
"2025-07","高雄林園","gas","氣體偵測","有害氣體低於容許濃度","127","118","112","6","1","2","0","0.9492","26","中"
"2025-07","高雄林園","gas","氣體偵測","上下午或連續測定紀錄完整","127","126","119","7","2","3","1","0.9444","44","高"
"2025-07","高雄林園","fireExplosion","消防與防爆設備","20型滅火器配置足夠","127","120","113","7","2","3","1","0.9417","44","高"
"2025-07","高雄林園","fireExplosion","消防與防爆設備","防爆電氣設備符合","127","108","103","5","1","2","1","0.9537","29","中"
"2025-07","高雄林園","fireExplosion","消防與防爆設備","安全工具使用正確","127","105","101","4","1","1","0","0.9619","19","中"
"2025-07","高雄林園","fireExplosion","消防與防爆設備","消防水帶或防火措施到位","127","109","103","6","2","2","1","0.945","39","中"
"2025-07","高雄林園","ppeHeight","PPE與高處防墜","個人防護具穿戴正確","127","119","114","5","2","2","0","0.958","32","中"
"2025-07","高雄林園","ppeHeight","PPE與高處防墜","安全帶/安全母索使用","127","119","114","5","1","2","1","0.958","29","中"
"2025-07","高雄林園","ppeHeight","PPE與高處防墜","施工架檢點合格","127","129","122","7","2","3","1","0.9457","44","高"
"2025-07","高雄林園","ppeHeight","PPE與高處防墜","安全網或工作平台設置","127","120","114","6","2","3","1","0.95","42","高"
"2025-07","高雄林園","patrol","巡查會簽","轄區檢點簽認","127","113","109","4","0","2","0","0.9646","14","低"
"2025-07","高雄林園","patrol","巡查會簽","監造巡查簽認","127","110","107","3","0","1","0","0.9727","9","低"
"2025-07","高雄林園","patrol","巡查會簽","安衛人員巡查紀錄","127","108","104","4","1","2","1","0.963","27","中"
"2025-07","高雄林園","patrol","巡查會簽","異常已即時通知","127","127","121","6","1","3","1","0.9528","34","中"
"2025-07","高雄林園","closeout","收工回簽與現場紀錄","環境整理完成","127","126","122","4","0","1","0","0.9683","11","低"
"2025-07","高雄林園","closeout","收工回簽與現場紀錄","施工前後照片完整","127","121","115","6","1","2","1","0.9504","31","中"
"2025-07","高雄林園","closeout","收工回簽與現場紀錄","氣體偵測照片上傳","127","126","121","5","1","2","1","0.9603","29","中"
"2025-07","高雄林園","closeout","收工回簽與現場紀錄","改善事項結案佐證完整","127","110","106","4","1","1","0","0.9636","19","中"
"2025-08","高雄林園","permit","許可基本資料","工作內容與地點完整","122","107","103","4","1","2","0","0.9626","22","中"
"2025-08","高雄林園","permit","許可基本資料","作業分級正確","122","118","115","3","1","1","0","0.9746","17","低"
"2025-08","高雄林園","permit","許可基本資料","核准工作時間明確","122","119","116","3","0","1","0","0.9748","9","低"
"2025-08","高雄林園","permit","許可基本資料","回簽資料完整","122","105","102","3","1","1","0","0.9714","17","低"
"2025-08","高雄林園","workType","作業分級與工作項目","動火/非動火判定正確","122","103","100","3","0","1","0","0.9709","9","低"
"2025-08","高雄林園","workType","作業分級與工作項目","A/B/C級作業判定正確","122","122","118","4","1","2","1","0.9672","27","中"
"2025-08","高雄林園","workType","作業分級與工作項目","附加檢點表適用","122","110","106","4","0","1","0","0.9636","11","低"
"2025-08","高雄林園","workType","作業分級與工作項目","延時工作經核准","122","111","107","4","1","1","0","0.964","19","中"
"2025-08","高雄林園","contractor","承攬商與人員資格","施工人員名冊完整","122","117","112","5","1","2","1","0.9573","29","中"
"2025-08","高雄林園","contractor","承攬商與人員資格","工地負責人到場","122","115","111","4","1","2","1","0.9652","27","中"
"2025-08","高雄林園","contractor","承攬商與人員資格","安衛人員到場","122","113","109","4","1","1","0","0.9646","19","中"
"2025-08","高雄林園","contractor","承攬商與人員資格","特殊作業主管資格符合","122","106","101","5","1","2","0","0.9528","24","中"
"2025-08","高雄林園","hazardNotice","危害告知","承攬商已知悉注意事項","122","124","120","4","1","1","0","0.9677","19","中"
"2025-08","高雄林園","hazardNotice","危害告知","施工人員完成危害告知","122","109","106","3","0","1","0","0.9725","9","低"
"2025-08","高雄林園","hazardNotice","危害告知","勤前教育紀錄完整","122","104","101","3","0","1","0","0.9712","9","低"
"2025-08","高雄林園","hazardNotice","危害告知","緊急聯絡資訊明確","122","106","102","4","0","1","0","0.9623","11","低"
"2025-08","高雄林園","isolation","環境安全隔離","設備管線已釋壓清洗","122","118","112","6","2","2","1","0.9492","39","中"
"2025-08","高雄林園","isolation","環境安全隔離","進出口已關斷/盲封/掛牌","122","112","106","6","1","2","1","0.9464","31","中"
"2025-08","高雄林園","isolation","環境安全隔離","電源隔離加鎖掛牌","122","111","106","5","2","2","0","0.955","32","中"
"2025-08","高雄林園","isolation","環境安全隔離","暗溝陰井已堵塞密封","122","111","105","6","2","2","1","0.9459","39","中"
"2025-08","高雄林園","gas","氣體偵測","可燃性氣體低於20%LEL","122","114","107","7","2","2","0","0.9386","36","中"
"2025-08","高雄林園","gas","氣體偵測","氧氣濃度符合標準","122","105","99","6","2","3","1","0.9429","42","高"
"2025-08","高雄林園","gas","氣體偵測","有害氣體低於容許濃度","122","104","99","5","1","2","1","0.9519","29","中"
"2025-08","高雄林園","gas","氣體偵測","上下午或連續測定紀錄完整","122","111","105","6","2","2","1","0.9459","39","中"
"2025-08","高雄林園","fireExplosion","消防與防爆設備","20型滅火器配置足夠","122","112","106","6","1","2","0","0.9464","26","中"
"2025-08","高雄林園","fireExplosion","消防與防爆設備","防爆電氣設備符合","122","119","114","5","1","2","1","0.958","29","中"
"2025-08","高雄林園","fireExplosion","消防與防爆設備","安全工具使用正確","122","103","98","5","2","1","0","0.9515","29","中"
"2025-08","高雄林園","fireExplosion","消防與防爆設備","消防水帶或防火措施到位","122","111","104","7","2","2","1","0.9369","41","中"
"2025-08","高雄林園","ppeHeight","PPE與高處防墜","個人防護具穿戴正確","122","124","118","6","1","3","1","0.9516","34","中"
"2025-08","高雄林園","ppeHeight","PPE與高處防墜","安全帶/安全母索使用","122","114","109","5","2","2","1","0.9561","37","中"
"2025-08","高雄林園","ppeHeight","PPE與高處防墜","施工架檢點合格","122","107","102","5","1","2","1","0.9533","29","中"
"2025-08","高雄林園","ppeHeight","PPE與高處防墜","安全網或工作平台設置","122","104","98","6","2","2","0","0.9423","34","中"
"2025-08","高雄林園","patrol","巡查會簽","轄區檢點簽認","122","119","114","5","0","2","1","0.958","21","中"
"2025-08","高雄林園","patrol","巡查會簽","監造巡查簽認","122","102","99","3","1","1","0","0.9706","17","低"
"2025-08","高雄林園","patrol","巡查會簽","安衛人員巡查紀錄","122","103","98","5","1","1","0","0.9515","21","中"
"2025-08","高雄林園","patrol","巡查會簽","異常已即時通知","122","100","96","4","0","1","0","0.96","11","低"
"2025-08","高雄林園","closeout","收工回簽與現場紀錄","環境整理完成","122","110","104","6","1","2","1","0.9455","31","中"
"2025-08","高雄林園","closeout","收工回簽與現場紀錄","施工前後照片完整","122","112","108","4","1","2","0","0.9643","22","中"
"2025-08","高雄林園","closeout","收工回簽與現場紀錄","氣體偵測照片上傳","122","109","105","4","1","2","1","0.9633","27","中"
"2025-08","高雄林園","closeout","收工回簽與現場紀錄","改善事項結案佐證完整","122","103","99","4","0","2","0","0.9612","14","低"
"2025-09","高雄林園","permit","許可基本資料","工作內容與地點完整","118","103","100","3","1","1","0","0.9709","17","低"
"2025-09","高雄林園","permit","許可基本資料","作業分級正確","118","102","99","3","0","1","0","0.9706","9","低"
"2025-09","高雄林園","permit","許可基本資料","核准工作時間明確","118","106","103","3","1","1","0","0.9717","17","低"
"2025-09","高雄林園","permit","許可基本資料","回簽資料完整","118","118","114","4","0","2","0","0.9661","14","低"
"2025-09","高雄林園","workType","作業分級與工作項目","動火/非動火判定正確","118","113","110","3","0","1","0","0.9735","9","低"
"2025-09","高雄林園","workType","作業分級與工作項目","A/B/C級作業判定正確","118","117","114","3","0","1","0","0.9744","9","低"
"2025-09","高雄林園","workType","作業分級與工作項目","附加檢點表適用","118","117","114","3","0","1","0","0.9744","9","低"
"2025-09","高雄林園","workType","作業分級與工作項目","延時工作經核准","118","119","115","4","0","2","0","0.9664","14","低"
"2025-09","高雄林園","contractor","承攬商與人員資格","施工人員名冊完整","118","107","102","5","1","1","0","0.9533","21","中"
"2025-09","高雄林園","contractor","承攬商與人員資格","工地負責人到場","118","103","99","4","1","2","0","0.9612","22","中"
"2025-09","高雄林園","contractor","承攬商與人員資格","安衛人員到場","118","115","110","5","1","2","0","0.9565","24","中"
"2025-09","高雄林園","contractor","承攬商與人員資格","特殊作業主管資格符合","118","101","97","4","0","1","0","0.9604","11","低"
"2025-09","高雄林園","hazardNotice","危害告知","承攬商已知悉注意事項","118","106","102","4","1","1","0","0.9623","19","中"
"2025-09","高雄林園","hazardNotice","危害告知","施工人員完成危害告知","118","104","101","3","0","1","0","0.9712","9","低"
"2025-09","高雄林園","hazardNotice","危害告知","勤前教育紀錄完整","118","114","111","3","0","1","0","0.9737","9","低"
"2025-09","高雄林園","hazardNotice","危害告知","緊急聯絡資訊明確","118","116","111","5","1","1","0","0.9569","21","中"
"2025-09","高雄林園","isolation","環境安全隔離","設備管線已釋壓清洗","118","120","113","7","2","2","1","0.9417","41","中"
"2025-09","高雄林園","isolation","環境安全隔離","進出口已關斷/盲封/掛牌","118","120","113","7","2","2","0","0.9417","36","中"
"2025-09","高雄林園","isolation","環境安全隔離","電源隔離加鎖掛牌","118","102","97","5","2","1","0","0.951","29","中"
"2025-09","高雄林園","isolation","環境安全隔離","暗溝陰井已堵塞密封","118","118","113","5","1","2","1","0.9576","29","中"
"2025-09","高雄林園","gas","氣體偵測","可燃性氣體低於20%LEL","118","105","99","6","2","2","1","0.9429","39","中"
"2025-09","高雄林園","gas","氣體偵測","氧氣濃度符合標準","118","117","112","5","1","2","1","0.9573","29","中"
"2025-09","高雄林園","gas","氣體偵測","有害氣體低於容許濃度","118","101","96","5","1","2","1","0.9505","29","中"
"2025-09","高雄林園","gas","氣體偵測","上下午或連續測定紀錄完整","118","105","100","5","2","1","0","0.9524","29","中"
"2025-09","高雄林園","fireExplosion","消防與防爆設備","20型滅火器配置足夠","118","103","98","5","1","2","1","0.9515","29","中"
"2025-09","高雄林園","fireExplosion","消防與防爆設備","防爆電氣設備符合","118","97","92","5","2","2","1","0.9485","37","中"
"2025-09","高雄林園","fireExplosion","消防與防爆設備","安全工具使用正確","118","113","108","5","2","2","0","0.9558","32","中"
"2025-09","高雄林園","fireExplosion","消防與防爆設備","消防水帶或防火措施到位","118","106","100","6","2","1","0","0.9434","31","中"
"2025-09","高雄林園","ppeHeight","PPE與高處防墜","個人防護具穿戴正確","118","110","105","5","2","2","0","0.9545","32","中"
"2025-09","高雄林園","ppeHeight","PPE與高處防墜","安全帶/安全母索使用","118","109","104","5","1","2","1","0.9541","29","中"
"2025-09","高雄林園","ppeHeight","PPE與高處防墜","施工架檢點合格","118","100","94","6","1","2","1","0.94","31","中"
"2025-09","高雄林園","ppeHeight","PPE與高處防墜","安全網或工作平台設置","118","109","103","6","2","2","1","0.945","39","中"
"2025-09","高雄林園","patrol","巡查會簽","轄區檢點簽認","118","112","108","4","0","2","1","0.9643","19","中"
"2025-09","高雄林園","patrol","巡查會簽","監造巡查簽認","118","105","102","3","0","1","0","0.9714","9","低"
"2025-09","高雄林園","patrol","巡查會簽","安衛人員巡查紀錄","118","98","94","4","1","1","0","0.9592","19","中"
"2025-09","高雄林園","patrol","巡查會簽","異常已即時通知","118","114","109","5","1","2","0","0.9561","24","中"
"2025-09","高雄林園","closeout","收工回簽與現場紀錄","環境整理完成","118","118","112","6","1","1","0","0.9492","23","中"
"2025-09","高雄林園","closeout","收工回簽與現場紀錄","施工前後照片完整","118","100","96","4","1","1","0","0.96","19","中"
"2025-09","高雄林園","closeout","收工回簽與現場紀錄","氣體偵測照片上傳","118","102","97","5","1","1","0","0.951","21","中"
"2025-09","高雄林園","closeout","收工回簽與現場紀錄","改善事項結案佐證完整","118","97","93","4","0","2","0","0.9588","14","低"
"2025-10","高雄林園","permit","許可基本資料","工作內容與地點完整","123","109","106","3","0","1","0","0.9725","9","低"
"2025-10","高雄林園","permit","許可基本資料","作業分級正確","123","102","98","4","1","2","1","0.9608","27","中"
"2025-10","高雄林園","permit","許可基本資料","核准工作時間明確","123","124","121","3","1","1","0","0.9758","17","低"
"2025-10","高雄林園","permit","許可基本資料","回簽資料完整","123","122","118","4","0","1","0","0.9672","11","低"
"2025-10","高雄林園","workType","作業分級與工作項目","動火/非動火判定正確","123","112","109","3","0","1","0","0.9732","9","低"
"2025-10","高雄林園","workType","作業分級與工作項目","A/B/C級作業判定正確","123","102","99","3","0","1","0","0.9706","9","低"
"2025-10","高雄林園","workType","作業分級與工作項目","附加檢點表適用","123","119","115","4","1","1","0","0.9664","19","中"
"2025-10","高雄林園","workType","作業分級與工作項目","延時工作經核准","123","109","105","4","0","2","0","0.9633","14","低"
"2025-10","高雄林園","contractor","承攬商與人員資格","施工人員名冊完整","123","118","114","4","1","1","0","0.9661","19","中"
"2025-10","高雄林園","contractor","承攬商與人員資格","工地負責人到場","123","116","110","6","1","3","1","0.9483","34","中"
"2025-10","高雄林園","contractor","承攬商與人員資格","安衛人員到場","123","104","100","4","1","1","0","0.9615","19","中"
"2025-10","高雄林園","contractor","承攬商與人員資格","特殊作業主管資格符合","123","104","100","4","0","2","1","0.9615","19","中"
"2025-10","高雄林園","hazardNotice","危害告知","承攬商已知悉注意事項","123","117","113","4","1","1","0","0.9658","19","中"
"2025-10","高雄林園","hazardNotice","危害告知","施工人員完成危害告知","123","106","102","4","1","2","0","0.9623","22","中"
"2025-10","高雄林園","hazardNotice","危害告知","勤前教育紀錄完整","123","117","113","4","1","2","0","0.9658","22","中"
"2025-10","高雄林園","hazardNotice","危害告知","緊急聯絡資訊明確","123","122","118","4","1","1","0","0.9672","19","中"
"2025-10","高雄林園","isolation","環境安全隔離","設備管線已釋壓清洗","123","118","111","7","2","2","0","0.9407","36","中"
"2025-10","高雄林園","isolation","環境安全隔離","進出口已關斷/盲封/掛牌","123","107","103","4","1","1","0","0.9626","19","中"
"2025-10","高雄林園","isolation","環境安全隔離","電源隔離加鎖掛牌","123","123","118","5","1","1","0","0.9593","21","中"
"2025-10","高雄林園","isolation","環境安全隔離","暗溝陰井已堵塞密封","123","111","105","6","2","2","1","0.9459","39","中"
"2025-10","高雄林園","gas","氣體偵測","可燃性氣體低於20%LEL","123","123","116","7","2","3","1","0.9431","44","高"
"2025-10","高雄林園","gas","氣體偵測","氧氣濃度符合標準","123","125","117","8","3","3","1","0.936","54","高"
"2025-10","高雄林園","gas","氣體偵測","有害氣體低於容許濃度","123","110","105","5","2","1","0","0.9545","29","中"
"2025-10","高雄林園","gas","氣體偵測","上下午或連續測定紀錄完整","123","121","115","6","2","2","0","0.9504","34","中"
"2025-10","高雄林園","fireExplosion","消防與防爆設備","20型滅火器配置足夠","123","107","101","6","2","2","1","0.9439","39","中"
"2025-10","高雄林園","fireExplosion","消防與防爆設備","防爆電氣設備符合","123","101","95","6","2","1","0","0.9406","31","中"
"2025-10","高雄林園","fireExplosion","消防與防爆設備","安全工具使用正確","123","109","103","6","2","2","1","0.945","39","中"
"2025-10","高雄林園","fireExplosion","消防與防爆設備","消防水帶或防火措施到位","123","102","96","6","1","2","1","0.9412","31","中"
"2025-10","高雄林園","ppeHeight","PPE與高處防墜","個人防護具穿戴正確","123","118","111","7","2","2","0","0.9407","36","中"
"2025-10","高雄林園","ppeHeight","PPE與高處防墜","安全帶/安全母索使用","123","101","97","4","1","1","0","0.9604","19","中"
"2025-10","高雄林園","ppeHeight","PPE與高處防墜","施工架檢點合格","123","111","105","6","2","2","0","0.9459","34","中"
"2025-10","高雄林園","ppeHeight","PPE與高處防墜","安全網或工作平台設置","123","119","114","5","2","2","1","0.958","37","中"
"2025-10","高雄林園","patrol","巡查會簽","轄區檢點簽認","123","102","98","4","0","1","0","0.9608","11","低"
"2025-10","高雄林園","patrol","巡查會簽","監造巡查簽認","123","117","113","4","0","2","1","0.9658","19","中"
"2025-10","高雄林園","patrol","巡查會簽","安衛人員巡查紀錄","123","105","102","3","0","1","0","0.9714","9","低"
"2025-10","高雄林園","patrol","巡查會簽","異常已即時通知","123","115","111","4","1","1","0","0.9652","19","中"
"2025-10","高雄林園","closeout","收工回簽與現場紀錄","環境整理完成","123","107","102","5","1","1","0","0.9533","21","中"
"2025-10","高雄林園","closeout","收工回簽與現場紀錄","施工前後照片完整","123","118","114","4","1","2","1","0.9661","27","中"
"2025-10","高雄林園","closeout","收工回簽與現場紀錄","氣體偵測照片上傳","123","110","106","4","0","2","1","0.9636","19","中"
"2025-10","高雄林園","closeout","收工回簽與現場紀錄","改善事項結案佐證完整","123","106","101","5","1","1","0","0.9528","21","中"
"2025-11","高雄林園","permit","許可基本資料","工作內容與地點完整","125","118","114","4","1","2","1","0.9661","27","中"
"2025-11","高雄林園","permit","許可基本資料","作業分級正確","125","125","121","4","1","1","0","0.968","19","中"
"2025-11","高雄林園","permit","許可基本資料","核准工作時間明確","125","107","104","3","1","1","0","0.972","17","低"
"2025-11","高雄林園","permit","許可基本資料","回簽資料完整","125","115","111","4","1","2","0","0.9652","22","中"
"2025-11","高雄林園","workType","作業分級與工作項目","動火/非動火判定正確","125","124","120","4","0","1","0","0.9677","11","低"
"2025-11","高雄林園","workType","作業分級與工作項目","A/B/C級作業判定正確","125","124","120","4","1","1","0","0.9677","19","中"
"2025-11","高雄林園","workType","作業分級與工作項目","附加檢點表適用","125","105","101","4","1","1","0","0.9619","19","中"
"2025-11","高雄林園","workType","作業分級與工作項目","延時工作經核准","125","119","115","4","0","1","0","0.9664","11","低"
"2025-11","高雄林園","contractor","承攬商與人員資格","施工人員名冊完整","125","109","104","5","1","1","0","0.9541","21","中"
"2025-11","高雄林園","contractor","承攬商與人員資格","工地負責人到場","125","118","114","4","1","1","0","0.9661","19","中"
"2025-11","高雄林園","contractor","承攬商與人員資格","安衛人員到場","125","126","122","4","0","1","0","0.9683","11","低"
"2025-11","高雄林園","contractor","承攬商與人員資格","特殊作業主管資格符合","125","112","108","4","1","2","0","0.9643","22","中"
"2025-11","高雄林園","hazardNotice","危害告知","承攬商已知悉注意事項","125","105","101","4","1","2","1","0.9619","27","中"
"2025-11","高雄林園","hazardNotice","危害告知","施工人員完成危害告知","125","103","100","3","0","1","0","0.9709","9","低"
"2025-11","高雄林園","hazardNotice","危害告知","勤前教育紀錄完整","125","103","100","3","0","1","0","0.9709","9","低"
"2025-11","高雄林園","hazardNotice","危害告知","緊急聯絡資訊明確","125","110","107","3","0","1","0","0.9727","9","低"
"2025-11","高雄林園","isolation","環境安全隔離","設備管線已釋壓清洗","125","104","99","5","2","2","1","0.9519","37","中"
"2025-11","高雄林園","isolation","環境安全隔離","進出口已關斷/盲封/掛牌","125","116","110","6","1","3","1","0.9483","34","中"
"2025-11","高雄林園","isolation","環境安全隔離","電源隔離加鎖掛牌","125","118","112","6","2","1","0","0.9492","31","中"
"2025-11","高雄林園","isolation","環境安全隔離","暗溝陰井已堵塞密封","125","113","107","6","2","2","1","0.9469","39","中"
"2025-11","高雄林園","gas","氣體偵測","可燃性氣體低於20%LEL","125","117","111","6","2","1","0","0.9487","31","中"
"2025-11","高雄林園","gas","氣體偵測","氧氣濃度符合標準","125","117","111","6","2","2","1","0.9487","39","中"
"2025-11","高雄林園","gas","氣體偵測","有害氣體低於容許濃度","125","126","120","6","2","2","1","0.9524","39","中"
"2025-11","高雄林園","gas","氣體偵測","上下午或連續測定紀錄完整","125","121","114","7","2","3","1","0.9421","44","高"
"2025-11","高雄林園","fireExplosion","消防與防爆設備","20型滅火器配置足夠","125","120","115","5","1","2","0","0.9583","24","中"
"2025-11","高雄林園","fireExplosion","消防與防爆設備","防爆電氣設備符合","125","105","100","5","2","1","0","0.9524","29","中"
"2025-11","高雄林園","fireExplosion","消防與防爆設備","安全工具使用正確","125","118","113","5","2","2","1","0.9576","37","中"
"2025-11","高雄林園","fireExplosion","消防與防爆設備","消防水帶或防火措施到位","125","115","109","6","2","1","0","0.9478","31","中"
"2025-11","高雄林園","ppeHeight","PPE與高處防墜","個人防護具穿戴正確","125","113","108","5","1","1","0","0.9558","21","中"
"2025-11","高雄林園","ppeHeight","PPE與高處防墜","安全帶/安全母索使用","125","118","111","7","2","2","1","0.9407","41","中"
"2025-11","高雄林園","ppeHeight","PPE與高處防墜","施工架檢點合格","125","121","114","7","2","2","1","0.9421","41","中"
"2025-11","高雄林園","ppeHeight","PPE與高處防墜","安全網或工作平台設置","125","104","100","4","1","1","0","0.9615","19","中"
"2025-11","高雄林園","patrol","巡查會簽","轄區檢點簽認","125","103","99","4","1","1","0","0.9612","19","中"
"2025-11","高雄林園","patrol","巡查會簽","監造巡查簽認","125","120","115","5","1","2","1","0.9583","29","中"
"2025-11","高雄林園","patrol","巡查會簽","安衛人員巡查紀錄","125","105","102","3","1","1","0","0.9714","17","低"
"2025-11","高雄林園","patrol","巡查會簽","異常已即時通知","125","109","105","4","1","1","0","0.9633","19","中"
"2025-11","高雄林園","closeout","收工回簽與現場紀錄","環境整理完成","125","107","102","5","1","2","1","0.9533","29","中"
"2025-11","高雄林園","closeout","收工回簽與現場紀錄","施工前後照片完整","125","109","105","4","1","1","0","0.9633","19","中"
"2025-11","高雄林園","closeout","收工回簽與現場紀錄","氣體偵測照片上傳","125","113","109","4","0","1","0","0.9646","11","低"
"2025-11","高雄林園","closeout","收工回簽與現場紀錄","改善事項結案佐證完整","125","123","118","5","0","2","1","0.9593","21","中"
"2025-12","高雄林園","permit","許可基本資料","工作內容與地點完整","121","111","108","3","0","1","0","0.973","9","低"
"2025-12","高雄林園","permit","許可基本資料","作業分級正確","121","117","113","4","0","2","1","0.9658","19","中"
"2025-12","高雄林園","permit","許可基本資料","核准工作時間明確","121","103","100","3","0","1","0","0.9709","9","低"
"2025-12","高雄林園","permit","許可基本資料","回簽資料完整","121","119","116","3","1","1","0","0.9748","17","低"
"2025-12","高雄林園","workType","作業分級與工作項目","動火/非動火判定正確","121","100","96","4","1","2","1","0.96","27","中"
"2025-12","高雄林園","workType","作業分級與工作項目","A/B/C級作業判定正確","121","107","104","3","0","1","0","0.972","9","低"
"2025-12","高雄林園","workType","作業分級與工作項目","附加檢點表適用","121","110","107","3","0","1","0","0.9727","9","低"
"2025-12","高雄林園","workType","作業分級與工作項目","延時工作經核准","121","109","105","4","1","2","1","0.9633","27","中"
"2025-12","高雄林園","contractor","承攬商與人員資格","施工人員名冊完整","121","117","113","4","1","2","0","0.9658","22","中"
"2025-12","高雄林園","contractor","承攬商與人員資格","工地負責人到場","121","110","105","5","1","2","1","0.9545","29","中"
"2025-12","高雄林園","contractor","承攬商與人員資格","安衛人員到場","121","103","98","5","1","2","0","0.9515","24","中"
"2025-12","高雄林園","contractor","承攬商與人員資格","特殊作業主管資格符合","121","121","116","5","1","2","0","0.9587","24","中"
"2025-12","高雄林園","hazardNotice","危害告知","承攬商已知悉注意事項","121","115","111","4","0","1","0","0.9652","11","低"
"2025-12","高雄林園","hazardNotice","危害告知","施工人員完成危害告知","121","107","103","4","1","2","1","0.9626","27","中"
"2025-12","高雄林園","hazardNotice","危害告知","勤前教育紀錄完整","121","116","111","5","1","1","0","0.9569","21","中"
"2025-12","高雄林園","hazardNotice","危害告知","緊急聯絡資訊明確","121","116","112","4","0","1","0","0.9655","11","低"
"2025-12","高雄林園","isolation","環境安全隔離","設備管線已釋壓清洗","121","107","102","5","2","2","0","0.9533","32","中"
"2025-12","高雄林園","isolation","環境安全隔離","進出口已關斷/盲封/掛牌","121","116","110","6","2","1","0","0.9483","31","中"
"2025-12","高雄林園","isolation","環境安全隔離","電源隔離加鎖掛牌","121","123","118","5","1","2","1","0.9593","29","中"
"2025-12","高雄林園","isolation","環境安全隔離","暗溝陰井已堵塞密封","121","100","95","5","2","1","0","0.95","29","中"
"2025-12","高雄林園","gas","氣體偵測","可燃性氣體低於20%LEL","121","115","110","5","1","2","1","0.9565","29","中"
"2025-12","高雄林園","gas","氣體偵測","氧氣濃度符合標準","121","100","95","5","1","1","0","0.95","21","中"
"2025-12","高雄林園","gas","氣體偵測","有害氣體低於容許濃度","121","102","97","5","2","2","1","0.951","37","中"
"2025-12","高雄林園","gas","氣體偵測","上下午或連續測定紀錄完整","121","117","112","5","2","2","0","0.9573","32","中"
"2025-12","高雄林園","fireExplosion","消防與防爆設備","20型滅火器配置足夠","121","100","95","5","2","2","1","0.95","37","中"
"2025-12","高雄林園","fireExplosion","消防與防爆設備","防爆電氣設備符合","121","122","117","5","2","2","1","0.959","37","中"
"2025-12","高雄林園","fireExplosion","消防與防爆設備","安全工具使用正確","121","99","93","6","2","2","0","0.9394","34","中"
"2025-12","高雄林園","fireExplosion","消防與防爆設備","消防水帶或防火措施到位","121","102","97","5","1","2","1","0.951","29","中"
"2025-12","高雄林園","ppeHeight","PPE與高處防墜","個人防護具穿戴正確","121","106","101","5","2","2","0","0.9528","32","中"
"2025-12","高雄林園","ppeHeight","PPE與高處防墜","安全帶/安全母索使用","121","109","103","6","2","2","1","0.945","39","中"
"2025-12","高雄林園","ppeHeight","PPE與高處防墜","施工架檢點合格","121","123","117","6","1","2","1","0.9512","31","中"
"2025-12","高雄林園","ppeHeight","PPE與高處防墜","安全網或工作平台設置","121","119","112","7","2","3","1","0.9412","44","高"
"2025-12","高雄林園","patrol","巡查會簽","轄區檢點簽認","121","122","118","4","0","2","1","0.9672","19","中"
"2025-12","高雄林園","patrol","巡查會簽","監造巡查簽認","121","107","102","5","1","2","0","0.9533","24","中"
"2025-12","高雄林園","patrol","巡查會簽","安衛人員巡查紀錄","121","107","102","5","1","2","1","0.9533","29","中"
"2025-12","高雄林園","patrol","巡查會簽","異常已即時通知","121","118","114","4","0","1","0","0.9661","11","低"
"2025-12","高雄林園","closeout","收工回簽與現場紀錄","環境整理完成","121","106","101","5","1","1","0","0.9528","21","中"
"2025-12","高雄林園","closeout","收工回簽與現場紀錄","施工前後照片完整","121","112","107","5","1","2","0","0.9554","24","中"
"2025-12","高雄林園","closeout","收工回簽與現場紀錄","氣體偵測照片上傳","121","113","108","5","1","1","0","0.9558","21","中"
"2025-12","高雄林園","closeout","收工回簽與現場紀錄","改善事項結案佐證完整","121","105","100","5","1","1","0","0.9524","21","中"
"2026-01","高雄林園","permit","許可基本資料","工作內容與地點完整","136","137","133","4","1","2","1","0.9708","27","中"
"2026-01","高雄林園","permit","許可基本資料","作業分級正確","136","125","121","4","0","2","0","0.968","14","低"
"2026-01","高雄林園","permit","許可基本資料","核准工作時間明確","136","116","113","3","0","1","0","0.9741","9","低"
"2026-01","高雄林園","permit","許可基本資料","回簽資料完整","136","134","130","4","1","1","0","0.9701","19","中"
"2026-01","高雄林園","workType","作業分級與工作項目","動火/非動火判定正確","136","129","124","5","1","2","1","0.9612","29","中"
"2026-01","高雄林園","workType","作業分級與工作項目","A/B/C級作業判定正確","136","112","108","4","0","1","0","0.9643","11","低"
"2026-01","高雄林園","workType","作業分級與工作項目","附加檢點表適用","136","114","110","4","0","1","0","0.9649","11","低"
"2026-01","高雄林園","workType","作業分級與工作項目","延時工作經核准","136","134","129","5","1","2","0","0.9627","24","中"
"2026-01","高雄林園","contractor","承攬商與人員資格","施工人員名冊完整","136","135","129","6","1","1","0","0.9556","23","中"
"2026-01","高雄林園","contractor","承攬商與人員資格","工地負責人到場","136","129","125","4","1","1","0","0.969","19","中"
"2026-01","高雄林園","contractor","承攬商與人員資格","安衛人員到場","136","116","111","5","1","2","0","0.9569","24","中"
"2026-01","高雄林園","contractor","承攬商與人員資格","特殊作業主管資格符合","136","120","115","5","1","2","1","0.9583","29","中"
"2026-01","高雄林園","hazardNotice","危害告知","承攬商已知悉注意事項","136","123","119","4","0","1","0","0.9675","11","低"
"2026-01","高雄林園","hazardNotice","危害告知","施工人員完成危害告知","136","121","117","4","1","2","0","0.9669","22","中"
"2026-01","高雄林園","hazardNotice","危害告知","勤前教育紀錄完整","136","122","119","3","0","1","0","0.9754","9","低"
"2026-01","高雄林園","hazardNotice","危害告知","緊急聯絡資訊明確","136","126","122","4","1","1","0","0.9683","19","中"
"2026-01","高雄林園","isolation","環境安全隔離","設備管線已釋壓清洗","136","120","115","5","1","1","0","0.9583","21","中"
"2026-01","高雄林園","isolation","環境安全隔離","進出口已關斷/盲封/掛牌","136","128","123","5","1","1","0","0.9609","21","中"
"2026-01","高雄林園","isolation","環境安全隔離","電源隔離加鎖掛牌","136","135","129","6","2","2","1","0.9556","39","中"
"2026-01","高雄林園","isolation","環境安全隔離","暗溝陰井已堵塞密封","136","117","111","6","2","2","0","0.9487","34","中"
"2026-01","高雄林園","gas","氣體偵測","可燃性氣體低於20%LEL","136","130","124","6","1","2","1","0.9538","31","中"
"2026-01","高雄林園","gas","氣體偵測","氧氣濃度符合標準","136","122","116","6","1","2","0","0.9508","26","中"
"2026-01","高雄林園","gas","氣體偵測","有害氣體低於容許濃度","136","126","120","6","2","2","1","0.9524","39","中"
"2026-01","高雄林園","gas","氣體偵測","上下午或連續測定紀錄完整","136","114","109","5","1","1","0","0.9561","21","中"
"2026-01","高雄林園","fireExplosion","消防與防爆設備","20型滅火器配置足夠","136","116","111","5","2","1","0","0.9569","29","中"
"2026-01","高雄林園","fireExplosion","消防與防爆設備","防爆電氣設備符合","136","117","112","5","1","1","0","0.9573","21","中"
"2026-01","高雄林園","fireExplosion","消防與防爆設備","安全工具使用正確","136","125","119","6","2","2","1","0.952","39","中"
"2026-01","高雄林園","fireExplosion","消防與防爆設備","消防水帶或防火措施到位","136","114","108","6","1","2","0","0.9474","26","中"
"2026-01","高雄林園","ppeHeight","PPE與高處防墜","個人防護具穿戴正確","136","126","120","6","2","3","1","0.9524","42","高"
"2026-01","高雄林園","ppeHeight","PPE與高處防墜","安全帶/安全母索使用","136","115","109","6","1","2","1","0.9478","31","中"
"2026-01","高雄林園","ppeHeight","PPE與高處防墜","施工架檢點合格","136","117","112","5","1","1","0","0.9573","21","中"
"2026-01","高雄林園","ppeHeight","PPE與高處防墜","安全網或工作平台設置","136","135","129","6","1","1","0","0.9556","23","中"
"2026-01","高雄林園","patrol","巡查會簽","轄區檢點簽認","136","119","114","5","1","1","0","0.958","21","中"
"2026-01","高雄林園","patrol","巡查會簽","監造巡查簽認","136","120","115","5","1","2","1","0.9583","29","中"
"2026-01","高雄林園","patrol","巡查會簽","安衛人員巡查紀錄","136","121","116","5","1","2","1","0.9587","29","中"
"2026-01","高雄林園","patrol","巡查會簽","異常已即時通知","136","128","124","4","1","2","1","0.9688","27","中"
"2026-01","高雄林園","closeout","收工回簽與現場紀錄","環境整理完成","136","115","111","4","0","1","0","0.9652","11","低"
"2026-01","高雄林園","closeout","收工回簽與現場紀錄","施工前後照片完整","136","116","111","5","1","2","0","0.9569","24","中"
"2026-01","高雄林園","closeout","收工回簽與現場紀錄","氣體偵測照片上傳","136","112","108","4","1","1","0","0.9643","19","中"
"2026-01","高雄林園","closeout","收工回簽與現場紀錄","改善事項結案佐證完整","136","133","127","6","1","1","0","0.9549","23","中"
"2026-02","高雄林園","permit","許可基本資料","工作內容與地點完整","134","130","126","4","1","2","1","0.9692","27","中"
"2026-02","高雄林園","permit","許可基本資料","作業分級正確","134","134","130","4","0","1","0","0.9701","11","低"
"2026-02","高雄林園","permit","許可基本資料","核准工作時間明確","134","128","125","3","0","1","0","0.9766","9","低"
"2026-02","高雄林園","permit","許可基本資料","回簽資料完整","134","117","114","3","1","1","0","0.9744","17","低"
"2026-02","高雄林園","workType","作業分級與工作項目","動火/非動火判定正確","134","121","116","5","1","2","1","0.9587","29","中"
"2026-02","高雄林園","workType","作業分級與工作項目","A/B/C級作業判定正確","134","110","106","4","0","2","1","0.9636","19","中"
"2026-02","高雄林園","workType","作業分級與工作項目","附加檢點表適用","134","112","108","4","1","1","0","0.9643","19","中"
"2026-02","高雄林園","workType","作業分級與工作項目","延時工作經核准","134","129","125","4","1","1","0","0.969","19","中"
"2026-02","高雄林園","contractor","承攬商與人員資格","施工人員名冊完整","134","117","112","5","1","1","0","0.9573","21","中"
"2026-02","高雄林園","contractor","承攬商與人員資格","工地負責人到場","134","130","124","6","1","1","0","0.9538","23","中"
"2026-02","高雄林園","contractor","承攬商與人員資格","安衛人員到場","134","117","112","5","1","2","0","0.9573","24","中"
"2026-02","高雄林園","contractor","承攬商與人員資格","特殊作業主管資格符合","134","136","130","6","1","1","0","0.9559","23","中"
"2026-02","高雄林園","hazardNotice","危害告知","承攬商已知悉注意事項","134","137","132","5","1","2","0","0.9635","24","中"
"2026-02","高雄林園","hazardNotice","危害告知","施工人員完成危害告知","134","122","118","4","1","1","0","0.9672","19","中"
"2026-02","高雄林園","hazardNotice","危害告知","勤前教育紀錄完整","134","118","115","3","0","1","0","0.9746","9","低"
"2026-02","高雄林園","hazardNotice","危害告知","緊急聯絡資訊明確","134","128","125","3","0","1","0","0.9766","9","低"
"2026-02","高雄林園","isolation","環境安全隔離","設備管線已釋壓清洗","134","112","106","6","1","2","0","0.9464","26","中"
"2026-02","高雄林園","isolation","環境安全隔離","進出口已關斷/盲封/掛牌","134","120","115","5","2","1","0","0.9583","29","中"
"2026-02","高雄林園","isolation","環境安全隔離","電源隔離加鎖掛牌","134","112","107","5","1","2","0","0.9554","24","中"
"2026-02","高雄林園","isolation","環境安全隔離","暗溝陰井已堵塞密封","134","116","111","5","1","2","1","0.9569","29","中"
"2026-02","高雄林園","gas","氣體偵測","可燃性氣體低於20%LEL","134","121","116","5","1","2","1","0.9587","29","中"
"2026-02","高雄林園","gas","氣體偵測","氧氣濃度符合標準","134","120","113","7","2","2","1","0.9417","41","中"
"2026-02","高雄林園","gas","氣體偵測","有害氣體低於容許濃度","134","116","110","6","1","3","1","0.9483","34","中"
"2026-02","高雄林園","gas","氣體偵測","上下午或連續測定紀錄完整","134","110","105","5","1","1","0","0.9545","21","中"
"2026-02","高雄林園","fireExplosion","消防與防爆設備","20型滅火器配置足夠","134","116","110","6","2","2","1","0.9483","39","中"
"2026-02","高雄林園","fireExplosion","消防與防爆設備","防爆電氣設備符合","134","135","129","6","2","1","0","0.9556","31","中"
"2026-02","高雄林園","fireExplosion","消防與防爆設備","安全工具使用正確","134","126","119","7","2","2","0","0.9444","36","中"
"2026-02","高雄林園","fireExplosion","消防與防爆設備","消防水帶或防火措施到位","134","116","111","5","1","2","1","0.9569","29","中"
"2026-02","高雄林園","ppeHeight","PPE與高處防墜","個人防護具穿戴正確","134","111","105","6","2","2","1","0.9459","39","中"
"2026-02","高雄林園","ppeHeight","PPE與高處防墜","安全帶/安全母索使用","134","132","125","7","2","2","1","0.947","41","中"
"2026-02","高雄林園","ppeHeight","PPE與高處防墜","施工架檢點合格","134","113","108","5","1","1","0","0.9558","21","中"
"2026-02","高雄林園","ppeHeight","PPE與高處防墜","安全網或工作平台設置","134","133","128","5","1","2","1","0.9624","29","中"
"2026-02","高雄林園","patrol","巡查會簽","轄區檢點簽認","134","112","107","5","1","2","0","0.9554","24","中"
"2026-02","高雄林園","patrol","巡查會簽","監造巡查簽認","134","122","118","4","0","2","1","0.9672","19","中"
"2026-02","高雄林園","patrol","巡查會簽","安衛人員巡查紀錄","134","122","118","4","0","1","0","0.9672","11","低"
"2026-02","高雄林園","patrol","巡查會簽","異常已即時通知","134","136","132","4","1","2","0","0.9706","22","中"
"2026-02","高雄林園","closeout","收工回簽與現場紀錄","環境整理完成","134","110","105","5","0","2","0","0.9545","16","低"
"2026-02","高雄林園","closeout","收工回簽與現場紀錄","施工前後照片完整","134","116","112","4","1","2","1","0.9655","27","中"
"2026-02","高雄林園","closeout","收工回簽與現場紀錄","氣體偵測照片上傳","134","131","125","6","1","2","0","0.9542","26","中"
"2026-02","高雄林園","closeout","收工回簽與現場紀錄","改善事項結案佐證完整","134","125","120","5","1","2","1","0.96","29","中"
"2026-03","高雄林園","permit","許可基本資料","工作內容與地點完整","142","135","130","5","0","1","0","0.963","13","低"
"2026-03","高雄林園","permit","許可基本資料","作業分級正確","142","128","124","4","1","2","1","0.9688","27","中"
"2026-03","高雄林園","permit","許可基本資料","核准工作時間明確","142","143","139","4","0","2","1","0.972","19","中"
"2026-03","高雄林園","permit","許可基本資料","回簽資料完整","142","118","114","4","1","2","0","0.9661","22","中"
"2026-03","高雄林園","workType","作業分級與工作項目","動火/非動火判定正確","142","138","133","5","0","2","1","0.9638","21","中"
"2026-03","高雄林園","workType","作業分級與工作項目","A/B/C級作業判定正確","142","124","119","5","1","1","0","0.9597","21","中"
"2026-03","高雄林園","workType","作業分級與工作項目","附加檢點表適用","142","137","133","4","1","1","0","0.9708","19","中"
"2026-03","高雄林園","workType","作業分級與工作項目","延時工作經核准","142","117","113","4","0","2","1","0.9658","19","中"
"2026-03","高雄林園","contractor","承攬商與人員資格","施工人員名冊完整","142","139","134","5","1","2","1","0.964","29","中"
"2026-03","高雄林園","contractor","承攬商與人員資格","工地負責人到場","142","140","135","5","1","1","0","0.9643","21","中"
"2026-03","高雄林園","contractor","承攬商與人員資格","安衛人員到場","142","144","138","6","1","2","1","0.9583","31","中"
"2026-03","高雄林園","contractor","承攬商與人員資格","特殊作業主管資格符合","142","119","115","4","0","1","0","0.9664","11","低"
"2026-03","高雄林園","hazardNotice","危害告知","承攬商已知悉注意事項","142","122","119","3","1","1","0","0.9754","17","低"
"2026-03","高雄林園","hazardNotice","危害告知","施工人員完成危害告知","142","128","124","4","0","2","0","0.9688","14","低"
"2026-03","高雄林園","hazardNotice","危害告知","勤前教育紀錄完整","142","144","139","5","1","1","0","0.9653","21","中"
"2026-03","高雄林園","hazardNotice","危害告知","緊急聯絡資訊明確","142","137","134","3","0","1","0","0.9781","9","低"
"2026-03","高雄林園","isolation","環境安全隔離","設備管線已釋壓清洗","142","117","111","6","2","2","1","0.9487","39","中"
"2026-03","高雄林園","isolation","環境安全隔離","進出口已關斷/盲封/掛牌","142","125","120","5","1","2","0","0.96","24","中"
"2026-03","高雄林園","isolation","環境安全隔離","電源隔離加鎖掛牌","142","126","120","6","2","3","1","0.9524","42","高"
"2026-03","高雄林園","isolation","環境安全隔離","暗溝陰井已堵塞密封","142","144","137","7","2","3","1","0.9514","44","高"
"2026-03","高雄林園","gas","氣體偵測","可燃性氣體低於20%LEL","142","133","128","5","1","1","0","0.9624","21","中"
"2026-03","高雄林園","gas","氣體偵測","氧氣濃度符合標準","142","120","114","6","1","2","0","0.95","26","中"
"2026-03","高雄林園","gas","氣體偵測","有害氣體低於容許濃度","142","121","115","6","2","2","1","0.9504","39","中"
"2026-03","高雄林園","gas","氣體偵測","上下午或連續測定紀錄完整","142","130","123","7","2","3","1","0.9462","44","高"
"2026-03","高雄林園","fireExplosion","消防與防爆設備","20型滅火器配置足夠","142","132","125","7","2","2","1","0.947","41","中"
"2026-03","高雄林園","fireExplosion","消防與防爆設備","防爆電氣設備符合","142","145","138","7","2","3","1","0.9517","44","高"
"2026-03","高雄林園","fireExplosion","消防與防爆設備","安全工具使用正確","142","144","138","6","2","3","1","0.9583","42","高"
"2026-03","高雄林園","fireExplosion","消防與防爆設備","消防水帶或防火措施到位","142","128","122","6","2","2","0","0.9531","34","中"
"2026-03","高雄林園","ppeHeight","PPE與高處防墜","個人防護具穿戴正確","142","125","118","7","2","3","1","0.944","44","高"
"2026-03","高雄林園","ppeHeight","PPE與高處防墜","安全帶/安全母索使用","142","129","124","5","1","2","1","0.9612","29","中"
"2026-03","高雄林園","ppeHeight","PPE與高處防墜","施工架檢點合格","142","135","129","6","2","2","1","0.9556","39","中"
"2026-03","高雄林園","ppeHeight","PPE與高處防墜","安全網或工作平台設置","142","142","135","7","2","3","1","0.9507","44","高"
"2026-03","高雄林園","patrol","巡查會簽","轄區檢點簽認","142","135","130","5","1","1","0","0.963","21","中"
"2026-03","高雄林園","patrol","巡查會簽","監造巡查簽認","142","145","141","4","1","1","0","0.9724","19","中"
"2026-03","高雄林園","patrol","巡查會簽","安衛人員巡查紀錄","142","127","121","6","1","2","1","0.9528","31","中"
"2026-03","高雄林園","patrol","巡查會簽","異常已即時通知","142","141","136","5","1","2","1","0.9645","29","中"
"2026-03","高雄林園","closeout","收工回簽與現場紀錄","環境整理完成","142","126","120","6","1","2","1","0.9524","31","中"
"2026-03","高雄林園","closeout","收工回簽與現場紀錄","施工前後照片完整","142","121","116","5","1","2","1","0.9587","29","中"
"2026-03","高雄林園","closeout","收工回簽與現場紀錄","氣體偵測照片上傳","142","133","128","5","1","1","0","0.9624","21","中"
"2026-03","高雄林園","closeout","收工回簽與現場紀錄","改善事項結案佐證完整","142","134","129","5","1","1","0","0.9627","21","中"
"2026-04","高雄林園","permit","許可基本資料","工作內容與地點完整","134","113","109","4","0","1","0","0.9646","11","低"
"2026-04","高雄林園","permit","許可基本資料","作業分級正確","134","124","120","4","1","2","1","0.9677","27","中"
"2026-04","高雄林園","permit","許可基本資料","核准工作時間明確","134","122","119","3","0","1","0","0.9754","9","低"
"2026-04","高雄林園","permit","許可基本資料","回簽資料完整","134","137","132","5","1","2","0","0.9635","24","中"
"2026-04","高雄林園","workType","作業分級與工作項目","動火/非動火判定正確","134","137","132","5","1","1","0","0.9635","21","中"
"2026-04","高雄林園","workType","作業分級與工作項目","A/B/C級作業判定正確","134","116","111","5","1","2","1","0.9569","29","中"
"2026-04","高雄林園","workType","作業分級與工作項目","附加檢點表適用","134","117","114","3","0","1","0","0.9744","9","低"
"2026-04","高雄林園","workType","作業分級與工作項目","延時工作經核准","134","118","114","4","0","1","0","0.9661","11","低"
"2026-04","高雄林園","contractor","承攬商與人員資格","施工人員名冊完整","134","126","121","5","1","2","1","0.9603","29","中"
"2026-04","高雄林園","contractor","承攬商與人員資格","工地負責人到場","134","118","113","5","1","2","1","0.9576","29","中"
"2026-04","高雄林園","contractor","承攬商與人員資格","安衛人員到場","134","122","118","4","0","2","0","0.9672","14","低"
"2026-04","高雄林園","contractor","承攬商與人員資格","特殊作業主管資格符合","134","117","113","4","1","1","0","0.9658","19","中"
"2026-04","高雄林園","hazardNotice","危害告知","承攬商已知悉注意事項","134","121","118","3","0","1","0","0.9752","9","低"
"2026-04","高雄林園","hazardNotice","危害告知","施工人員完成危害告知","134","128","125","3","0","1","0","0.9766","9","低"
"2026-04","高雄林園","hazardNotice","危害告知","勤前教育紀錄完整","134","116","112","4","0","1","0","0.9655","11","低"
"2026-04","高雄林園","hazardNotice","危害告知","緊急聯絡資訊明確","134","115","111","4","1","2","0","0.9652","22","中"
"2026-04","高雄林園","isolation","環境安全隔離","設備管線已釋壓清洗","134","130","125","5","2","2","1","0.9615","37","中"
"2026-04","高雄林園","isolation","環境安全隔離","進出口已關斷/盲封/掛牌","134","134","127","7","2","2","1","0.9478","41","中"
"2026-04","高雄林園","isolation","環境安全隔離","電源隔離加鎖掛牌","134","113","107","6","2","2","1","0.9469","39","中"
"2026-04","高雄林園","isolation","環境安全隔離","暗溝陰井已堵塞密封","134","127","121","6","1","2","0","0.9528","26","中"
"2026-04","高雄林園","gas","氣體偵測","可燃性氣體低於20%LEL","134","118","111","7","2","3","1","0.9407","44","高"
"2026-04","高雄林園","gas","氣體偵測","氧氣濃度符合標準","134","124","117","7","2","3","1","0.9435","44","高"
"2026-04","高雄林園","gas","氣體偵測","有害氣體低於容許濃度","134","127","121","6","2","2","0","0.9528","34","中"
"2026-04","高雄林園","gas","氣體偵測","上下午或連續測定紀錄完整","134","130","124","6","1","3","1","0.9538","34","中"
"2026-04","高雄林園","fireExplosion","消防與防爆設備","20型滅火器配置足夠","134","122","117","5","2","1","0","0.959","29","中"
"2026-04","高雄林園","fireExplosion","消防與防爆設備","防爆電氣設備符合","134","128","122","6","2","2","1","0.9531","39","中"
"2026-04","高雄林園","fireExplosion","消防與防爆設備","安全工具使用正確","134","119","112","7","2","2","0","0.9412","36","中"
"2026-04","高雄林園","fireExplosion","消防與防爆設備","消防水帶或防火措施到位","134","126","119","7","2","3","1","0.9444","44","高"
"2026-04","高雄林園","ppeHeight","PPE與高處防墜","個人防護具穿戴正確","134","133","127","6","2","2","1","0.9549","39","中"
"2026-04","高雄林園","ppeHeight","PPE與高處防墜","安全帶/安全母索使用","134","123","118","5","2","2","1","0.9593","37","中"
"2026-04","高雄林園","ppeHeight","PPE與高處防墜","施工架檢點合格","134","132","127","5","1","1","0","0.9621","21","中"
"2026-04","高雄林園","ppeHeight","PPE與高處防墜","安全網或工作平台設置","134","135","129","6","2","1","0","0.9556","31","中"
"2026-04","高雄林園","patrol","巡查會簽","轄區檢點簽認","134","123","118","5","1","2","1","0.9593","29","中"
"2026-04","高雄林園","patrol","巡查會簽","監造巡查簽認","134","120","115","5","1","2","1","0.9583","29","中"
"2026-04","高雄林園","patrol","巡查會簽","安衛人員巡查紀錄","134","132","127","5","1","2","1","0.9621","29","中"
"2026-04","高雄林園","patrol","巡查會簽","異常已即時通知","134","135","130","5","0","1","0","0.963","13","低"
"2026-04","高雄林園","closeout","收工回簽與現場紀錄","環境整理完成","134","122","116","6","1","1","0","0.9508","23","中"
"2026-04","高雄林園","closeout","收工回簽與現場紀錄","施工前後照片完整","134","116","111","5","1","1","0","0.9569","21","中"
"2026-04","高雄林園","closeout","收工回簽與現場紀錄","氣體偵測照片上傳","134","110","106","4","1","1","0","0.9636","19","中"
"2026-04","高雄林園","closeout","收工回簽與現場紀錄","改善事項結案佐證完整","134","131","125","6","1","2","0","0.9542","26","中"
"2026-05","高雄林園","permit","許可基本資料","工作內容與地點完整","131","133","129","4","0","2","1","0.9699","19","中"
"2026-05","高雄林園","permit","許可基本資料","作業分級正確","131","122","118","4","1","2","0","0.9672","22","中"
"2026-05","高雄林園","permit","許可基本資料","核准工作時間明確","131","109","106","3","1","1","0","0.9725","17","低"
"2026-05","高雄林園","permit","許可基本資料","回簽資料完整","131","118","115","3","0","1","0","0.9746","9","低"
"2026-05","高雄林園","workType","作業分級與工作項目","動火/非動火判定正確","131","110","107","3","1","1","0","0.9727","17","低"
"2026-05","高雄林園","workType","作業分級與工作項目","A/B/C級作業判定正確","131","121","118","3","0","1","0","0.9752","9","低"
"2026-05","高雄林園","workType","作業分級與工作項目","附加檢點表適用","131","115","111","4","0","1","0","0.9652","11","低"
"2026-05","高雄林園","workType","作業分級與工作項目","延時工作經核准","131","115","110","5","1","2","0","0.9565","24","中"
"2026-05","高雄林園","contractor","承攬商與人員資格","施工人員名冊完整","131","131","127","4","0","2","0","0.9695","14","低"
"2026-05","高雄林園","contractor","承攬商與人員資格","工地負責人到場","131","122","117","5","1","2","0","0.959","24","中"
"2026-05","高雄林園","contractor","承攬商與人員資格","安衛人員到場","131","121","117","4","1","1","0","0.9669","19","中"
"2026-05","高雄林園","contractor","承攬商與人員資格","特殊作業主管資格符合","131","126","122","4","0","1","0","0.9683","11","低"
"2026-05","高雄林園","hazardNotice","危害告知","承攬商已知悉注意事項","131","111","107","4","0","2","0","0.964","14","低"
"2026-05","高雄林園","hazardNotice","危害告知","施工人員完成危害告知","131","114","111","3","0","1","0","0.9737","9","低"
"2026-05","高雄林園","hazardNotice","危害告知","勤前教育紀錄完整","131","116","112","4","1","2","1","0.9655","27","中"
"2026-05","高雄林園","hazardNotice","危害告知","緊急聯絡資訊明確","131","113","109","4","0","2","1","0.9646","19","中"
"2026-05","高雄林園","isolation","環境安全隔離","設備管線已釋壓清洗","131","125","118","7","2","3","1","0.944","44","高"
"2026-05","高雄林園","isolation","環境安全隔離","進出口已關斷/盲封/掛牌","131","113","107","6","2","2","0","0.9469","34","中"
"2026-05","高雄林園","isolation","環境安全隔離","電源隔離加鎖掛牌","131","109","103","6","2","2","0","0.945","34","中"
"2026-05","高雄林園","isolation","環境安全隔離","暗溝陰井已堵塞密封","131","109","103","6","2","2","0","0.945","34","中"
"2026-05","高雄林園","gas","氣體偵測","可燃性氣體低於20%LEL","131","132","125","7","2","3","1","0.947","44","高"
"2026-05","高雄林園","gas","氣體偵測","氧氣濃度符合標準","131","123","118","5","1","2","1","0.9593","29","中"
"2026-05","高雄林園","gas","氣體偵測","有害氣體低於容許濃度","131","128","121","7","2","3","1","0.9453","44","高"
"2026-05","高雄林園","gas","氣體偵測","上下午或連續測定紀錄完整","131","114","109","5","1","2","1","0.9561","29","中"
"2026-05","高雄林園","fireExplosion","消防與防爆設備","20型滅火器配置足夠","131","112","106","6","2","2","0","0.9464","34","中"
"2026-05","高雄林園","fireExplosion","消防與防爆設備","防爆電氣設備符合","131","123","118","5","2","2","1","0.9593","37","中"
"2026-05","高雄林園","fireExplosion","消防與防爆設備","安全工具使用正確","131","125","118","7","2","3","1","0.944","44","高"
"2026-05","高雄林園","fireExplosion","消防與防爆設備","消防水帶或防火措施到位","131","113","107","6","2","2","0","0.9469","34","中"
"2026-05","高雄林園","ppeHeight","PPE與高處防墜","個人防護具穿戴正確","131","126","120","6","1","2","1","0.9524","31","中"
"2026-05","高雄林園","ppeHeight","PPE與高處防墜","安全帶/安全母索使用","131","127","121","6","2","2","0","0.9528","34","中"
"2026-05","高雄林園","ppeHeight","PPE與高處防墜","施工架檢點合格","131","126","120","6","2","2","0","0.9524","34","中"
"2026-05","高雄林園","ppeHeight","PPE與高處防墜","安全網或工作平台設置","131","118","111","7","2","3","1","0.9407","44","高"
"2026-05","高雄林園","patrol","巡查會簽","轄區檢點簽認","131","131","127","4","1","1","0","0.9695","19","中"
"2026-05","高雄林園","patrol","巡查會簽","監造巡查簽認","131","132","128","4","0","2","0","0.9697","14","低"
"2026-05","高雄林園","patrol","巡查會簽","安衛人員巡查紀錄","131","117","113","4","0","1","0","0.9658","11","低"
"2026-05","高雄林園","patrol","巡查會簽","異常已即時通知","131","108","104","4","0","1","0","0.963","11","低"
"2026-05","高雄林園","closeout","收工回簽與現場紀錄","環境整理完成","131","118","113","5","1","1","0","0.9576","21","中"
"2026-05","高雄林園","closeout","收工回簽與現場紀錄","施工前後照片完整","131","118","113","5","1","2","0","0.9576","24","中"
"2026-05","高雄林園","closeout","收工回簽與現場紀錄","氣體偵測照片上傳","131","123","118","5","1","2","1","0.9593","29","中"
"2026-05","高雄林園","closeout","收工回簽與現場紀錄","改善事項結案佐證完整","131","130","124","6","1","3","1","0.9538","34","中"
"2026-06","高雄林園","permit","許可基本資料","工作內容與地點完整","135","131","127","4","1","1","0","0.9695","19","中"
"2026-06","高雄林園","permit","許可基本資料","作業分級正確","135","121","117","4","0","2","0","0.9669","14","低"
"2026-06","高雄林園","permit","許可基本資料","核准工作時間明確","135","121","118","3","0","1","0","0.9752","9","低"
"2026-06","高雄林園","permit","許可基本資料","回簽資料完整","135","129","126","3","0","1","0","0.9767","9","低"
"2026-06","高雄林園","workType","作業分級與工作項目","動火/非動火判定正確","135","119","114","5","0","1","0","0.958","13","低"
"2026-06","高雄林園","workType","作業分級與工作項目","A/B/C級作業判定正確","135","124","120","4","0","2","1","0.9677","19","中"
"2026-06","高雄林園","workType","作業分級與工作項目","附加檢點表適用","135","131","127","4","1","1","0","0.9695","19","中"
"2026-06","高雄林園","workType","作業分級與工作項目","延時工作經核准","135","137","132","5","1","2","1","0.9635","29","中"
"2026-06","高雄林園","contractor","承攬商與人員資格","施工人員名冊完整","135","136","131","5","1","1","0","0.9632","21","中"
"2026-06","高雄林園","contractor","承攬商與人員資格","工地負責人到場","135","123","117","6","1","3","1","0.9512","34","中"
"2026-06","高雄林園","contractor","承攬商與人員資格","安衛人員到場","135","114","110","4","1","1","0","0.9649","19","中"
"2026-06","高雄林園","contractor","承攬商與人員資格","特殊作業主管資格符合","135","111","106","5","1","2","1","0.955","29","中"
"2026-06","高雄林園","hazardNotice","危害告知","承攬商已知悉注意事項","135","134","130","4","0","1","0","0.9701","11","低"
"2026-06","高雄林園","hazardNotice","危害告知","施工人員完成危害告知","135","118","114","4","1","2","0","0.9661","22","中"
"2026-06","高雄林園","hazardNotice","危害告知","勤前教育紀錄完整","135","124","121","3","0","1","0","0.9758","9","低"
"2026-06","高雄林園","hazardNotice","危害告知","緊急聯絡資訊明確","135","125","120","5","1","2","1","0.96","29","中"
"2026-06","高雄林園","isolation","環境安全隔離","設備管線已釋壓清洗","135","137","131","6","1","2","1","0.9562","31","中"
"2026-06","高雄林園","isolation","環境安全隔離","進出口已關斷/盲封/掛牌","135","124","118","6","1","3","1","0.9516","34","中"
"2026-06","高雄林園","isolation","環境安全隔離","電源隔離加鎖掛牌","135","133","127","6","2","2","1","0.9549","39","中"
"2026-06","高雄林園","isolation","環境安全隔離","暗溝陰井已堵塞密封","135","114","108","6","2","3","1","0.9474","42","高"
"2026-06","高雄林園","gas","氣體偵測","可燃性氣體低於20%LEL","135","135","129","6","2","2","0","0.9556","34","中"
"2026-06","高雄林園","gas","氣體偵測","氧氣濃度符合標準","135","130","122","8","2","3","1","0.9385","46","高"
"2026-06","高雄林園","gas","氣體偵測","有害氣體低於容許濃度","135","132","126","6","2","2","0","0.9545","34","中"
"2026-06","高雄林園","gas","氣體偵測","上下午或連續測定紀錄完整","135","116","109","7","2","3","1","0.9397","44","高"
"2026-06","高雄林園","fireExplosion","消防與防爆設備","20型滅火器配置足夠","135","136","128","8","2","4","1","0.9412","49","高"
"2026-06","高雄林園","fireExplosion","消防與防爆設備","防爆電氣設備符合","135","123","117","6","2","3","1","0.9512","42","高"
"2026-06","高雄林園","fireExplosion","消防與防爆設備","安全工具使用正確","135","135","129","6","2","2","1","0.9556","39","中"
"2026-06","高雄林園","fireExplosion","消防與防爆設備","消防水帶或防火措施到位","135","121","115","6","2","1","0","0.9504","31","中"
"2026-06","高雄林園","ppeHeight","PPE與高處防墜","個人防護具穿戴正確","135","125","119","6","2","2","0","0.952","34","中"
"2026-06","高雄林園","ppeHeight","PPE與高處防墜","安全帶/安全母索使用","135","118","113","5","1","1","0","0.9576","21","中"
"2026-06","高雄林園","ppeHeight","PPE與高處防墜","施工架檢點合格","135","130","123","7","2","2","1","0.9462","41","中"
"2026-06","高雄林園","ppeHeight","PPE與高處防墜","安全網或工作平台設置","135","113","107","6","2","2","1","0.9469","39","中"
"2026-06","高雄林園","patrol","巡查會簽","轄區檢點簽認","135","133","128","5","0","2","1","0.9624","21","中"
"2026-06","高雄林園","patrol","巡查會簽","監造巡查簽認","135","115","111","4","1","1","0","0.9652","19","中"
"2026-06","高雄林園","patrol","巡查會簽","安衛人員巡查紀錄","135","112","108","4","1","1","0","0.9643","19","中"
"2026-06","高雄林園","patrol","巡查會簽","異常已即時通知","135","130","126","4","1","2","1","0.9692","27","中"
"2026-06","高雄林園","closeout","收工回簽與現場紀錄","環境整理完成","135","114","109","5","1","1","0","0.9561","21","中"
"2026-06","高雄林園","closeout","收工回簽與現場紀錄","施工前後照片完整","135","113","109","4","0","2","0","0.9646","14","低"
"2026-06","高雄林園","closeout","收工回簽與現場紀錄","氣體偵測照片上傳","135","120","114","6","1","2","1","0.95","31","中"
"2026-06","高雄林園","closeout","收工回簽與現場紀錄","改善事項結案佐證完整","135","112","108","4","1","2","0","0.9643","22","中"
"2026-07","高雄林園","permit","許可基本資料","工作內容與地點完整","120","102","100","2","0","1","0","0.9804","7","低"
"2026-07","高雄林園","permit","許可基本資料","作業分級正確","120","100","97","3","0","1","0","0.97","9","低"
"2026-07","高雄林園","permit","許可基本資料","核准工作時間明確","120","118","115","3","1","1","0","0.9746","17","低"
"2026-07","高雄林園","permit","許可基本資料","回簽資料完整","120","110","106","4","0","1","0","0.9636","11","低"
"2026-07","高雄林園","workType","作業分級與工作項目","動火/非動火判定正確","120","118","113","5","1","2","1","0.9576","29","中"
"2026-07","高雄林園","workType","作業分級與工作項目","A/B/C級作業判定正確","120","107","104","3","0","1","0","0.972","9","低"
"2026-07","高雄林園","workType","作業分級與工作項目","附加檢點表適用","120","118","114","4","0","1","0","0.9661","11","低"
"2026-07","高雄林園","workType","作業分級與工作項目","延時工作經核准","120","107","103","4","0","1","0","0.9626","11","低"
"2026-07","高雄林園","contractor","承攬商與人員資格","施工人員名冊完整","120","121","117","4","1","1","0","0.9669","19","中"
"2026-07","高雄林園","contractor","承攬商與人員資格","工地負責人到場","120","119","113","6","1","2","0","0.9496","26","中"
"2026-07","高雄林園","contractor","承攬商與人員資格","安衛人員到場","120","111","106","5","1","2","1","0.955","29","中"
"2026-07","高雄林園","contractor","承攬商與人員資格","特殊作業主管資格符合","120","121","116","5","1","2","0","0.9587","24","中"
"2026-07","高雄林園","hazardNotice","危害告知","承攬商已知悉注意事項","120","112","108","4","1","1","0","0.9643","19","中"
"2026-07","高雄林園","hazardNotice","危害告知","施工人員完成危害告知","120","106","103","3","0","1","0","0.9717","9","低"
"2026-07","高雄林園","hazardNotice","危害告知","勤前教育紀錄完整","120","101","98","3","0","1","0","0.9703","9","低"
"2026-07","高雄林園","hazardNotice","危害告知","緊急聯絡資訊明確","120","120","116","4","0","2","0","0.9667","14","低"
"2026-07","高雄林園","isolation","環境安全隔離","設備管線已釋壓清洗","120","113","108","5","1","2","0","0.9558","24","中"
"2026-07","高雄林園","isolation","環境安全隔離","進出口已關斷/盲封/掛牌","120","120","115","5","1","2","1","0.9583","29","中"
"2026-07","高雄林園","isolation","環境安全隔離","電源隔離加鎖掛牌","120","121","116","5","2","1","0","0.9587","29","中"
"2026-07","高雄林園","isolation","環境安全隔離","暗溝陰井已堵塞密封","120","117","111","6","1","2","0","0.9487","26","中"
"2026-07","高雄林園","gas","氣體偵測","可燃性氣體低於20%LEL","120","114","108","6","1","2","0","0.9474","26","中"
"2026-07","高雄林園","gas","氣體偵測","氧氣濃度符合標準","120","104","100","4","1","1","0","0.9615","19","中"
"2026-07","高雄林園","gas","氣體偵測","有害氣體低於容許濃度","120","121","114","7","2","3","1","0.9421","44","高"
"2026-07","高雄林園","gas","氣體偵測","上下午或連續測定紀錄完整","120","114","107","7","2","2","1","0.9386","41","中"
"2026-07","高雄林園","fireExplosion","消防與防爆設備","20型滅火器配置足夠","120","120","114","6","1","1","0","0.95","23","中"
"2026-07","高雄林園","fireExplosion","消防與防爆設備","防爆電氣設備符合","120","99","93","6","2","2","0","0.9394","34","中"
"2026-07","高雄林園","fireExplosion","消防與防爆設備","安全工具使用正確","120","103","98","5","1","2","1","0.9515","29","中"
"2026-07","高雄林園","fireExplosion","消防與防爆設備","消防水帶或防火措施到位","120","103","98","5","2","2","1","0.9515","37","中"
"2026-07","高雄林園","ppeHeight","PPE與高處防墜","個人防護具穿戴正確","120","111","105","6","1","2","1","0.9459","31","中"
"2026-07","高雄林園","ppeHeight","PPE與高處防墜","安全帶/安全母索使用","120","111","106","5","1","2","1","0.955","29","中"
"2026-07","高雄林園","ppeHeight","PPE與高處防墜","施工架檢點合格","120","101","97","4","1","1","0","0.9604","19","中"
"2026-07","高雄林園","ppeHeight","PPE與高處防墜","安全網或工作平台設置","120","100","96","4","1","2","0","0.96","22","中"
"2026-07","高雄林園","patrol","巡查會簽","轄區檢點簽認","120","103","100","3","0","1","0","0.9709","9","低"
"2026-07","高雄林園","patrol","巡查會簽","監造巡查簽認","120","107","103","4","1","2","1","0.9626","27","中"
"2026-07","高雄林園","patrol","巡查會簽","安衛人員巡查紀錄","120","107","103","4","0","1","0","0.9626","11","低"
"2026-07","高雄林園","patrol","巡查會簽","異常已即時通知","120","99","95","4","0","1","0","0.9596","11","低"
"2026-07","高雄林園","closeout","收工回簽與現場紀錄","環境整理完成","120","116","112","4","0","2","1","0.9655","19","中"
"2026-07","高雄林園","closeout","收工回簽與現場紀錄","施工前後照片完整","120","106","101","5","1","2","0","0.9528","24","中"
"2026-07","高雄林園","closeout","收工回簽與現場紀錄","氣體偵測照片上傳","120","121","116","5","0","2","0","0.9587","16","低"
"2026-07","高雄林園","closeout","收工回簽與現場紀錄","改善事項結案佐證完整","120","108","103","5","1","2","1","0.9537","29","中"
"2026-08","高雄林園","permit","許可基本資料","工作內容與地點完整","123","123","120","3","0","1","0","0.9756","9","低"
"2026-08","高雄林園","permit","許可基本資料","作業分級正確","123","113","110","3","0","1","0","0.9735","9","低"
"2026-08","高雄林園","permit","許可基本資料","核准工作時間明確","123","108","105","3","0","1","0","0.9722","9","低"
"2026-08","高雄林園","permit","許可基本資料","回簽資料完整","123","104","101","3","0","1","0","0.9712","9","低"
"2026-08","高雄林園","workType","作業分級與工作項目","動火/非動火判定正確","123","122","119","3","0","1","0","0.9754","9","低"
"2026-08","高雄林園","workType","作業分級與工作項目","A/B/C級作業判定正確","123","116","113","3","0","1","0","0.9741","9","低"
"2026-08","高雄林園","workType","作業分級與工作項目","附加檢點表適用","123","122","118","4","0","1","0","0.9672","11","低"
"2026-08","高雄林園","workType","作業分級與工作項目","延時工作經核准","123","112","109","3","0","1","0","0.9732","9","低"
"2026-08","高雄林園","contractor","承攬商與人員資格","施工人員名冊完整","123","103","99","4","0","1","0","0.9612","11","低"
"2026-08","高雄林園","contractor","承攬商與人員資格","工地負責人到場","123","124","119","5","1","2","0","0.9597","24","中"
"2026-08","高雄林園","contractor","承攬商與人員資格","安衛人員到場","123","121","116","5","1","2","0","0.9587","24","中"
"2026-08","高雄林園","contractor","承攬商與人員資格","特殊作業主管資格符合","123","116","112","4","1","1","0","0.9655","19","中"
"2026-08","高雄林園","hazardNotice","危害告知","承攬商已知悉注意事項","123","106","102","4","0","2","1","0.9623","19","中"
"2026-08","高雄林園","hazardNotice","危害告知","施工人員完成危害告知","123","101","98","3","0","1","0","0.9703","9","低"
"2026-08","高雄林園","hazardNotice","危害告知","勤前教育紀錄完整","123","118","115","3","0","1","0","0.9746","9","低"
"2026-08","高雄林園","hazardNotice","危害告知","緊急聯絡資訊明確","123","106","103","3","0","1","0","0.9717","9","低"
"2026-08","高雄林園","isolation","環境安全隔離","設備管線已釋壓清洗","123","109","104","5","1","2","0","0.9541","24","中"
"2026-08","高雄林園","isolation","環境安全隔離","進出口已關斷/盲封/掛牌","123","119","113","6","2","2","0","0.9496","34","中"
"2026-08","高雄林園","isolation","環境安全隔離","電源隔離加鎖掛牌","123","110","104","6","1","2","1","0.9455","31","中"
"2026-08","高雄林園","isolation","環境安全隔離","暗溝陰井已堵塞密封","123","105","101","4","1","2","1","0.9619","27","中"
"2026-08","高雄林園","gas","氣體偵測","可燃性氣體低於20%LEL","123","101","95","6","2","3","1","0.9406","42","高"
"2026-08","高雄林園","gas","氣體偵測","氧氣濃度符合標準","123","106","101","5","1","2","0","0.9528","24","中"
"2026-08","高雄林園","gas","氣體偵測","有害氣體低於容許濃度","123","111","105","6","2","1","0","0.9459","31","中"
"2026-08","高雄林園","gas","氣體偵測","上下午或連續測定紀錄完整","123","116","110","6","2","2","1","0.9483","39","中"
"2026-08","高雄林園","fireExplosion","消防與防爆設備","20型滅火器配置足夠","123","114","107","7","2","2","1","0.9386","41","中"
"2026-08","高雄林園","fireExplosion","消防與防爆設備","防爆電氣設備符合","123","113","108","5","1","2","1","0.9558","29","中"
"2026-08","高雄林園","fireExplosion","消防與防爆設備","安全工具使用正確","123","119","112","7","2","2","1","0.9412","41","中"
"2026-08","高雄林園","fireExplosion","消防與防爆設備","消防水帶或防火措施到位","123","109","103","6","2","3","1","0.945","42","高"
"2026-08","高雄林園","ppeHeight","PPE與高處防墜","個人防護具穿戴正確","123","114","110","4","1","2","0","0.9649","22","中"
"2026-08","高雄林園","ppeHeight","PPE與高處防墜","安全帶/安全母索使用","123","103","97","6","2","3","1","0.9417","42","高"
"2026-08","高雄林園","ppeHeight","PPE與高處防墜","施工架檢點合格","123","117","112","5","2","1","0","0.9573","29","中"
"2026-08","高雄林園","ppeHeight","PPE與高處防墜","安全網或工作平台設置","123","109","103","6","2","2","1","0.945","39","中"
"2026-08","高雄林園","patrol","巡查會簽","轄區檢點簽認","123","118","113","5","1","2","0","0.9576","24","中"
"2026-08","高雄林園","patrol","巡查會簽","監造巡查簽認","123","104","101","3","0","1","0","0.9712","9","低"
"2026-08","高雄林園","patrol","巡查會簽","安衛人員巡查紀錄","123","119","114","5","0","2","0","0.958","16","低"
"2026-08","高雄林園","patrol","巡查會簽","異常已即時通知","123","116","111","5","1","2","1","0.9569","29","中"
"2026-08","高雄林園","closeout","收工回簽與現場紀錄","環境整理完成","123","122","118","4","0","1","0","0.9672","11","低"
"2026-08","高雄林園","closeout","收工回簽與現場紀錄","施工前後照片完整","123","108","103","5","0","2","0","0.9537","16","低"
"2026-08","高雄林園","closeout","收工回簽與現場紀錄","氣體偵測照片上傳","123","110","105","5","1","1","0","0.9545","21","中"
"2026-08","高雄林園","closeout","收工回簽與現場紀錄","改善事項結案佐證完整","123","107","103","4","0","2","1","0.9626","19","中"
"2026-09","高雄林園","permit","許可基本資料","工作內容與地點完整","120","105","102","3","0","1","0","0.9714","9","低"
"2026-09","高雄林園","permit","許可基本資料","作業分級正確","120","117","113","4","0","1","0","0.9658","11","低"
"2026-09","高雄林園","permit","許可基本資料","核准工作時間明確","120","113","110","3","0","1","0","0.9735","9","低"
"2026-09","高雄林園","permit","許可基本資料","回簽資料完整","120","99","96","3","1","1","0","0.9697","17","低"
"2026-09","高雄林園","workType","作業分級與工作項目","動火/非動火判定正確","120","113","110","3","0","1","0","0.9735","9","低"
"2026-09","高雄林園","workType","作業分級與工作項目","A/B/C級作業判定正確","120","99","95","4","1","2","1","0.9596","27","中"
"2026-09","高雄林園","workType","作業分級與工作項目","附加檢點表適用","120","114","111","3","1","1","0","0.9737","17","低"
"2026-09","高雄林園","workType","作業分級與工作項目","延時工作經核准","120","114","111","3","0","1","0","0.9737","9","低"
"2026-09","高雄林園","contractor","承攬商與人員資格","施工人員名冊完整","120","101","98","3","0","1","0","0.9703","9","低"
"2026-09","高雄林園","contractor","承攬商與人員資格","工地負責人到場","120","118","113","5","1","2","0","0.9576","24","中"
"2026-09","高雄林園","contractor","承攬商與人員資格","安衛人員到場","120","113","109","4","0","1","0","0.9646","11","低"
"2026-09","高雄林園","contractor","承攬商與人員資格","特殊作業主管資格符合","120","112","107","5","1","2","1","0.9554","29","中"
"2026-09","高雄林園","hazardNotice","危害告知","承攬商已知悉注意事項","120","115","111","4","1","2","1","0.9652","27","中"
"2026-09","高雄林園","hazardNotice","危害告知","施工人員完成危害告知","120","110","107","3","0","1","0","0.9727","9","低"
"2026-09","高雄林園","hazardNotice","危害告知","勤前教育紀錄完整","120","122","119","3","0","1","0","0.9754","9","低"
"2026-09","高雄林園","hazardNotice","危害告知","緊急聯絡資訊明確","120","107","103","4","1","1","0","0.9626","19","中"
"2026-09","高雄林園","isolation","環境安全隔離","設備管線已釋壓清洗","120","115","109","6","2","1","0","0.9478","31","中"
"2026-09","高雄林園","isolation","環境安全隔離","進出口已關斷/盲封/掛牌","120","105","99","6","2","2","0","0.9429","34","中"
"2026-09","高雄林園","isolation","環境安全隔離","電源隔離加鎖掛牌","120","122","116","6","2","3","1","0.9508","42","高"
"2026-09","高雄林園","isolation","環境安全隔離","暗溝陰井已堵塞密封","120","121","115","6","2","1","0","0.9504","31","中"
"2026-09","高雄林園","gas","氣體偵測","可燃性氣體低於20%LEL","120","115","110","5","1","1","0","0.9565","21","中"
"2026-09","高雄林園","gas","氣體偵測","氧氣濃度符合標準","120","116","111","5","1","1","0","0.9569","21","中"
"2026-09","高雄林園","gas","氣體偵測","有害氣體低於容許濃度","120","99","95","4","1","2","1","0.9596","27","中"
"2026-09","高雄林園","gas","氣體偵測","上下午或連續測定紀錄完整","120","112","106","6","2","2","1","0.9464","39","中"
"2026-09","高雄林園","fireExplosion","消防與防爆設備","20型滅火器配置足夠","120","112","106","6","2","2","1","0.9464","39","中"
"2026-09","高雄林園","fireExplosion","消防與防爆設備","防爆電氣設備符合","120","120","114","6","1","2","0","0.95","26","中"
"2026-09","高雄林園","fireExplosion","消防與防爆設備","安全工具使用正確","120","100","96","4","1","1","0","0.96","19","中"
"2026-09","高雄林園","fireExplosion","消防與防爆設備","消防水帶或防火措施到位","120","101","97","4","1","2","1","0.9604","27","中"
"2026-09","高雄林園","ppeHeight","PPE與高處防墜","個人防護具穿戴正確","120","99","95","4","1","1","0","0.9596","19","中"
"2026-09","高雄林園","ppeHeight","PPE與高處防墜","安全帶/安全母索使用","120","118","113","5","1","2","1","0.9576","29","中"
"2026-09","高雄林園","ppeHeight","PPE與高處防墜","施工架檢點合格","120","114","108","6","1","2","1","0.9474","31","中"
"2026-09","高雄林園","ppeHeight","PPE與高處防墜","安全網或工作平台設置","120","109","104","5","1","2","0","0.9541","24","中"
"2026-09","高雄林園","patrol","巡查會簽","轄區檢點簽認","120","112","109","3","0","1","0","0.9732","9","低"
"2026-09","高雄林園","patrol","巡查會簽","監造巡查簽認","120","104","101","3","1","1","0","0.9712","17","低"
"2026-09","高雄林園","patrol","巡查會簽","安衛人員巡查紀錄","120","113","109","4","1","2","0","0.9646","22","中"
"2026-09","高雄林園","patrol","巡查會簽","異常已即時通知","120","112","108","4","0","1","0","0.9643","11","低"
"2026-09","高雄林園","closeout","收工回簽與現場紀錄","環境整理完成","120","107","102","5","1","1","0","0.9533","21","中"
"2026-09","高雄林園","closeout","收工回簽與現場紀錄","施工前後照片完整","120","110","105","5","1","2","0","0.9545","24","中"
"2026-09","高雄林園","closeout","收工回簽與現場紀錄","氣體偵測照片上傳","120","111","106","5","0","2","1","0.955","21","中"
"2026-09","高雄林園","closeout","收工回簽與現場紀錄","改善事項結案佐證完整","120","106","101","5","1","2","1","0.9528","29","中"
"2026-10","高雄林園","permit","許可基本資料","工作內容與地點完整","121","122","118","4","1","1","0","0.9672","19","中"
"2026-10","高雄林園","permit","許可基本資料","作業分級正確","121","117","113","4","0","1","0","0.9658","11","低"
"2026-10","高雄林園","permit","許可基本資料","核准工作時間明確","121","104","102","2","0","1","0","0.9808","7","低"
"2026-10","高雄林園","permit","許可基本資料","回簽資料完整","121","103","100","3","0","1","0","0.9709","9","低"
"2026-10","高雄林園","workType","作業分級與工作項目","動火/非動火判定正確","121","114","110","4","0","1","0","0.9649","11","低"
"2026-10","高雄林園","workType","作業分級與工作項目","A/B/C級作業判定正確","121","110","107","3","0","1","0","0.9727","9","低"
"2026-10","高雄林園","workType","作業分級與工作項目","附加檢點表適用","121","110","107","3","0","1","0","0.9727","9","低"
"2026-10","高雄林園","workType","作業分級與工作項目","延時工作經核准","121","110","107","3","0","1","0","0.9727","9","低"
"2026-10","高雄林園","contractor","承攬商與人員資格","施工人員名冊完整","121","105","101","4","0","1","0","0.9619","11","低"
"2026-10","高雄林園","contractor","承攬商與人員資格","工地負責人到場","121","119","114","5","1","2","0","0.958","24","中"
"2026-10","高雄林園","contractor","承攬商與人員資格","安衛人員到場","121","119","114","5","0","2","1","0.958","21","中"
"2026-10","高雄林園","contractor","承攬商與人員資格","特殊作業主管資格符合","121","99","94","5","1","2","0","0.9495","24","中"
"2026-10","高雄林園","hazardNotice","危害告知","承攬商已知悉注意事項","121","123","120","3","1","1","0","0.9756","17","低"
"2026-10","高雄林園","hazardNotice","危害告知","施工人員完成危害告知","121","106","103","3","0","1","0","0.9717","9","低"
"2026-10","高雄林園","hazardNotice","危害告知","勤前教育紀錄完整","121","102","99","3","0","1","0","0.9706","9","低"
"2026-10","高雄林園","hazardNotice","危害告知","緊急聯絡資訊明確","121","107","103","4","0","2","1","0.9626","19","中"
"2026-10","高雄林園","isolation","環境安全隔離","設備管線已釋壓清洗","121","120","114","6","1","2","1","0.95","31","中"
"2026-10","高雄林園","isolation","環境安全隔離","進出口已關斷/盲封/掛牌","121","111","105","6","2","2","0","0.9459","34","中"
"2026-10","高雄林園","isolation","環境安全隔離","電源隔離加鎖掛牌","121","119","113","6","1","3","1","0.9496","34","中"
"2026-10","高雄林園","isolation","環境安全隔離","暗溝陰井已堵塞密封","121","117","111","6","2","2","0","0.9487","34","中"
"2026-10","高雄林園","gas","氣體偵測","可燃性氣體低於20%LEL","121","119","114","5","1","1","0","0.958","21","中"
"2026-10","高雄林園","gas","氣體偵測","氧氣濃度符合標準","121","105","100","5","1","2","1","0.9524","29","中"
"2026-10","高雄林園","gas","氣體偵測","有害氣體低於容許濃度","121","117","112","5","1","1","0","0.9573","21","中"
"2026-10","高雄林園","gas","氣體偵測","上下午或連續測定紀錄完整","121","103","99","4","1","2","1","0.9612","27","中"
"2026-10","高雄林園","fireExplosion","消防與防爆設備","20型滅火器配置足夠","121","104","99","5","1","2","0","0.9519","24","中"
"2026-10","高雄林園","fireExplosion","消防與防爆設備","防爆電氣設備符合","121","123","116","7","2","2","0","0.9431","36","中"
"2026-10","高雄林園","fireExplosion","消防與防爆設備","安全工具使用正確","121","111","106","5","1","1","0","0.955","21","中"
"2026-10","高雄林園","fireExplosion","消防與防爆設備","消防水帶或防火措施到位","121","113","108","5","2","1","0","0.9558","29","中"
"2026-10","高雄林園","ppeHeight","PPE與高處防墜","個人防護具穿戴正確","121","107","101","6","1","2","1","0.9439","31","中"
"2026-10","高雄林園","ppeHeight","PPE與高處防墜","安全帶/安全母索使用","121","105","101","4","1","1","0","0.9619","19","中"
"2026-10","高雄林園","ppeHeight","PPE與高處防墜","施工架檢點合格","121","120","114","6","2","2","1","0.95","39","中"
"2026-10","高雄林園","ppeHeight","PPE與高處防墜","安全網或工作平台設置","121","102","98","4","1","2","0","0.9608","22","中"
"2026-10","高雄林園","patrol","巡查會簽","轄區檢點簽認","121","106","102","4","1","2","1","0.9623","27","中"
"2026-10","高雄林園","patrol","巡查會簽","監造巡查簽認","121","102","98","4","0","1","0","0.9608","11","低"
"2026-10","高雄林園","patrol","巡查會簽","安衛人員巡查紀錄","121","102","99","3","0","1","0","0.9706","9","低"
"2026-10","高雄林園","patrol","巡查會簽","異常已即時通知","121","104","100","4","0","1","0","0.9615","11","低"
"2026-10","高雄林園","closeout","收工回簽與現場紀錄","環境整理完成","121","108","103","5","1","2","1","0.9537","29","中"
"2026-10","高雄林園","closeout","收工回簽與現場紀錄","施工前後照片完整","121","112","107","5","1","2","0","0.9554","24","中"
"2026-10","高雄林園","closeout","收工回簽與現場紀錄","氣體偵測照片上傳","121","117","112","5","1","1","0","0.9573","21","中"
"2026-10","高雄林園","closeout","收工回簽與現場紀錄","改善事項結案佐證完整","121","123","119","4","0","2","1","0.9675","19","中"
"2026-11","高雄林園","permit","許可基本資料","工作內容與地點完整","125","107","104","3","0","1","0","0.972","9","低"
"2026-11","高雄林園","permit","許可基本資料","作業分級正確","125","126","122","4","0","1","0","0.9683","11","低"
"2026-11","高雄林園","permit","許可基本資料","核准工作時間明確","125","105","102","3","0","1","0","0.9714","9","低"
"2026-11","高雄林園","permit","許可基本資料","回簽資料完整","125","121","117","4","1","1","0","0.9669","19","中"
"2026-11","高雄林園","workType","作業分級與工作項目","動火/非動火判定正確","125","124","120","4","1","1","0","0.9677","19","中"
"2026-11","高雄林園","workType","作業分級與工作項目","A/B/C級作業判定正確","125","107","103","4","1","1","0","0.9626","19","中"
"2026-11","高雄林園","workType","作業分級與工作項目","附加檢點表適用","125","121","117","4","0","2","1","0.9669","19","中"
"2026-11","高雄林園","workType","作業分級與工作項目","延時工作經核准","125","119","115","4","0","2","1","0.9664","19","中"
"2026-11","高雄林園","contractor","承攬商與人員資格","施工人員名冊完整","125","113","108","5","1","2","0","0.9558","24","中"
"2026-11","高雄林園","contractor","承攬商與人員資格","工地負責人到場","125","119","114","5","0","2","1","0.958","21","中"
"2026-11","高雄林園","contractor","承攬商與人員資格","安衛人員到場","125","112","108","4","1","1","0","0.9643","19","中"
"2026-11","高雄林園","contractor","承攬商與人員資格","特殊作業主管資格符合","125","122","117","5","1","2","1","0.959","29","中"
"2026-11","高雄林園","hazardNotice","危害告知","承攬商已知悉注意事項","125","114","110","4","0","1","0","0.9649","11","低"
"2026-11","高雄林園","hazardNotice","危害告知","施工人員完成危害告知","125","117","114","3","1","1","0","0.9744","17","低"
"2026-11","高雄林園","hazardNotice","危害告知","勤前教育紀錄完整","125","122","118","4","0","1","0","0.9672","11","低"
"2026-11","高雄林園","hazardNotice","危害告知","緊急聯絡資訊明確","125","108","104","4","1","1","0","0.963","19","中"
"2026-11","高雄林園","isolation","環境安全隔離","設備管線已釋壓清洗","125","117","112","5","1","2","0","0.9573","24","中"
"2026-11","高雄林園","isolation","環境安全隔離","進出口已關斷/盲封/掛牌","125","109","104","5","2","2","1","0.9541","37","中"
"2026-11","高雄林園","isolation","環境安全隔離","電源隔離加鎖掛牌","125","121","116","5","1","2","1","0.9587","29","中"
"2026-11","高雄林園","isolation","環境安全隔離","暗溝陰井已堵塞密封","125","109","103","6","2","3","1","0.945","42","高"
"2026-11","高雄林園","gas","氣體偵測","可燃性氣體低於20%LEL","125","124","117","7","2","2","0","0.9435","36","中"
"2026-11","高雄林園","gas","氣體偵測","氧氣濃度符合標準","125","107","101","6","2","3","1","0.9439","42","高"
"2026-11","高雄林園","gas","氣體偵測","有害氣體低於容許濃度","125","107","101","6","2","2","1","0.9439","39","中"
"2026-11","高雄林園","gas","氣體偵測","上下午或連續測定紀錄完整","125","103","98","5","1","1","0","0.9515","21","中"
"2026-11","高雄林園","fireExplosion","消防與防爆設備","20型滅火器配置足夠","125","118","113","5","1","2","0","0.9576","24","中"
"2026-11","高雄林園","fireExplosion","消防與防爆設備","防爆電氣設備符合","125","127","121","6","2","2","1","0.9528","39","中"
"2026-11","高雄林園","fireExplosion","消防與防爆設備","安全工具使用正確","125","122","117","5","2","2","1","0.959","37","中"
"2026-11","高雄林園","fireExplosion","消防與防爆設備","消防水帶或防火措施到位","125","108","102","6","2","1","0","0.9444","31","中"
"2026-11","高雄林園","ppeHeight","PPE與高處防墜","個人防護具穿戴正確","125","124","117","7","2","2","1","0.9435","41","中"
"2026-11","高雄林園","ppeHeight","PPE與高處防墜","安全帶/安全母索使用","125","115","110","5","2","1","0","0.9565","29","中"
"2026-11","高雄林園","ppeHeight","PPE與高處防墜","施工架檢點合格","125","109","103","6","2","2","1","0.945","39","中"
"2026-11","高雄林園","ppeHeight","PPE與高處防墜","安全網或工作平台設置","125","110","105","5","2","2","1","0.9545","37","中"
"2026-11","高雄林園","patrol","巡查會簽","轄區檢點簽認","125","114","111","3","1","1","0","0.9737","17","低"
"2026-11","高雄林園","patrol","巡查會簽","監造巡查簽認","125","115","111","4","1","1","0","0.9652","19","中"
"2026-11","高雄林園","patrol","巡查會簽","安衛人員巡查紀錄","125","103","100","3","1","1","0","0.9709","17","低"
"2026-11","高雄林園","patrol","巡查會簽","異常已即時通知","125","104","101","3","1","1","0","0.9712","17","低"
"2026-11","高雄林園","closeout","收工回簽與現場紀錄","環境整理完成","125","103","99","4","0","1","0","0.9612","11","低"
"2026-11","高雄林園","closeout","收工回簽與現場紀錄","施工前後照片完整","125","109","104","5","1","2","1","0.9541","29","中"
"2026-11","高雄林園","closeout","收工回簽與現場紀錄","氣體偵測照片上傳","125","124","120","4","1","2","0","0.9677","22","中"
"2026-11","高雄林園","closeout","收工回簽與現場紀錄","改善事項結案佐證完整","125","126","121","5","1","2","1","0.9603","29","中"
"2026-12","高雄林園","permit","許可基本資料","工作內容與地點完整","130","113","110","3","0","1","0","0.9735","9","低"
"2026-12","高雄林園","permit","許可基本資料","作業分級正確","130","113","110","3","0","1","0","0.9735","9","低"
"2026-12","高雄林園","permit","許可基本資料","核准工作時間明確","130","111","108","3","0","1","0","0.973","9","低"
"2026-12","高雄林園","permit","許可基本資料","回簽資料完整","130","108","104","4","1","1","0","0.963","19","中"
"2026-12","高雄林園","workType","作業分級與工作項目","動火/非動火判定正確","130","129","125","4","1","1","0","0.969","19","中"
"2026-12","高雄林園","workType","作業分級與工作項目","A/B/C級作業判定正確","130","124","120","4","1","2","0","0.9677","22","中"
"2026-12","高雄林園","workType","作業分級與工作項目","附加檢點表適用","130","118","113","5","0","2","1","0.9576","21","中"
"2026-12","高雄林園","workType","作業分級與工作項目","延時工作經核准","130","110","107","3","0","1","0","0.9727","9","低"
"2026-12","高雄林園","contractor","承攬商與人員資格","施工人員名冊完整","130","108","104","4","1","2","0","0.963","22","中"
"2026-12","高雄林園","contractor","承攬商與人員資格","工地負責人到場","130","127","122","5","0","2","0","0.9606","16","低"
"2026-12","高雄林園","contractor","承攬商與人員資格","安衛人員到場","130","107","103","4","1","1","0","0.9626","19","中"
"2026-12","高雄林園","contractor","承攬商與人員資格","特殊作業主管資格符合","130","125","120","5","1","1","0","0.96","21","中"
"2026-12","高雄林園","hazardNotice","危害告知","承攬商已知悉注意事項","130","123","119","4","0","2","1","0.9675","19","中"
"2026-12","高雄林園","hazardNotice","危害告知","施工人員完成危害告知","130","125","121","4","0","2","1","0.968","19","中"
"2026-12","高雄林園","hazardNotice","危害告知","勤前教育紀錄完整","130","116","112","4","0","1","0","0.9655","11","低"
"2026-12","高雄林園","hazardNotice","危害告知","緊急聯絡資訊明確","130","119","115","4","1","1","0","0.9664","19","中"
"2026-12","高雄林園","isolation","環境安全隔離","設備管線已釋壓清洗","130","129","122","7","2","2","1","0.9457","41","中"
"2026-12","高雄林園","isolation","環境安全隔離","進出口已關斷/盲封/掛牌","130","117","112","5","1","2","1","0.9573","29","中"
"2026-12","高雄林園","isolation","環境安全隔離","電源隔離加鎖掛牌","130","113","107","6","1","2","0","0.9469","26","中"
"2026-12","高雄林園","isolation","環境安全隔離","暗溝陰井已堵塞密封","130","112","106","6","2","2","1","0.9464","39","中"
"2026-12","高雄林園","gas","氣體偵測","可燃性氣體低於20%LEL","130","122","115","7","2","3","1","0.9426","44","高"
"2026-12","高雄林園","gas","氣體偵測","氧氣濃度符合標準","130","112","106","6","2","2","1","0.9464","39","中"
"2026-12","高雄林園","gas","氣體偵測","有害氣體低於容許濃度","130","120","115","5","1","1","0","0.9583","21","中"
"2026-12","高雄林園","gas","氣體偵測","上下午或連續測定紀錄完整","130","117","110","7","2","2","1","0.9402","41","中"
"2026-12","高雄林園","fireExplosion","消防與防爆設備","20型滅火器配置足夠","130","127","121","6","2","1","0","0.9528","31","中"
"2026-12","高雄林園","fireExplosion","消防與防爆設備","防爆電氣設備符合","130","122","115","7","2","2","1","0.9426","41","中"
"2026-12","高雄林園","fireExplosion","消防與防爆設備","安全工具使用正確","130","115","108","7","2","3","1","0.9391","44","高"
"2026-12","高雄林園","fireExplosion","消防與防爆設備","消防水帶或防火措施到位","130","128","122","6","2","2","1","0.9531","39","中"
"2026-12","高雄林園","ppeHeight","PPE與高處防墜","個人防護具穿戴正確","130","119","114","5","1","2","1","0.958","29","中"
"2026-12","高雄林園","ppeHeight","PPE與高處防墜","安全帶/安全母索使用","130","113","107","6","2","3","1","0.9469","42","高"
"2026-12","高雄林園","ppeHeight","PPE與高處防墜","施工架檢點合格","130","110","106","4","1","2","1","0.9636","27","中"
"2026-12","高雄林園","ppeHeight","PPE與高處防墜","安全網或工作平台設置","130","129","124","5","2","2","1","0.9612","37","中"
"2026-12","高雄林園","patrol","巡查會簽","轄區檢點簽認","130","108","104","4","1","2","1","0.963","27","中"
"2026-12","高雄林園","patrol","巡查會簽","監造巡查簽認","130","119","115","4","1","1","0","0.9664","19","中"
"2026-12","高雄林園","patrol","巡查會簽","安衛人員巡查紀錄","130","113","109","4","1","2","1","0.9646","27","中"
"2026-12","高雄林園","patrol","巡查會簽","異常已即時通知","130","109","104","5","1","1","0","0.9541","21","中"
"2026-12","高雄林園","closeout","收工回簽與現場紀錄","環境整理完成","130","130","124","6","1","2","0","0.9538","26","中"
"2026-12","高雄林園","closeout","收工回簽與現場紀錄","施工前後照片完整","130","131","125","6","1","2","1","0.9542","31","中"
"2026-12","高雄林園","closeout","收工回簽與現場紀錄","氣體偵測照片上傳","130","124","119","5","1","2","0","0.9597","24","中"
"2026-12","高雄林園","closeout","收工回簽與現場紀錄","改善事項結案佐證完整","130","131","127","4","1","2","1","0.9695","27","中"
