month,plant,hazard_level,hazard_name,hazard_label,indicator,control_item,content,permit_count,check_count,pass_count,defect_count,critical_defect_count,open_defect_count,overdue_defect_count,pass_rate,risk_score,risk_level
2024-01,桃園,A,A級,高危害,廠區,基本資料,工廠、日期、時間,23,20,20,0,0,0,0,1.0,0,低
2024-01,桃園,A,A級,高危害,許可證,許可資訊,工程作業分級、申請時間、核准工作時間、工作許可證編號,23,21,20,1,0,0,0,0.9524,2,低
2024-01,桃園,A,A級,高危害,施工地點,場地關係人,施工部門、轄區部門、監造部門,23,21,20,1,0,0,0,0.9524,2,低
2024-01,桃園,A,A級,高危害,包商,承攬商與人員資格,承攬商、工作人數、車輛車號、工地負責人、安衛人員、特殊作業主管,23,20,19,1,0,0,0,0.95,2,低
2024-01,桃園,A,A級,高危害,危害等級,作業等級,施工地點、工程案號、工作內容、許可工作項目、作業分級,23,20,19,1,0,0,0,0.95,2,低
2024-01,桃園,A,A級,高危害,危害等級,管線設備危害物,可燃性氣體、易燃液體、有害性氣體、化學藥劑、酸鹼、熱水蒸氣、空氣、其他,23,23,22,1,0,0,0,0.9565,2,低
2024-01,桃園,A,A級,高危害,檢點與危害告知,簽發前安全檢點,是否安全檢點,23,19,18,1,0,0,0,0.9474,2,低
2024-01,桃園,A,A級,高危害,檢點與危害告知,危害告知,是否危害告知,23,21,20,1,0,0,0,0.9524,2,低
2024-01,桃園,A,A級,高危害,危害排除與隔離,環境危害排除,是否設備管線危害物排除,23,19,18,1,0,0,0,0.9474,2,低
2024-01,桃園,A,A級,高危害,危害排除與隔離,隔離管制,設備管線是否加盲加鎖掛牌,23,21,20,1,0,0,0,0.9524,2,低
2024-01,桃園,A,A級,高危害,環境測定,氣體偵測數值,可燃性氣體%、氧氣%、一氧化碳PPM、硫化氫PPM,23,23,21,2,1,1,0,0.913,16,中
2024-01,桃園,A,A級,高危害,環境測定,測定基準,可燃性氣體 < 20%LEL；氧氣>= 18%；一氧化碳<50 PPM；硫化氫<10 PPM,23,21,20,1,0,0,0,0.9524,2,低
2024-01,桃園,A,A級,高危害,環境測定,測定頻率,上、下午施工前測定；A級或高風險作業需重複或連續測定；每小時/每兩小時紀錄表,23,21,20,1,0,0,0,0.9524,2,低
2024-01,桃園,A,A級,高危害,防火防爆,消防設備,是否有消防設備,23,19,18,1,0,0,0,0.9474,2,低
2024-01,桃園,A,A級,高危害,防火防爆,防爆安全工具,是否使用防爆電氣設備及安全工具,23,23,22,1,0,0,0,0.9565,2,低
2024-01,桃園,A,A級,高危害,高處作業,防墜措施,設標準施工架、安全網、安全母索、安全帶,23,19,18,1,0,0,0,0.9474,2,低
2024-01,桃園,A,A級,高危害,安全保護,個人防護具,是否有防護口罩、防毒面具、SCBA、防護手套、安全眼鏡、耳塞,23,20,19,1,0,0,0,0.95,2,低
2024-01,桃園,A,A級,高危害,警戒巡查,警戒標示,是否有警戒標示,23,22,21,1,0,0,0,0.9545,2,低
2024-01,桃園,A,A級,高危害,警戒巡查,巡查會簽,是否轄區、監造、安衛人員或工地負責人巡查會簽,23,20,19,1,0,0,0,0.95,2,低
2024-01,桃園,A,A級,高危害,收工回簽,回簽收工確認,是否回簽時確認環境已整理並完成防護措施,23,21,20,1,0,0,0,0.9524,2,低
2024-01,桃園,A,A級,高危害,收工回簽,一般安全規定,是否遵守工安規定,23,21,20,1,0,0,0,0.9524,2,低
2024-01,桃園,A,A級,高危害,收工回簽,現場紀錄,是否拍照,23,21,20,1,0,0,0,0.9524,2,低
2024-01,桃園,B,B級,中危害,廠區,基本資料,工廠、日期、時間,53,50,49,1,0,0,0,0.98,2,低
2024-01,桃園,B,B級,中危害,許可證,許可資訊,工程作業分級、申請時間、核准工作時間、工作許可證編號,53,47,46,1,0,0,0,0.9787,2,低
2024-01,桃園,B,B級,中危害,施工地點,場地關係人,施工部門、轄區部門、監造部門,53,48,47,1,0,0,0,0.9792,2,低
2024-01,桃園,B,B級,中危害,包商,承攬商與人員資格,承攬商、工作人數、車輛車號、工地負責人、安衛人員、特殊作業主管,53,47,45,2,0,0,0,0.9574,4,低
2024-01,桃園,B,B級,中危害,危害等級,作業等級,施工地點、工程案號、工作內容、許可工作項目、作業分級,53,46,44,2,0,1,0,0.9565,7,低
2024-01,桃園,B,B級,中危害,危害等級,管線設備危害物,可燃性氣體、易燃液體、有害性氣體、化學藥劑、酸鹼、熱水蒸氣、空氣、其他,53,46,45,1,0,0,0,0.9783,2,低
2024-01,桃園,B,B級,中危害,檢點與危害告知,簽發前安全檢點,是否安全檢點,53,46,45,1,0,0,0,0.9783,2,低
2024-01,桃園,B,B級,中危害,檢點與危害告知,危害告知,是否危害告知,53,51,49,2,0,1,0,0.9608,7,低
2024-01,桃園,B,B級,中危害,危害排除與隔離,環境危害排除,是否設備管線危害物排除,53,45,44,1,0,0,0,0.9778,2,低
2024-01,桃園,B,B級,中危害,危害排除與隔離,隔離管制,設備管線是否加盲加鎖掛牌,53,52,50,2,1,1,0,0.9615,16,中
2024-01,桃園,B,B級,中危害,環境測定,氣體偵測數值,可燃性氣體%、氧氣%、一氧化碳PPM、硫化氫PPM,53,44,42,2,1,1,0,0.9545,16,中
2024-01,桃園,B,B級,中危害,環境測定,測定基準,可燃性氣體 < 20%LEL；氧氣>= 18%；一氧化碳<50 PPM；硫化氫<10 PPM,53,45,43,2,1,1,0,0.9556,16,中
2024-01,桃園,B,B級,中危害,環境測定,測定頻率,上、下午施工前測定；A級或高風險作業需重複或連續測定；每小時/每兩小時紀錄表,53,51,49,2,1,1,0,0.9608,16,中
2024-01,桃園,B,B級,中危害,防火防爆,消防設備,是否有消防設備,53,52,50,2,1,0,0,0.9615,13,低
2024-01,桃園,B,B級,中危害,防火防爆,防爆安全工具,是否使用防爆電氣設備及安全工具,53,49,47,2,1,1,0,0.9592,16,中
2024-01,桃園,B,B級,中危害,高處作業,防墜措施,設標準施工架、安全網、安全母索、安全帶,53,53,51,2,1,0,0,0.9623,13,低
2024-01,桃園,B,B級,中危害,安全保護,個人防護具,是否有防護口罩、防毒面具、SCBA、防護手套、安全眼鏡、耳塞,53,50,48,2,0,1,0,0.96,7,低
2024-01,桃園,B,B級,中危害,警戒巡查,警戒標示,是否有警戒標示,53,47,46,1,0,0,0,0.9787,2,低
2024-01,桃園,B,B級,中危害,警戒巡查,巡查會簽,是否轄區、監造、安衛人員或工地負責人巡查會簽,53,47,46,1,0,0,0,0.9787,2,低
2024-01,桃園,B,B級,中危害,收工回簽,回簽收工確認,是否回簽時確認環境已整理並完成防護措施,53,47,46,1,0,0,0,0.9787,2,低
2024-01,桃園,B,B級,中危害,收工回簽,一般安全規定,是否遵守工安規定,53,50,48,2,0,1,0,0.96,7,低
2024-01,桃園,B,B級,中危害,收工回簽,現場紀錄,是否拍照,53,50,49,1,0,0,0,0.98,2,低
2024-01,桃園,C,C級,低危害,廠區,基本資料,工廠、日期、時間,42,37,36,1,0,0,0,0.973,2,低
2024-01,桃園,C,C級,低危害,許可證,許可資訊,工程作業分級、申請時間、核准工作時間、工作許可證編號,42,37,36,1,0,1,0,0.973,5,低
2024-01,桃園,C,C級,低危害,施工地點,場地關係人,施工部門、轄區部門、監造部門,42,36,35,1,0,0,0,0.9722,2,低
2024-01,桃園,C,C級,低危害,包商,承攬商與人員資格,承攬商、工作人數、車輛車號、工地負責人、安衛人員、特殊作業主管,42,40,39,1,0,1,0,0.975,5,低
2024-01,桃園,C,C級,低危害,危害等級,作業等級,施工地點、工程案號、工作內容、許可工作項目、作業分級,42,41,40,1,0,0,0,0.9756,2,低
2024-01,桃園,C,C級,低危害,危害等級,管線設備危害物,可燃性氣體、易燃液體、有害性氣體、化學藥劑、酸鹼、熱水蒸氣、空氣、其他,42,36,35,1,0,0,0,0.9722,2,低
2024-01,桃園,C,C級,低危害,檢點與危害告知,簽發前安全檢點,是否安全檢點,42,38,37,1,0,0,0,0.9737,2,低
2024-01,桃園,C,C級,低危害,檢點與危害告知,危害告知,是否危害告知,42,40,39,1,0,0,0,0.975,2,低
2024-01,桃園,C,C級,低危害,危害排除與隔離,環境危害排除,是否設備管線危害物排除,42,36,35,1,0,0,0,0.9722,2,低
2024-01,桃園,C,C級,低危害,危害排除與隔離,隔離管制,設備管線是否加盲加鎖掛牌,42,36,35,1,0,0,0,0.9722,2,低
2024-01,桃園,C,C級,低危害,環境測定,氣體偵測數值,可燃性氣體%、氧氣%、一氧化碳PPM、硫化氫PPM,42,42,41,1,0,0,0,0.9762,2,低
2024-01,桃園,C,C級,低危害,環境測定,測定基準,可燃性氣體 < 20%LEL；氧氣>= 18%；一氧化碳<50 PPM；硫化氫<10 PPM,42,36,35,1,0,0,0,0.9722,2,低
2024-01,桃園,C,C級,低危害,環境測定,測定頻率,上、下午施工前測定；A級或高風險作業需重複或連續測定；每小時/每兩小時紀錄表,42,41,40,1,0,1,0,0.9756,5,低
2024-01,桃園,C,C級,低危害,防火防爆,消防設備,是否有消防設備,42,39,38,1,0,0,0,0.9744,2,低
2024-01,桃園,C,C級,低危害,防火防爆,防爆安全工具,是否使用防爆電氣設備及安全工具,42,34,33,1,0,0,0,0.9706,2,低
2024-01,桃園,C,C級,低危害,高處作業,防墜措施,設標準施工架、安全網、安全母索、安全帶,42,41,40,1,0,0,0,0.9756,2,低
2024-01,桃園,C,C級,低危害,安全保護,個人防護具,是否有防護口罩、防毒面具、SCBA、防護手套、安全眼鏡、耳塞,42,37,36,1,0,0,0,0.973,2,低
2024-01,桃園,C,C級,低危害,警戒巡查,警戒標示,是否有警戒標示,42,40,39,1,0,0,0,0.975,2,低
2024-01,桃園,C,C級,低危害,警戒巡查,巡查會簽,是否轄區、監造、安衛人員或工地負責人巡查會簽,42,40,39,1,0,0,0,0.975,2,低
2024-01,桃園,C,C級,低危害,收工回簽,回簽收工確認,是否回簽時確認環境已整理並完成防護措施,42,38,37,1,0,0,0,0.9737,2,低
2024-01,桃園,C,C級,低危害,收工回簽,一般安全規定,是否遵守工安規定,42,38,37,1,0,0,0,0.9737,2,低
2024-01,桃園,C,C級,低危害,收工回簽,現場紀錄,是否拍照,42,38,37,1,0,0,0,0.9737,2,低
2024-02,桃園,A,A級,高危害,廠區,基本資料,工廠、日期、時間,24,20,20,0,0,0,0,1.0,0,低
2024-02,桃園,A,A級,高危害,許可證,許可資訊,工程作業分級、申請時間、核准工作時間、工作許可證編號,24,24,23,1,0,0,0,0.9583,2,低
2024-02,桃園,A,A級,高危害,施工地點,場地關係人,施工部門、轄區部門、監造部門,24,21,20,1,0,0,0,0.9524,2,低
2024-02,桃園,A,A級,高危害,包商,承攬商與人員資格,承攬商、工作人數、車輛車號、工地負責人、安衛人員、特殊作業主管,24,23,22,1,0,0,0,0.9565,2,低
2024-02,桃園,A,A級,高危害,危害等級,作業等級,施工地點、工程案號、工作內容、許可工作項目、作業分級,24,23,22,1,0,0,0,0.9565,2,低
2024-02,桃園,A,A級,高危害,危害等級,管線設備危害物,可燃性氣體、易燃液體、有害性氣體、化學藥劑、酸鹼、熱水蒸氣、空氣、其他,24,22,21,1,0,0,0,0.9545,2,低
2024-02,桃園,A,A級,高危害,檢點與危害告知,簽發前安全檢點,是否安全檢點,24,22,21,1,0,0,0,0.9545,2,低
2024-02,桃園,A,A級,高危害,檢點與危害告知,危害告知,是否危害告知,24,22,21,1,0,0,0,0.9545,2,低
2024-02,桃園,A,A級,高危害,危害排除與隔離,環境危害排除,是否設備管線危害物排除,24,21,20,1,0,1,0,0.9524,5,低
2024-02,桃園,A,A級,高危害,危害排除與隔離,隔離管制,設備管線是否加盲加鎖掛牌,24,20,19,1,0,0,0,0.95,2,低
2024-02,桃園,A,A級,高危害,環境測定,氣體偵測數值,可燃性氣體%、氧氣%、一氧化碳PPM、硫化氫PPM,24,24,22,2,1,1,0,0.9167,16,中
2024-02,桃園,A,A級,高危害,環境測定,測定基準,可燃性氣體 < 20%LEL；氧氣>= 18%；一氧化碳<50 PPM；硫化氫<10 PPM,24,22,21,1,0,0,0,0.9545,2,低
2024-02,桃園,A,A級,高危害,環境測定,測定頻率,上、下午施工前測定；A級或高風險作業需重複或連續測定；每小時/每兩小時紀錄表,24,22,20,2,1,1,0,0.9091,16,中
2024-02,桃園,A,A級,高危害,防火防爆,消防設備,是否有消防設備,24,20,19,1,0,0,0,0.95,2,低
2024-02,桃園,A,A級,高危害,防火防爆,防爆安全工具,是否使用防爆電氣設備及安全工具,24,20,19,1,0,0,0,0.95,2,低
2024-02,桃園,A,A級,高危害,高處作業,防墜措施,設標準施工架、安全網、安全母索、安全帶,24,20,19,1,0,0,0,0.95,2,低
2024-02,桃園,A,A級,高危害,安全保護,個人防護具,是否有防護口罩、防毒面具、SCBA、防護手套、安全眼鏡、耳塞,24,22,21,1,0,0,0,0.9545,2,低
2024-02,桃園,A,A級,高危害,警戒巡查,警戒標示,是否有警戒標示,24,20,19,1,0,1,0,0.95,5,低
2024-02,桃園,A,A級,高危害,警戒巡查,巡查會簽,是否轄區、監造、安衛人員或工地負責人巡查會簽,24,22,21,1,0,0,0,0.9545,2,低
2024-02,桃園,A,A級,高危害,收工回簽,回簽收工確認,是否回簽時確認環境已整理並完成防護措施,24,24,23,1,0,0,0,0.9583,2,低
2024-02,桃園,A,A級,高危害,收工回簽,一般安全規定,是否遵守工安規定,24,23,22,1,0,0,0,0.9565,2,低
2024-02,桃園,A,A級,高危害,收工回簽,現場紀錄,是否拍照,24,20,19,1,0,0,0,0.95,2,低
2024-02,桃園,B,B級,中危害,廠區,基本資料,工廠、日期、時間,54,45,44,1,0,0,0,0.9778,2,低
2024-02,桃園,B,B級,中危害,許可證,許可資訊,工程作業分級、申請時間、核准工作時間、工作許可證編號,54,50,49,1,0,0,0,0.98,2,低
2024-02,桃園,B,B級,中危害,施工地點,場地關係人,施工部門、轄區部門、監造部門,54,46,45,1,0,0,0,0.9783,2,低
2024-02,桃園,B,B級,中危害,包商,承攬商與人員資格,承攬商、工作人數、車輛車號、工地負責人、安衛人員、特殊作業主管,54,52,51,1,0,0,0,0.9808,2,低
2024-02,桃園,B,B級,中危害,危害等級,作業等級,施工地點、工程案號、工作內容、許可工作項目、作業分級,54,47,45,2,0,1,0,0.9574,7,低
2024-02,桃園,B,B級,中危害,危害等級,管線設備危害物,可燃性氣體、易燃液體、有害性氣體、化學藥劑、酸鹼、熱水蒸氣、空氣、其他,54,53,51,2,0,0,0,0.9623,4,低
2024-02,桃園,B,B級,中危害,檢點與危害告知,簽發前安全檢點,是否安全檢點,54,46,45,1,0,0,0,0.9783,2,低
2024-02,桃園,B,B級,中危害,檢點與危害告知,危害告知,是否危害告知,54,50,49,1,0,0,0,0.98,2,低
2024-02,桃園,B,B級,中危害,危害排除與隔離,環境危害排除,是否設備管線危害物排除,54,44,42,2,1,1,0,0.9545,16,中
2024-02,桃園,B,B級,中危害,危害排除與隔離,隔離管制,設備管線是否加盲加鎖掛牌,54,48,46,2,1,1,0,0.9583,16,中
2024-02,桃園,B,B級,中危害,環境測定,氣體偵測數值,可燃性氣體%、氧氣%、一氧化碳PPM、硫化氫PPM,54,48,46,2,1,1,0,0.9583,16,中
2024-02,桃園,B,B級,中危害,環境測定,測定基準,可燃性氣體 < 20%LEL；氧氣>= 18%；一氧化碳<50 PPM；硫化氫<10 PPM,54,45,43,2,1,1,0,0.9556,16,中
2024-02,桃園,B,B級,中危害,環境測定,測定頻率,上、下午施工前測定；A級或高風險作業需重複或連續測定；每小時/每兩小時紀錄表,54,49,47,2,1,1,0,0.9592,16,中
2024-02,桃園,B,B級,中危害,防火防爆,消防設備,是否有消防設備,54,47,45,2,1,1,0,0.9574,16,中
2024-02,桃園,B,B級,中危害,防火防爆,防爆安全工具,是否使用防爆電氣設備及安全工具,54,45,43,2,1,1,0,0.9556,16,中
2024-02,桃園,B,B級,中危害,高處作業,防墜措施,設標準施工架、安全網、安全母索、安全帶,54,50,48,2,1,1,0,0.96,16,中
2024-02,桃園,B,B級,中危害,安全保護,個人防護具,是否有防護口罩、防毒面具、SCBA、防護手套、安全眼鏡、耳塞,54,45,44,1,0,0,0,0.9778,2,低
2024-02,桃園,B,B級,中危害,警戒巡查,警戒標示,是否有警戒標示,54,51,50,1,0,0,0,0.9804,2,低
2024-02,桃園,B,B級,中危害,警戒巡查,巡查會簽,是否轄區、監造、安衛人員或工地負責人巡查會簽,54,49,48,1,0,0,0,0.9796,2,低
2024-02,桃園,B,B級,中危害,收工回簽,回簽收工確認,是否回簽時確認環境已整理並完成防護措施,54,49,47,2,0,1,0,0.9592,7,低
2024-02,桃園,B,B級,中危害,收工回簽,一般安全規定,是否遵守工安規定,54,45,44,1,0,0,0,0.9778,2,低
2024-02,桃園,B,B級,中危害,收工回簽,現場紀錄,是否拍照,54,49,48,1,0,0,0,0.9796,2,低
2024-02,桃園,C,C級,低危害,廠區,基本資料,工廠、日期、時間,38,32,32,0,0,0,0,1.0,0,低
2024-02,桃園,C,C級,低危害,許可證,許可資訊,工程作業分級、申請時間、核准工作時間、工作許可證編號,38,32,31,1,0,0,0,0.9688,2,低
2024-02,桃園,C,C級,低危害,施工地點,場地關係人,施工部門、轄區部門、監造部門,38,35,34,1,0,0,0,0.9714,2,低
2024-02,桃園,C,C級,低危害,包商,承攬商與人員資格,承攬商、工作人數、車輛車號、工地負責人、安衛人員、特殊作業主管,38,35,34,1,0,0,0,0.9714,2,低
2024-02,桃園,C,C級,低危害,危害等級,作業等級,施工地點、工程案號、工作內容、許可工作項目、作業分級,38,32,31,1,0,0,0,0.9688,2,低
2024-02,桃園,C,C級,低危害,危害等級,管線設備危害物,可燃性氣體、易燃液體、有害性氣體、化學藥劑、酸鹼、熱水蒸氣、空氣、其他,38,33,32,1,0,0,0,0.9697,2,低
2024-02,桃園,C,C級,低危害,檢點與危害告知,簽發前安全檢點,是否安全檢點,38,37,36,1,0,0,0,0.973,2,低
2024-02,桃園,C,C級,低危害,檢點與危害告知,危害告知,是否危害告知,38,34,33,1,0,0,0,0.9706,2,低
2024-02,桃園,C,C級,低危害,危害排除與隔離,環境危害排除,是否設備管線危害物排除,38,36,35,1,0,0,0,0.9722,2,低
2024-02,桃園,C,C級,低危害,危害排除與隔離,隔離管制,設備管線是否加盲加鎖掛牌,38,38,37,1,0,0,0,0.9737,2,低
2024-02,桃園,C,C級,低危害,環境測定,氣體偵測數值,可燃性氣體%、氧氣%、一氧化碳PPM、硫化氫PPM,38,34,33,1,0,0,0,0.9706,2,低
2024-02,桃園,C,C級,低危害,環境測定,測定基準,可燃性氣體 < 20%LEL；氧氣>= 18%；一氧化碳<50 PPM；硫化氫<10 PPM,38,34,33,1,0,0,0,0.9706,2,低
2024-02,桃園,C,C級,低危害,環境測定,測定頻率,上、下午施工前測定；A級或高風險作業需重複或連續測定；每小時/每兩小時紀錄表,38,35,34,1,0,0,0,0.9714,2,低
2024-02,桃園,C,C級,低危害,防火防爆,消防設備,是否有消防設備,38,33,32,1,0,0,0,0.9697,2,低
2024-02,桃園,C,C級,低危害,防火防爆,防爆安全工具,是否使用防爆電氣設備及安全工具,38,32,31,1,0,0,0,0.9688,2,低
2024-02,桃園,C,C級,低危害,高處作業,防墜措施,設標準施工架、安全網、安全母索、安全帶,38,34,33,1,0,0,0,0.9706,2,低
2024-02,桃園,C,C級,低危害,安全保護,個人防護具,是否有防護口罩、防毒面具、SCBA、防護手套、安全眼鏡、耳塞,38,34,33,1,0,0,0,0.9706,2,低
2024-02,桃園,C,C級,低危害,警戒巡查,警戒標示,是否有警戒標示,38,34,33,1,0,0,0,0.9706,2,低
2024-02,桃園,C,C級,低危害,警戒巡查,巡查會簽,是否轄區、監造、安衛人員或工地負責人巡查會簽,38,38,37,1,0,1,0,0.9737,5,低
2024-02,桃園,C,C級,低危害,收工回簽,回簽收工確認,是否回簽時確認環境已整理並完成防護措施,38,36,35,1,0,0,0,0.9722,2,低
2024-02,桃園,C,C級,低危害,收工回簽,一般安全規定,是否遵守工安規定,38,37,36,1,0,0,0,0.973,2,低
2024-02,桃園,C,C級,低危害,收工回簽,現場紀錄,是否拍照,38,36,35,1,0,0,0,0.9722,2,低
2024-03,桃園,A,A級,高危害,廠區,基本資料,工廠、日期、時間,27,23,23,0,0,0,0,1.0,0,低
2024-03,桃園,A,A級,高危害,許可證,許可資訊,工程作業分級、申請時間、核准工作時間、工作許可證編號,27,24,23,1,0,0,0,0.9583,2,低
2024-03,桃園,A,A級,高危害,施工地點,場地關係人,施工部門、轄區部門、監造部門,27,24,23,1,0,0,0,0.9583,2,低
2024-03,桃園,A,A級,高危害,包商,承攬商與人員資格,承攬商、工作人數、車輛車號、工地負責人、安衛人員、特殊作業主管,27,24,23,1,0,0,0,0.9583,2,低
2024-03,桃園,A,A級,高危害,危害等級,作業等級,施工地點、工程案號、工作內容、許可工作項目、作業分級,27,27,26,1,0,1,0,0.963,5,低
2024-03,桃園,A,A級,高危害,危害等級,管線設備危害物,可燃性氣體、易燃液體、有害性氣體、化學藥劑、酸鹼、熱水蒸氣、空氣、其他,27,25,24,1,0,0,0,0.96,2,低
2024-03,桃園,A,A級,高危害,檢點與危害告知,簽發前安全檢點,是否安全檢點,27,26,25,1,0,0,0,0.9615,2,低
2024-03,桃園,A,A級,高危害,檢點與危害告知,危害告知,是否危害告知,27,26,25,1,0,0,0,0.9615,2,低
2024-03,桃園,A,A級,高危害,危害排除與隔離,環境危害排除,是否設備管線危害物排除,27,26,24,2,1,0,0,0.9231,13,低
2024-03,桃園,A,A級,高危害,危害排除與隔離,隔離管制,設備管線是否加盲加鎖掛牌,27,23,22,1,0,0,0,0.9565,2,低
2024-03,桃園,A,A級,高危害,環境測定,氣體偵測數值,可燃性氣體%、氧氣%、一氧化碳PPM、硫化氫PPM,27,26,25,1,0,0,0,0.9615,2,低
2024-03,桃園,A,A級,高危害,環境測定,測定基準,可燃性氣體 < 20%LEL；氧氣>= 18%；一氧化碳<50 PPM；硫化氫<10 PPM,27,23,21,2,1,1,0,0.913,16,中
2024-03,桃園,A,A級,高危害,環境測定,測定頻率,上、下午施工前測定；A級或高風險作業需重複或連續測定；每小時/每兩小時紀錄表,27,25,24,1,0,0,0,0.96,2,低
2024-03,桃園,A,A級,高危害,防火防爆,消防設備,是否有消防設備,27,24,23,1,0,0,0,0.9583,2,低
2024-03,桃園,A,A級,高危害,防火防爆,防爆安全工具,是否使用防爆電氣設備及安全工具,27,26,24,2,1,1,0,0.9231,16,中
2024-03,桃園,A,A級,高危害,高處作業,防墜措施,設標準施工架、安全網、安全母索、安全帶,27,25,24,1,0,0,0,0.96,2,低
2024-03,桃園,A,A級,高危害,安全保護,個人防護具,是否有防護口罩、防毒面具、SCBA、防護手套、安全眼鏡、耳塞,27,24,23,1,0,0,0,0.9583,2,低
2024-03,桃園,A,A級,高危害,警戒巡查,警戒標示,是否有警戒標示,27,22,21,1,0,0,0,0.9545,2,低
2024-03,桃園,A,A級,高危害,警戒巡查,巡查會簽,是否轄區、監造、安衛人員或工地負責人巡查會簽,27,27,26,1,0,0,0,0.963,2,低
2024-03,桃園,A,A級,高危害,收工回簽,回簽收工確認,是否回簽時確認環境已整理並完成防護措施,27,25,24,1,0,0,0,0.96,2,低
2024-03,桃園,A,A級,高危害,收工回簽,一般安全規定,是否遵守工安規定,27,22,21,1,0,0,0,0.9545,2,低
2024-03,桃園,A,A級,高危害,收工回簽,現場紀錄,是否拍照,27,27,26,1,0,0,0,0.963,2,低
2024-03,桃園,B,B級,中危害,廠區,基本資料,工廠、日期、時間,54,48,47,1,0,0,0,0.9792,2,低
2024-03,桃園,B,B級,中危害,許可證,許可資訊,工程作業分級、申請時間、核准工作時間、工作許可證編號,54,54,53,1,0,1,0,0.9815,5,低
2024-03,桃園,B,B級,中危害,施工地點,場地關係人,施工部門、轄區部門、監造部門,54,51,50,1,0,0,0,0.9804,2,低
2024-03,桃園,B,B級,中危害,包商,承攬商與人員資格,承攬商、工作人數、車輛車號、工地負責人、安衛人員、特殊作業主管,54,47,46,1,0,0,0,0.9787,2,低
2024-03,桃園,B,B級,中危害,危害等級,作業等級,施工地點、工程案號、工作內容、許可工作項目、作業分級,54,46,45,1,0,0,0,0.9783,2,低
2024-03,桃園,B,B級,中危害,危害等級,管線設備危害物,可燃性氣體、易燃液體、有害性氣體、化學藥劑、酸鹼、熱水蒸氣、空氣、其他,54,53,51,2,0,1,0,0.9623,7,低
2024-03,桃園,B,B級,中危害,檢點與危害告知,簽發前安全檢點,是否安全檢點,54,47,46,1,0,0,0,0.9787,2,低
2024-03,桃園,B,B級,中危害,檢點與危害告知,危害告知,是否危害告知,54,46,45,1,0,0,0,0.9783,2,低
2024-03,桃園,B,B級,中危害,危害排除與隔離,環境危害排除,是否設備管線危害物排除,54,45,44,1,0,0,0,0.9778,2,低
2024-03,桃園,B,B級,中危害,危害排除與隔離,隔離管制,設備管線是否加盲加鎖掛牌,54,51,49,2,1,1,0,0.9608,16,中
2024-03,桃園,B,B級,中危害,環境測定,氣體偵測數值,可燃性氣體%、氧氣%、一氧化碳PPM、硫化氫PPM,54,52,50,2,1,1,0,0.9615,16,中
2024-03,桃園,B,B級,中危害,環境測定,測定基準,可燃性氣體 < 20%LEL；氧氣>= 18%；一氧化碳<50 PPM；硫化氫<10 PPM,54,47,45,2,1,1,0,0.9574,16,中
2024-03,桃園,B,B級,中危害,環境測定,測定頻率,上、下午施工前測定；A級或高風險作業需重複或連續測定；每小時/每兩小時紀錄表,54,53,51,2,1,1,0,0.9623,16,中
2024-03,桃園,B,B級,中危害,防火防爆,消防設備,是否有消防設備,54,50,48,2,1,1,0,0.96,16,中
2024-03,桃園,B,B級,中危害,防火防爆,防爆安全工具,是否使用防爆電氣設備及安全工具,54,49,47,2,1,1,0,0.9592,16,中
2024-03,桃園,B,B級,中危害,高處作業,防墜措施,設標準施工架、安全網、安全母索、安全帶,54,48,46,2,1,1,0,0.9583,16,中
2024-03,桃園,B,B級,中危害,安全保護,個人防護具,是否有防護口罩、防毒面具、SCBA、防護手套、安全眼鏡、耳塞,54,49,47,2,0,1,0,0.9592,7,低
2024-03,桃園,B,B級,中危害,警戒巡查,警戒標示,是否有警戒標示,54,47,46,1,0,0,0,0.9787,2,低
2024-03,桃園,B,B級,中危害,警戒巡查,巡查會簽,是否轄區、監造、安衛人員或工地負責人巡查會簽,54,54,53,1,0,0,0,0.9815,2,低
2024-03,桃園,B,B級,中危害,收工回簽,回簽收工確認,是否回簽時確認環境已整理並完成防護措施,54,46,45,1,0,0,0,0.9783,2,低
2024-03,桃園,B,B級,中危害,收工回簽,一般安全規定,是否遵守工安規定,54,50,49,1,0,0,0,0.98,2,低
2024-03,桃園,B,B級,中危害,收工回簽,現場紀錄,是否拍照,54,47,46,1,0,0,0,0.9787,2,低
2024-03,桃園,C,C級,低危害,廠區,基本資料,工廠、日期、時間,38,34,34,0,0,0,0,1.0,0,低
2024-03,桃園,C,C級,低危害,許可證,許可資訊,工程作業分級、申請時間、核准工作時間、工作許可證編號,38,33,32,1,0,0,0,0.9697,2,低
2024-03,桃園,C,C級,低危害,施工地點,場地關係人,施工部門、轄區部門、監造部門,38,33,32,1,0,0,0,0.9697,2,低
2024-03,桃園,C,C級,低危害,包商,承攬商與人員資格,承攬商、工作人數、車輛車號、工地負責人、安衛人員、特殊作業主管,38,34,33,1,0,0,0,0.9706,2,低
2024-03,桃園,C,C級,低危害,危害等級,作業等級,施工地點、工程案號、工作內容、許可工作項目、作業分級,38,33,32,1,0,0,0,0.9697,2,低
2024-03,桃園,C,C級,低危害,危害等級,管線設備危害物,可燃性氣體、易燃液體、有害性氣體、化學藥劑、酸鹼、熱水蒸氣、空氣、其他,38,38,37,1,0,0,0,0.9737,2,低
2024-03,桃園,C,C級,低危害,檢點與危害告知,簽發前安全檢點,是否安全檢點,38,31,30,1,0,0,0,0.9677,2,低
2024-03,桃園,C,C級,低危害,檢點與危害告知,危害告知,是否危害告知,38,36,35,1,0,0,0,0.9722,2,低
2024-03,桃園,C,C級,低危害,危害排除與隔離,環境危害排除,是否設備管線危害物排除,38,35,34,1,0,0,0,0.9714,2,低
2024-03,桃園,C,C級,低危害,危害排除與隔離,隔離管制,設備管線是否加盲加鎖掛牌,38,32,31,1,0,0,0,0.9688,2,低
2024-03,桃園,C,C級,低危害,環境測定,氣體偵測數值,可燃性氣體%、氧氣%、一氧化碳PPM、硫化氫PPM,38,37,36,1,0,0,0,0.973,2,低
2024-03,桃園,C,C級,低危害,環境測定,測定基準,可燃性氣體 < 20%LEL；氧氣>= 18%；一氧化碳<50 PPM；硫化氫<10 PPM,38,35,34,1,0,0,0,0.9714,2,低
2024-03,桃園,C,C級,低危害,環境測定,測定頻率,上、下午施工前測定；A級或高風險作業需重複或連續測定；每小時/每兩小時紀錄表,38,32,31,1,0,0,0,0.9688,2,低
2024-03,桃園,C,C級,低危害,防火防爆,消防設備,是否有消防設備,38,33,32,1,0,0,0,0.9697,2,低
2024-03,桃園,C,C級,低危害,防火防爆,防爆安全工具,是否使用防爆電氣設備及安全工具,38,34,33,1,0,0,0,0.9706,2,低
2024-03,桃園,C,C級,低危害,高處作業,防墜措施,設標準施工架、安全網、安全母索、安全帶,38,38,37,1,0,0,0,0.9737,2,低
2024-03,桃園,C,C級,低危害,安全保護,個人防護具,是否有防護口罩、防毒面具、SCBA、防護手套、安全眼鏡、耳塞,38,36,35,1,0,0,0,0.9722,2,低
2024-03,桃園,C,C級,低危害,警戒巡查,警戒標示,是否有警戒標示,38,32,31,1,0,0,0,0.9688,2,低
2024-03,桃園,C,C級,低危害,警戒巡查,巡查會簽,是否轄區、監造、安衛人員或工地負責人巡查會簽,38,37,36,1,0,0,0,0.973,2,低
2024-03,桃園,C,C級,低危害,收工回簽,回簽收工確認,是否回簽時確認環境已整理並完成防護措施,38,37,36,1,0,0,0,0.973,2,低
2024-03,桃園,C,C級,低危害,收工回簽,一般安全規定,是否遵守工安規定,38,33,32,1,0,0,0,0.9697,2,低
2024-03,桃園,C,C級,低危害,收工回簽,現場紀錄,是否拍照,38,34,33,1,0,0,0,0.9706,2,低
2024-04,桃園,A,A級,高危害,廠區,基本資料,工廠、日期、時間,21,19,19,0,0,0,0,1.0,0,低
2024-04,桃園,A,A級,高危害,許可證,許可資訊,工程作業分級、申請時間、核准工作時間、工作許可證編號,21,21,21,0,0,0,0,1.0,0,低
2024-04,桃園,A,A級,高危害,施工地點,場地關係人,施工部門、轄區部門、監造部門,21,20,19,1,0,0,0,0.95,2,低
2024-04,桃園,A,A級,高危害,包商,承攬商與人員資格,承攬商、工作人數、車輛車號、工地負責人、安衛人員、特殊作業主管,21,18,17,1,0,0,0,0.9444,2,低
2024-04,桃園,A,A級,高危害,危害等級,作業等級,施工地點、工程案號、工作內容、許可工作項目、作業分級,21,20,19,1,0,0,0,0.95,2,低
2024-04,桃園,A,A級,高危害,危害等級,管線設備危害物,可燃性氣體、易燃液體、有害性氣體、化學藥劑、酸鹼、熱水蒸氣、空氣、其他,21,20,19,1,0,0,0,0.95,2,低
2024-04,桃園,A,A級,高危害,檢點與危害告知,簽發前安全檢點,是否安全檢點,21,18,17,1,0,0,0,0.9444,2,低
2024-04,桃園,A,A級,高危害,檢點與危害告知,危害告知,是否危害告知,21,19,18,1,0,0,0,0.9474,2,低
2024-04,桃園,A,A級,高危害,危害排除與隔離,環境危害排除,是否設備管線危害物排除,21,18,17,1,0,0,0,0.9444,2,低
2024-04,桃園,A,A級,高危害,危害排除與隔離,隔離管制,設備管線是否加盲加鎖掛牌,21,19,18,1,0,0,0,0.9474,2,低
2024-04,桃園,A,A級,高危害,環境測定,氣體偵測數值,可燃性氣體%、氧氣%、一氧化碳PPM、硫化氫PPM,21,20,19,1,0,0,0,0.95,2,低
2024-04,桃園,A,A級,高危害,環境測定,測定基準,可燃性氣體 < 20%LEL；氧氣>= 18%；一氧化碳<50 PPM；硫化氫<10 PPM,21,21,19,2,1,1,0,0.9048,16,中
2024-04,桃園,A,A級,高危害,環境測定,測定頻率,上、下午施工前測定；A級或高風險作業需重複或連續測定；每小時/每兩小時紀錄表,21,20,19,1,0,0,0,0.95,2,低
2024-04,桃園,A,A級,高危害,防火防爆,消防設備,是否有消防設備,21,19,18,1,0,0,0,0.9474,2,低
2024-04,桃園,A,A級,高危害,防火防爆,防爆安全工具,是否使用防爆電氣設備及安全工具,21,17,16,1,0,0,0,0.9412,2,低
2024-04,桃園,A,A級,高危害,高處作業,防墜措施,設標準施工架、安全網、安全母索、安全帶,21,19,18,1,0,0,0,0.9474,2,低
2024-04,桃園,A,A級,高危害,安全保護,個人防護具,是否有防護口罩、防毒面具、SCBA、防護手套、安全眼鏡、耳塞,21,20,19,1,0,1,0,0.95,5,低
2024-04,桃園,A,A級,高危害,警戒巡查,警戒標示,是否有警戒標示,21,19,18,1,0,0,0,0.9474,2,低
2024-04,桃園,A,A級,高危害,警戒巡查,巡查會簽,是否轄區、監造、安衛人員或工地負責人巡查會簽,21,19,18,1,0,0,0,0.9474,2,低
2024-04,桃園,A,A級,高危害,收工回簽,回簽收工確認,是否回簽時確認環境已整理並完成防護措施,21,20,19,1,0,0,0,0.95,2,低
2024-04,桃園,A,A級,高危害,收工回簽,一般安全規定,是否遵守工安規定,21,18,17,1,0,0,0,0.9444,2,低
2024-04,桃園,A,A級,高危害,收工回簽,現場紀錄,是否拍照,21,19,18,1,0,0,0,0.9474,2,低
2024-04,桃園,B,B級,中危害,廠區,基本資料,工廠、日期、時間,50,48,47,1,0,0,0,0.9792,2,低
2024-04,桃園,B,B級,中危害,許可證,許可資訊,工程作業分級、申請時間、核准工作時間、工作許可證編號,50,49,48,1,0,0,0,0.9796,2,低
2024-04,桃園,B,B級,中危害,施工地點,場地關係人,施工部門、轄區部門、監造部門,50,43,42,1,0,0,0,0.9767,2,低
2024-04,桃園,B,B級,中危害,包商,承攬商與人員資格,承攬商、工作人數、車輛車號、工地負責人、安衛人員、特殊作業主管,50,49,48,1,0,0,0,0.9796,2,低
2024-04,桃園,B,B級,中危害,危害等級,作業等級,施工地點、工程案號、工作內容、許可工作項目、作業分級,50,48,47,1,0,0,0,0.9792,2,低
2024-04,桃園,B,B級,中危害,危害等級,管線設備危害物,可燃性氣體、易燃液體、有害性氣體、化學藥劑、酸鹼、熱水蒸氣、空氣、其他,50,45,44,1,0,0,0,0.9778,2,低
2024-04,桃園,B,B級,中危害,檢點與危害告知,簽發前安全檢點,是否安全檢點,50,47,45,2,0,0,0,0.9574,4,低
2024-04,桃園,B,B級,中危害,檢點與危害告知,危害告知,是否危害告知,50,43,42,1,0,1,0,0.9767,5,低
2024-04,桃園,B,B級,中危害,危害排除與隔離,環境危害排除,是否設備管線危害物排除,50,41,40,1,0,0,0,0.9756,2,低
2024-04,桃園,B,B級,中危害,危害排除與隔離,隔離管制,設備管線是否加盲加鎖掛牌,50,49,47,2,1,1,0,0.9592,16,中
2024-04,桃園,B,B級,中危害,環境測定,氣體偵測數值,可燃性氣體%、氧氣%、一氧化碳PPM、硫化氫PPM,50,50,48,2,1,1,0,0.96,16,中
2024-04,桃園,B,B級,中危害,環境測定,測定基準,可燃性氣體 < 20%LEL；氧氣>= 18%；一氧化碳<50 PPM；硫化氫<10 PPM,50,45,44,1,0,0,0,0.9778,2,低
2024-04,桃園,B,B級,中危害,環境測定,測定頻率,上、下午施工前測定；A級或高風險作業需重複或連續測定；每小時/每兩小時紀錄表,50,45,44,1,0,0,0,0.9778,2,低
2024-04,桃園,B,B級,中危害,防火防爆,消防設備,是否有消防設備,50,44,43,1,0,0,0,0.9773,2,低
2024-04,桃園,B,B級,中危害,防火防爆,防爆安全工具,是否使用防爆電氣設備及安全工具,50,41,40,1,0,0,0,0.9756,2,低
2024-04,桃園,B,B級,中危害,高處作業,防墜措施,設標準施工架、安全網、安全母索、安全帶,50,43,42,1,0,0,0,0.9767,2,低
2024-04,桃園,B,B級,中危害,安全保護,個人防護具,是否有防護口罩、防毒面具、SCBA、防護手套、安全眼鏡、耳塞,50,49,48,1,0,0,0,0.9796,2,低
2024-04,桃園,B,B級,中危害,警戒巡查,警戒標示,是否有警戒標示,50,49,47,2,0,1,0,0.9592,7,低
2024-04,桃園,B,B級,中危害,警戒巡查,巡查會簽,是否轄區、監造、安衛人員或工地負責人巡查會簽,50,42,41,1,0,0,0,0.9762,2,低
2024-04,桃園,B,B級,中危害,收工回簽,回簽收工確認,是否回簽時確認環境已整理並完成防護措施,50,44,43,1,0,0,0,0.9773,2,低
2024-04,桃園,B,B級,中危害,收工回簽,一般安全規定,是否遵守工安規定,50,48,46,2,0,1,0,0.9583,7,低
2024-04,桃園,B,B級,中危害,收工回簽,現場紀錄,是否拍照,50,42,41,1,0,0,0,0.9762,2,低
2024-04,桃園,C,C級,低危害,廠區,基本資料,工廠、日期、時間,42,40,39,1,0,0,0,0.975,2,低
2024-04,桃園,C,C級,低危害,許可證,許可資訊,工程作業分級、申請時間、核准工作時間、工作許可證編號,42,37,36,1,0,0,0,0.973,2,低
2024-04,桃園,C,C級,低危害,施工地點,場地關係人,施工部門、轄區部門、監造部門,42,40,39,1,0,0,0,0.975,2,低
2024-04,桃園,C,C級,低危害,包商,承攬商與人員資格,承攬商、工作人數、車輛車號、工地負責人、安衛人員、特殊作業主管,42,36,35,1,0,0,0,0.9722,2,低
2024-04,桃園,C,C級,低危害,危害等級,作業等級,施工地點、工程案號、工作內容、許可工作項目、作業分級,42,35,34,1,0,0,0,0.9714,2,低
2024-04,桃園,C,C級,低危害,危害等級,管線設備危害物,可燃性氣體、易燃液體、有害性氣體、化學藥劑、酸鹼、熱水蒸氣、空氣、其他,42,38,37,1,0,0,0,0.9737,2,低
2024-04,桃園,C,C級,低危害,檢點與危害告知,簽發前安全檢點,是否安全檢點,42,38,37,1,0,0,0,0.9737,2,低
2024-04,桃園,C,C級,低危害,檢點與危害告知,危害告知,是否危害告知,42,39,38,1,0,0,0,0.9744,2,低
2024-04,桃園,C,C級,低危害,危害排除與隔離,環境危害排除,是否設備管線危害物排除,42,37,36,1,0,0,0,0.973,2,低
2024-04,桃園,C,C級,低危害,危害排除與隔離,隔離管制,設備管線是否加盲加鎖掛牌,42,35,34,1,0,0,0,0.9714,2,低
2024-04,桃園,C,C級,低危害,環境測定,氣體偵測數值,可燃性氣體%、氧氣%、一氧化碳PPM、硫化氫PPM,42,40,39,1,0,0,0,0.975,2,低
2024-04,桃園,C,C級,低危害,環境測定,測定基準,可燃性氣體 < 20%LEL；氧氣>= 18%；一氧化碳<50 PPM；硫化氫<10 PPM,42,37,36,1,0,0,0,0.973,2,低
2024-04,桃園,C,C級,低危害,環境測定,測定頻率,上、下午施工前測定；A級或高風險作業需重複或連續測定；每小時/每兩小時紀錄表,42,42,41,1,0,0,0,0.9762,2,低
2024-04,桃園,C,C級,低危害,防火防爆,消防設備,是否有消防設備,42,40,39,1,0,0,0,0.975,2,低
2024-04,桃園,C,C級,低危害,防火防爆,防爆安全工具,是否使用防爆電氣設備及安全工具,42,36,35,1,0,0,0,0.9722,2,低
2024-04,桃園,C,C級,低危害,高處作業,防墜措施,設標準施工架、安全網、安全母索、安全帶,42,35,34,1,0,0,0,0.9714,2,低
2024-04,桃園,C,C級,低危害,安全保護,個人防護具,是否有防護口罩、防毒面具、SCBA、防護手套、安全眼鏡、耳塞,42,36,35,1,0,0,0,0.9722,2,低
2024-04,桃園,C,C級,低危害,警戒巡查,警戒標示,是否有警戒標示,42,42,41,1,0,0,0,0.9762,2,低
2024-04,桃園,C,C級,低危害,警戒巡查,巡查會簽,是否轄區、監造、安衛人員或工地負責人巡查會簽,42,41,40,1,0,0,0,0.9756,2,低
2024-04,桃園,C,C級,低危害,收工回簽,回簽收工確認,是否回簽時確認環境已整理並完成防護措施,42,37,36,1,0,1,0,0.973,5,低
2024-04,桃園,C,C級,低危害,收工回簽,一般安全規定,是否遵守工安規定,42,37,36,1,0,0,0,0.973,2,低
2024-04,桃園,C,C級,低危害,收工回簽,現場紀錄,是否拍照,42,37,36,1,0,0,0,0.973,2,低
2024-05,桃園,A,A級,高危害,廠區,基本資料,工廠、日期、時間,20,17,17,0,0,0,0,1.0,0,低
2024-05,桃園,A,A級,高危害,許可證,許可資訊,工程作業分級、申請時間、核准工作時間、工作許可證編號,20,17,17,0,0,0,0,1.0,0,低
2024-05,桃園,A,A級,高危害,施工地點,場地關係人,施工部門、轄區部門、監造部門,20,17,16,1,0,0,0,0.9412,2,低
2024-05,桃園,A,A級,高危害,包商,承攬商與人員資格,承攬商、工作人數、車輛車號、工地負責人、安衛人員、特殊作業主管,20,20,19,1,0,0,0,0.95,2,低
2024-05,桃園,A,A級,高危害,危害等級,作業等級,施工地點、工程案號、工作內容、許可工作項目、作業分級,20,20,19,1,0,0,0,0.95,2,低
2024-05,桃園,A,A級,高危害,危害等級,管線設備危害物,可燃性氣體、易燃液體、有害性氣體、化學藥劑、酸鹼、熱水蒸氣、空氣、其他,20,18,17,1,0,1,0,0.9444,5,低
2024-05,桃園,A,A級,高危害,檢點與危害告知,簽發前安全檢點,是否安全檢點,20,18,17,1,0,0,0,0.9444,2,低
2024-05,桃園,A,A級,高危害,檢點與危害告知,危害告知,是否危害告知,20,18,17,1,0,0,0,0.9444,2,低
2024-05,桃園,A,A級,高危害,危害排除與隔離,環境危害排除,是否設備管線危害物排除,20,17,16,1,0,0,0,0.9412,2,低
2024-05,桃園,A,A級,高危害,危害排除與隔離,隔離管制,設備管線是否加盲加鎖掛牌,20,20,19,1,0,0,0,0.95,2,低
2024-05,桃園,A,A級,高危害,環境測定,氣體偵測數值,可燃性氣體%、氧氣%、一氧化碳PPM、硫化氫PPM,20,17,16,1,0,0,0,0.9412,2,低
2024-05,桃園,A,A級,高危害,環境測定,測定基準,可燃性氣體 < 20%LEL；氧氣>= 18%；一氧化碳<50 PPM；硫化氫<10 PPM,20,20,19,1,0,0,0,0.95,2,低
2024-05,桃園,A,A級,高危害,環境測定,測定頻率,上、下午施工前測定；A級或高風險作業需重複或連續測定；每小時/每兩小時紀錄表,20,18,17,1,0,0,0,0.9444,2,低
2024-05,桃園,A,A級,高危害,防火防爆,消防設備,是否有消防設備,20,20,19,1,0,0,0,0.95,2,低
2024-05,桃園,A,A級,高危害,防火防爆,防爆安全工具,是否使用防爆電氣設備及安全工具,20,18,17,1,0,0,0,0.9444,2,低
2024-05,桃園,A,A級,高危害,高處作業,防墜措施,設標準施工架、安全網、安全母索、安全帶,20,16,15,1,0,1,0,0.9375,5,低
2024-05,桃園,A,A級,高危害,安全保護,個人防護具,是否有防護口罩、防毒面具、SCBA、防護手套、安全眼鏡、耳塞,20,18,17,1,0,0,0,0.9444,2,低
2024-05,桃園,A,A級,高危害,警戒巡查,警戒標示,是否有警戒標示,20,20,19,1,0,0,0,0.95,2,低
2024-05,桃園,A,A級,高危害,警戒巡查,巡查會簽,是否轄區、監造、安衛人員或工地負責人巡查會簽,20,17,16,1,0,0,0,0.9412,2,低
2024-05,桃園,A,A級,高危害,收工回簽,回簽收工確認,是否回簽時確認環境已整理並完成防護措施,20,17,17,0,0,0,0,1.0,0,低
2024-05,桃園,A,A級,高危害,收工回簽,一般安全規定,是否遵守工安規定,20,18,18,0,0,0,0,1.0,0,低
2024-05,桃園,A,A級,高危害,收工回簽,現場紀錄,是否拍照,20,18,18,0,0,0,0,1.0,0,低
2024-05,桃園,B,B級,中危害,廠區,基本資料,工廠、日期、時間,52,51,50,1,0,0,0,0.9804,2,低
2024-05,桃園,B,B級,中危害,許可證,許可資訊,工程作業分級、申請時間、核准工作時間、工作許可證編號,52,46,45,1,0,0,0,0.9783,2,低
2024-05,桃園,B,B級,中危害,施工地點,場地關係人,施工部門、轄區部門、監造部門,52,48,47,1,0,0,0,0.9792,2,低
2024-05,桃園,B,B級,中危害,包商,承攬商與人員資格,承攬商、工作人數、車輛車號、工地負責人、安衛人員、特殊作業主管,52,43,42,1,0,0,0,0.9767,2,低
2024-05,桃園,B,B級,中危害,危害等級,作業等級,施工地點、工程案號、工作內容、許可工作項目、作業分級,52,48,47,1,0,0,0,0.9792,2,低
2024-05,桃園,B,B級,中危害,危害等級,管線設備危害物,可燃性氣體、易燃液體、有害性氣體、化學藥劑、酸鹼、熱水蒸氣、空氣、其他,52,50,48,2,0,1,0,0.96,7,低
2024-05,桃園,B,B級,中危害,檢點與危害告知,簽發前安全檢點,是否安全檢點,52,47,46,1,0,0,0,0.9787,2,低
2024-05,桃園,B,B級,中危害,檢點與危害告知,危害告知,是否危害告知,52,49,48,1,0,0,0,0.9796,2,低
2024-05,桃園,B,B級,中危害,危害排除與隔離,環境危害排除,是否設備管線危害物排除,52,43,41,2,1,1,0,0.9535,16,中
2024-05,桃園,B,B級,中危害,危害排除與隔離,隔離管制,設備管線是否加盲加鎖掛牌,52,45,43,2,1,1,0,0.9556,16,中
2024-05,桃園,B,B級,中危害,環境測定,氣體偵測數值,可燃性氣體%、氧氣%、一氧化碳PPM、硫化氫PPM,52,51,49,2,1,1,0,0.9608,16,中
2024-05,桃園,B,B級,中危害,環境測定,測定基準,可燃性氣體 < 20%LEL；氧氣>= 18%；一氧化碳<50 PPM；硫化氫<10 PPM,52,44,42,2,1,1,0,0.9545,16,中
2024-05,桃園,B,B級,中危害,環境測定,測定頻率,上、下午施工前測定；A級或高風險作業需重複或連續測定；每小時/每兩小時紀錄表,52,48,46,2,1,0,0,0.9583,13,低
2024-05,桃園,B,B級,中危害,防火防爆,消防設備,是否有消防設備,52,44,42,2,1,1,0,0.9545,16,中
2024-05,桃園,B,B級,中危害,防火防爆,防爆安全工具,是否使用防爆電氣設備及安全工具,52,49,47,2,1,1,0,0.9592,16,中
2024-05,桃園,B,B級,中危害,高處作業,防墜措施,設標準施工架、安全網、安全母索、安全帶,52,51,49,2,1,0,0,0.9608,13,低
2024-05,桃園,B,B級,中危害,安全保護,個人防護具,是否有防護口罩、防毒面具、SCBA、防護手套、安全眼鏡、耳塞,52,45,43,2,0,0,0,0.9556,4,低
2024-05,桃園,B,B級,中危害,警戒巡查,警戒標示,是否有警戒標示,52,52,51,1,0,0,0,0.9808,2,低
2024-05,桃園,B,B級,中危害,警戒巡查,巡查會簽,是否轄區、監造、安衛人員或工地負責人巡查會簽,52,46,44,2,0,0,0,0.9565,4,低
2024-05,桃園,B,B級,中危害,收工回簽,回簽收工確認,是否回簽時確認環境已整理並完成防護措施,52,47,46,1,0,0,0,0.9787,2,低
2024-05,桃園,B,B級,中危害,收工回簽,一般安全規定,是否遵守工安規定,52,49,48,1,0,0,0,0.9796,2,低
2024-05,桃園,B,B級,中危害,收工回簽,現場紀錄,是否拍照,52,43,42,1,0,0,0,0.9767,2,低
2024-05,桃園,C,C級,低危害,廠區,基本資料,工廠、日期、時間,35,31,30,1,0,0,0,0.9677,2,低
2024-05,桃園,C,C級,低危害,許可證,許可資訊,工程作業分級、申請時間、核准工作時間、工作許可證編號,35,30,29,1,0,0,0,0.9667,2,低
2024-05,桃園,C,C級,低危害,施工地點,場地關係人,施工部門、轄區部門、監造部門,35,32,31,1,0,0,0,0.9688,2,低
2024-05,桃園,C,C級,低危害,包商,承攬商與人員資格,承攬商、工作人數、車輛車號、工地負責人、安衛人員、特殊作業主管,35,33,32,1,0,0,0,0.9697,2,低
2024-05,桃園,C,C級,低危害,危害等級,作業等級,施工地點、工程案號、工作內容、許可工作項目、作業分級,35,31,30,1,0,0,0,0.9677,2,低
2024-05,桃園,C,C級,低危害,危害等級,管線設備危害物,可燃性氣體、易燃液體、有害性氣體、化學藥劑、酸鹼、熱水蒸氣、空氣、其他,35,30,29,1,0,0,0,0.9667,2,低
2024-05,桃園,C,C級,低危害,檢點與危害告知,簽發前安全檢點,是否安全檢點,35,35,34,1,0,0,0,0.9714,2,低
2024-05,桃園,C,C級,低危害,檢點與危害告知,危害告知,是否危害告知,35,30,29,1,0,0,0,0.9667,2,低
2024-05,桃園,C,C級,低危害,危害排除與隔離,環境危害排除,是否設備管線危害物排除,35,31,30,1,0,0,0,0.9677,2,低
2024-05,桃園,C,C級,低危害,危害排除與隔離,隔離管制,設備管線是否加盲加鎖掛牌,35,34,33,1,0,0,0,0.9706,2,低
2024-05,桃園,C,C級,低危害,環境測定,氣體偵測數值,可燃性氣體%、氧氣%、一氧化碳PPM、硫化氫PPM,35,33,32,1,0,1,0,0.9697,5,低
2024-05,桃園,C,C級,低危害,環境測定,測定基準,可燃性氣體 < 20%LEL；氧氣>= 18%；一氧化碳<50 PPM；硫化氫<10 PPM,35,32,31,1,0,0,0,0.9688,2,低
2024-05,桃園,C,C級,低危害,環境測定,測定頻率,上、下午施工前測定；A級或高風險作業需重複或連續測定；每小時/每兩小時紀錄表,35,29,28,1,0,0,0,0.9655,2,低
2024-05,桃園,C,C級,低危害,防火防爆,消防設備,是否有消防設備,35,30,29,1,0,0,0,0.9667,2,低
2024-05,桃園,C,C級,低危害,防火防爆,防爆安全工具,是否使用防爆電氣設備及安全工具,35,30,29,1,0,0,0,0.9667,2,低
2024-05,桃園,C,C級,低危害,高處作業,防墜措施,設標準施工架、安全網、安全母索、安全帶,35,32,31,1,0,0,0,0.9688,2,低
2024-05,桃園,C,C級,低危害,安全保護,個人防護具,是否有防護口罩、防毒面具、SCBA、防護手套、安全眼鏡、耳塞,35,35,34,1,0,0,0,0.9714,2,低
2024-05,桃園,C,C級,低危害,警戒巡查,警戒標示,是否有警戒標示,35,29,28,1,0,0,0,0.9655,2,低
2024-05,桃園,C,C級,低危害,警戒巡查,巡查會簽,是否轄區、監造、安衛人員或工地負責人巡查會簽,35,34,33,1,0,0,0,0.9706,2,低
2024-05,桃園,C,C級,低危害,收工回簽,回簽收工確認,是否回簽時確認環境已整理並完成防護措施,35,34,33,1,0,0,0,0.9706,2,低
2024-05,桃園,C,C級,低危害,收工回簽,一般安全規定,是否遵守工安規定,35,30,29,1,0,0,0,0.9667,2,低
2024-05,桃園,C,C級,低危害,收工回簽,現場紀錄,是否拍照,35,32,31,1,0,0,0,0.9688,2,低
2024-06,桃園,A,A級,高危害,廠區,基本資料,工廠、日期、時間,19,16,16,0,0,0,0,1.0,0,低
2024-06,桃園,A,A級,高危害,許可證,許可資訊,工程作業分級、申請時間、核准工作時間、工作許可證編號,19,18,18,0,0,0,0,1.0,0,低
2024-06,桃園,A,A級,高危害,施工地點,場地關係人,施工部門、轄區部門、監造部門,19,19,18,1,0,0,0,0.9474,2,低
2024-06,桃園,A,A級,高危害,包商,承攬商與人員資格,承攬商、工作人數、車輛車號、工地負責人、安衛人員、特殊作業主管,19,16,15,1,0,0,0,0.9375,2,低
2024-06,桃園,A,A級,高危害,危害等級,作業等級,施工地點、工程案號、工作內容、許可工作項目、作業分級,19,18,17,1,0,0,0,0.9444,2,低
2024-06,桃園,A,A級,高危害,危害等級,管線設備危害物,可燃性氣體、易燃液體、有害性氣體、化學藥劑、酸鹼、熱水蒸氣、空氣、其他,19,19,18,1,0,0,0,0.9474,2,低
2024-06,桃園,A,A級,高危害,檢點與危害告知,簽發前安全檢點,是否安全檢點,19,16,15,1,0,0,0,0.9375,2,低
2024-06,桃園,A,A級,高危害,檢點與危害告知,危害告知,是否危害告知,19,17,16,1,0,0,0,0.9412,2,低
2024-06,桃園,A,A級,高危害,危害排除與隔離,環境危害排除,是否設備管線危害物排除,19,17,16,1,0,0,0,0.9412,2,低
2024-06,桃園,A,A級,高危害,危害排除與隔離,隔離管制,設備管線是否加盲加鎖掛牌,19,16,15,1,0,0,0,0.9375,2,低
2024-06,桃園,A,A級,高危害,環境測定,氣體偵測數值,可燃性氣體%、氧氣%、一氧化碳PPM、硫化氫PPM,19,17,16,1,0,0,0,0.9412,2,低
2024-06,桃園,A,A級,高危害,環境測定,測定基準,可燃性氣體 < 20%LEL；氧氣>= 18%；一氧化碳<50 PPM；硫化氫<10 PPM,19,17,16,1,0,1,0,0.9412,5,低
2024-06,桃園,A,A級,高危害,環境測定,測定頻率,上、下午施工前測定；A級或高風險作業需重複或連續測定；每小時/每兩小時紀錄表,19,17,16,1,0,0,0,0.9412,2,低
2024-06,桃園,A,A級,高危害,防火防爆,消防設備,是否有消防設備,19,17,16,1,0,0,0,0.9412,2,低
2024-06,桃園,A,A級,高危害,防火防爆,防爆安全工具,是否使用防爆電氣設備及安全工具,19,19,18,1,0,0,0,0.9474,2,低
2024-06,桃園,A,A級,高危害,高處作業,防墜措施,設標準施工架、安全網、安全母索、安全帶,19,19,18,1,0,0,0,0.9474,2,低
2024-06,桃園,A,A級,高危害,安全保護,個人防護具,是否有防護口罩、防毒面具、SCBA、防護手套、安全眼鏡、耳塞,19,17,16,1,0,0,0,0.9412,2,低
2024-06,桃園,A,A級,高危害,警戒巡查,警戒標示,是否有警戒標示,19,17,16,1,0,0,0,0.9412,2,低
2024-06,桃園,A,A級,高危害,警戒巡查,巡查會簽,是否轄區、監造、安衛人員或工地負責人巡查會簽,19,16,15,1,0,0,0,0.9375,2,低
2024-06,桃園,A,A級,高危害,收工回簽,回簽收工確認,是否回簽時確認環境已整理並完成防護措施,19,18,17,1,0,0,0,0.9444,2,低
2024-06,桃園,A,A級,高危害,收工回簽,一般安全規定,是否遵守工安規定,19,17,17,0,0,0,0,1.0,0,低
2024-06,桃園,A,A級,高危害,收工回簽,現場紀錄,是否拍照,19,16,15,1,0,0,0,0.9375,2,低
2024-06,桃園,B,B級,中危害,廠區,基本資料,工廠、日期、時間,50,45,44,1,0,0,0,0.9778,2,低
2024-06,桃園,B,B級,中危害,許可證,許可資訊,工程作業分級、申請時間、核准工作時間、工作許可證編號,50,49,48,1,0,0,0,0.9796,2,低
2024-06,桃園,B,B級,中危害,施工地點,場地關係人,施工部門、轄區部門、監造部門,50,42,41,1,0,0,0,0.9762,2,低
2024-06,桃園,B,B級,中危害,包商,承攬商與人員資格,承攬商、工作人數、車輛車號、工地負責人、安衛人員、特殊作業主管,50,41,40,1,0,0,0,0.9756,2,低
2024-06,桃園,B,B級,中危害,危害等級,作業等級,施工地點、工程案號、工作內容、許可工作項目、作業分級,50,48,47,1,0,0,0,0.9792,2,低
2024-06,桃園,B,B級,中危害,危害等級,管線設備危害物,可燃性氣體、易燃液體、有害性氣體、化學藥劑、酸鹼、熱水蒸氣、空氣、其他,50,42,40,2,0,1,0,0.9524,7,低
2024-06,桃園,B,B級,中危害,檢點與危害告知,簽發前安全檢點,是否安全檢點,50,42,41,1,0,1,0,0.9762,5,低
2024-06,桃園,B,B級,中危害,檢點與危害告知,危害告知,是否危害告知,50,42,41,1,0,0,0,0.9762,2,低
2024-06,桃園,B,B級,中危害,危害排除與隔離,環境危害排除,是否設備管線危害物排除,50,46,45,1,0,0,0,0.9783,2,低
2024-06,桃園,B,B級,中危害,危害排除與隔離,隔離管制,設備管線是否加盲加鎖掛牌,50,48,47,1,0,0,0,0.9792,2,低
2024-06,桃園,B,B級,中危害,環境測定,氣體偵測數值,可燃性氣體%、氧氣%、一氧化碳PPM、硫化氫PPM,50,44,42,2,1,1,0,0.9545,16,中
2024-06,桃園,B,B級,中危害,環境測定,測定基準,可燃性氣體 < 20%LEL；氧氣>= 18%；一氧化碳<50 PPM；硫化氫<10 PPM,50,49,47,2,1,1,0,0.9592,16,中
2024-06,桃園,B,B級,中危害,環境測定,測定頻率,上、下午施工前測定；A級或高風險作業需重複或連續測定；每小時/每兩小時紀錄表,50,42,40,2,1,1,0,0.9524,16,中
2024-06,桃園,B,B級,中危害,防火防爆,消防設備,是否有消防設備,50,44,42,2,1,1,0,0.9545,16,中
2024-06,桃園,B,B級,中危害,防火防爆,防爆安全工具,是否使用防爆電氣設備及安全工具,50,42,40,2,1,1,0,0.9524,16,中
2024-06,桃園,B,B級,中危害,高處作業,防墜措施,設標準施工架、安全網、安全母索、安全帶,50,46,45,1,0,0,0,0.9783,2,低
2024-06,桃園,B,B級,中危害,安全保護,個人防護具,是否有防護口罩、防毒面具、SCBA、防護手套、安全眼鏡、耳塞,50,45,44,1,0,0,0,0.9778,2,低
2024-06,桃園,B,B級,中危害,警戒巡查,警戒標示,是否有警戒標示,50,47,45,2,0,1,0,0.9574,7,低
2024-06,桃園,B,B級,中危害,警戒巡查,巡查會簽,是否轄區、監造、安衛人員或工地負責人巡查會簽,50,47,46,1,0,0,0,0.9787,2,低
2024-06,桃園,B,B級,中危害,收工回簽,回簽收工確認,是否回簽時確認環境已整理並完成防護措施,50,46,45,1,0,0,0,0.9783,2,低
2024-06,桃園,B,B級,中危害,收工回簽,一般安全規定,是否遵守工安規定,50,49,48,1,0,0,0,0.9796,2,低
2024-06,桃園,B,B級,中危害,收工回簽,現場紀錄,是否拍照,50,49,48,1,0,0,0,0.9796,2,低
2024-06,桃園,C,C級,低危害,廠區,基本資料,工廠、日期、時間,38,35,35,0,0,0,0,1.0,0,低
2024-06,桃園,C,C級,低危害,許可證,許可資訊,工程作業分級、申請時間、核准工作時間、工作許可證編號,38,33,32,1,0,0,0,0.9697,2,低
2024-06,桃園,C,C級,低危害,施工地點,場地關係人,施工部門、轄區部門、監造部門,38,37,36,1,0,0,0,0.973,2,低
2024-06,桃園,C,C級,低危害,包商,承攬商與人員資格,承攬商、工作人數、車輛車號、工地負責人、安衛人員、特殊作業主管,38,33,32,1,0,0,0,0.9697,2,低
2024-06,桃園,C,C級,低危害,危害等級,作業等級,施工地點、工程案號、工作內容、許可工作項目、作業分級,38,37,36,1,0,1,0,0.973,5,低
2024-06,桃園,C,C級,低危害,危害等級,管線設備危害物,可燃性氣體、易燃液體、有害性氣體、化學藥劑、酸鹼、熱水蒸氣、空氣、其他,38,36,35,1,0,0,0,0.9722,2,低
2024-06,桃園,C,C級,低危害,檢點與危害告知,簽發前安全檢點,是否安全檢點,38,34,33,1,0,0,0,0.9706,2,低
2024-06,桃園,C,C級,低危害,檢點與危害告知,危害告知,是否危害告知,38,34,33,1,0,0,0,0.9706,2,低
2024-06,桃園,C,C級,低危害,危害排除與隔離,環境危害排除,是否設備管線危害物排除,38,35,34,1,0,0,0,0.9714,2,低
2024-06,桃園,C,C級,低危害,危害排除與隔離,隔離管制,設備管線是否加盲加鎖掛牌,38,33,32,1,0,1,0,0.9697,5,低
2024-06,桃園,C,C級,低危害,環境測定,氣體偵測數值,可燃性氣體%、氧氣%、一氧化碳PPM、硫化氫PPM,38,32,31,1,0,0,0,0.9688,2,低
2024-06,桃園,C,C級,低危害,環境測定,測定基準,可燃性氣體 < 20%LEL；氧氣>= 18%；一氧化碳<50 PPM；硫化氫<10 PPM,38,36,35,1,0,0,0,0.9722,2,低
2024-06,桃園,C,C級,低危害,環境測定,測定頻率,上、下午施工前測定；A級或高風險作業需重複或連續測定；每小時/每兩小時紀錄表,38,38,37,1,0,0,0,0.9737,2,低
2024-06,桃園,C,C級,低危害,防火防爆,消防設備,是否有消防設備,38,33,32,1,0,0,0,0.9697,2,低
2024-06,桃園,C,C級,低危害,防火防爆,防爆安全工具,是否使用防爆電氣設備及安全工具,38,37,36,1,0,0,0,0.973,2,低
2024-06,桃園,C,C級,低危害,高處作業,防墜措施,設標準施工架、安全網、安全母索、安全帶,38,36,35,1,0,0,0,0.9722,2,低
2024-06,桃園,C,C級,低危害,安全保護,個人防護具,是否有防護口罩、防毒面具、SCBA、防護手套、安全眼鏡、耳塞,38,35,34,1,0,1,0,0.9714,5,低
2024-06,桃園,C,C級,低危害,警戒巡查,警戒標示,是否有警戒標示,38,38,37,1,0,0,0,0.9737,2,低
2024-06,桃園,C,C級,低危害,警戒巡查,巡查會簽,是否轄區、監造、安衛人員或工地負責人巡查會簽,38,31,30,1,0,0,0,0.9677,2,低
2024-06,桃園,C,C級,低危害,收工回簽,回簽收工確認,是否回簽時確認環境已整理並完成防護措施,38,32,31,1,0,0,0,0.9688,2,低
2024-06,桃園,C,C級,低危害,收工回簽,一般安全規定,是否遵守工安規定,38,32,31,1,0,0,0,0.9688,2,低
2024-06,桃園,C,C級,低危害,收工回簽,現場紀錄,是否拍照,38,37,36,1,0,0,0,0.973,2,低
2024-07,桃園,A,A級,高危害,廠區,基本資料,工廠、日期、時間,25,24,23,1,0,0,0,0.9583,2,低
2024-07,桃園,A,A級,高危害,許可證,許可資訊,工程作業分級、申請時間、核准工作時間、工作許可證編號,25,23,22,1,0,0,0,0.9565,2,低
2024-07,桃園,A,A級,高危害,施工地點,場地關係人,施工部門、轄區部門、監造部門,25,23,22,1,0,1,0,0.9565,5,低
2024-07,桃園,A,A級,高危害,包商,承攬商與人員資格,承攬商、工作人數、車輛車號、工地負責人、安衛人員、特殊作業主管,25,25,24,1,0,0,0,0.96,2,低
2024-07,桃園,A,A級,高危害,危害等級,作業等級,施工地點、工程案號、工作內容、許可工作項目、作業分級,25,21,20,1,0,0,0,0.9524,2,低
2024-07,桃園,A,A級,高危害,危害等級,管線設備危害物,可燃性氣體、易燃液體、有害性氣體、化學藥劑、酸鹼、熱水蒸氣、空氣、其他,25,21,20,1,0,0,0,0.9524,2,低
2024-07,桃園,A,A級,高危害,檢點與危害告知,簽發前安全檢點,是否安全檢點,25,21,20,1,0,0,0,0.9524,2,低
2024-07,桃園,A,A級,高危害,檢點與危害告知,危害告知,是否危害告知,25,25,24,1,0,0,0,0.96,2,低
2024-07,桃園,A,A級,高危害,危害排除與隔離,環境危害排除,是否設備管線危害物排除,25,22,21,1,0,0,0,0.9545,2,低
2024-07,桃園,A,A級,高危害,危害排除與隔離,隔離管制,設備管線是否加盲加鎖掛牌,25,23,22,1,0,0,0,0.9565,2,低
2024-07,桃園,A,A級,高危害,環境測定,氣體偵測數值,可燃性氣體%、氧氣%、一氧化碳PPM、硫化氫PPM,25,21,20,1,0,0,0,0.9524,2,低
2024-07,桃園,A,A級,高危害,環境測定,測定基準,可燃性氣體 < 20%LEL；氧氣>= 18%；一氧化碳<50 PPM；硫化氫<10 PPM,25,25,23,2,1,0,0,0.92,13,低
2024-07,桃園,A,A級,高危害,環境測定,測定頻率,上、下午施工前測定；A級或高風險作業需重複或連續測定；每小時/每兩小時紀錄表,25,22,21,1,0,0,0,0.9545,2,低
2024-07,桃園,A,A級,高危害,防火防爆,消防設備,是否有消防設備,25,22,20,2,1,1,0,0.9091,16,中
2024-07,桃園,A,A級,高危害,防火防爆,防爆安全工具,是否使用防爆電氣設備及安全工具,25,24,23,1,0,1,0,0.9583,5,低
2024-07,桃園,A,A級,高危害,高處作業,防墜措施,設標準施工架、安全網、安全母索、安全帶,25,21,20,1,0,1,0,0.9524,5,低
2024-07,桃園,A,A級,高危害,安全保護,個人防護具,是否有防護口罩、防毒面具、SCBA、防護手套、安全眼鏡、耳塞,25,21,20,1,0,0,0,0.9524,2,低
2024-07,桃園,A,A級,高危害,警戒巡查,警戒標示,是否有警戒標示,25,23,22,1,0,0,0,0.9565,2,低
2024-07,桃園,A,A級,高危害,警戒巡查,巡查會簽,是否轄區、監造、安衛人員或工地負責人巡查會簽,25,24,23,1,0,0,0,0.9583,2,低
2024-07,桃園,A,A級,高危害,收工回簽,回簽收工確認,是否回簽時確認環境已整理並完成防護措施,25,21,20,1,0,0,0,0.9524,2,低
2024-07,桃園,A,A級,高危害,收工回簽,一般安全規定,是否遵守工安規定,25,24,23,1,0,0,0,0.9583,2,低
2024-07,桃園,A,A級,高危害,收工回簽,現場紀錄,是否拍照,25,21,20,1,0,0,0,0.9524,2,低
2024-07,桃園,B,B級,中危害,廠區,基本資料,工廠、日期、時間,44,42,41,1,0,0,0,0.9762,2,低
2024-07,桃園,B,B級,中危害,許可證,許可資訊,工程作業分級、申請時間、核准工作時間、工作許可證編號,44,42,41,1,0,0,0,0.9762,2,低
2024-07,桃園,B,B級,中危害,施工地點,場地關係人,施工部門、轄區部門、監造部門,44,42,41,1,0,0,0,0.9762,2,低
2024-07,桃園,B,B級,中危害,包商,承攬商與人員資格,承攬商、工作人數、車輛車號、工地負責人、安衛人員、特殊作業主管,44,40,39,1,0,0,0,0.975,2,低
2024-07,桃園,B,B級,中危害,危害等級,作業等級,施工地點、工程案號、工作內容、許可工作項目、作業分級,44,41,40,1,0,0,0,0.9756,2,低
2024-07,桃園,B,B級,中危害,危害等級,管線設備危害物,可燃性氣體、易燃液體、有害性氣體、化學藥劑、酸鹼、熱水蒸氣、空氣、其他,44,43,42,1,0,0,0,0.9767,2,低
2024-07,桃園,B,B級,中危害,檢點與危害告知,簽發前安全檢點,是否安全檢點,44,36,35,1,0,0,0,0.9722,2,低
2024-07,桃園,B,B級,中危害,檢點與危害告知,危害告知,是否危害告知,44,41,40,1,0,0,0,0.9756,2,低
2024-07,桃園,B,B級,中危害,危害排除與隔離,環境危害排除,是否設備管線危害物排除,44,41,40,1,0,0,0,0.9756,2,低
2024-07,桃園,B,B級,中危害,危害排除與隔離,隔離管制,設備管線是否加盲加鎖掛牌,44,41,39,2,1,1,0,0.9512,16,中
2024-07,桃園,B,B級,中危害,環境測定,氣體偵測數值,可燃性氣體%、氧氣%、一氧化碳PPM、硫化氫PPM,44,40,38,2,1,1,0,0.95,16,中
2024-07,桃園,B,B級,中危害,環境測定,測定基準,可燃性氣體 < 20%LEL；氧氣>= 18%；一氧化碳<50 PPM；硫化氫<10 PPM,44,44,42,2,1,1,0,0.9545,16,中
2024-07,桃園,B,B級,中危害,環境測定,測定頻率,上、下午施工前測定；A級或高風險作業需重複或連續測定；每小時/每兩小時紀錄表,44,41,40,1,0,0,0,0.9756,2,低
2024-07,桃園,B,B級,中危害,防火防爆,消防設備,是否有消防設備,44,39,38,1,0,0,0,0.9744,2,低
2024-07,桃園,B,B級,中危害,防火防爆,防爆安全工具,是否使用防爆電氣設備及安全工具,44,38,37,1,0,0,0,0.9737,2,低
2024-07,桃園,B,B級,中危害,高處作業,防墜措施,設標準施工架、安全網、安全母索、安全帶,44,36,35,1,0,0,0,0.9722,2,低
2024-07,桃園,B,B級,中危害,安全保護,個人防護具,是否有防護口罩、防毒面具、SCBA、防護手套、安全眼鏡、耳塞,44,37,36,1,0,0,0,0.973,2,低
2024-07,桃園,B,B級,中危害,警戒巡查,警戒標示,是否有警戒標示,44,36,35,1,0,0,0,0.9722,2,低
2024-07,桃園,B,B級,中危害,警戒巡查,巡查會簽,是否轄區、監造、安衛人員或工地負責人巡查會簽,44,39,38,1,0,0,0,0.9744,2,低
2024-07,桃園,B,B級,中危害,收工回簽,回簽收工確認,是否回簽時確認環境已整理並完成防護措施,44,41,40,1,0,0,0,0.9756,2,低
2024-07,桃園,B,B級,中危害,收工回簽,一般安全規定,是否遵守工安規定,44,38,37,1,0,0,0,0.9737,2,低
2024-07,桃園,B,B級,中危害,收工回簽,現場紀錄,是否拍照,44,41,40,1,0,0,0,0.9756,2,低
2024-07,桃園,C,C級,低危害,廠區,基本資料,工廠、日期、時間,36,34,33,1,0,0,0,0.9706,2,低
2024-07,桃園,C,C級,低危害,許可證,許可資訊,工程作業分級、申請時間、核准工作時間、工作許可證編號,36,30,29,1,0,0,0,0.9667,2,低
2024-07,桃園,C,C級,低危害,施工地點,場地關係人,施工部門、轄區部門、監造部門,36,31,30,1,0,0,0,0.9677,2,低
2024-07,桃園,C,C級,低危害,包商,承攬商與人員資格,承攬商、工作人數、車輛車號、工地負責人、安衛人員、特殊作業主管,36,36,35,1,0,0,0,0.9722,2,低
2024-07,桃園,C,C級,低危害,危害等級,作業等級,施工地點、工程案號、工作內容、許可工作項目、作業分級,36,34,33,1,0,0,0,0.9706,2,低
2024-07,桃園,C,C級,低危害,危害等級,管線設備危害物,可燃性氣體、易燃液體、有害性氣體、化學藥劑、酸鹼、熱水蒸氣、空氣、其他,36,36,35,1,0,0,0,0.9722,2,低
2024-07,桃園,C,C級,低危害,檢點與危害告知,簽發前安全檢點,是否安全檢點,36,32,31,1,0,0,0,0.9688,2,低
2024-07,桃園,C,C級,低危害,檢點與危害告知,危害告知,是否危害告知,36,32,31,1,0,0,0,0.9688,2,低
2024-07,桃園,C,C級,低危害,危害排除與隔離,環境危害排除,是否設備管線危害物排除,36,31,30,1,0,0,0,0.9677,2,低
2024-07,桃園,C,C級,低危害,危害排除與隔離,隔離管制,設備管線是否加盲加鎖掛牌,36,34,33,1,0,0,0,0.9706,2,低
2024-07,桃園,C,C級,低危害,環境測定,氣體偵測數值,可燃性氣體%、氧氣%、一氧化碳PPM、硫化氫PPM,36,30,29,1,0,0,0,0.9667,2,低
2024-07,桃園,C,C級,低危害,環境測定,測定基準,可燃性氣體 < 20%LEL；氧氣>= 18%；一氧化碳<50 PPM；硫化氫<10 PPM,36,35,34,1,0,0,0,0.9714,2,低
2024-07,桃園,C,C級,低危害,環境測定,測定頻率,上、下午施工前測定；A級或高風險作業需重複或連續測定；每小時/每兩小時紀錄表,36,30,29,1,0,0,0,0.9667,2,低
2024-07,桃園,C,C級,低危害,防火防爆,消防設備,是否有消防設備,36,33,32,1,0,0,0,0.9697,2,低
2024-07,桃園,C,C級,低危害,防火防爆,防爆安全工具,是否使用防爆電氣設備及安全工具,36,36,35,1,0,0,0,0.9722,2,低
2024-07,桃園,C,C級,低危害,高處作業,防墜措施,設標準施工架、安全網、安全母索、安全帶,36,36,35,1,0,0,0,0.9722,2,低
2024-07,桃園,C,C級,低危害,安全保護,個人防護具,是否有防護口罩、防毒面具、SCBA、防護手套、安全眼鏡、耳塞,36,36,35,1,0,0,0,0.9722,2,低
2024-07,桃園,C,C級,低危害,警戒巡查,警戒標示,是否有警戒標示,36,33,32,1,0,0,0,0.9697,2,低
2024-07,桃園,C,C級,低危害,警戒巡查,巡查會簽,是否轄區、監造、安衛人員或工地負責人巡查會簽,36,33,32,1,0,0,0,0.9697,2,低
2024-07,桃園,C,C級,低危害,收工回簽,回簽收工確認,是否回簽時確認環境已整理並完成防護措施,36,34,33,1,0,0,0,0.9706,2,低
2024-07,桃園,C,C級,低危害,收工回簽,一般安全規定,是否遵守工安規定,36,35,34,1,0,0,0,0.9714,2,低
2024-07,桃園,C,C級,低危害,收工回簽,現場紀錄,是否拍照,36,34,33,1,0,0,0,0.9706,2,低
2024-08,桃園,A,A級,高危害,廠區,基本資料,工廠、日期、時間,21,21,21,0,0,0,0,1.0,0,低
2024-08,桃園,A,A級,高危害,許可證,許可資訊,工程作業分級、申請時間、核准工作時間、工作許可證編號,21,21,21,0,0,0,0,1.0,0,低
2024-08,桃園,A,A級,高危害,施工地點,場地關係人,施工部門、轄區部門、監造部門,21,21,20,1,0,0,0,0.9524,2,低
2024-08,桃園,A,A級,高危害,包商,承攬商與人員資格,承攬商、工作人數、車輛車號、工地負責人、安衛人員、特殊作業主管,21,19,18,1,0,0,0,0.9474,2,低
2024-08,桃園,A,A級,高危害,危害等級,作業等級,施工地點、工程案號、工作內容、許可工作項目、作業分級,21,19,18,1,0,0,0,0.9474,2,低
2024-08,桃園,A,A級,高危害,危害等級,管線設備危害物,可燃性氣體、易燃液體、有害性氣體、化學藥劑、酸鹼、熱水蒸氣、空氣、其他,21,20,19,1,0,0,0,0.95,2,低
2024-08,桃園,A,A級,高危害,檢點與危害告知,簽發前安全檢點,是否安全檢點,21,21,20,1,0,0,0,0.9524,2,低
2024-08,桃園,A,A級,高危害,檢點與危害告知,危害告知,是否危害告知,21,20,19,1,0,0,0,0.95,2,低
2024-08,桃園,A,A級,高危害,危害排除與隔離,環境危害排除,是否設備管線危害物排除,21,19,18,1,0,0,0,0.9474,2,低
2024-08,桃園,A,A級,高危害,危害排除與隔離,隔離管制,設備管線是否加盲加鎖掛牌,21,20,19,1,0,1,0,0.95,5,低
2024-08,桃園,A,A級,高危害,環境測定,氣體偵測數值,可燃性氣體%、氧氣%、一氧化碳PPM、硫化氫PPM,21,20,19,1,0,0,0,0.95,2,低
2024-08,桃園,A,A級,高危害,環境測定,測定基準,可燃性氣體 < 20%LEL；氧氣>= 18%；一氧化碳<50 PPM；硫化氫<10 PPM,21,19,18,1,0,1,0,0.9474,5,低
2024-08,桃園,A,A級,高危害,環境測定,測定頻率,上、下午施工前測定；A級或高風險作業需重複或連續測定；每小時/每兩小時紀錄表,21,21,20,1,0,1,0,0.9524,5,低
2024-08,桃園,A,A級,高危害,防火防爆,消防設備,是否有消防設備,21,18,17,1,0,0,0,0.9444,2,低
2024-08,桃園,A,A級,高危害,防火防爆,防爆安全工具,是否使用防爆電氣設備及安全工具,21,18,17,1,0,0,0,0.9444,2,低
2024-08,桃園,A,A級,高危害,高處作業,防墜措施,設標準施工架、安全網、安全母索、安全帶,21,20,19,1,0,0,0,0.95,2,低
2024-08,桃園,A,A級,高危害,安全保護,個人防護具,是否有防護口罩、防毒面具、SCBA、防護手套、安全眼鏡、耳塞,21,17,16,1,0,0,0,0.9412,2,低
2024-08,桃園,A,A級,高危害,警戒巡查,警戒標示,是否有警戒標示,21,20,19,1,0,0,0,0.95,2,低
2024-08,桃園,A,A級,高危害,警戒巡查,巡查會簽,是否轄區、監造、安衛人員或工地負責人巡查會簽,21,20,19,1,0,0,0,0.95,2,低
2024-08,桃園,A,A級,高危害,收工回簽,回簽收工確認,是否回簽時確認環境已整理並完成防護措施,21,20,19,1,0,0,0,0.95,2,低
2024-08,桃園,A,A級,高危害,收工回簽,一般安全規定,是否遵守工安規定,21,19,18,1,0,0,0,0.9474,2,低
2024-08,桃園,A,A級,高危害,收工回簽,現場紀錄,是否拍照,21,19,18,1,0,0,0,0.9474,2,低
2024-08,桃園,B,B級,中危害,廠區,基本資料,工廠、日期、時間,41,34,33,1,0,0,0,0.9706,2,低
2024-08,桃園,B,B級,中危害,許可證,許可資訊,工程作業分級、申請時間、核准工作時間、工作許可證編號,41,36,35,1,0,0,0,0.9722,2,低
2024-08,桃園,B,B級,中危害,施工地點,場地關係人,施工部門、轄區部門、監造部門,41,35,34,1,0,1,0,0.9714,5,低
2024-08,桃園,B,B級,中危害,包商,承攬商與人員資格,承攬商、工作人數、車輛車號、工地負責人、安衛人員、特殊作業主管,41,38,37,1,0,0,0,0.9737,2,低
2024-08,桃園,B,B級,中危害,危害等級,作業等級,施工地點、工程案號、工作內容、許可工作項目、作業分級,41,34,33,1,0,0,0,0.9706,2,低
2024-08,桃園,B,B級,中危害,危害等級,管線設備危害物,可燃性氣體、易燃液體、有害性氣體、化學藥劑、酸鹼、熱水蒸氣、空氣、其他,41,39,38,1,0,1,0,0.9744,5,低
2024-08,桃園,B,B級,中危害,檢點與危害告知,簽發前安全檢點,是否安全檢點,41,39,38,1,0,0,0,0.9744,2,低
2024-08,桃園,B,B級,中危害,檢點與危害告知,危害告知,是否危害告知,41,34,33,1,0,0,0,0.9706,2,低
2024-08,桃園,B,B級,中危害,危害排除與隔離,環境危害排除,是否設備管線危害物排除,41,37,36,1,0,0,0,0.973,2,低
2024-08,桃園,B,B級,中危害,危害排除與隔離,隔離管制,設備管線是否加盲加鎖掛牌,41,38,37,1,0,0,0,0.9737,2,低
2024-08,桃園,B,B級,中危害,環境測定,氣體偵測數值,可燃性氣體%、氧氣%、一氧化碳PPM、硫化氫PPM,41,37,35,2,1,1,0,0.9459,16,中
2024-08,桃園,B,B級,中危害,環境測定,測定基準,可燃性氣體 < 20%LEL；氧氣>= 18%；一氧化碳<50 PPM；硫化氫<10 PPM,41,37,36,1,0,0,0,0.973,2,低
2024-08,桃園,B,B級,中危害,環境測定,測定頻率,上、下午施工前測定；A級或高風險作業需重複或連續測定；每小時/每兩小時紀錄表,41,34,33,1,0,0,0,0.9706,2,低
2024-08,桃園,B,B級,中危害,防火防爆,消防設備,是否有消防設備,41,36,35,1,0,0,0,0.9722,2,低
2024-08,桃園,B,B級,中危害,防火防爆,防爆安全工具,是否使用防爆電氣設備及安全工具,41,39,37,2,1,1,0,0.9487,16,中
2024-08,桃園,B,B級,中危害,高處作業,防墜措施,設標準施工架、安全網、安全母索、安全帶,41,39,38,1,0,0,0,0.9744,2,低
2024-08,桃園,B,B級,中危害,安全保護,個人防護具,是否有防護口罩、防毒面具、SCBA、防護手套、安全眼鏡、耳塞,41,37,36,1,0,0,0,0.973,2,低
2024-08,桃園,B,B級,中危害,警戒巡查,警戒標示,是否有警戒標示,41,39,38,1,0,0,0,0.9744,2,低
2024-08,桃園,B,B級,中危害,警戒巡查,巡查會簽,是否轄區、監造、安衛人員或工地負責人巡查會簽,41,40,39,1,0,0,0,0.975,2,低
2024-08,桃園,B,B級,中危害,收工回簽,回簽收工確認,是否回簽時確認環境已整理並完成防護措施,41,36,35,1,0,0,0,0.9722,2,低
2024-08,桃園,B,B級,中危害,收工回簽,一般安全規定,是否遵守工安規定,41,37,36,1,0,0,0,0.973,2,低
2024-08,桃園,B,B級,中危害,收工回簽,現場紀錄,是否拍照,41,40,39,1,0,0,0,0.975,2,低
2024-08,桃園,C,C級,低危害,廠區,基本資料,工廠、日期、時間,37,31,31,0,0,0,0,1.0,0,低
2024-08,桃園,C,C級,低危害,許可證,許可資訊,工程作業分級、申請時間、核准工作時間、工作許可證編號,37,32,32,0,0,0,0,1.0,0,低
2024-08,桃園,C,C級,低危害,施工地點,場地關係人,施工部門、轄區部門、監造部門,37,31,30,1,0,0,0,0.9677,2,低
2024-08,桃園,C,C級,低危害,包商,承攬商與人員資格,承攬商、工作人數、車輛車號、工地負責人、安衛人員、特殊作業主管,37,36,35,1,0,0,0,0.9722,2,低
2024-08,桃園,C,C級,低危害,危害等級,作業等級,施工地點、工程案號、工作內容、許可工作項目、作業分級,37,32,31,1,0,0,0,0.9688,2,低
2024-08,桃園,C,C級,低危害,危害等級,管線設備危害物,可燃性氣體、易燃液體、有害性氣體、化學藥劑、酸鹼、熱水蒸氣、空氣、其他,37,36,35,1,0,0,0,0.9722,2,低
2024-08,桃園,C,C級,低危害,檢點與危害告知,簽發前安全檢點,是否安全檢點,37,35,34,1,0,0,0,0.9714,2,低
2024-08,桃園,C,C級,低危害,檢點與危害告知,危害告知,是否危害告知,37,35,34,1,0,0,0,0.9714,2,低
2024-08,桃園,C,C級,低危害,危害排除與隔離,環境危害排除,是否設備管線危害物排除,37,36,35,1,0,0,0,0.9722,2,低
2024-08,桃園,C,C級,低危害,危害排除與隔離,隔離管制,設備管線是否加盲加鎖掛牌,37,35,34,1,0,0,0,0.9714,2,低
2024-08,桃園,C,C級,低危害,環境測定,氣體偵測數值,可燃性氣體%、氧氣%、一氧化碳PPM、硫化氫PPM,37,37,36,1,0,0,0,0.973,2,低
2024-08,桃園,C,C級,低危害,環境測定,測定基準,可燃性氣體 < 20%LEL；氧氣>= 18%；一氧化碳<50 PPM；硫化氫<10 PPM,37,35,34,1,0,0,0,0.9714,2,低
2024-08,桃園,C,C級,低危害,環境測定,測定頻率,上、下午施工前測定；A級或高風險作業需重複或連續測定；每小時/每兩小時紀錄表,37,37,36,1,0,0,0,0.973,2,低
2024-08,桃園,C,C級,低危害,防火防爆,消防設備,是否有消防設備,37,37,36,1,0,0,0,0.973,2,低
2024-08,桃園,C,C級,低危害,防火防爆,防爆安全工具,是否使用防爆電氣設備及安全工具,37,31,30,1,0,0,0,0.9677,2,低
2024-08,桃園,C,C級,低危害,高處作業,防墜措施,設標準施工架、安全網、安全母索、安全帶,37,35,34,1,0,0,0,0.9714,2,低
2024-08,桃園,C,C級,低危害,安全保護,個人防護具,是否有防護口罩、防毒面具、SCBA、防護手套、安全眼鏡、耳塞,37,34,33,1,0,0,0,0.9706,2,低
2024-08,桃園,C,C級,低危害,警戒巡查,警戒標示,是否有警戒標示,37,34,33,1,0,0,0,0.9706,2,低
2024-08,桃園,C,C級,低危害,警戒巡查,巡查會簽,是否轄區、監造、安衛人員或工地負責人巡查會簽,37,33,32,1,0,0,0,0.9697,2,低
2024-08,桃園,C,C級,低危害,收工回簽,回簽收工確認,是否回簽時確認環境已整理並完成防護措施,37,34,33,1,0,0,0,0.9706,2,低
2024-08,桃園,C,C級,低危害,收工回簽,一般安全規定,是否遵守工安規定,37,34,33,1,0,1,0,0.9706,5,低
2024-08,桃園,C,C級,低危害,收工回簽,現場紀錄,是否拍照,37,36,35,1,0,1,0,0.9722,5,低
2024-09,桃園,A,A級,高危害,廠區,基本資料,工廠、日期、時間,22,19,19,0,0,0,0,1.0,0,低
2024-09,桃園,A,A級,高危害,許可證,許可資訊,工程作業分級、申請時間、核准工作時間、工作許可證編號,22,21,20,1,0,0,0,0.9524,2,低
2024-09,桃園,A,A級,高危害,施工地點,場地關係人,施工部門、轄區部門、監造部門,22,20,19,1,0,0,0,0.95,2,低
2024-09,桃園,A,A級,高危害,包商,承攬商與人員資格,承攬商、工作人數、車輛車號、工地負責人、安衛人員、特殊作業主管,22,20,19,1,0,0,0,0.95,2,低
2024-09,桃園,A,A級,高危害,危害等級,作業等級,施工地點、工程案號、工作內容、許可工作項目、作業分級,22,20,19,1,0,0,0,0.95,2,低
2024-09,桃園,A,A級,高危害,危害等級,管線設備危害物,可燃性氣體、易燃液體、有害性氣體、化學藥劑、酸鹼、熱水蒸氣、空氣、其他,22,20,19,1,0,0,0,0.95,2,低
2024-09,桃園,A,A級,高危害,檢點與危害告知,簽發前安全檢點,是否安全檢點,22,20,19,1,0,1,0,0.95,5,低
2024-09,桃園,A,A級,高危害,檢點與危害告知,危害告知,是否危害告知,22,22,21,1,0,1,0,0.9545,5,低
2024-09,桃園,A,A級,高危害,危害排除與隔離,環境危害排除,是否設備管線危害物排除,22,18,17,1,0,0,0,0.9444,2,低
2024-09,桃園,A,A級,高危害,危害排除與隔離,隔離管制,設備管線是否加盲加鎖掛牌,22,20,19,1,0,1,0,0.95,5,低
2024-09,桃園,A,A級,高危害,環境測定,氣體偵測數值,可燃性氣體%、氧氣%、一氧化碳PPM、硫化氫PPM,22,19,18,1,0,0,0,0.9474,2,低
2024-09,桃園,A,A級,高危害,環境測定,測定基準,可燃性氣體 < 20%LEL；氧氣>= 18%；一氧化碳<50 PPM；硫化氫<10 PPM,22,19,18,1,0,0,0,0.9474,2,低
2024-09,桃園,A,A級,高危害,環境測定,測定頻率,上、下午施工前測定；A級或高風險作業需重複或連續測定；每小時/每兩小時紀錄表,22,22,20,2,1,0,0,0.9091,13,低
2024-09,桃園,A,A級,高危害,防火防爆,消防設備,是否有消防設備,22,20,19,1,0,0,0,0.95,2,低
2024-09,桃園,A,A級,高危害,防火防爆,防爆安全工具,是否使用防爆電氣設備及安全工具,22,21,20,1,0,0,0,0.9524,2,低
2024-09,桃園,A,A級,高危害,高處作業,防墜措施,設標準施工架、安全網、安全母索、安全帶,22,19,18,1,0,0,0,0.9474,2,低
2024-09,桃園,A,A級,高危害,安全保護,個人防護具,是否有防護口罩、防毒面具、SCBA、防護手套、安全眼鏡、耳塞,22,18,17,1,0,0,0,0.9444,2,低
2024-09,桃園,A,A級,高危害,警戒巡查,警戒標示,是否有警戒標示,22,20,19,1,0,0,0,0.95,2,低
2024-09,桃園,A,A級,高危害,警戒巡查,巡查會簽,是否轄區、監造、安衛人員或工地負責人巡查會簽,22,21,20,1,0,0,0,0.9524,2,低
2024-09,桃園,A,A級,高危害,收工回簽,回簽收工確認,是否回簽時確認環境已整理並完成防護措施,22,20,19,1,0,0,0,0.95,2,低
2024-09,桃園,A,A級,高危害,收工回簽,一般安全規定,是否遵守工安規定,22,19,18,1,0,0,0,0.9474,2,低
2024-09,桃園,A,A級,高危害,收工回簽,現場紀錄,是否拍照,22,20,19,1,0,0,0,0.95,2,低
2024-09,桃園,B,B級,中危害,廠區,基本資料,工廠、日期、時間,45,37,36,1,0,1,0,0.973,5,低
2024-09,桃園,B,B級,中危害,許可證,許可資訊,工程作業分級、申請時間、核准工作時間、工作許可證編號,45,41,40,1,0,0,0,0.9756,2,低
2024-09,桃園,B,B級,中危害,施工地點,場地關係人,施工部門、轄區部門、監造部門,45,41,40,1,0,0,0,0.9756,2,低
2024-09,桃園,B,B級,中危害,包商,承攬商與人員資格,承攬商、工作人數、車輛車號、工地負責人、安衛人員、特殊作業主管,45,38,37,1,0,0,0,0.9737,2,低
2024-09,桃園,B,B級,中危害,危害等級,作業等級,施工地點、工程案號、工作內容、許可工作項目、作業分級,45,39,38,1,0,0,0,0.9744,2,低
2024-09,桃園,B,B級,中危害,危害等級,管線設備危害物,可燃性氣體、易燃液體、有害性氣體、化學藥劑、酸鹼、熱水蒸氣、空氣、其他,45,38,37,1,0,0,0,0.9737,2,低
2024-09,桃園,B,B級,中危害,檢點與危害告知,簽發前安全檢點,是否安全檢點,45,40,39,1,0,0,0,0.975,2,低
2024-09,桃園,B,B級,中危害,檢點與危害告知,危害告知,是否危害告知,45,42,41,1,0,0,0,0.9762,2,低
2024-09,桃園,B,B級,中危害,危害排除與隔離,環境危害排除,是否設備管線危害物排除,45,38,36,2,1,1,0,0.9474,16,中
2024-09,桃園,B,B級,中危害,危害排除與隔離,隔離管制,設備管線是否加盲加鎖掛牌,45,43,41,2,1,1,0,0.9535,16,中
2024-09,桃園,B,B級,中危害,環境測定,氣體偵測數值,可燃性氣體%、氧氣%、一氧化碳PPM、硫化氫PPM,45,39,38,1,0,0,0,0.9744,2,低
2024-09,桃園,B,B級,中危害,環境測定,測定基準,可燃性氣體 < 20%LEL；氧氣>= 18%；一氧化碳<50 PPM；硫化氫<10 PPM,45,37,36,1,0,0,0,0.973,2,低
2024-09,桃園,B,B級,中危害,環境測定,測定頻率,上、下午施工前測定；A級或高風險作業需重複或連續測定；每小時/每兩小時紀錄表,45,45,43,2,1,1,0,0.9556,16,中
2024-09,桃園,B,B級,中危害,防火防爆,消防設備,是否有消防設備,45,39,38,1,0,0,0,0.9744,2,低
2024-09,桃園,B,B級,中危害,防火防爆,防爆安全工具,是否使用防爆電氣設備及安全工具,45,43,42,1,0,0,0,0.9767,2,低
2024-09,桃園,B,B級,中危害,高處作業,防墜措施,設標準施工架、安全網、安全母索、安全帶,45,42,40,2,1,1,0,0.9524,16,中
2024-09,桃園,B,B級,中危害,安全保護,個人防護具,是否有防護口罩、防毒面具、SCBA、防護手套、安全眼鏡、耳塞,45,37,36,1,0,0,0,0.973,2,低
2024-09,桃園,B,B級,中危害,警戒巡查,警戒標示,是否有警戒標示,45,42,41,1,0,0,0,0.9762,2,低
2024-09,桃園,B,B級,中危害,警戒巡查,巡查會簽,是否轄區、監造、安衛人員或工地負責人巡查會簽,45,41,40,1,0,0,0,0.9756,2,低
2024-09,桃園,B,B級,中危害,收工回簽,回簽收工確認,是否回簽時確認環境已整理並完成防護措施,45,37,36,1,0,0,0,0.973,2,低
2024-09,桃園,B,B級,中危害,收工回簽,一般安全規定,是否遵守工安規定,45,40,39,1,0,0,0,0.975,2,低
2024-09,桃園,B,B級,中危害,收工回簽,現場紀錄,是否拍照,45,41,40,1,0,0,0,0.9756,2,低
2024-09,桃園,C,C級,低危害,廠區,基本資料,工廠、日期、時間,31,29,28,1,0,0,0,0.9655,2,低
2024-09,桃園,C,C級,低危害,許可證,許可資訊,工程作業分級、申請時間、核准工作時間、工作許可證編號,31,29,29,0,0,0,0,1.0,0,低
2024-09,桃園,C,C級,低危害,施工地點,場地關係人,施工部門、轄區部門、監造部門,31,29,28,1,0,0,0,0.9655,2,低
2024-09,桃園,C,C級,低危害,包商,承攬商與人員資格,承攬商、工作人數、車輛車號、工地負責人、安衛人員、特殊作業主管,31,29,28,1,0,0,0,0.9655,2,低
2024-09,桃園,C,C級,低危害,危害等級,作業等級,施工地點、工程案號、工作內容、許可工作項目、作業分級,31,29,28,1,0,0,0,0.9655,2,低
2024-09,桃園,C,C級,低危害,危害等級,管線設備危害物,可燃性氣體、易燃液體、有害性氣體、化學藥劑、酸鹼、熱水蒸氣、空氣、其他,31,28,27,1,0,0,0,0.9643,2,低
2024-09,桃園,C,C級,低危害,檢點與危害告知,簽發前安全檢點,是否安全檢點,31,29,28,1,0,0,0,0.9655,2,低
2024-09,桃園,C,C級,低危害,檢點與危害告知,危害告知,是否危害告知,31,31,30,1,0,0,0,0.9677,2,低
2024-09,桃園,C,C級,低危害,危害排除與隔離,環境危害排除,是否設備管線危害物排除,31,31,30,1,0,0,0,0.9677,2,低
2024-09,桃園,C,C級,低危害,危害排除與隔離,隔離管制,設備管線是否加盲加鎖掛牌,31,31,30,1,0,0,0,0.9677,2,低
2024-09,桃園,C,C級,低危害,環境測定,氣體偵測數值,可燃性氣體%、氧氣%、一氧化碳PPM、硫化氫PPM,31,31,30,1,0,0,0,0.9677,2,低
2024-09,桃園,C,C級,低危害,環境測定,測定基準,可燃性氣體 < 20%LEL；氧氣>= 18%；一氧化碳<50 PPM；硫化氫<10 PPM,31,26,25,1,0,0,0,0.9615,2,低
2024-09,桃園,C,C級,低危害,環境測定,測定頻率,上、下午施工前測定；A級或高風險作業需重複或連續測定；每小時/每兩小時紀錄表,31,29,28,1,0,0,0,0.9655,2,低
2024-09,桃園,C,C級,低危害,防火防爆,消防設備,是否有消防設備,31,25,24,1,0,0,0,0.96,2,低
2024-09,桃園,C,C級,低危害,防火防爆,防爆安全工具,是否使用防爆電氣設備及安全工具,31,29,28,1,0,0,0,0.9655,2,低
2024-09,桃園,C,C級,低危害,高處作業,防墜措施,設標準施工架、安全網、安全母索、安全帶,31,28,27,1,0,0,0,0.9643,2,低
2024-09,桃園,C,C級,低危害,安全保護,個人防護具,是否有防護口罩、防毒面具、SCBA、防護手套、安全眼鏡、耳塞,31,26,25,1,0,0,0,0.9615,2,低
2024-09,桃園,C,C級,低危害,警戒巡查,警戒標示,是否有警戒標示,31,25,24,1,0,0,0,0.96,2,低
2024-09,桃園,C,C級,低危害,警戒巡查,巡查會簽,是否轄區、監造、安衛人員或工地負責人巡查會簽,31,26,25,1,0,0,0,0.9615,2,低
2024-09,桃園,C,C級,低危害,收工回簽,回簽收工確認,是否回簽時確認環境已整理並完成防護措施,31,27,26,1,0,0,0,0.963,2,低
2024-09,桃園,C,C級,低危害,收工回簽,一般安全規定,是否遵守工安規定,31,28,27,1,0,1,0,0.9643,5,低
2024-09,桃園,C,C級,低危害,收工回簽,現場紀錄,是否拍照,31,30,29,1,0,0,0,0.9667,2,低
2024-10,桃園,A,A級,高危害,廠區,基本資料,工廠、日期、時間,25,23,22,1,0,0,0,0.9565,2,低
2024-10,桃園,A,A級,高危害,許可證,許可資訊,工程作業分級、申請時間、核准工作時間、工作許可證編號,25,22,22,0,0,0,0,1.0,0,低
2024-10,桃園,A,A級,高危害,施工地點,場地關係人,施工部門、轄區部門、監造部門,25,21,20,1,0,0,0,0.9524,2,低
2024-10,桃園,A,A級,高危害,包商,承攬商與人員資格,承攬商、工作人數、車輛車號、工地負責人、安衛人員、特殊作業主管,25,21,20,1,0,0,0,0.9524,2,低
2024-10,桃園,A,A級,高危害,危害等級,作業等級,施工地點、工程案號、工作內容、許可工作項目、作業分級,25,21,20,1,0,0,0,0.9524,2,低
2024-10,桃園,A,A級,高危害,危害等級,管線設備危害物,可燃性氣體、易燃液體、有害性氣體、化學藥劑、酸鹼、熱水蒸氣、空氣、其他,25,22,21,1,0,0,0,0.9545,2,低
2024-10,桃園,A,A級,高危害,檢點與危害告知,簽發前安全檢點,是否安全檢點,25,22,21,1,0,1,0,0.9545,5,低
2024-10,桃園,A,A級,高危害,檢點與危害告知,危害告知,是否危害告知,25,24,23,1,0,0,0,0.9583,2,低
2024-10,桃園,A,A級,高危害,危害排除與隔離,環境危害排除,是否設備管線危害物排除,25,23,22,1,0,0,0,0.9565,2,低
2024-10,桃園,A,A級,高危害,危害排除與隔離,隔離管制,設備管線是否加盲加鎖掛牌,25,24,23,1,0,0,0,0.9583,2,低
2024-10,桃園,A,A級,高危害,環境測定,氣體偵測數值,可燃性氣體%、氧氣%、一氧化碳PPM、硫化氫PPM,25,23,21,2,1,1,0,0.913,16,中
2024-10,桃園,A,A級,高危害,環境測定,測定基準,可燃性氣體 < 20%LEL；氧氣>= 18%；一氧化碳<50 PPM；硫化氫<10 PPM,25,24,22,2,1,0,0,0.9167,13,低
2024-10,桃園,A,A級,高危害,環境測定,測定頻率,上、下午施工前測定；A級或高風險作業需重複或連續測定；每小時/每兩小時紀錄表,25,24,23,1,0,0,0,0.9583,2,低
2024-10,桃園,A,A級,高危害,防火防爆,消防設備,是否有消防設備,25,24,23,1,0,0,0,0.9583,2,低
2024-10,桃園,A,A級,高危害,防火防爆,防爆安全工具,是否使用防爆電氣設備及安全工具,25,24,22,2,1,0,0,0.9167,13,低
2024-10,桃園,A,A級,高危害,高處作業,防墜措施,設標準施工架、安全網、安全母索、安全帶,25,22,21,1,0,0,0,0.9545,2,低
2024-10,桃園,A,A級,高危害,安全保護,個人防護具,是否有防護口罩、防毒面具、SCBA、防護手套、安全眼鏡、耳塞,25,25,24,1,0,0,0,0.96,2,低
2024-10,桃園,A,A級,高危害,警戒巡查,警戒標示,是否有警戒標示,25,21,20,1,0,0,0,0.9524,2,低
2024-10,桃園,A,A級,高危害,警戒巡查,巡查會簽,是否轄區、監造、安衛人員或工地負責人巡查會簽,25,22,21,1,0,0,0,0.9545,2,低
2024-10,桃園,A,A級,高危害,收工回簽,回簽收工確認,是否回簽時確認環境已整理並完成防護措施,25,23,22,1,0,0,0,0.9565,2,低
2024-10,桃園,A,A級,高危害,收工回簽,一般安全規定,是否遵守工安規定,25,25,24,1,0,1,0,0.96,5,低
2024-10,桃園,A,A級,高危害,收工回簽,現場紀錄,是否拍照,25,24,23,1,0,0,0,0.9583,2,低
2024-10,桃園,B,B級,中危害,廠區,基本資料,工廠、日期、時間,40,35,34,1,0,0,0,0.9714,2,低
2024-10,桃園,B,B級,中危害,許可證,許可資訊,工程作業分級、申請時間、核准工作時間、工作許可證編號,40,38,37,1,0,0,0,0.9737,2,低
2024-10,桃園,B,B級,中危害,施工地點,場地關係人,施工部門、轄區部門、監造部門,40,35,34,1,0,0,0,0.9714,2,低
2024-10,桃園,B,B級,中危害,包商,承攬商與人員資格,承攬商、工作人數、車輛車號、工地負責人、安衛人員、特殊作業主管,40,37,36,1,0,0,0,0.973,2,低
2024-10,桃園,B,B級,中危害,危害等級,作業等級,施工地點、工程案號、工作內容、許可工作項目、作業分級,40,34,33,1,0,0,0,0.9706,2,低
2024-10,桃園,B,B級,中危害,危害等級,管線設備危害物,可燃性氣體、易燃液體、有害性氣體、化學藥劑、酸鹼、熱水蒸氣、空氣、其他,40,36,35,1,0,0,0,0.9722,2,低
2024-10,桃園,B,B級,中危害,檢點與危害告知,簽發前安全檢點,是否安全檢點,40,34,33,1,0,0,0,0.9706,2,低
2024-10,桃園,B,B級,中危害,檢點與危害告知,危害告知,是否危害告知,40,36,35,1,0,0,0,0.9722,2,低
2024-10,桃園,B,B級,中危害,危害排除與隔離,環境危害排除,是否設備管線危害物排除,40,39,37,2,1,1,0,0.9487,16,中
2024-10,桃園,B,B級,中危害,危害排除與隔離,隔離管制,設備管線是否加盲加鎖掛牌,40,36,35,1,0,1,0,0.9722,5,低
2024-10,桃園,B,B級,中危害,環境測定,氣體偵測數值,可燃性氣體%、氧氣%、一氧化碳PPM、硫化氫PPM,40,39,38,1,0,0,0,0.9744,2,低
2024-10,桃園,B,B級,中危害,環境測定,測定基準,可燃性氣體 < 20%LEL；氧氣>= 18%；一氧化碳<50 PPM；硫化氫<10 PPM,40,34,33,1,0,0,0,0.9706,2,低
2024-10,桃園,B,B級,中危害,環境測定,測定頻率,上、下午施工前測定；A級或高風險作業需重複或連續測定；每小時/每兩小時紀錄表,40,34,32,2,1,1,0,0.9412,16,中
2024-10,桃園,B,B級,中危害,防火防爆,消防設備,是否有消防設備,40,38,36,2,1,1,0,0.9474,16,中
2024-10,桃園,B,B級,中危害,防火防爆,防爆安全工具,是否使用防爆電氣設備及安全工具,40,37,35,2,1,1,0,0.9459,16,中
2024-10,桃園,B,B級,中危害,高處作業,防墜措施,設標準施工架、安全網、安全母索、安全帶,40,35,34,1,0,1,0,0.9714,5,低
2024-10,桃園,B,B級,中危害,安全保護,個人防護具,是否有防護口罩、防毒面具、SCBA、防護手套、安全眼鏡、耳塞,40,35,34,1,0,0,0,0.9714,2,低
2024-10,桃園,B,B級,中危害,警戒巡查,警戒標示,是否有警戒標示,40,34,33,1,0,0,0,0.9706,2,低
2024-10,桃園,B,B級,中危害,警戒巡查,巡查會簽,是否轄區、監造、安衛人員或工地負責人巡查會簽,40,38,37,1,0,0,0,0.9737,2,低
2024-10,桃園,B,B級,中危害,收工回簽,回簽收工確認,是否回簽時確認環境已整理並完成防護措施,40,33,32,1,0,0,0,0.9697,2,低
2024-10,桃園,B,B級,中危害,收工回簽,一般安全規定,是否遵守工安規定,40,40,39,1,0,0,0,0.975,2,低
2024-10,桃園,B,B級,中危害,收工回簽,現場紀錄,是否拍照,40,39,38,1,0,0,0,0.9744,2,低
2024-10,桃園,C,C級,低危害,廠區,基本資料,工廠、日期、時間,35,29,29,0,0,0,0,1.0,0,低
2024-10,桃園,C,C級,低危害,許可證,許可資訊,工程作業分級、申請時間、核准工作時間、工作許可證編號,35,33,33,0,0,0,0,1.0,0,低
2024-10,桃園,C,C級,低危害,施工地點,場地關係人,施工部門、轄區部門、監造部門,35,32,31,1,0,0,0,0.9688,2,低
2024-10,桃園,C,C級,低危害,包商,承攬商與人員資格,承攬商、工作人數、車輛車號、工地負責人、安衛人員、特殊作業主管,35,32,31,1,0,0,0,0.9688,2,低
2024-10,桃園,C,C級,低危害,危害等級,作業等級,施工地點、工程案號、工作內容、許可工作項目、作業分級,35,30,29,1,0,0,0,0.9667,2,低
2024-10,桃園,C,C級,低危害,危害等級,管線設備危害物,可燃性氣體、易燃液體、有害性氣體、化學藥劑、酸鹼、熱水蒸氣、空氣、其他,35,29,28,1,0,0,0,0.9655,2,低
2024-10,桃園,C,C級,低危害,檢點與危害告知,簽發前安全檢點,是否安全檢點,35,34,33,1,0,0,0,0.9706,2,低
2024-10,桃園,C,C級,低危害,檢點與危害告知,危害告知,是否危害告知,35,35,34,1,0,0,0,0.9714,2,低
2024-10,桃園,C,C級,低危害,危害排除與隔離,環境危害排除,是否設備管線危害物排除,35,34,33,1,0,0,0,0.9706,2,低
2024-10,桃園,C,C級,低危害,危害排除與隔離,隔離管制,設備管線是否加盲加鎖掛牌,35,30,29,1,0,0,0,0.9667,2,低
2024-10,桃園,C,C級,低危害,環境測定,氣體偵測數值,可燃性氣體%、氧氣%、一氧化碳PPM、硫化氫PPM,35,34,33,1,0,0,0,0.9706,2,低
2024-10,桃園,C,C級,低危害,環境測定,測定基準,可燃性氣體 < 20%LEL；氧氣>= 18%；一氧化碳<50 PPM；硫化氫<10 PPM,35,33,32,1,0,0,0,0.9697,2,低
2024-10,桃園,C,C級,低危害,環境測定,測定頻率,上、下午施工前測定；A級或高風險作業需重複或連續測定；每小時/每兩小時紀錄表,35,29,28,1,0,0,0,0.9655,2,低
2024-10,桃園,C,C級,低危害,防火防爆,消防設備,是否有消防設備,35,34,33,1,0,0,0,0.9706,2,低
2024-10,桃園,C,C級,低危害,防火防爆,防爆安全工具,是否使用防爆電氣設備及安全工具,35,30,29,1,0,0,0,0.9667,2,低
2024-10,桃園,C,C級,低危害,高處作業,防墜措施,設標準施工架、安全網、安全母索、安全帶,35,29,28,1,0,0,0,0.9655,2,低
2024-10,桃園,C,C級,低危害,安全保護,個人防護具,是否有防護口罩、防毒面具、SCBA、防護手套、安全眼鏡、耳塞,35,34,33,1,0,0,0,0.9706,2,低
2024-10,桃園,C,C級,低危害,警戒巡查,警戒標示,是否有警戒標示,35,31,30,1,0,0,0,0.9677,2,低
2024-10,桃園,C,C級,低危害,警戒巡查,巡查會簽,是否轄區、監造、安衛人員或工地負責人巡查會簽,35,34,33,1,0,0,0,0.9706,2,低
2024-10,桃園,C,C級,低危害,收工回簽,回簽收工確認,是否回簽時確認環境已整理並完成防護措施,35,33,32,1,0,0,0,0.9697,2,低
2024-10,桃園,C,C級,低危害,收工回簽,一般安全規定,是否遵守工安規定,35,34,33,1,0,0,0,0.9706,2,低
2024-10,桃園,C,C級,低危害,收工回簽,現場紀錄,是否拍照,35,35,34,1,0,0,0,0.9714,2,低
2024-11,桃園,A,A級,高危害,廠區,基本資料,工廠、日期、時間,19,16,16,0,0,0,0,1.0,0,低
2024-11,桃園,A,A級,高危害,許可證,許可資訊,工程作業分級、申請時間、核准工作時間、工作許可證編號,19,16,16,0,0,0,0,1.0,0,低
2024-11,桃園,A,A級,高危害,施工地點,場地關係人,施工部門、轄區部門、監造部門,19,18,18,0,0,0,0,1.0,0,低
2024-11,桃園,A,A級,高危害,包商,承攬商與人員資格,承攬商、工作人數、車輛車號、工地負責人、安衛人員、特殊作業主管,19,17,16,1,0,0,0,0.9412,2,低
2024-11,桃園,A,A級,高危害,危害等級,作業等級,施工地點、工程案號、工作內容、許可工作項目、作業分級,19,18,17,1,0,0,0,0.9444,2,低
2024-11,桃園,A,A級,高危害,危害等級,管線設備危害物,可燃性氣體、易燃液體、有害性氣體、化學藥劑、酸鹼、熱水蒸氣、空氣、其他,19,18,17,1,0,0,0,0.9444,2,低
2024-11,桃園,A,A級,高危害,檢點與危害告知,簽發前安全檢點,是否安全檢點,19,19,18,1,0,0,0,0.9474,2,低
2024-11,桃園,A,A級,高危害,檢點與危害告知,危害告知,是否危害告知,19,19,18,1,0,0,0,0.9474,2,低
2024-11,桃園,A,A級,高危害,危害排除與隔離,環境危害排除,是否設備管線危害物排除,19,16,15,1,0,0,0,0.9375,2,低
2024-11,桃園,A,A級,高危害,危害排除與隔離,隔離管制,設備管線是否加盲加鎖掛牌,19,18,17,1,0,0,0,0.9444,2,低
2024-11,桃園,A,A級,高危害,環境測定,氣體偵測數值,可燃性氣體%、氧氣%、一氧化碳PPM、硫化氫PPM,19,16,15,1,0,0,0,0.9375,2,低
2024-11,桃園,A,A級,高危害,環境測定,測定基準,可燃性氣體 < 20%LEL；氧氣>= 18%；一氧化碳<50 PPM；硫化氫<10 PPM,19,16,15,1,0,0,0,0.9375,2,低
2024-11,桃園,A,A級,高危害,環境測定,測定頻率,上、下午施工前測定；A級或高風險作業需重複或連續測定；每小時/每兩小時紀錄表,19,17,16,1,0,0,0,0.9412,2,低
2024-11,桃園,A,A級,高危害,防火防爆,消防設備,是否有消防設備,19,16,15,1,0,0,0,0.9375,2,低
2024-11,桃園,A,A級,高危害,防火防爆,防爆安全工具,是否使用防爆電氣設備及安全工具,19,18,17,1,0,0,0,0.9444,2,低
2024-11,桃園,A,A級,高危害,高處作業,防墜措施,設標準施工架、安全網、安全母索、安全帶,19,19,18,1,0,0,0,0.9474,2,低
2024-11,桃園,A,A級,高危害,安全保護,個人防護具,是否有防護口罩、防毒面具、SCBA、防護手套、安全眼鏡、耳塞,19,17,16,1,0,0,0,0.9412,2,低
2024-11,桃園,A,A級,高危害,警戒巡查,警戒標示,是否有警戒標示,19,16,15,1,0,0,0,0.9375,2,低
2024-11,桃園,A,A級,高危害,警戒巡查,巡查會簽,是否轄區、監造、安衛人員或工地負責人巡查會簽,19,18,17,1,0,0,0,0.9444,2,低
2024-11,桃園,A,A級,高危害,收工回簽,回簽收工確認,是否回簽時確認環境已整理並完成防護措施,19,18,17,1,0,0,0,0.9444,2,低
2024-11,桃園,A,A級,高危害,收工回簽,一般安全規定,是否遵守工安規定,19,16,16,0,0,0,0,1.0,0,低
2024-11,桃園,A,A級,高危害,收工回簽,現場紀錄,是否拍照,19,17,16,1,0,0,0,0.9412,2,低
2024-11,桃園,B,B級,中危害,廠區,基本資料,工廠、日期、時間,43,41,40,1,0,0,0,0.9756,2,低
2024-11,桃園,B,B級,中危害,許可證,許可資訊,工程作業分級、申請時間、核准工作時間、工作許可證編號,43,41,40,1,0,0,0,0.9756,2,低
2024-11,桃園,B,B級,中危害,施工地點,場地關係人,施工部門、轄區部門、監造部門,43,43,42,1,0,0,0,0.9767,2,低
2024-11,桃園,B,B級,中危害,包商,承攬商與人員資格,承攬商、工作人數、車輛車號、工地負責人、安衛人員、特殊作業主管,43,42,40,2,0,1,0,0.9524,7,低
2024-11,桃園,B,B級,中危害,危害等級,作業等級,施工地點、工程案號、工作內容、許可工作項目、作業分級,43,40,39,1,0,1,0,0.975,5,低
2024-11,桃園,B,B級,中危害,危害等級,管線設備危害物,可燃性氣體、易燃液體、有害性氣體、化學藥劑、酸鹼、熱水蒸氣、空氣、其他,43,41,40,1,0,0,0,0.9756,2,低
2024-11,桃園,B,B級,中危害,檢點與危害告知,簽發前安全檢點,是否安全檢點,43,38,37,1,0,0,0,0.9737,2,低
2024-11,桃園,B,B級,中危害,檢點與危害告知,危害告知,是否危害告知,43,37,36,1,0,0,0,0.973,2,低
2024-11,桃園,B,B級,中危害,危害排除與隔離,環境危害排除,是否設備管線危害物排除,43,39,37,2,1,1,0,0.9487,16,中
2024-11,桃園,B,B級,中危害,危害排除與隔離,隔離管制,設備管線是否加盲加鎖掛牌,43,42,40,2,1,1,0,0.9524,16,中
2024-11,桃園,B,B級,中危害,環境測定,氣體偵測數值,可燃性氣體%、氧氣%、一氧化碳PPM、硫化氫PPM,43,39,38,1,0,0,0,0.9744,2,低
2024-11,桃園,B,B級,中危害,環境測定,測定基準,可燃性氣體 < 20%LEL；氧氣>= 18%；一氧化碳<50 PPM；硫化氫<10 PPM,43,41,39,2,1,1,0,0.9512,16,中
2024-11,桃園,B,B級,中危害,環境測定,測定頻率,上、下午施工前測定；A級或高風險作業需重複或連續測定；每小時/每兩小時紀錄表,43,38,36,2,1,1,0,0.9474,16,中
2024-11,桃園,B,B級,中危害,防火防爆,消防設備,是否有消防設備,43,43,41,2,1,1,0,0.9535,16,中
2024-11,桃園,B,B級,中危害,防火防爆,防爆安全工具,是否使用防爆電氣設備及安全工具,43,39,38,1,0,0,0,0.9744,2,低
2024-11,桃園,B,B級,中危害,高處作業,防墜措施,設標準施工架、安全網、安全母索、安全帶,43,35,34,1,0,0,0,0.9714,2,低
2024-11,桃園,B,B級,中危害,安全保護,個人防護具,是否有防護口罩、防毒面具、SCBA、防護手套、安全眼鏡、耳塞,43,43,42,1,0,0,0,0.9767,2,低
2024-11,桃園,B,B級,中危害,警戒巡查,警戒標示,是否有警戒標示,43,43,42,1,0,0,0,0.9767,2,低
2024-11,桃園,B,B級,中危害,警戒巡查,巡查會簽,是否轄區、監造、安衛人員或工地負責人巡查會簽,43,38,37,1,0,0,0,0.9737,2,低
2024-11,桃園,B,B級,中危害,收工回簽,回簽收工確認,是否回簽時確認環境已整理並完成防護措施,43,41,40,1,0,0,0,0.9756,2,低
2024-11,桃園,B,B級,中危害,收工回簽,一般安全規定,是否遵守工安規定,43,38,37,1,0,0,0,0.9737,2,低
2024-11,桃園,B,B級,中危害,收工回簽,現場紀錄,是否拍照,43,42,41,1,0,0,0,0.9762,2,低
2024-11,桃園,C,C級,低危害,廠區,基本資料,工廠、日期、時間,33,32,31,1,0,0,0,0.9688,2,低
2024-11,桃園,C,C級,低危害,許可證,許可資訊,工程作業分級、申請時間、核准工作時間、工作許可證編號,33,31,30,1,0,0,0,0.9677,2,低
2024-11,桃園,C,C級,低危害,施工地點,場地關係人,施工部門、轄區部門、監造部門,33,28,28,0,0,0,0,1.0,0,低
2024-11,桃園,C,C級,低危害,包商,承攬商與人員資格,承攬商、工作人數、車輛車號、工地負責人、安衛人員、特殊作業主管,33,31,30,1,0,0,0,0.9677,2,低
2024-11,桃園,C,C級,低危害,危害等級,作業等級,施工地點、工程案號、工作內容、許可工作項目、作業分級,33,32,31,1,0,0,0,0.9688,2,低
2024-11,桃園,C,C級,低危害,危害等級,管線設備危害物,可燃性氣體、易燃液體、有害性氣體、化學藥劑、酸鹼、熱水蒸氣、空氣、其他,33,31,30,1,0,0,0,0.9677,2,低
2024-11,桃園,C,C級,低危害,檢點與危害告知,簽發前安全檢點,是否安全檢點,33,29,28,1,0,1,0,0.9655,5,低
2024-11,桃園,C,C級,低危害,檢點與危害告知,危害告知,是否危害告知,33,30,29,1,0,0,0,0.9667,2,低
2024-11,桃園,C,C級,低危害,危害排除與隔離,環境危害排除,是否設備管線危害物排除,33,29,28,1,0,0,0,0.9655,2,低
2024-11,桃園,C,C級,低危害,危害排除與隔離,隔離管制,設備管線是否加盲加鎖掛牌,33,28,27,1,0,0,0,0.9643,2,低
2024-11,桃園,C,C級,低危害,環境測定,氣體偵測數值,可燃性氣體%、氧氣%、一氧化碳PPM、硫化氫PPM,33,32,31,1,0,0,0,0.9688,2,低
2024-11,桃園,C,C級,低危害,環境測定,測定基準,可燃性氣體 < 20%LEL；氧氣>= 18%；一氧化碳<50 PPM；硫化氫<10 PPM,33,30,29,1,0,0,0,0.9667,2,低
2024-11,桃園,C,C級,低危害,環境測定,測定頻率,上、下午施工前測定；A級或高風險作業需重複或連續測定；每小時/每兩小時紀錄表,33,32,31,1,0,0,0,0.9688,2,低
2024-11,桃園,C,C級,低危害,防火防爆,消防設備,是否有消防設備,33,31,30,1,0,0,0,0.9677,2,低
2024-11,桃園,C,C級,低危害,防火防爆,防爆安全工具,是否使用防爆電氣設備及安全工具,33,31,30,1,0,0,0,0.9677,2,低
2024-11,桃園,C,C級,低危害,高處作業,防墜措施,設標準施工架、安全網、安全母索、安全帶,33,30,29,1,0,0,0,0.9667,2,低
2024-11,桃園,C,C級,低危害,安全保護,個人防護具,是否有防護口罩、防毒面具、SCBA、防護手套、安全眼鏡、耳塞,33,29,28,1,0,0,0,0.9655,2,低
2024-11,桃園,C,C級,低危害,警戒巡查,警戒標示,是否有警戒標示,33,30,29,1,0,0,0,0.9667,2,低
2024-11,桃園,C,C級,低危害,警戒巡查,巡查會簽,是否轄區、監造、安衛人員或工地負責人巡查會簽,33,29,28,1,0,0,0,0.9655,2,低
2024-11,桃園,C,C級,低危害,收工回簽,回簽收工確認,是否回簽時確認環境已整理並完成防護措施,33,28,27,1,0,0,0,0.9643,2,低
2024-11,桃園,C,C級,低危害,收工回簽,一般安全規定,是否遵守工安規定,33,31,30,1,0,0,0,0.9677,2,低
2024-11,桃園,C,C級,低危害,收工回簽,現場紀錄,是否拍照,33,31,30,1,0,0,0,0.9677,2,低
2024-12,桃園,A,A級,高危害,廠區,基本資料,工廠、日期、時間,25,23,23,0,0,0,0,1.0,0,低
2024-12,桃園,A,A級,高危害,許可證,許可資訊,工程作業分級、申請時間、核准工作時間、工作許可證編號,25,23,22,1,0,0,0,0.9565,2,低
2024-12,桃園,A,A級,高危害,施工地點,場地關係人,施工部門、轄區部門、監造部門,25,22,21,1,0,0,0,0.9545,2,低
2024-12,桃園,A,A級,高危害,包商,承攬商與人員資格,承攬商、工作人數、車輛車號、工地負責人、安衛人員、特殊作業主管,25,23,22,1,0,0,0,0.9565,2,低
2024-12,桃園,A,A級,高危害,危害等級,作業等級,施工地點、工程案號、工作內容、許可工作項目、作業分級,25,22,21,1,0,0,0,0.9545,2,低
2024-12,桃園,A,A級,高危害,危害等級,管線設備危害物,可燃性氣體、易燃液體、有害性氣體、化學藥劑、酸鹼、熱水蒸氣、空氣、其他,25,21,20,1,0,0,0,0.9524,2,低
2024-12,桃園,A,A級,高危害,檢點與危害告知,簽發前安全檢點,是否安全檢點,25,24,23,1,0,0,0,0.9583,2,低
2024-12,桃園,A,A級,高危害,檢點與危害告知,危害告知,是否危害告知,25,24,23,1,0,0,0,0.9583,2,低
2024-12,桃園,A,A級,高危害,危害排除與隔離,環境危害排除,是否設備管線危害物排除,25,24,23,1,0,0,0,0.9583,2,低
2024-12,桃園,A,A級,高危害,危害排除與隔離,隔離管制,設備管線是否加盲加鎖掛牌,25,25,23,2,1,1,0,0.92,16,中
2024-12,桃園,A,A級,高危害,環境測定,氣體偵測數值,可燃性氣體%、氧氣%、一氧化碳PPM、硫化氫PPM,25,22,21,1,0,0,0,0.9545,2,低
2024-12,桃園,A,A級,高危害,環境測定,測定基準,可燃性氣體 < 20%LEL；氧氣>= 18%；一氧化碳<50 PPM；硫化氫<10 PPM,25,24,23,1,0,0,0,0.9583,2,低
2024-12,桃園,A,A級,高危害,環境測定,測定頻率,上、下午施工前測定；A級或高風險作業需重複或連續測定；每小時/每兩小時紀錄表,25,22,21,1,0,1,0,0.9545,5,低
2024-12,桃園,A,A級,高危害,防火防爆,消防設備,是否有消防設備,25,22,21,1,0,0,0,0.9545,2,低
2024-12,桃園,A,A級,高危害,防火防爆,防爆安全工具,是否使用防爆電氣設備及安全工具,25,23,21,2,1,1,0,0.913,16,中
2024-12,桃園,A,A級,高危害,高處作業,防墜措施,設標準施工架、安全網、安全母索、安全帶,25,22,21,1,0,0,0,0.9545,2,低
2024-12,桃園,A,A級,高危害,安全保護,個人防護具,是否有防護口罩、防毒面具、SCBA、防護手套、安全眼鏡、耳塞,25,23,22,1,0,0,0,0.9565,2,低
2024-12,桃園,A,A級,高危害,警戒巡查,警戒標示,是否有警戒標示,25,22,21,1,0,0,0,0.9545,2,低
2024-12,桃園,A,A級,高危害,警戒巡查,巡查會簽,是否轄區、監造、安衛人員或工地負責人巡查會簽,25,21,20,1,0,0,0,0.9524,2,低
2024-12,桃園,A,A級,高危害,收工回簽,回簽收工確認,是否回簽時確認環境已整理並完成防護措施,25,22,21,1,0,0,0,0.9545,2,低
2024-12,桃園,A,A級,高危害,收工回簽,一般安全規定,是否遵守工安規定,25,21,20,1,0,0,0,0.9524,2,低
2024-12,桃園,A,A級,高危害,收工回簽,現場紀錄,是否拍照,25,22,21,1,0,0,0,0.9545,2,低
2024-12,桃園,B,B級,中危害,廠區,基本資料,工廠、日期、時間,51,51,50,1,0,0,0,0.9804,2,低
2024-12,桃園,B,B級,中危害,許可證,許可資訊,工程作業分級、申請時間、核准工作時間、工作許可證編號,51,44,43,1,0,0,0,0.9773,2,低
2024-12,桃園,B,B級,中危害,施工地點,場地關係人,施工部門、轄區部門、監造部門,51,43,42,1,0,0,0,0.9767,2,低
2024-12,桃園,B,B級,中危害,包商,承攬商與人員資格,承攬商、工作人數、車輛車號、工地負責人、安衛人員、特殊作業主管,51,48,46,2,0,0,0,0.9583,4,低
2024-12,桃園,B,B級,中危害,危害等級,作業等級,施工地點、工程案號、工作內容、許可工作項目、作業分級,51,42,40,2,0,1,0,0.9524,7,低
2024-12,桃園,B,B級,中危害,危害等級,管線設備危害物,可燃性氣體、易燃液體、有害性氣體、化學藥劑、酸鹼、熱水蒸氣、空氣、其他,51,49,47,2,0,1,0,0.9592,7,低
2024-12,桃園,B,B級,中危害,檢點與危害告知,簽發前安全檢點,是否安全檢點,51,43,42,1,0,0,0,0.9767,2,低
2024-12,桃園,B,B級,中危害,檢點與危害告知,危害告知,是否危害告知,51,48,47,1,0,0,0,0.9792,2,低
2024-12,桃園,B,B級,中危害,危害排除與隔離,環境危害排除,是否設備管線危害物排除,51,46,44,2,1,1,0,0.9565,16,中
2024-12,桃園,B,B級,中危害,危害排除與隔離,隔離管制,設備管線是否加盲加鎖掛牌,51,43,41,2,1,1,0,0.9535,16,中
2024-12,桃園,B,B級,中危害,環境測定,氣體偵測數值,可燃性氣體%、氧氣%、一氧化碳PPM、硫化氫PPM,51,48,46,2,1,1,0,0.9583,16,中
2024-12,桃園,B,B級,中危害,環境測定,測定基準,可燃性氣體 < 20%LEL；氧氣>= 18%；一氧化碳<50 PPM；硫化氫<10 PPM,51,45,44,1,0,0,0,0.9778,2,低
2024-12,桃園,B,B級,中危害,環境測定,測定頻率,上、下午施工前測定；A級或高風險作業需重複或連續測定；每小時/每兩小時紀錄表,51,49,47,2,1,1,0,0.9592,16,中
2024-12,桃園,B,B級,中危害,防火防爆,消防設備,是否有消防設備,51,51,49,2,1,1,0,0.9608,16,中
2024-12,桃園,B,B級,中危害,防火防爆,防爆安全工具,是否使用防爆電氣設備及安全工具,51,47,45,2,1,1,0,0.9574,16,中
2024-12,桃園,B,B級,中危害,高處作業,防墜措施,設標準施工架、安全網、安全母索、安全帶,51,46,44,2,1,0,0,0.9565,13,低
2024-12,桃園,B,B級,中危害,安全保護,個人防護具,是否有防護口罩、防毒面具、SCBA、防護手套、安全眼鏡、耳塞,51,47,46,1,0,0,0,0.9787,2,低
2024-12,桃園,B,B級,中危害,警戒巡查,警戒標示,是否有警戒標示,51,46,45,1,0,0,0,0.9783,2,低
2024-12,桃園,B,B級,中危害,警戒巡查,巡查會簽,是否轄區、監造、安衛人員或工地負責人巡查會簽,51,46,45,1,0,0,0,0.9783,2,低
2024-12,桃園,B,B級,中危害,收工回簽,回簽收工確認,是否回簽時確認環境已整理並完成防護措施,51,43,42,1,0,0,0,0.9767,2,低
2024-12,桃園,B,B級,中危害,收工回簽,一般安全規定,是否遵守工安規定,51,49,48,1,0,0,0,0.9796,2,低
2024-12,桃園,B,B級,中危害,收工回簽,現場紀錄,是否拍照,51,48,47,1,0,0,0,0.9792,2,低
2024-12,桃園,C,C級,低危害,廠區,基本資料,工廠、日期、時間,40,36,35,1,0,0,0,0.9722,2,低
2024-12,桃園,C,C級,低危害,許可證,許可資訊,工程作業分級、申請時間、核准工作時間、工作許可證編號,40,33,32,1,0,0,0,0.9697,2,低
2024-12,桃園,C,C級,低危害,施工地點,場地關係人,施工部門、轄區部門、監造部門,40,34,33,1,0,0,0,0.9706,2,低
2024-12,桃園,C,C級,低危害,包商,承攬商與人員資格,承攬商、工作人數、車輛車號、工地負責人、安衛人員、特殊作業主管,40,35,34,1,0,0,0,0.9714,2,低
2024-12,桃園,C,C級,低危害,危害等級,作業等級,施工地點、工程案號、工作內容、許可工作項目、作業分級,40,37,36,1,0,0,0,0.973,2,低
2024-12,桃園,C,C級,低危害,危害等級,管線設備危害物,可燃性氣體、易燃液體、有害性氣體、化學藥劑、酸鹼、熱水蒸氣、空氣、其他,40,37,36,1,0,0,0,0.973,2,低
2024-12,桃園,C,C級,低危害,檢點與危害告知,簽發前安全檢點,是否安全檢點,40,37,36,1,0,0,0,0.973,2,低
2024-12,桃園,C,C級,低危害,檢點與危害告知,危害告知,是否危害告知,40,34,33,1,0,0,0,0.9706,2,低
2024-12,桃園,C,C級,低危害,危害排除與隔離,環境危害排除,是否設備管線危害物排除,40,36,35,1,0,0,0,0.9722,2,低
2024-12,桃園,C,C級,低危害,危害排除與隔離,隔離管制,設備管線是否加盲加鎖掛牌,40,37,36,1,0,0,0,0.973,2,低
2024-12,桃園,C,C級,低危害,環境測定,氣體偵測數值,可燃性氣體%、氧氣%、一氧化碳PPM、硫化氫PPM,40,38,37,1,0,0,0,0.9737,2,低
2024-12,桃園,C,C級,低危害,環境測定,測定基準,可燃性氣體 < 20%LEL；氧氣>= 18%；一氧化碳<50 PPM；硫化氫<10 PPM,40,33,32,1,0,0,0,0.9697,2,低
2024-12,桃園,C,C級,低危害,環境測定,測定頻率,上、下午施工前測定；A級或高風險作業需重複或連續測定；每小時/每兩小時紀錄表,40,39,38,1,0,0,0,0.9744,2,低
2024-12,桃園,C,C級,低危害,防火防爆,消防設備,是否有消防設備,40,40,39,1,0,1,0,0.975,5,低
2024-12,桃園,C,C級,低危害,防火防爆,防爆安全工具,是否使用防爆電氣設備及安全工具,40,36,35,1,0,1,0,0.9722,5,低
2024-12,桃園,C,C級,低危害,高處作業,防墜措施,設標準施工架、安全網、安全母索、安全帶,40,38,37,1,0,0,0,0.9737,2,低
2024-12,桃園,C,C級,低危害,安全保護,個人防護具,是否有防護口罩、防毒面具、SCBA、防護手套、安全眼鏡、耳塞,40,38,37,1,0,0,0,0.9737,2,低
2024-12,桃園,C,C級,低危害,警戒巡查,警戒標示,是否有警戒標示,40,33,32,1,0,0,0,0.9697,2,低
2024-12,桃園,C,C級,低危害,警戒巡查,巡查會簽,是否轄區、監造、安衛人員或工地負責人巡查會簽,40,34,33,1,0,0,0,0.9706,2,低
2024-12,桃園,C,C級,低危害,收工回簽,回簽收工確認,是否回簽時確認環境已整理並完成防護措施,40,33,32,1,0,0,0,0.9697,2,低
2024-12,桃園,C,C級,低危害,收工回簽,一般安全規定,是否遵守工安規定,40,37,36,1,0,0,0,0.973,2,低
2024-12,桃園,C,C級,低危害,收工回簽,現場紀錄,是否拍照,40,37,36,1,0,0,0,0.973,2,低
2025-01,桃園,A,A級,高危害,廠區,基本資料,工廠、日期、時間,24,22,22,0,0,0,0,1.0,0,低
2025-01,桃園,A,A級,高危害,許可證,許可資訊,工程作業分級、申請時間、核准工作時間、工作許可證編號,24,23,22,1,0,0,0,0.9565,2,低
2025-01,桃園,A,A級,高危害,施工地點,場地關係人,施工部門、轄區部門、監造部門,24,23,22,1,0,0,0,0.9565,2,低
2025-01,桃園,A,A級,高危害,包商,承攬商與人員資格,承攬商、工作人數、車輛車號、工地負責人、安衛人員、特殊作業主管,24,20,19,1,0,0,0,0.95,2,低
2025-01,桃園,A,A級,高危害,危害等級,作業等級,施工地點、工程案號、工作內容、許可工作項目、作業分級,24,20,19,1,0,0,0,0.95,2,低
2025-01,桃園,A,A級,高危害,危害等級,管線設備危害物,可燃性氣體、易燃液體、有害性氣體、化學藥劑、酸鹼、熱水蒸氣、空氣、其他,24,20,19,1,0,0,0,0.95,2,低
2025-01,桃園,A,A級,高危害,檢點與危害告知,簽發前安全檢點,是否安全檢點,24,22,21,1,0,0,0,0.9545,2,低
2025-01,桃園,A,A級,高危害,檢點與危害告知,危害告知,是否危害告知,24,22,21,1,0,0,0,0.9545,2,低
2025-01,桃園,A,A級,高危害,危害排除與隔離,環境危害排除,是否設備管線危害物排除,24,23,22,1,0,0,0,0.9565,2,低
2025-01,桃園,A,A級,高危害,危害排除與隔離,隔離管制,設備管線是否加盲加鎖掛牌,24,23,22,1,0,0,0,0.9565,2,低
2025-01,桃園,A,A級,高危害,環境測定,氣體偵測數值,可燃性氣體%、氧氣%、一氧化碳PPM、硫化氫PPM,24,21,20,1,0,0,0,0.9524,2,低
2025-01,桃園,A,A級,高危害,環境測定,測定基準,可燃性氣體 < 20%LEL；氧氣>= 18%；一氧化碳<50 PPM；硫化氫<10 PPM,24,24,22,2,1,1,0,0.9167,16,中
2025-01,桃園,A,A級,高危害,環境測定,測定頻率,上、下午施工前測定；A級或高風險作業需重複或連續測定；每小時/每兩小時紀錄表,24,22,21,1,0,0,0,0.9545,2,低
2025-01,桃園,A,A級,高危害,防火防爆,消防設備,是否有消防設備,24,21,20,1,0,1,0,0.9524,5,低
2025-01,桃園,A,A級,高危害,防火防爆,防爆安全工具,是否使用防爆電氣設備及安全工具,24,21,19,2,1,1,0,0.9048,16,中
2025-01,桃園,A,A級,高危害,高處作業,防墜措施,設標準施工架、安全網、安全母索、安全帶,24,23,22,1,0,0,0,0.9565,2,低
2025-01,桃園,A,A級,高危害,安全保護,個人防護具,是否有防護口罩、防毒面具、SCBA、防護手套、安全眼鏡、耳塞,24,22,21,1,0,0,0,0.9545,2,低
2025-01,桃園,A,A級,高危害,警戒巡查,警戒標示,是否有警戒標示,24,23,22,1,0,0,0,0.9565,2,低
2025-01,桃園,A,A級,高危害,警戒巡查,巡查會簽,是否轄區、監造、安衛人員或工地負責人巡查會簽,24,23,22,1,0,0,0,0.9565,2,低
2025-01,桃園,A,A級,高危害,收工回簽,回簽收工確認,是否回簽時確認環境已整理並完成防護措施,24,20,19,1,0,0,0,0.95,2,低
2025-01,桃園,A,A級,高危害,收工回簽,一般安全規定,是否遵守工安規定,24,23,22,1,0,0,0,0.9565,2,低
2025-01,桃園,A,A級,高危害,收工回簽,現場紀錄,是否拍照,24,20,19,1,0,0,0,0.95,2,低
2025-01,桃園,B,B級,中危害,廠區,基本資料,工廠、日期、時間,48,46,45,1,0,0,0,0.9783,2,低
2025-01,桃園,B,B級,中危害,許可證,許可資訊,工程作業分級、申請時間、核准工作時間、工作許可證編號,48,46,45,1,0,0,0,0.9783,2,低
2025-01,桃園,B,B級,中危害,施工地點,場地關係人,施工部門、轄區部門、監造部門,48,40,39,1,0,0,0,0.975,2,低
2025-01,桃園,B,B級,中危害,包商,承攬商與人員資格,承攬商、工作人數、車輛車號、工地負責人、安衛人員、特殊作業主管,48,40,39,1,0,0,0,0.975,2,低
2025-01,桃園,B,B級,中危害,危害等級,作業等級,施工地點、工程案號、工作內容、許可工作項目、作業分級,48,41,40,1,0,0,0,0.9756,2,低
2025-01,桃園,B,B級,中危害,危害等級,管線設備危害物,可燃性氣體、易燃液體、有害性氣體、化學藥劑、酸鹼、熱水蒸氣、空氣、其他,48,45,43,2,0,1,0,0.9556,7,低
2025-01,桃園,B,B級,中危害,檢點與危害告知,簽發前安全檢點,是否安全檢點,48,41,40,1,0,0,0,0.9756,2,低
2025-01,桃園,B,B級,中危害,檢點與危害告知,危害告知,是否危害告知,48,41,40,1,0,0,0,0.9756,2,低
2025-01,桃園,B,B級,中危害,危害排除與隔離,環境危害排除,是否設備管線危害物排除,48,46,45,1,0,0,0,0.9783,2,低
2025-01,桃園,B,B級,中危害,危害排除與隔離,隔離管制,設備管線是否加盲加鎖掛牌,48,48,46,2,1,1,0,0.9583,16,中
2025-01,桃園,B,B級,中危害,環境測定,氣體偵測數值,可燃性氣體%、氧氣%、一氧化碳PPM、硫化氫PPM,48,44,43,1,0,0,0,0.9773,2,低
2025-01,桃園,B,B級,中危害,環境測定,測定基準,可燃性氣體 < 20%LEL；氧氣>= 18%；一氧化碳<50 PPM；硫化氫<10 PPM,48,42,40,2,1,1,0,0.9524,16,中
2025-01,桃園,B,B級,中危害,環境測定,測定頻率,上、下午施工前測定；A級或高風險作業需重複或連續測定；每小時/每兩小時紀錄表,48,45,43,2,1,1,0,0.9556,16,中
2025-01,桃園,B,B級,中危害,防火防爆,消防設備,是否有消防設備,48,43,41,2,1,1,0,0.9535,16,中
2025-01,桃園,B,B級,中危害,防火防爆,防爆安全工具,是否使用防爆電氣設備及安全工具,48,45,43,2,1,1,0,0.9556,16,中
2025-01,桃園,B,B級,中危害,高處作業,防墜措施,設標準施工架、安全網、安全母索、安全帶,48,46,44,2,1,1,0,0.9565,16,中
2025-01,桃園,B,B級,中危害,安全保護,個人防護具,是否有防護口罩、防毒面具、SCBA、防護手套、安全眼鏡、耳塞,48,48,47,1,0,0,0,0.9792,2,低
2025-01,桃園,B,B級,中危害,警戒巡查,警戒標示,是否有警戒標示,48,43,42,1,0,0,0,0.9767,2,低
2025-01,桃園,B,B級,中危害,警戒巡查,巡查會簽,是否轄區、監造、安衛人員或工地負責人巡查會簽,48,42,41,1,0,0,0,0.9762,2,低
2025-01,桃園,B,B級,中危害,收工回簽,回簽收工確認,是否回簽時確認環境已整理並完成防護措施,48,45,44,1,0,1,0,0.9778,5,低
2025-01,桃園,B,B級,中危害,收工回簽,一般安全規定,是否遵守工安規定,48,47,46,1,0,0,0,0.9787,2,低
2025-01,桃園,B,B級,中危害,收工回簽,現場紀錄,是否拍照,48,41,40,1,0,0,0,0.9756,2,低
2025-01,桃園,C,C級,低危害,廠區,基本資料,工廠、日期、時間,36,36,35,1,0,0,0,0.9722,2,低
2025-01,桃園,C,C級,低危害,許可證,許可資訊,工程作業分級、申請時間、核准工作時間、工作許可證編號,36,36,35,1,0,0,0,0.9722,2,低
2025-01,桃園,C,C級,低危害,施工地點,場地關係人,施工部門、轄區部門、監造部門,36,33,32,1,0,0,0,0.9697,2,低
2025-01,桃園,C,C級,低危害,包商,承攬商與人員資格,承攬商、工作人數、車輛車號、工地負責人、安衛人員、特殊作業主管,36,34,33,1,0,0,0,0.9706,2,低
2025-01,桃園,C,C級,低危害,危害等級,作業等級,施工地點、工程案號、工作內容、許可工作項目、作業分級,36,30,29,1,0,0,0,0.9667,2,低
2025-01,桃園,C,C級,低危害,危害等級,管線設備危害物,可燃性氣體、易燃液體、有害性氣體、化學藥劑、酸鹼、熱水蒸氣、空氣、其他,36,34,33,1,0,0,0,0.9706,2,低
2025-01,桃園,C,C級,低危害,檢點與危害告知,簽發前安全檢點,是否安全檢點,36,32,31,1,0,0,0,0.9688,2,低
2025-01,桃園,C,C級,低危害,檢點與危害告知,危害告知,是否危害告知,36,35,34,1,0,0,0,0.9714,2,低
2025-01,桃園,C,C級,低危害,危害排除與隔離,環境危害排除,是否設備管線危害物排除,36,35,34,1,0,0,0,0.9714,2,低
2025-01,桃園,C,C級,低危害,危害排除與隔離,隔離管制,設備管線是否加盲加鎖掛牌,36,30,29,1,0,0,0,0.9667,2,低
2025-01,桃園,C,C級,低危害,環境測定,氣體偵測數值,可燃性氣體%、氧氣%、一氧化碳PPM、硫化氫PPM,36,30,29,1,0,0,0,0.9667,2,低
2025-01,桃園,C,C級,低危害,環境測定,測定基準,可燃性氣體 < 20%LEL；氧氣>= 18%；一氧化碳<50 PPM；硫化氫<10 PPM,36,32,31,1,0,0,0,0.9688,2,低
2025-01,桃園,C,C級,低危害,環境測定,測定頻率,上、下午施工前測定；A級或高風險作業需重複或連續測定；每小時/每兩小時紀錄表,36,32,31,1,0,0,0,0.9688,2,低
2025-01,桃園,C,C級,低危害,防火防爆,消防設備,是否有消防設備,36,30,29,1,0,0,0,0.9667,2,低
2025-01,桃園,C,C級,低危害,防火防爆,防爆安全工具,是否使用防爆電氣設備及安全工具,36,36,35,1,0,0,0,0.9722,2,低
2025-01,桃園,C,C級,低危害,高處作業,防墜措施,設標準施工架、安全網、安全母索、安全帶,36,34,33,1,0,0,0,0.9706,2,低
2025-01,桃園,C,C級,低危害,安全保護,個人防護具,是否有防護口罩、防毒面具、SCBA、防護手套、安全眼鏡、耳塞,36,32,31,1,0,0,0,0.9688,2,低
2025-01,桃園,C,C級,低危害,警戒巡查,警戒標示,是否有警戒標示,36,33,32,1,0,0,0,0.9697,2,低
2025-01,桃園,C,C級,低危害,警戒巡查,巡查會簽,是否轄區、監造、安衛人員或工地負責人巡查會簽,36,30,29,1,0,0,0,0.9667,2,低
2025-01,桃園,C,C級,低危害,收工回簽,回簽收工確認,是否回簽時確認環境已整理並完成防護措施,36,32,31,1,0,0,0,0.9688,2,低
2025-01,桃園,C,C級,低危害,收工回簽,一般安全規定,是否遵守工安規定,36,31,30,1,0,0,0,0.9677,2,低
2025-01,桃園,C,C級,低危害,收工回簽,現場紀錄,是否拍照,36,32,31,1,0,0,0,0.9688,2,低
2025-02,桃園,A,A級,高危害,廠區,基本資料,工廠、日期、時間,28,28,27,1,0,0,0,0.9643,2,低
2025-02,桃園,A,A級,高危害,許可證,許可資訊,工程作業分級、申請時間、核准工作時間、工作許可證編號,28,26,25,1,0,0,0,0.9615,2,低
2025-02,桃園,A,A級,高危害,施工地點,場地關係人,施工部門、轄區部門、監造部門,28,25,24,1,0,0,0,0.96,2,低
2025-02,桃園,A,A級,高危害,包商,承攬商與人員資格,承攬商、工作人數、車輛車號、工地負責人、安衛人員、特殊作業主管,28,25,24,1,0,0,0,0.96,2,低
2025-02,桃園,A,A級,高危害,危害等級,作業等級,施工地點、工程案號、工作內容、許可工作項目、作業分級,28,23,22,1,0,0,0,0.9565,2,低
2025-02,桃園,A,A級,高危害,危害等級,管線設備危害物,可燃性氣體、易燃液體、有害性氣體、化學藥劑、酸鹼、熱水蒸氣、空氣、其他,28,25,24,1,0,0,0,0.96,2,低
2025-02,桃園,A,A級,高危害,檢點與危害告知,簽發前安全檢點,是否安全檢點,28,24,23,1,0,0,0,0.9583,2,低
2025-02,桃園,A,A級,高危害,檢點與危害告知,危害告知,是否危害告知,28,25,24,1,0,0,0,0.96,2,低
2025-02,桃園,A,A級,高危害,危害排除與隔離,環境危害排除,是否設備管線危害物排除,28,25,23,2,1,1,0,0.92,16,中
2025-02,桃園,A,A級,高危害,危害排除與隔離,隔離管制,設備管線是否加盲加鎖掛牌,28,28,26,2,1,1,0,0.9286,16,中
2025-02,桃園,A,A級,高危害,環境測定,氣體偵測數值,可燃性氣體%、氧氣%、一氧化碳PPM、硫化氫PPM,28,25,23,2,1,1,0,0.92,16,中
2025-02,桃園,A,A級,高危害,環境測定,測定基準,可燃性氣體 < 20%LEL；氧氣>= 18%；一氧化碳<50 PPM；硫化氫<10 PPM,28,24,22,2,1,0,0,0.9167,13,低
2025-02,桃園,A,A級,高危害,環境測定,測定頻率,上、下午施工前測定；A級或高風險作業需重複或連續測定；每小時/每兩小時紀錄表,28,26,24,2,1,1,0,0.9231,16,中
2025-02,桃園,A,A級,高危害,防火防爆,消防設備,是否有消防設備,28,27,25,2,1,1,0,0.9259,16,中
2025-02,桃園,A,A級,高危害,防火防爆,防爆安全工具,是否使用防爆電氣設備及安全工具,28,25,23,2,1,1,0,0.92,16,中
2025-02,桃園,A,A級,高危害,高處作業,防墜措施,設標準施工架、安全網、安全母索、安全帶,28,24,23,1,0,0,0,0.9583,2,低
2025-02,桃園,A,A級,高危害,安全保護,個人防護具,是否有防護口罩、防毒面具、SCBA、防護手套、安全眼鏡、耳塞,28,26,25,1,0,0,0,0.9615,2,低
2025-02,桃園,A,A級,高危害,警戒巡查,警戒標示,是否有警戒標示,28,25,24,1,0,0,0,0.96,2,低
2025-02,桃園,A,A級,高危害,警戒巡查,巡查會簽,是否轄區、監造、安衛人員或工地負責人巡查會簽,28,26,25,1,0,0,0,0.9615,2,低
2025-02,桃園,A,A級,高危害,收工回簽,回簽收工確認,是否回簽時確認環境已整理並完成防護措施,28,25,24,1,0,0,0,0.96,2,低
2025-02,桃園,A,A級,高危害,收工回簽,一般安全規定,是否遵守工安規定,28,25,24,1,0,0,0,0.96,2,低
2025-02,桃園,A,A級,高危害,收工回簽,現場紀錄,是否拍照,28,25,24,1,0,0,0,0.96,2,低
2025-02,桃園,B,B級,中危害,廠區,基本資料,工廠、日期、時間,51,51,50,1,0,0,0,0.9804,2,低
2025-02,桃園,B,B級,中危害,許可證,許可資訊,工程作業分級、申請時間、核准工作時間、工作許可證編號,51,47,46,1,0,0,0,0.9787,2,低
2025-02,桃園,B,B級,中危害,施工地點,場地關係人,施工部門、轄區部門、監造部門,51,45,44,1,0,1,0,0.9778,5,低
2025-02,桃園,B,B級,中危害,包商,承攬商與人員資格,承攬商、工作人數、車輛車號、工地負責人、安衛人員、特殊作業主管,51,50,49,1,0,0,0,0.98,2,低
2025-02,桃園,B,B級,中危害,危害等級,作業等級,施工地點、工程案號、工作內容、許可工作項目、作業分級,51,47,46,1,0,0,0,0.9787,2,低
2025-02,桃園,B,B級,中危害,危害等級,管線設備危害物,可燃性氣體、易燃液體、有害性氣體、化學藥劑、酸鹼、熱水蒸氣、空氣、其他,51,48,46,2,0,1,0,0.9583,7,低
2025-02,桃園,B,B級,中危害,檢點與危害告知,簽發前安全檢點,是否安全檢點,51,51,50,1,0,0,0,0.9804,2,低
2025-02,桃園,B,B級,中危害,檢點與危害告知,危害告知,是否危害告知,51,42,41,1,0,0,0,0.9762,2,低
2025-02,桃園,B,B級,中危害,危害排除與隔離,環境危害排除,是否設備管線危害物排除,51,50,48,2,1,1,0,0.96,16,中
2025-02,桃園,B,B級,中危害,危害排除與隔離,隔離管制,設備管線是否加盲加鎖掛牌,51,48,46,2,1,1,0,0.9583,16,中
2025-02,桃園,B,B級,中危害,環境測定,氣體偵測數值,可燃性氣體%、氧氣%、一氧化碳PPM、硫化氫PPM,51,48,46,2,1,1,0,0.9583,16,中
2025-02,桃園,B,B級,中危害,環境測定,測定基準,可燃性氣體 < 20%LEL；氧氣>= 18%；一氧化碳<50 PPM；硫化氫<10 PPM,51,42,41,1,0,0,0,0.9762,2,低
2025-02,桃園,B,B級,中危害,環境測定,測定頻率,上、下午施工前測定；A級或高風險作業需重複或連續測定；每小時/每兩小時紀錄表,51,42,41,1,0,0,0,0.9762,2,低
2025-02,桃園,B,B級,中危害,防火防爆,消防設備,是否有消防設備,51,42,40,2,1,1,0,0.9524,16,中
2025-02,桃園,B,B級,中危害,防火防爆,防爆安全工具,是否使用防爆電氣設備及安全工具,51,48,46,2,1,1,0,0.9583,16,中
2025-02,桃園,B,B級,中危害,高處作業,防墜措施,設標準施工架、安全網、安全母索、安全帶,51,50,48,2,1,0,0,0.96,13,低
2025-02,桃園,B,B級,中危害,安全保護,個人防護具,是否有防護口罩、防毒面具、SCBA、防護手套、安全眼鏡、耳塞,51,50,49,1,0,0,0,0.98,2,低
2025-02,桃園,B,B級,中危害,警戒巡查,警戒標示,是否有警戒標示,51,43,42,1,0,0,0,0.9767,2,低
2025-02,桃園,B,B級,中危害,警戒巡查,巡查會簽,是否轄區、監造、安衛人員或工地負責人巡查會簽,51,49,48,1,0,1,0,0.9796,5,低
2025-02,桃園,B,B級,中危害,收工回簽,回簽收工確認,是否回簽時確認環境已整理並完成防護措施,51,47,46,1,0,0,0,0.9787,2,低
2025-02,桃園,B,B級,中危害,收工回簽,一般安全規定,是否遵守工安規定,51,44,43,1,0,0,0,0.9773,2,低
2025-02,桃園,B,B級,中危害,收工回簽,現場紀錄,是否拍照,51,48,47,1,0,0,0,0.9792,2,低
2025-02,桃園,C,C級,低危害,廠區,基本資料,工廠、日期、時間,38,36,35,1,0,0,0,0.9722,2,低
2025-02,桃園,C,C級,低危害,許可證,許可資訊,工程作業分級、申請時間、核准工作時間、工作許可證編號,38,35,34,1,0,0,0,0.9714,2,低
2025-02,桃園,C,C級,低危害,施工地點,場地關係人,施工部門、轄區部門、監造部門,38,33,32,1,0,0,0,0.9697,2,低
2025-02,桃園,C,C級,低危害,包商,承攬商與人員資格,承攬商、工作人數、車輛車號、工地負責人、安衛人員、特殊作業主管,38,31,30,1,0,0,0,0.9677,2,低
2025-02,桃園,C,C級,低危害,危害等級,作業等級,施工地點、工程案號、工作內容、許可工作項目、作業分級,38,35,34,1,0,0,0,0.9714,2,低
2025-02,桃園,C,C級,低危害,危害等級,管線設備危害物,可燃性氣體、易燃液體、有害性氣體、化學藥劑、酸鹼、熱水蒸氣、空氣、其他,38,33,32,1,0,0,0,0.9697,2,低
2025-02,桃園,C,C級,低危害,檢點與危害告知,簽發前安全檢點,是否安全檢點,38,36,35,1,0,0,0,0.9722,2,低
2025-02,桃園,C,C級,低危害,檢點與危害告知,危害告知,是否危害告知,38,32,31,1,0,0,0,0.9688,2,低
2025-02,桃園,C,C級,低危害,危害排除與隔離,環境危害排除,是否設備管線危害物排除,38,37,36,1,0,0,0,0.973,2,低
2025-02,桃園,C,C級,低危害,危害排除與隔離,隔離管制,設備管線是否加盲加鎖掛牌,38,34,33,1,0,0,0,0.9706,2,低
2025-02,桃園,C,C級,低危害,環境測定,氣體偵測數值,可燃性氣體%、氧氣%、一氧化碳PPM、硫化氫PPM,38,38,37,1,0,0,0,0.9737,2,低
2025-02,桃園,C,C級,低危害,環境測定,測定基準,可燃性氣體 < 20%LEL；氧氣>= 18%；一氧化碳<50 PPM；硫化氫<10 PPM,38,34,33,1,0,0,0,0.9706,2,低
2025-02,桃園,C,C級,低危害,環境測定,測定頻率,上、下午施工前測定；A級或高風險作業需重複或連續測定；每小時/每兩小時紀錄表,38,31,30,1,0,0,0,0.9677,2,低
2025-02,桃園,C,C級,低危害,防火防爆,消防設備,是否有消防設備,38,38,37,1,0,0,0,0.9737,2,低
2025-02,桃園,C,C級,低危害,防火防爆,防爆安全工具,是否使用防爆電氣設備及安全工具,38,34,33,1,0,0,0,0.9706,2,低
2025-02,桃園,C,C級,低危害,高處作業,防墜措施,設標準施工架、安全網、安全母索、安全帶,38,35,34,1,0,0,0,0.9714,2,低
2025-02,桃園,C,C級,低危害,安全保護,個人防護具,是否有防護口罩、防毒面具、SCBA、防護手套、安全眼鏡、耳塞,38,34,33,1,0,0,0,0.9706,2,低
2025-02,桃園,C,C級,低危害,警戒巡查,警戒標示,是否有警戒標示,38,32,31,1,0,0,0,0.9688,2,低
2025-02,桃園,C,C級,低危害,警戒巡查,巡查會簽,是否轄區、監造、安衛人員或工地負責人巡查會簽,38,35,34,1,0,0,0,0.9714,2,低
2025-02,桃園,C,C級,低危害,收工回簽,回簽收工確認,是否回簽時確認環境已整理並完成防護措施,38,32,31,1,0,0,0,0.9688,2,低
2025-02,桃園,C,C級,低危害,收工回簽,一般安全規定,是否遵守工安規定,38,35,34,1,0,0,0,0.9714,2,低
2025-02,桃園,C,C級,低危害,收工回簽,現場紀錄,是否拍照,38,33,32,1,0,0,0,0.9697,2,低
2025-03,桃園,A,A級,高危害,廠區,基本資料,工廠、日期、時間,28,25,24,1,0,0,0,0.96,2,低
2025-03,桃園,A,A級,高危害,許可證,許可資訊,工程作業分級、申請時間、核准工作時間、工作許可證編號,28,26,25,1,0,0,0,0.9615,2,低
2025-03,桃園,A,A級,高危害,施工地點,場地關係人,施工部門、轄區部門、監造部門,28,25,24,1,0,0,0,0.96,2,低
2025-03,桃園,A,A級,高危害,包商,承攬商與人員資格,承攬商、工作人數、車輛車號、工地負責人、安衛人員、特殊作業主管,28,24,23,1,0,0,0,0.9583,2,低
2025-03,桃園,A,A級,高危害,危害等級,作業等級,施工地點、工程案號、工作內容、許可工作項目、作業分級,28,25,24,1,0,0,0,0.96,2,低
2025-03,桃園,A,A級,高危害,危害等級,管線設備危害物,可燃性氣體、易燃液體、有害性氣體、化學藥劑、酸鹼、熱水蒸氣、空氣、其他,28,23,22,1,0,0,0,0.9565,2,低
2025-03,桃園,A,A級,高危害,檢點與危害告知,簽發前安全檢點,是否安全檢點,28,25,24,1,0,0,0,0.96,2,低
2025-03,桃園,A,A級,高危害,檢點與危害告知,危害告知,是否危害告知,28,24,23,1,0,0,0,0.9583,2,低
2025-03,桃園,A,A級,高危害,危害排除與隔離,環境危害排除,是否設備管線危害物排除,28,28,26,2,1,0,0,0.9286,13,低
2025-03,桃園,A,A級,高危害,危害排除與隔離,隔離管制,設備管線是否加盲加鎖掛牌,28,23,22,1,0,0,0,0.9565,2,低
2025-03,桃園,A,A級,高危害,環境測定,氣體偵測數值,可燃性氣體%、氧氣%、一氧化碳PPM、硫化氫PPM,28,24,22,2,1,1,0,0.9167,16,中
2025-03,桃園,A,A級,高危害,環境測定,測定基準,可燃性氣體 < 20%LEL；氧氣>= 18%；一氧化碳<50 PPM；硫化氫<10 PPM,28,25,23,2,1,0,0,0.92,13,低
2025-03,桃園,A,A級,高危害,環境測定,測定頻率,上、下午施工前測定；A級或高風險作業需重複或連續測定；每小時/每兩小時紀錄表,28,26,24,2,1,1,0,0.9231,16,中
2025-03,桃園,A,A級,高危害,防火防爆,消防設備,是否有消防設備,28,25,23,2,1,0,0,0.92,13,低
2025-03,桃園,A,A級,高危害,防火防爆,防爆安全工具,是否使用防爆電氣設備及安全工具,28,24,23,1,0,0,0,0.9583,2,低
2025-03,桃園,A,A級,高危害,高處作業,防墜措施,設標準施工架、安全網、安全母索、安全帶,28,24,23,1,0,0,0,0.9583,2,低
2025-03,桃園,A,A級,高危害,安全保護,個人防護具,是否有防護口罩、防毒面具、SCBA、防護手套、安全眼鏡、耳塞,28,28,27,1,0,0,0,0.9643,2,低
2025-03,桃園,A,A級,高危害,警戒巡查,警戒標示,是否有警戒標示,28,25,24,1,0,0,0,0.96,2,低
2025-03,桃園,A,A級,高危害,警戒巡查,巡查會簽,是否轄區、監造、安衛人員或工地負責人巡查會簽,28,24,23,1,0,0,0,0.9583,2,低
2025-03,桃園,A,A級,高危害,收工回簽,回簽收工確認,是否回簽時確認環境已整理並完成防護措施,28,24,23,1,0,0,0,0.9583,2,低
2025-03,桃園,A,A級,高危害,收工回簽,一般安全規定,是否遵守工安規定,28,24,23,1,0,0,0,0.9583,2,低
2025-03,桃園,A,A級,高危害,收工回簽,現場紀錄,是否拍照,28,28,27,1,0,0,0,0.9643,2,低
2025-03,桃園,B,B級,中危害,廠區,基本資料,工廠、日期、時間,50,49,48,1,0,0,0,0.9796,2,低
2025-03,桃園,B,B級,中危害,許可證,許可資訊,工程作業分級、申請時間、核准工作時間、工作許可證編號,50,45,44,1,0,0,0,0.9778,2,低
2025-03,桃園,B,B級,中危害,施工地點,場地關係人,施工部門、轄區部門、監造部門,50,42,41,1,0,0,0,0.9762,2,低
2025-03,桃園,B,B級,中危害,包商,承攬商與人員資格,承攬商、工作人數、車輛車號、工地負責人、安衛人員、特殊作業主管,50,45,44,1,0,0,0,0.9778,2,低
2025-03,桃園,B,B級,中危害,危害等級,作業等級,施工地點、工程案號、工作內容、許可工作項目、作業分級,50,42,41,1,0,0,0,0.9762,2,低
2025-03,桃園,B,B級,中危害,危害等級,管線設備危害物,可燃性氣體、易燃液體、有害性氣體、化學藥劑、酸鹼、熱水蒸氣、空氣、其他,50,50,48,2,0,1,0,0.96,7,低
2025-03,桃園,B,B級,中危害,檢點與危害告知,簽發前安全檢點,是否安全檢點,50,44,43,1,0,0,0,0.9773,2,低
2025-03,桃園,B,B級,中危害,檢點與危害告知,危害告知,是否危害告知,50,45,44,1,0,0,0,0.9778,2,低
2025-03,桃園,B,B級,中危害,危害排除與隔離,環境危害排除,是否設備管線危害物排除,50,42,41,1,0,0,0,0.9762,2,低
2025-03,桃園,B,B級,中危害,危害排除與隔離,隔離管制,設備管線是否加盲加鎖掛牌,50,49,48,1,0,1,0,0.9796,5,低
2025-03,桃園,B,B級,中危害,環境測定,氣體偵測數值,可燃性氣體%、氧氣%、一氧化碳PPM、硫化氫PPM,50,48,46,2,1,1,0,0.9583,16,中
2025-03,桃園,B,B級,中危害,環境測定,測定基準,可燃性氣體 < 20%LEL；氧氣>= 18%；一氧化碳<50 PPM；硫化氫<10 PPM,50,48,46,2,1,1,0,0.9583,16,中
2025-03,桃園,B,B級,中危害,環境測定,測定頻率,上、下午施工前測定；A級或高風險作業需重複或連續測定；每小時/每兩小時紀錄表,50,44,42,2,1,1,0,0.9545,16,中
2025-03,桃園,B,B級,中危害,防火防爆,消防設備,是否有消防設備,50,46,44,2,1,0,0,0.9565,13,低
2025-03,桃園,B,B級,中危害,防火防爆,防爆安全工具,是否使用防爆電氣設備及安全工具,50,50,48,2,1,1,0,0.96,16,中
2025-03,桃園,B,B級,中危害,高處作業,防墜措施,設標準施工架、安全網、安全母索、安全帶,50,50,48,2,1,1,0,0.96,16,中
2025-03,桃園,B,B級,中危害,安全保護,個人防護具,是否有防護口罩、防毒面具、SCBA、防護手套、安全眼鏡、耳塞,50,46,45,1,0,0,0,0.9783,2,低
2025-03,桃園,B,B級,中危害,警戒巡查,警戒標示,是否有警戒標示,50,45,44,1,0,0,0,0.9778,2,低
2025-03,桃園,B,B級,中危害,警戒巡查,巡查會簽,是否轄區、監造、安衛人員或工地負責人巡查會簽,50,47,45,2,0,1,0,0.9574,7,低
2025-03,桃園,B,B級,中危害,收工回簽,回簽收工確認,是否回簽時確認環境已整理並完成防護措施,50,43,42,1,0,0,0,0.9767,2,低
2025-03,桃園,B,B級,中危害,收工回簽,一般安全規定,是否遵守工安規定,50,44,43,1,0,0,0,0.9773,2,低
2025-03,桃園,B,B級,中危害,收工回簽,現場紀錄,是否拍照,50,44,43,1,0,0,0,0.9773,2,低
2025-03,桃園,C,C級,低危害,廠區,基本資料,工廠、日期、時間,41,35,35,0,0,0,0,1.0,0,低
2025-03,桃園,C,C級,低危害,許可證,許可資訊,工程作業分級、申請時間、核准工作時間、工作許可證編號,41,35,34,1,0,0,0,0.9714,2,低
2025-03,桃園,C,C級,低危害,施工地點,場地關係人,施工部門、轄區部門、監造部門,41,34,33,1,0,0,0,0.9706,2,低
2025-03,桃園,C,C級,低危害,包商,承攬商與人員資格,承攬商、工作人數、車輛車號、工地負責人、安衛人員、特殊作業主管,41,37,36,1,0,0,0,0.973,2,低
2025-03,桃園,C,C級,低危害,危害等級,作業等級,施工地點、工程案號、工作內容、許可工作項目、作業分級,41,35,34,1,0,0,0,0.9714,2,低
2025-03,桃園,C,C級,低危害,危害等級,管線設備危害物,可燃性氣體、易燃液體、有害性氣體、化學藥劑、酸鹼、熱水蒸氣、空氣、其他,41,36,35,1,0,0,0,0.9722,2,低
2025-03,桃園,C,C級,低危害,檢點與危害告知,簽發前安全檢點,是否安全檢點,41,35,34,1,0,0,0,0.9714,2,低
2025-03,桃園,C,C級,低危害,檢點與危害告知,危害告知,是否危害告知,41,36,35,1,0,0,0,0.9722,2,低
2025-03,桃園,C,C級,低危害,危害排除與隔離,環境危害排除,是否設備管線危害物排除,41,35,34,1,0,0,0,0.9714,2,低
2025-03,桃園,C,C級,低危害,危害排除與隔離,隔離管制,設備管線是否加盲加鎖掛牌,41,34,33,1,0,0,0,0.9706,2,低
2025-03,桃園,C,C級,低危害,環境測定,氣體偵測數值,可燃性氣體%、氧氣%、一氧化碳PPM、硫化氫PPM,41,41,40,1,0,0,0,0.9756,2,低
2025-03,桃園,C,C級,低危害,環境測定,測定基準,可燃性氣體 < 20%LEL；氧氣>= 18%；一氧化碳<50 PPM；硫化氫<10 PPM,41,37,36,1,0,0,0,0.973,2,低
2025-03,桃園,C,C級,低危害,環境測定,測定頻率,上、下午施工前測定；A級或高風險作業需重複或連續測定；每小時/每兩小時紀錄表,41,34,33,1,0,0,0,0.9706,2,低
2025-03,桃園,C,C級,低危害,防火防爆,消防設備,是否有消防設備,41,37,36,1,0,0,0,0.973,2,低
2025-03,桃園,C,C級,低危害,防火防爆,防爆安全工具,是否使用防爆電氣設備及安全工具,41,34,33,1,0,0,0,0.9706,2,低
2025-03,桃園,C,C級,低危害,高處作業,防墜措施,設標準施工架、安全網、安全母索、安全帶,41,39,38,1,0,0,0,0.9744,2,低
2025-03,桃園,C,C級,低危害,安全保護,個人防護具,是否有防護口罩、防毒面具、SCBA、防護手套、安全眼鏡、耳塞,41,40,39,1,0,0,0,0.975,2,低
2025-03,桃園,C,C級,低危害,警戒巡查,警戒標示,是否有警戒標示,41,38,37,1,0,1,0,0.9737,5,低
2025-03,桃園,C,C級,低危害,警戒巡查,巡查會簽,是否轄區、監造、安衛人員或工地負責人巡查會簽,41,36,35,1,0,0,0,0.9722,2,低
2025-03,桃園,C,C級,低危害,收工回簽,回簽收工確認,是否回簽時確認環境已整理並完成防護措施,41,37,36,1,0,0,0,0.973,2,低
2025-03,桃園,C,C級,低危害,收工回簽,一般安全規定,是否遵守工安規定,41,34,33,1,0,0,0,0.9706,2,低
2025-03,桃園,C,C級,低危害,收工回簽,現場紀錄,是否拍照,41,38,37,1,0,0,0,0.9737,2,低
2025-04,桃園,A,A級,高危害,廠區,基本資料,工廠、日期、時間,26,22,22,0,0,0,0,1.0,0,低
2025-04,桃園,A,A級,高危害,許可證,許可資訊,工程作業分級、申請時間、核准工作時間、工作許可證編號,26,25,24,1,0,0,0,0.96,2,低
2025-04,桃園,A,A級,高危害,施工地點,場地關係人,施工部門、轄區部門、監造部門,26,26,25,1,0,0,0,0.9615,2,低
2025-04,桃園,A,A級,高危害,包商,承攬商與人員資格,承攬商、工作人數、車輛車號、工地負責人、安衛人員、特殊作業主管,26,24,23,1,0,1,0,0.9583,5,低
2025-04,桃園,A,A級,高危害,危害等級,作業等級,施工地點、工程案號、工作內容、許可工作項目、作業分級,26,23,22,1,0,0,0,0.9565,2,低
2025-04,桃園,A,A級,高危害,危害等級,管線設備危害物,可燃性氣體、易燃液體、有害性氣體、化學藥劑、酸鹼、熱水蒸氣、空氣、其他,26,24,23,1,0,0,0,0.9583,2,低
2025-04,桃園,A,A級,高危害,檢點與危害告知,簽發前安全檢點,是否安全檢點,26,22,21,1,0,0,0,0.9545,2,低
2025-04,桃園,A,A級,高危害,檢點與危害告知,危害告知,是否危害告知,26,24,23,1,0,0,0,0.9583,2,低
2025-04,桃園,A,A級,高危害,危害排除與隔離,環境危害排除,是否設備管線危害物排除,26,25,24,1,0,0,0,0.96,2,低
2025-04,桃園,A,A級,高危害,危害排除與隔離,隔離管制,設備管線是否加盲加鎖掛牌,26,25,24,1,0,0,0,0.96,2,低
2025-04,桃園,A,A級,高危害,環境測定,氣體偵測數值,可燃性氣體%、氧氣%、一氧化碳PPM、硫化氫PPM,26,25,23,2,1,1,0,0.92,16,中
2025-04,桃園,A,A級,高危害,環境測定,測定基準,可燃性氣體 < 20%LEL；氧氣>= 18%；一氧化碳<50 PPM；硫化氫<10 PPM,26,25,23,2,1,0,0,0.92,13,低
2025-04,桃園,A,A級,高危害,環境測定,測定頻率,上、下午施工前測定；A級或高風險作業需重複或連續測定；每小時/每兩小時紀錄表,26,23,22,1,0,0,0,0.9565,2,低
2025-04,桃園,A,A級,高危害,防火防爆,消防設備,是否有消防設備,26,23,22,1,0,0,0,0.9565,2,低
2025-04,桃園,A,A級,高危害,防火防爆,防爆安全工具,是否使用防爆電氣設備及安全工具,26,23,22,1,0,0,0,0.9565,2,低
2025-04,桃園,A,A級,高危害,高處作業,防墜措施,設標準施工架、安全網、安全母索、安全帶,26,23,22,1,0,0,0,0.9565,2,低
2025-04,桃園,A,A級,高危害,安全保護,個人防護具,是否有防護口罩、防毒面具、SCBA、防護手套、安全眼鏡、耳塞,26,23,22,1,0,0,0,0.9565,2,低
2025-04,桃園,A,A級,高危害,警戒巡查,警戒標示,是否有警戒標示,26,25,24,1,0,0,0,0.96,2,低
2025-04,桃園,A,A級,高危害,警戒巡查,巡查會簽,是否轄區、監造、安衛人員或工地負責人巡查會簽,26,25,24,1,0,0,0,0.96,2,低
2025-04,桃園,A,A級,高危害,收工回簽,回簽收工確認,是否回簽時確認環境已整理並完成防護措施,26,22,21,1,0,0,0,0.9545,2,低
2025-04,桃園,A,A級,高危害,收工回簽,一般安全規定,是否遵守工安規定,26,23,22,1,0,0,0,0.9565,2,低
2025-04,桃園,A,A級,高危害,收工回簽,現場紀錄,是否拍照,26,24,23,1,0,0,0,0.9583,2,低
2025-04,桃園,B,B級,中危害,廠區,基本資料,工廠、日期、時間,53,44,43,1,0,0,0,0.9773,2,低
2025-04,桃園,B,B級,中危害,許可證,許可資訊,工程作業分級、申請時間、核准工作時間、工作許可證編號,53,52,51,1,0,0,0,0.9808,2,低
2025-04,桃園,B,B級,中危害,施工地點,場地關係人,施工部門、轄區部門、監造部門,53,52,51,1,0,0,0,0.9808,2,低
2025-04,桃園,B,B級,中危害,包商,承攬商與人員資格,承攬商、工作人數、車輛車號、工地負責人、安衛人員、特殊作業主管,53,50,49,1,0,0,0,0.98,2,低
2025-04,桃園,B,B級,中危害,危害等級,作業等級,施工地點、工程案號、工作內容、許可工作項目、作業分級,53,47,46,1,0,0,0,0.9787,2,低
2025-04,桃園,B,B級,中危害,危害等級,管線設備危害物,可燃性氣體、易燃液體、有害性氣體、化學藥劑、酸鹼、熱水蒸氣、空氣、其他,53,52,50,2,0,1,0,0.9615,7,低
2025-04,桃園,B,B級,中危害,檢點與危害告知,簽發前安全檢點,是否安全檢點,53,48,47,1,0,0,0,0.9792,2,低
2025-04,桃園,B,B級,中危害,檢點與危害告知,危害告知,是否危害告知,53,49,47,2,0,1,0,0.9592,7,低
2025-04,桃園,B,B級,中危害,危害排除與隔離,環境危害排除,是否設備管線危害物排除,53,48,46,2,1,0,0,0.9583,13,低
2025-04,桃園,B,B級,中危害,危害排除與隔離,隔離管制,設備管線是否加盲加鎖掛牌,53,51,49,2,1,1,0,0.9608,16,中
2025-04,桃園,B,B級,中危害,環境測定,氣體偵測數值,可燃性氣體%、氧氣%、一氧化碳PPM、硫化氫PPM,53,46,44,2,1,1,0,0.9565,16,中
2025-04,桃園,B,B級,中危害,環境測定,測定基準,可燃性氣體 < 20%LEL；氧氣>= 18%；一氧化碳<50 PPM；硫化氫<10 PPM,53,45,43,2,1,0,0,0.9556,13,低
2025-04,桃園,B,B級,中危害,環境測定,測定頻率,上、下午施工前測定；A級或高風險作業需重複或連續測定；每小時/每兩小時紀錄表,53,44,42,2,1,1,0,0.9545,16,中
2025-04,桃園,B,B級,中危害,防火防爆,消防設備,是否有消防設備,53,51,49,2,1,1,0,0.9608,16,中
2025-04,桃園,B,B級,中危害,防火防爆,防爆安全工具,是否使用防爆電氣設備及安全工具,53,52,50,2,1,1,0,0.9615,16,中
2025-04,桃園,B,B級,中危害,高處作業,防墜措施,設標準施工架、安全網、安全母索、安全帶,53,50,48,2,1,1,0,0.96,16,中
2025-04,桃園,B,B級,中危害,安全保護,個人防護具,是否有防護口罩、防毒面具、SCBA、防護手套、安全眼鏡、耳塞,53,50,48,2,0,1,0,0.96,7,低
2025-04,桃園,B,B級,中危害,警戒巡查,警戒標示,是否有警戒標示,53,52,51,1,0,0,0,0.9808,2,低
2025-04,桃園,B,B級,中危害,警戒巡查,巡查會簽,是否轄區、監造、安衛人員或工地負責人巡查會簽,53,49,48,1,0,0,0,0.9796,2,低
2025-04,桃園,B,B級,中危害,收工回簽,回簽收工確認,是否回簽時確認環境已整理並完成防護措施,53,47,46,1,0,0,0,0.9787,2,低
2025-04,桃園,B,B級,中危害,收工回簽,一般安全規定,是否遵守工安規定,53,47,46,1,0,0,0,0.9787,2,低
2025-04,桃園,B,B級,中危害,收工回簽,現場紀錄,是否拍照,53,48,47,1,0,0,0,0.9792,2,低
2025-04,桃園,C,C級,低危害,廠區,基本資料,工廠、日期、時間,42,37,36,1,0,0,0,0.973,2,低
2025-04,桃園,C,C級,低危害,許可證,許可資訊,工程作業分級、申請時間、核准工作時間、工作許可證編號,42,37,36,1,0,0,0,0.973,2,低
2025-04,桃園,C,C級,低危害,施工地點,場地關係人,施工部門、轄區部門、監造部門,42,35,34,1,0,0,0,0.9714,2,低
2025-04,桃園,C,C級,低危害,包商,承攬商與人員資格,承攬商、工作人數、車輛車號、工地負責人、安衛人員、特殊作業主管,42,37,36,1,0,0,0,0.973,2,低
2025-04,桃園,C,C級,低危害,危害等級,作業等級,施工地點、工程案號、工作內容、許可工作項目、作業分級,42,42,41,1,0,0,0,0.9762,2,低
2025-04,桃園,C,C級,低危害,危害等級,管線設備危害物,可燃性氣體、易燃液體、有害性氣體、化學藥劑、酸鹼、熱水蒸氣、空氣、其他,42,41,40,1,0,0,0,0.9756,2,低
2025-04,桃園,C,C級,低危害,檢點與危害告知,簽發前安全檢點,是否安全檢點,42,36,35,1,0,0,0,0.9722,2,低
2025-04,桃園,C,C級,低危害,檢點與危害告知,危害告知,是否危害告知,42,41,40,1,0,0,0,0.9756,2,低
2025-04,桃園,C,C級,低危害,危害排除與隔離,環境危害排除,是否設備管線危害物排除,42,39,38,1,0,0,0,0.9744,2,低
2025-04,桃園,C,C級,低危害,危害排除與隔離,隔離管制,設備管線是否加盲加鎖掛牌,42,38,37,1,0,0,0,0.9737,2,低
2025-04,桃園,C,C級,低危害,環境測定,氣體偵測數值,可燃性氣體%、氧氣%、一氧化碳PPM、硫化氫PPM,42,36,35,1,0,0,0,0.9722,2,低
2025-04,桃園,C,C級,低危害,環境測定,測定基準,可燃性氣體 < 20%LEL；氧氣>= 18%；一氧化碳<50 PPM；硫化氫<10 PPM,42,36,35,1,0,1,0,0.9722,5,低
2025-04,桃園,C,C級,低危害,環境測定,測定頻率,上、下午施工前測定；A級或高風險作業需重複或連續測定；每小時/每兩小時紀錄表,42,35,34,1,0,0,0,0.9714,2,低
2025-04,桃園,C,C級,低危害,防火防爆,消防設備,是否有消防設備,42,40,39,1,0,0,0,0.975,2,低
2025-04,桃園,C,C級,低危害,防火防爆,防爆安全工具,是否使用防爆電氣設備及安全工具,42,35,34,1,0,0,0,0.9714,2,低
2025-04,桃園,C,C級,低危害,高處作業,防墜措施,設標準施工架、安全網、安全母索、安全帶,42,40,39,1,0,0,0,0.975,2,低
2025-04,桃園,C,C級,低危害,安全保護,個人防護具,是否有防護口罩、防毒面具、SCBA、防護手套、安全眼鏡、耳塞,42,35,34,1,0,0,0,0.9714,2,低
2025-04,桃園,C,C級,低危害,警戒巡查,警戒標示,是否有警戒標示,42,40,39,1,0,0,0,0.975,2,低
2025-04,桃園,C,C級,低危害,警戒巡查,巡查會簽,是否轄區、監造、安衛人員或工地負責人巡查會簽,42,40,39,1,0,0,0,0.975,2,低
2025-04,桃園,C,C級,低危害,收工回簽,回簽收工確認,是否回簽時確認環境已整理並完成防護措施,42,39,38,1,0,0,0,0.9744,2,低
2025-04,桃園,C,C級,低危害,收工回簽,一般安全規定,是否遵守工安規定,42,38,37,1,0,0,0,0.9737,2,低
2025-04,桃園,C,C級,低危害,收工回簽,現場紀錄,是否拍照,42,41,40,1,0,0,0,0.9756,2,低
2025-05,桃園,A,A級,高危害,廠區,基本資料,工廠、日期、時間,21,18,18,0,0,0,0,1.0,0,低
2025-05,桃園,A,A級,高危害,許可證,許可資訊,工程作業分級、申請時間、核准工作時間、工作許可證編號,21,20,20,0,0,0,0,1.0,0,低
2025-05,桃園,A,A級,高危害,施工地點,場地關係人,施工部門、轄區部門、監造部門,21,17,16,1,0,0,0,0.9412,2,低
2025-05,桃園,A,A級,高危害,包商,承攬商與人員資格,承攬商、工作人數、車輛車號、工地負責人、安衛人員、特殊作業主管,21,20,19,1,0,0,0,0.95,2,低
2025-05,桃園,A,A級,高危害,危害等級,作業等級,施工地點、工程案號、工作內容、許可工作項目、作業分級,21,20,19,1,0,0,0,0.95,2,低
2025-05,桃園,A,A級,高危害,危害等級,管線設備危害物,可燃性氣體、易燃液體、有害性氣體、化學藥劑、酸鹼、熱水蒸氣、空氣、其他,21,20,19,1,0,0,0,0.95,2,低
2025-05,桃園,A,A級,高危害,檢點與危害告知,簽發前安全檢點,是否安全檢點,21,19,18,1,0,0,0,0.9474,2,低
2025-05,桃園,A,A級,高危害,檢點與危害告知,危害告知,是否危害告知,21,21,20,1,0,0,0,0.9524,2,低
2025-05,桃園,A,A級,高危害,危害排除與隔離,環境危害排除,是否設備管線危害物排除,21,20,19,1,0,0,0,0.95,2,低
2025-05,桃園,A,A級,高危害,危害排除與隔離,隔離管制,設備管線是否加盲加鎖掛牌,21,21,20,1,0,0,0,0.9524,2,低
2025-05,桃園,A,A級,高危害,環境測定,氣體偵測數值,可燃性氣體%、氧氣%、一氧化碳PPM、硫化氫PPM,21,21,20,1,0,0,0,0.9524,2,低
2025-05,桃園,A,A級,高危害,環境測定,測定基準,可燃性氣體 < 20%LEL；氧氣>= 18%；一氧化碳<50 PPM；硫化氫<10 PPM,21,18,17,1,0,0,0,0.9444,2,低
2025-05,桃園,A,A級,高危害,環境測定,測定頻率,上、下午施工前測定；A級或高風險作業需重複或連續測定；每小時/每兩小時紀錄表,21,19,18,1,0,0,0,0.9474,2,低
2025-05,桃園,A,A級,高危害,防火防爆,消防設備,是否有消防設備,21,20,19,1,0,0,0,0.95,2,低
2025-05,桃園,A,A級,高危害,防火防爆,防爆安全工具,是否使用防爆電氣設備及安全工具,21,18,17,1,0,0,0,0.9444,2,低
2025-05,桃園,A,A級,高危害,高處作業,防墜措施,設標準施工架、安全網、安全母索、安全帶,21,19,18,1,0,0,0,0.9474,2,低
2025-05,桃園,A,A級,高危害,安全保護,個人防護具,是否有防護口罩、防毒面具、SCBA、防護手套、安全眼鏡、耳塞,21,20,19,1,0,0,0,0.95,2,低
2025-05,桃園,A,A級,高危害,警戒巡查,警戒標示,是否有警戒標示,21,20,19,1,0,0,0,0.95,2,低
2025-05,桃園,A,A級,高危害,警戒巡查,巡查會簽,是否轄區、監造、安衛人員或工地負責人巡查會簽,21,20,19,1,0,0,0,0.95,2,低
2025-05,桃園,A,A級,高危害,收工回簽,回簽收工確認,是否回簽時確認環境已整理並完成防護措施,21,21,20,1,0,0,0,0.9524,2,低
2025-05,桃園,A,A級,高危害,收工回簽,一般安全規定,是否遵守工安規定,21,21,20,1,0,0,0,0.9524,2,低
2025-05,桃園,A,A級,高危害,收工回簽,現場紀錄,是否拍照,21,18,17,1,0,0,0,0.9444,2,低
2025-05,桃園,B,B級,中危害,廠區,基本資料,工廠、日期、時間,52,47,46,1,0,0,0,0.9787,2,低
2025-05,桃園,B,B級,中危害,許可證,許可資訊,工程作業分級、申請時間、核准工作時間、工作許可證編號,52,51,50,1,0,0,0,0.9804,2,低
2025-05,桃園,B,B級,中危害,施工地點,場地關係人,施工部門、轄區部門、監造部門,52,46,45,1,0,0,0,0.9783,2,低
2025-05,桃園,B,B級,中危害,包商,承攬商與人員資格,承攬商、工作人數、車輛車號、工地負責人、安衛人員、特殊作業主管,52,51,49,2,0,1,0,0.9608,7,低
2025-05,桃園,B,B級,中危害,危害等級,作業等級,施工地點、工程案號、工作內容、許可工作項目、作業分級,52,50,48,2,0,0,0,0.96,4,低
2025-05,桃園,B,B級,中危害,危害等級,管線設備危害物,可燃性氣體、易燃液體、有害性氣體、化學藥劑、酸鹼、熱水蒸氣、空氣、其他,52,46,44,2,0,1,0,0.9565,7,低
2025-05,桃園,B,B級,中危害,檢點與危害告知,簽發前安全檢點,是否安全檢點,52,50,48,2,0,1,0,0.96,7,低
2025-05,桃園,B,B級,中危害,檢點與危害告知,危害告知,是否危害告知,52,50,49,1,0,0,0,0.98,2,低
2025-05,桃園,B,B級,中危害,危害排除與隔離,環境危害排除,是否設備管線危害物排除,52,49,47,2,1,0,0,0.9592,13,低
2025-05,桃園,B,B級,中危害,危害排除與隔離,隔離管制,設備管線是否加盲加鎖掛牌,52,43,41,2,1,1,0,0.9535,16,中
2025-05,桃園,B,B級,中危害,環境測定,氣體偵測數值,可燃性氣體%、氧氣%、一氧化碳PPM、硫化氫PPM,52,50,48,2,1,1,0,0.96,16,中
2025-05,桃園,B,B級,中危害,環境測定,測定基準,可燃性氣體 < 20%LEL；氧氣>= 18%；一氧化碳<50 PPM；硫化氫<10 PPM,52,44,42,2,1,1,0,0.9545,16,中
2025-05,桃園,B,B級,中危害,環境測定,測定頻率,上、下午施工前測定；A級或高風險作業需重複或連續測定；每小時/每兩小時紀錄表,52,51,49,2,1,1,0,0.9608,16,中
2025-05,桃園,B,B級,中危害,防火防爆,消防設備,是否有消防設備,52,44,43,1,0,0,0,0.9773,2,低
2025-05,桃園,B,B級,中危害,防火防爆,防爆安全工具,是否使用防爆電氣設備及安全工具,52,45,44,1,0,0,0,0.9778,2,低
2025-05,桃園,B,B級,中危害,高處作業,防墜措施,設標準施工架、安全網、安全母索、安全帶,52,45,43,2,1,1,0,0.9556,16,中
2025-05,桃園,B,B級,中危害,安全保護,個人防護具,是否有防護口罩、防毒面具、SCBA、防護手套、安全眼鏡、耳塞,52,50,49,1,0,0,0,0.98,2,低
2025-05,桃園,B,B級,中危害,警戒巡查,警戒標示,是否有警戒標示,52,48,47,1,0,0,0,0.9792,2,低
2025-05,桃園,B,B級,中危害,警戒巡查,巡查會簽,是否轄區、監造、安衛人員或工地負責人巡查會簽,52,48,47,1,0,0,0,0.9792,2,低
2025-05,桃園,B,B級,中危害,收工回簽,回簽收工確認,是否回簽時確認環境已整理並完成防護措施,52,50,49,1,0,1,0,0.98,5,低
2025-05,桃園,B,B級,中危害,收工回簽,一般安全規定,是否遵守工安規定,52,49,47,2,0,1,0,0.9592,7,低
2025-05,桃園,B,B級,中危害,收工回簽,現場紀錄,是否拍照,52,48,47,1,0,0,0,0.9792,2,低
2025-05,桃園,C,C級,低危害,廠區,基本資料,工廠、日期、時間,39,37,36,1,0,1,0,0.973,5,低
2025-05,桃園,C,C級,低危害,許可證,許可資訊,工程作業分級、申請時間、核准工作時間、工作許可證編號,39,35,34,1,0,0,0,0.9714,2,低
2025-05,桃園,C,C級,低危害,施工地點,場地關係人,施工部門、轄區部門、監造部門,39,37,36,1,0,1,0,0.973,5,低
2025-05,桃園,C,C級,低危害,包商,承攬商與人員資格,承攬商、工作人數、車輛車號、工地負責人、安衛人員、特殊作業主管,39,33,32,1,0,0,0,0.9697,2,低
2025-05,桃園,C,C級,低危害,危害等級,作業等級,施工地點、工程案號、工作內容、許可工作項目、作業分級,39,34,33,1,0,0,0,0.9706,2,低
2025-05,桃園,C,C級,低危害,危害等級,管線設備危害物,可燃性氣體、易燃液體、有害性氣體、化學藥劑、酸鹼、熱水蒸氣、空氣、其他,39,35,34,1,0,0,0,0.9714,2,低
2025-05,桃園,C,C級,低危害,檢點與危害告知,簽發前安全檢點,是否安全檢點,39,35,34,1,0,0,0,0.9714,2,低
2025-05,桃園,C,C級,低危害,檢點與危害告知,危害告知,是否危害告知,39,37,36,1,0,0,0,0.973,2,低
2025-05,桃園,C,C級,低危害,危害排除與隔離,環境危害排除,是否設備管線危害物排除,39,37,36,1,0,0,0,0.973,2,低
2025-05,桃園,C,C級,低危害,危害排除與隔離,隔離管制,設備管線是否加盲加鎖掛牌,39,36,35,1,0,0,0,0.9722,2,低
2025-05,桃園,C,C級,低危害,環境測定,氣體偵測數值,可燃性氣體%、氧氣%、一氧化碳PPM、硫化氫PPM,39,35,34,1,0,0,0,0.9714,2,低
2025-05,桃園,C,C級,低危害,環境測定,測定基準,可燃性氣體 < 20%LEL；氧氣>= 18%；一氧化碳<50 PPM；硫化氫<10 PPM,39,34,33,1,0,0,0,0.9706,2,低
2025-05,桃園,C,C級,低危害,環境測定,測定頻率,上、下午施工前測定；A級或高風險作業需重複或連續測定；每小時/每兩小時紀錄表,39,35,34,1,0,0,0,0.9714,2,低
2025-05,桃園,C,C級,低危害,防火防爆,消防設備,是否有消防設備,39,37,36,1,0,0,0,0.973,2,低
2025-05,桃園,C,C級,低危害,防火防爆,防爆安全工具,是否使用防爆電氣設備及安全工具,39,38,37,1,0,0,0,0.9737,2,低
2025-05,桃園,C,C級,低危害,高處作業,防墜措施,設標準施工架、安全網、安全母索、安全帶,39,35,34,1,0,0,0,0.9714,2,低
2025-05,桃園,C,C級,低危害,安全保護,個人防護具,是否有防護口罩、防毒面具、SCBA、防護手套、安全眼鏡、耳塞,39,34,33,1,0,0,0,0.9706,2,低
2025-05,桃園,C,C級,低危害,警戒巡查,警戒標示,是否有警戒標示,39,33,32,1,0,0,0,0.9697,2,低
2025-05,桃園,C,C級,低危害,警戒巡查,巡查會簽,是否轄區、監造、安衛人員或工地負責人巡查會簽,39,36,35,1,0,0,0,0.9722,2,低
2025-05,桃園,C,C級,低危害,收工回簽,回簽收工確認,是否回簽時確認環境已整理並完成防護措施,39,34,33,1,0,1,0,0.9706,5,低
2025-05,桃園,C,C級,低危害,收工回簽,一般安全規定,是否遵守工安規定,39,34,33,1,0,0,0,0.9706,2,低
2025-05,桃園,C,C級,低危害,收工回簽,現場紀錄,是否拍照,39,38,37,1,0,0,0,0.9737,2,低
2025-06,桃園,A,A級,高危害,廠區,基本資料,工廠、日期、時間,25,24,23,1,0,0,0,0.9583,2,低
2025-06,桃園,A,A級,高危害,許可證,許可資訊,工程作業分級、申請時間、核准工作時間、工作許可證編號,25,22,21,1,0,0,0,0.9545,2,低
2025-06,桃園,A,A級,高危害,施工地點,場地關係人,施工部門、轄區部門、監造部門,25,22,21,1,0,0,0,0.9545,2,低
2025-06,桃園,A,A級,高危害,包商,承攬商與人員資格,承攬商、工作人數、車輛車號、工地負責人、安衛人員、特殊作業主管,25,21,20,1,0,0,0,0.9524,2,低
2025-06,桃園,A,A級,高危害,危害等級,作業等級,施工地點、工程案號、工作內容、許可工作項目、作業分級,25,23,22,1,0,0,0,0.9565,2,低
2025-06,桃園,A,A級,高危害,危害等級,管線設備危害物,可燃性氣體、易燃液體、有害性氣體、化學藥劑、酸鹼、熱水蒸氣、空氣、其他,25,21,20,1,0,1,0,0.9524,5,低
2025-06,桃園,A,A級,高危害,檢點與危害告知,簽發前安全檢點,是否安全檢點,25,22,21,1,0,0,0,0.9545,2,低
2025-06,桃園,A,A級,高危害,檢點與危害告知,危害告知,是否危害告知,25,24,23,1,0,0,0,0.9583,2,低
2025-06,桃園,A,A級,高危害,危害排除與隔離,環境危害排除,是否設備管線危害物排除,25,21,20,1,0,0,0,0.9524,2,低
2025-06,桃園,A,A級,高危害,危害排除與隔離,隔離管制,設備管線是否加盲加鎖掛牌,25,23,22,1,0,0,0,0.9565,2,低
2025-06,桃園,A,A級,高危害,環境測定,氣體偵測數值,可燃性氣體%、氧氣%、一氧化碳PPM、硫化氫PPM,25,25,23,2,1,1,0,0.92,16,中
2025-06,桃園,A,A級,高危害,環境測定,測定基準,可燃性氣體 < 20%LEL；氧氣>= 18%；一氧化碳<50 PPM；硫化氫<10 PPM,25,25,23,2,1,1,0,0.92,16,中
2025-06,桃園,A,A級,高危害,環境測定,測定頻率,上、下午施工前測定；A級或高風險作業需重複或連續測定；每小時/每兩小時紀錄表,25,24,23,1,0,0,0,0.9583,2,低
2025-06,桃園,A,A級,高危害,防火防爆,消防設備,是否有消防設備,25,21,20,1,0,0,0,0.9524,2,低
2025-06,桃園,A,A級,高危害,防火防爆,防爆安全工具,是否使用防爆電氣設備及安全工具,25,24,23,1,0,0,0,0.9583,2,低
2025-06,桃園,A,A級,高危害,高處作業,防墜措施,設標準施工架、安全網、安全母索、安全帶,25,22,21,1,0,0,0,0.9545,2,低
2025-06,桃園,A,A級,高危害,安全保護,個人防護具,是否有防護口罩、防毒面具、SCBA、防護手套、安全眼鏡、耳塞,25,21,20,1,0,0,0,0.9524,2,低
2025-06,桃園,A,A級,高危害,警戒巡查,警戒標示,是否有警戒標示,25,21,20,1,0,1,0,0.9524,5,低
2025-06,桃園,A,A級,高危害,警戒巡查,巡查會簽,是否轄區、監造、安衛人員或工地負責人巡查會簽,25,24,23,1,0,0,0,0.9583,2,低
2025-06,桃園,A,A級,高危害,收工回簽,回簽收工確認,是否回簽時確認環境已整理並完成防護措施,25,22,21,1,0,0,0,0.9545,2,低
2025-06,桃園,A,A級,高危害,收工回簽,一般安全規定,是否遵守工安規定,25,22,21,1,0,0,0,0.9545,2,低
2025-06,桃園,A,A級,高危害,收工回簽,現場紀錄,是否拍照,25,22,21,1,0,0,0,0.9545,2,低
2025-06,桃園,B,B級,中危害,廠區,基本資料,工廠、日期、時間,49,41,40,1,0,0,0,0.9756,2,低
2025-06,桃園,B,B級,中危害,許可證,許可資訊,工程作業分級、申請時間、核准工作時間、工作許可證編號,49,41,40,1,0,0,0,0.9756,2,低
2025-06,桃園,B,B級,中危害,施工地點,場地關係人,施工部門、轄區部門、監造部門,49,47,46,1,0,0,0,0.9787,2,低
2025-06,桃園,B,B級,中危害,包商,承攬商與人員資格,承攬商、工作人數、車輛車號、工地負責人、安衛人員、特殊作業主管,49,41,40,1,0,1,0,0.9756,5,低
2025-06,桃園,B,B級,中危害,危害等級,作業等級,施工地點、工程案號、工作內容、許可工作項目、作業分級,49,48,46,2,0,1,0,0.9583,7,低
2025-06,桃園,B,B級,中危害,危害等級,管線設備危害物,可燃性氣體、易燃液體、有害性氣體、化學藥劑、酸鹼、熱水蒸氣、空氣、其他,49,48,47,1,0,0,0,0.9792,2,低
2025-06,桃園,B,B級,中危害,檢點與危害告知,簽發前安全檢點,是否安全檢點,49,48,47,1,0,0,0,0.9792,2,低
2025-06,桃園,B,B級,中危害,檢點與危害告知,危害告知,是否危害告知,49,44,43,1,0,0,0,0.9773,2,低
2025-06,桃園,B,B級,中危害,危害排除與隔離,環境危害排除,是否設備管線危害物排除,49,42,40,2,1,1,0,0.9524,16,中
2025-06,桃園,B,B級,中危害,危害排除與隔離,隔離管制,設備管線是否加盲加鎖掛牌,49,48,46,2,1,1,0,0.9583,16,中
2025-06,桃園,B,B級,中危害,環境測定,氣體偵測數值,可燃性氣體%、氧氣%、一氧化碳PPM、硫化氫PPM,49,44,42,2,1,1,0,0.9545,16,中
2025-06,桃園,B,B級,中危害,環境測定,測定基準,可燃性氣體 < 20%LEL；氧氣>= 18%；一氧化碳<50 PPM；硫化氫<10 PPM,49,41,39,2,1,1,0,0.9512,16,中
2025-06,桃園,B,B級,中危害,環境測定,測定頻率,上、下午施工前測定；A級或高風險作業需重複或連續測定；每小時/每兩小時紀錄表,49,43,42,1,0,0,0,0.9767,2,低
2025-06,桃園,B,B級,中危害,防火防爆,消防設備,是否有消防設備,49,48,46,2,1,1,0,0.9583,16,中
2025-06,桃園,B,B級,中危害,防火防爆,防爆安全工具,是否使用防爆電氣設備及安全工具,49,45,43,2,1,1,0,0.9556,16,中
2025-06,桃園,B,B級,中危害,高處作業,防墜措施,設標準施工架、安全網、安全母索、安全帶,49,49,47,2,1,1,0,0.9592,16,中
2025-06,桃園,B,B級,中危害,安全保護,個人防護具,是否有防護口罩、防毒面具、SCBA、防護手套、安全眼鏡、耳塞,49,46,45,1,0,0,0,0.9783,2,低
2025-06,桃園,B,B級,中危害,警戒巡查,警戒標示,是否有警戒標示,49,40,39,1,0,0,0,0.975,2,低
2025-06,桃園,B,B級,中危害,警戒巡查,巡查會簽,是否轄區、監造、安衛人員或工地負責人巡查會簽,49,49,48,1,0,0,0,0.9796,2,低
2025-06,桃園,B,B級,中危害,收工回簽,回簽收工確認,是否回簽時確認環境已整理並完成防護措施,49,46,45,1,0,0,0,0.9783,2,低
2025-06,桃園,B,B級,中危害,收工回簽,一般安全規定,是否遵守工安規定,49,44,43,1,0,0,0,0.9773,2,低
2025-06,桃園,B,B級,中危害,收工回簽,現場紀錄,是否拍照,49,43,42,1,0,0,0,0.9767,2,低
2025-06,桃園,C,C級,低危害,廠區,基本資料,工廠、日期、時間,38,31,30,1,0,1,0,0.9677,5,低
2025-06,桃園,C,C級,低危害,許可證,許可資訊,工程作業分級、申請時間、核准工作時間、工作許可證編號,38,34,33,1,0,0,0,0.9706,2,低
2025-06,桃園,C,C級,低危害,施工地點,場地關係人,施工部門、轄區部門、監造部門,38,34,33,1,0,0,0,0.9706,2,低
2025-06,桃園,C,C級,低危害,包商,承攬商與人員資格,承攬商、工作人數、車輛車號、工地負責人、安衛人員、特殊作業主管,38,33,32,1,0,0,0,0.9697,2,低
2025-06,桃園,C,C級,低危害,危害等級,作業等級,施工地點、工程案號、工作內容、許可工作項目、作業分級,38,36,35,1,0,0,0,0.9722,2,低
2025-06,桃園,C,C級,低危害,危害等級,管線設備危害物,可燃性氣體、易燃液體、有害性氣體、化學藥劑、酸鹼、熱水蒸氣、空氣、其他,38,33,32,1,0,0,0,0.9697,2,低
2025-06,桃園,C,C級,低危害,檢點與危害告知,簽發前安全檢點,是否安全檢點,38,38,37,1,0,0,0,0.9737,2,低
2025-06,桃園,C,C級,低危害,檢點與危害告知,危害告知,是否危害告知,38,34,33,1,0,0,0,0.9706,2,低
2025-06,桃園,C,C級,低危害,危害排除與隔離,環境危害排除,是否設備管線危害物排除,38,35,34,1,0,0,0,0.9714,2,低
2025-06,桃園,C,C級,低危害,危害排除與隔離,隔離管制,設備管線是否加盲加鎖掛牌,38,36,35,1,0,0,0,0.9722,2,低
2025-06,桃園,C,C級,低危害,環境測定,氣體偵測數值,可燃性氣體%、氧氣%、一氧化碳PPM、硫化氫PPM,38,36,35,1,0,0,0,0.9722,2,低
2025-06,桃園,C,C級,低危害,環境測定,測定基準,可燃性氣體 < 20%LEL；氧氣>= 18%；一氧化碳<50 PPM；硫化氫<10 PPM,38,37,36,1,0,0,0,0.973,2,低
2025-06,桃園,C,C級,低危害,環境測定,測定頻率,上、下午施工前測定；A級或高風險作業需重複或連續測定；每小時/每兩小時紀錄表,38,36,35,1,0,0,0,0.9722,2,低
2025-06,桃園,C,C級,低危害,防火防爆,消防設備,是否有消防設備,38,31,30,1,0,0,0,0.9677,2,低
2025-06,桃園,C,C級,低危害,防火防爆,防爆安全工具,是否使用防爆電氣設備及安全工具,38,36,35,1,0,0,0,0.9722,2,低
2025-06,桃園,C,C級,低危害,高處作業,防墜措施,設標準施工架、安全網、安全母索、安全帶,38,32,31,1,0,0,0,0.9688,2,低
2025-06,桃園,C,C級,低危害,安全保護,個人防護具,是否有防護口罩、防毒面具、SCBA、防護手套、安全眼鏡、耳塞,38,34,33,1,0,0,0,0.9706,2,低
2025-06,桃園,C,C級,低危害,警戒巡查,警戒標示,是否有警戒標示,38,34,33,1,0,0,0,0.9706,2,低
2025-06,桃園,C,C級,低危害,警戒巡查,巡查會簽,是否轄區、監造、安衛人員或工地負責人巡查會簽,38,38,37,1,0,0,0,0.9737,2,低
2025-06,桃園,C,C級,低危害,收工回簽,回簽收工確認,是否回簽時確認環境已整理並完成防護措施,38,34,33,1,0,0,0,0.9706,2,低
2025-06,桃園,C,C級,低危害,收工回簽,一般安全規定,是否遵守工安規定,38,36,35,1,0,0,0,0.9722,2,低
2025-06,桃園,C,C級,低危害,收工回簽,現場紀錄,是否拍照,38,32,31,1,0,0,0,0.9688,2,低
2025-07,桃園,A,A級,高危害,廠區,基本資料,工廠、日期、時間,21,20,20,0,0,0,0,1.0,0,低
2025-07,桃園,A,A級,高危害,許可證,許可資訊,工程作業分級、申請時間、核准工作時間、工作許可證編號,21,18,17,1,0,0,0,0.9444,2,低
2025-07,桃園,A,A級,高危害,施工地點,場地關係人,施工部門、轄區部門、監造部門,21,19,18,1,0,0,0,0.9474,2,低
2025-07,桃園,A,A級,高危害,包商,承攬商與人員資格,承攬商、工作人數、車輛車號、工地負責人、安衛人員、特殊作業主管,21,19,18,1,0,0,0,0.9474,2,低
2025-07,桃園,A,A級,高危害,危害等級,作業等級,施工地點、工程案號、工作內容、許可工作項目、作業分級,21,21,20,1,0,0,0,0.9524,2,低
2025-07,桃園,A,A級,高危害,危害等級,管線設備危害物,可燃性氣體、易燃液體、有害性氣體、化學藥劑、酸鹼、熱水蒸氣、空氣、其他,21,19,18,1,0,0,0,0.9474,2,低
2025-07,桃園,A,A級,高危害,檢點與危害告知,簽發前安全檢點,是否安全檢點,21,20,19,1,0,0,0,0.95,2,低
2025-07,桃園,A,A級,高危害,檢點與危害告知,危害告知,是否危害告知,21,18,17,1,0,0,0,0.9444,2,低
2025-07,桃園,A,A級,高危害,危害排除與隔離,環境危害排除,是否設備管線危害物排除,21,20,19,1,0,0,0,0.95,2,低
2025-07,桃園,A,A級,高危害,危害排除與隔離,隔離管制,設備管線是否加盲加鎖掛牌,21,19,18,1,0,0,0,0.9474,2,低
2025-07,桃園,A,A級,高危害,環境測定,氣體偵測數值,可燃性氣體%、氧氣%、一氧化碳PPM、硫化氫PPM,21,20,19,1,0,0,0,0.95,2,低
2025-07,桃園,A,A級,高危害,環境測定,測定基準,可燃性氣體 < 20%LEL；氧氣>= 18%；一氧化碳<50 PPM；硫化氫<10 PPM,21,19,18,1,0,0,0,0.9474,2,低
2025-07,桃園,A,A級,高危害,環境測定,測定頻率,上、下午施工前測定；A級或高風險作業需重複或連續測定；每小時/每兩小時紀錄表,21,20,19,1,0,0,0,0.95,2,低
2025-07,桃園,A,A級,高危害,防火防爆,消防設備,是否有消防設備,21,19,18,1,0,0,0,0.9474,2,低
2025-07,桃園,A,A級,高危害,防火防爆,防爆安全工具,是否使用防爆電氣設備及安全工具,21,18,17,1,0,0,0,0.9444,2,低
2025-07,桃園,A,A級,高危害,高處作業,防墜措施,設標準施工架、安全網、安全母索、安全帶,21,18,17,1,0,0,0,0.9444,2,低
2025-07,桃園,A,A級,高危害,安全保護,個人防護具,是否有防護口罩、防毒面具、SCBA、防護手套、安全眼鏡、耳塞,21,18,17,1,0,0,0,0.9444,2,低
2025-07,桃園,A,A級,高危害,警戒巡查,警戒標示,是否有警戒標示,21,18,17,1,0,0,0,0.9444,2,低
2025-07,桃園,A,A級,高危害,警戒巡查,巡查會簽,是否轄區、監造、安衛人員或工地負責人巡查會簽,21,20,19,1,0,0,0,0.95,2,低
2025-07,桃園,A,A級,高危害,收工回簽,回簽收工確認,是否回簽時確認環境已整理並完成防護措施,21,17,17,0,0,0,0,1.0,0,低
2025-07,桃園,A,A級,高危害,收工回簽,一般安全規定,是否遵守工安規定,21,21,20,1,0,0,0,0.9524,2,低
2025-07,桃園,A,A級,高危害,收工回簽,現場紀錄,是否拍照,21,20,19,1,0,0,0,0.95,2,低
2025-07,桃園,B,B級,中危害,廠區,基本資料,工廠、日期、時間,44,39,38,1,0,0,0,0.9744,2,低
2025-07,桃園,B,B級,中危害,許可證,許可資訊,工程作業分級、申請時間、核准工作時間、工作許可證編號,44,38,37,1,0,0,0,0.9737,2,低
2025-07,桃園,B,B級,中危害,施工地點,場地關係人,施工部門、轄區部門、監造部門,44,38,37,1,0,0,0,0.9737,2,低
2025-07,桃園,B,B級,中危害,包商,承攬商與人員資格,承攬商、工作人數、車輛車號、工地負責人、安衛人員、特殊作業主管,44,41,40,1,0,0,0,0.9756,2,低
2025-07,桃園,B,B級,中危害,危害等級,作業等級,施工地點、工程案號、工作內容、許可工作項目、作業分級,44,38,37,1,0,0,0,0.9737,2,低
2025-07,桃園,B,B級,中危害,危害等級,管線設備危害物,可燃性氣體、易燃液體、有害性氣體、化學藥劑、酸鹼、熱水蒸氣、空氣、其他,44,41,39,2,0,1,0,0.9512,7,低
2025-07,桃園,B,B級,中危害,檢點與危害告知,簽發前安全檢點,是否安全檢點,44,38,37,1,0,0,0,0.9737,2,低
2025-07,桃園,B,B級,中危害,檢點與危害告知,危害告知,是否危害告知,44,43,42,1,0,0,0,0.9767,2,低
2025-07,桃園,B,B級,中危害,危害排除與隔離,環境危害排除,是否設備管線危害物排除,44,39,38,1,0,1,0,0.9744,5,低
2025-07,桃園,B,B級,中危害,危害排除與隔離,隔離管制,設備管線是否加盲加鎖掛牌,44,38,37,1,0,0,0,0.9737,2,低
2025-07,桃園,B,B級,中危害,環境測定,氣體偵測數值,可燃性氣體%、氧氣%、一氧化碳PPM、硫化氫PPM,44,43,41,2,1,1,0,0.9535,16,中
2025-07,桃園,B,B級,中危害,環境測定,測定基準,可燃性氣體 < 20%LEL；氧氣>= 18%；一氧化碳<50 PPM；硫化氫<10 PPM,44,37,36,1,0,0,0,0.973,2,低
2025-07,桃園,B,B級,中危害,環境測定,測定頻率,上、下午施工前測定；A級或高風險作業需重複或連續測定；每小時/每兩小時紀錄表,44,38,37,1,0,0,0,0.9737,2,低
2025-07,桃園,B,B級,中危害,防火防爆,消防設備,是否有消防設備,44,39,37,2,1,1,0,0.9487,16,中
2025-07,桃園,B,B級,中危害,防火防爆,防爆安全工具,是否使用防爆電氣設備及安全工具,44,41,40,1,0,0,0,0.9756,2,低
2025-07,桃園,B,B級,中危害,高處作業,防墜措施,設標準施工架、安全網、安全母索、安全帶,44,42,41,1,0,0,0,0.9762,2,低
2025-07,桃園,B,B級,中危害,安全保護,個人防護具,是否有防護口罩、防毒面具、SCBA、防護手套、安全眼鏡、耳塞,44,42,41,1,0,0,0,0.9762,2,低
2025-07,桃園,B,B級,中危害,警戒巡查,警戒標示,是否有警戒標示,44,40,39,1,0,0,0,0.975,2,低
2025-07,桃園,B,B級,中危害,警戒巡查,巡查會簽,是否轄區、監造、安衛人員或工地負責人巡查會簽,44,43,42,1,0,0,0,0.9767,2,低
2025-07,桃園,B,B級,中危害,收工回簽,回簽收工確認,是否回簽時確認環境已整理並完成防護措施,44,40,39,1,0,0,0,0.975,2,低
2025-07,桃園,B,B級,中危害,收工回簽,一般安全規定,是否遵守工安規定,44,43,42,1,0,0,0,0.9767,2,低
2025-07,桃園,B,B級,中危害,收工回簽,現場紀錄,是否拍照,44,41,40,1,0,0,0,0.9756,2,低
2025-07,桃園,C,C級,低危害,廠區,基本資料,工廠、日期、時間,38,35,35,0,0,0,0,1.0,0,低
2025-07,桃園,C,C級,低危害,許可證,許可資訊,工程作業分級、申請時間、核准工作時間、工作許可證編號,38,32,32,0,0,0,0,1.0,0,低
2025-07,桃園,C,C級,低危害,施工地點,場地關係人,施工部門、轄區部門、監造部門,38,32,32,0,0,0,0,1.0,0,低
2025-07,桃園,C,C級,低危害,包商,承攬商與人員資格,承攬商、工作人數、車輛車號、工地負責人、安衛人員、特殊作業主管,38,36,35,1,0,0,0,0.9722,2,低
2025-07,桃園,C,C級,低危害,危害等級,作業等級,施工地點、工程案號、工作內容、許可工作項目、作業分級,38,35,34,1,0,1,0,0.9714,5,低
2025-07,桃園,C,C級,低危害,危害等級,管線設備危害物,可燃性氣體、易燃液體、有害性氣體、化學藥劑、酸鹼、熱水蒸氣、空氣、其他,38,35,34,1,0,0,0,0.9714,2,低
2025-07,桃園,C,C級,低危害,檢點與危害告知,簽發前安全檢點,是否安全檢點,38,36,35,1,0,0,0,0.9722,2,低
2025-07,桃園,C,C級,低危害,檢點與危害告知,危害告知,是否危害告知,38,34,33,1,0,0,0,0.9706,2,低
2025-07,桃園,C,C級,低危害,危害排除與隔離,環境危害排除,是否設備管線危害物排除,38,36,35,1,0,0,0,0.9722,2,低
2025-07,桃園,C,C級,低危害,危害排除與隔離,隔離管制,設備管線是否加盲加鎖掛牌,38,33,32,1,0,0,0,0.9697,2,低
2025-07,桃園,C,C級,低危害,環境測定,氣體偵測數值,可燃性氣體%、氧氣%、一氧化碳PPM、硫化氫PPM,38,36,35,1,0,0,0,0.9722,2,低
2025-07,桃園,C,C級,低危害,環境測定,測定基準,可燃性氣體 < 20%LEL；氧氣>= 18%；一氧化碳<50 PPM；硫化氫<10 PPM,38,35,34,1,0,0,0,0.9714,2,低
2025-07,桃園,C,C級,低危害,環境測定,測定頻率,上、下午施工前測定；A級或高風險作業需重複或連續測定；每小時/每兩小時紀錄表,38,34,33,1,0,0,0,0.9706,2,低
2025-07,桃園,C,C級,低危害,防火防爆,消防設備,是否有消防設備,38,33,32,1,0,0,0,0.9697,2,低
2025-07,桃園,C,C級,低危害,防火防爆,防爆安全工具,是否使用防爆電氣設備及安全工具,38,33,32,1,0,0,0,0.9697,2,低
2025-07,桃園,C,C級,低危害,高處作業,防墜措施,設標準施工架、安全網、安全母索、安全帶,38,32,31,1,0,0,0,0.9688,2,低
2025-07,桃園,C,C級,低危害,安全保護,個人防護具,是否有防護口罩、防毒面具、SCBA、防護手套、安全眼鏡、耳塞,38,34,33,1,0,0,0,0.9706,2,低
2025-07,桃園,C,C級,低危害,警戒巡查,警戒標示,是否有警戒標示,38,32,31,1,0,0,0,0.9688,2,低
2025-07,桃園,C,C級,低危害,警戒巡查,巡查會簽,是否轄區、監造、安衛人員或工地負責人巡查會簽,38,35,34,1,0,0,0,0.9714,2,低
2025-07,桃園,C,C級,低危害,收工回簽,回簽收工確認,是否回簽時確認環境已整理並完成防護措施,38,31,30,1,0,0,0,0.9677,2,低
2025-07,桃園,C,C級,低危害,收工回簽,一般安全規定,是否遵守工安規定,38,36,35,1,0,0,0,0.9722,2,低
2025-07,桃園,C,C級,低危害,收工回簽,現場紀錄,是否拍照,38,36,35,1,0,0,0,0.9722,2,低
2025-08,桃園,A,A級,高危害,廠區,基本資料,工廠、日期、時間,22,19,19,0,0,0,0,1.0,0,低
2025-08,桃園,A,A級,高危害,許可證,許可資訊,工程作業分級、申請時間、核准工作時間、工作許可證編號,22,19,18,1,0,0,0,0.9474,2,低
2025-08,桃園,A,A級,高危害,施工地點,場地關係人,施工部門、轄區部門、監造部門,22,20,20,0,0,0,0,1.0,0,低
2025-08,桃園,A,A級,高危害,包商,承攬商與人員資格,承攬商、工作人數、車輛車號、工地負責人、安衛人員、特殊作業主管,22,19,18,1,0,0,0,0.9474,2,低
2025-08,桃園,A,A級,高危害,危害等級,作業等級,施工地點、工程案號、工作內容、許可工作項目、作業分級,22,20,19,1,0,0,0,0.95,2,低
2025-08,桃園,A,A級,高危害,危害等級,管線設備危害物,可燃性氣體、易燃液體、有害性氣體、化學藥劑、酸鹼、熱水蒸氣、空氣、其他,22,18,17,1,0,0,0,0.9444,2,低
2025-08,桃園,A,A級,高危害,檢點與危害告知,簽發前安全檢點,是否安全檢點,22,21,20,1,0,0,0,0.9524,2,低
2025-08,桃園,A,A級,高危害,檢點與危害告知,危害告知,是否危害告知,22,21,20,1,0,0,0,0.9524,2,低
2025-08,桃園,A,A級,高危害,危害排除與隔離,環境危害排除,是否設備管線危害物排除,22,19,18,1,0,0,0,0.9474,2,低
2025-08,桃園,A,A級,高危害,危害排除與隔離,隔離管制,設備管線是否加盲加鎖掛牌,22,21,20,1,0,0,0,0.9524,2,低
2025-08,桃園,A,A級,高危害,環境測定,氣體偵測數值,可燃性氣體%、氧氣%、一氧化碳PPM、硫化氫PPM,22,18,17,1,0,0,0,0.9444,2,低
2025-08,桃園,A,A級,高危害,環境測定,測定基準,可燃性氣體 < 20%LEL；氧氣>= 18%；一氧化碳<50 PPM；硫化氫<10 PPM,22,18,17,1,0,0,0,0.9444,2,低
2025-08,桃園,A,A級,高危害,環境測定,測定頻率,上、下午施工前測定；A級或高風險作業需重複或連續測定；每小時/每兩小時紀錄表,22,18,17,1,0,0,0,0.9444,2,低
2025-08,桃園,A,A級,高危害,防火防爆,消防設備,是否有消防設備,22,20,19,1,0,0,0,0.95,2,低
2025-08,桃園,A,A級,高危害,防火防爆,防爆安全工具,是否使用防爆電氣設備及安全工具,22,21,19,2,1,1,0,0.9048,16,中
2025-08,桃園,A,A級,高危害,高處作業,防墜措施,設標準施工架、安全網、安全母索、安全帶,22,18,17,1,0,0,0,0.9444,2,低
2025-08,桃園,A,A級,高危害,安全保護,個人防護具,是否有防護口罩、防毒面具、SCBA、防護手套、安全眼鏡、耳塞,22,19,18,1,0,0,0,0.9474,2,低
2025-08,桃園,A,A級,高危害,警戒巡查,警戒標示,是否有警戒標示,22,22,21,1,0,0,0,0.9545,2,低
2025-08,桃園,A,A級,高危害,警戒巡查,巡查會簽,是否轄區、監造、安衛人員或工地負責人巡查會簽,22,19,18,1,0,0,0,0.9474,2,低
2025-08,桃園,A,A級,高危害,收工回簽,回簽收工確認,是否回簽時確認環境已整理並完成防護措施,22,20,19,1,0,0,0,0.95,2,低
2025-08,桃園,A,A級,高危害,收工回簽,一般安全規定,是否遵守工安規定,22,20,19,1,0,0,0,0.95,2,低
2025-08,桃園,A,A級,高危害,收工回簽,現場紀錄,是否拍照,22,18,17,1,0,0,0,0.9444,2,低
2025-08,桃園,B,B級,中危害,廠區,基本資料,工廠、日期、時間,46,41,40,1,0,0,0,0.9756,2,低
2025-08,桃園,B,B級,中危害,許可證,許可資訊,工程作業分級、申請時間、核准工作時間、工作許可證編號,46,38,37,1,0,0,0,0.9737,2,低
2025-08,桃園,B,B級,中危害,施工地點,場地關係人,施工部門、轄區部門、監造部門,46,41,40,1,0,0,0,0.9756,2,低
2025-08,桃園,B,B級,中危害,包商,承攬商與人員資格,承攬商、工作人數、車輛車號、工地負責人、安衛人員、特殊作業主管,46,41,40,1,0,0,0,0.9756,2,低
2025-08,桃園,B,B級,中危害,危害等級,作業等級,施工地點、工程案號、工作內容、許可工作項目、作業分級,46,44,42,2,0,1,0,0.9545,7,低
2025-08,桃園,B,B級,中危害,危害等級,管線設備危害物,可燃性氣體、易燃液體、有害性氣體、化學藥劑、酸鹼、熱水蒸氣、空氣、其他,46,38,37,1,0,0,0,0.9737,2,低
2025-08,桃園,B,B級,中危害,檢點與危害告知,簽發前安全檢點,是否安全檢點,46,41,40,1,0,0,0,0.9756,2,低
2025-08,桃園,B,B級,中危害,檢點與危害告知,危害告知,是否危害告知,46,45,44,1,0,0,0,0.9778,2,低
2025-08,桃園,B,B級,中危害,危害排除與隔離,環境危害排除,是否設備管線危害物排除,46,42,40,2,1,1,0,0.9524,16,中
2025-08,桃園,B,B級,中危害,危害排除與隔離,隔離管制,設備管線是否加盲加鎖掛牌,46,41,39,2,1,1,0,0.9512,16,中
2025-08,桃園,B,B級,中危害,環境測定,氣體偵測數值,可燃性氣體%、氧氣%、一氧化碳PPM、硫化氫PPM,46,46,44,2,1,1,0,0.9565,16,中
2025-08,桃園,B,B級,中危害,環境測定,測定基準,可燃性氣體 < 20%LEL；氧氣>= 18%；一氧化碳<50 PPM；硫化氫<10 PPM,46,40,39,1,0,0,0,0.975,2,低
2025-08,桃園,B,B級,中危害,環境測定,測定頻率,上、下午施工前測定；A級或高風險作業需重複或連續測定；每小時/每兩小時紀錄表,46,40,39,1,0,0,0,0.975,2,低
2025-08,桃園,B,B級,中危害,防火防爆,消防設備,是否有消防設備,46,40,38,2,1,1,0,0.95,16,中
2025-08,桃園,B,B級,中危害,防火防爆,防爆安全工具,是否使用防爆電氣設備及安全工具,46,41,39,2,1,1,0,0.9512,16,中
2025-08,桃園,B,B級,中危害,高處作業,防墜措施,設標準施工架、安全網、安全母索、安全帶,46,44,43,1,0,0,0,0.9773,2,低
2025-08,桃園,B,B級,中危害,安全保護,個人防護具,是否有防護口罩、防毒面具、SCBA、防護手套、安全眼鏡、耳塞,46,45,44,1,0,0,0,0.9778,2,低
2025-08,桃園,B,B級,中危害,警戒巡查,警戒標示,是否有警戒標示,46,45,44,1,0,0,0,0.9778,2,低
2025-08,桃園,B,B級,中危害,警戒巡查,巡查會簽,是否轄區、監造、安衛人員或工地負責人巡查會簽,46,43,42,1,0,0,0,0.9767,2,低
2025-08,桃園,B,B級,中危害,收工回簽,回簽收工確認,是否回簽時確認環境已整理並完成防護措施,46,45,44,1,0,0,0,0.9778,2,低
2025-08,桃園,B,B級,中危害,收工回簽,一般安全規定,是否遵守工安規定,46,41,40,1,0,0,0,0.9756,2,低
2025-08,桃園,B,B級,中危害,收工回簽,現場紀錄,是否拍照,46,46,45,1,0,0,0,0.9783,2,低
2025-08,桃園,C,C級,低危害,廠區,基本資料,工廠、日期、時間,31,28,28,0,0,0,0,1.0,0,低
2025-08,桃園,C,C級,低危害,許可證,許可資訊,工程作業分級、申請時間、核准工作時間、工作許可證編號,31,27,27,0,0,0,0,1.0,0,低
2025-08,桃園,C,C級,低危害,施工地點,場地關係人,施工部門、轄區部門、監造部門,31,27,27,0,0,0,0,1.0,0,低
2025-08,桃園,C,C級,低危害,包商,承攬商與人員資格,承攬商、工作人數、車輛車號、工地負責人、安衛人員、特殊作業主管,31,27,26,1,0,0,0,0.963,2,低
2025-08,桃園,C,C級,低危害,危害等級,作業等級,施工地點、工程案號、工作內容、許可工作項目、作業分級,31,30,29,1,0,0,0,0.9667,2,低
2025-08,桃園,C,C級,低危害,危害等級,管線設備危害物,可燃性氣體、易燃液體、有害性氣體、化學藥劑、酸鹼、熱水蒸氣、空氣、其他,31,27,26,1,0,0,0,0.963,2,低
2025-08,桃園,C,C級,低危害,檢點與危害告知,簽發前安全檢點,是否安全檢點,31,29,28,1,0,0,0,0.9655,2,低
2025-08,桃園,C,C級,低危害,檢點與危害告知,危害告知,是否危害告知,31,29,28,1,0,1,0,0.9655,5,低
2025-08,桃園,C,C級,低危害,危害排除與隔離,環境危害排除,是否設備管線危害物排除,31,30,29,1,0,1,0,0.9667,5,低
2025-08,桃園,C,C級,低危害,危害排除與隔離,隔離管制,設備管線是否加盲加鎖掛牌,31,29,28,1,0,0,0,0.9655,2,低
2025-08,桃園,C,C級,低危害,環境測定,氣體偵測數值,可燃性氣體%、氧氣%、一氧化碳PPM、硫化氫PPM,31,27,26,1,0,0,0,0.963,2,低
2025-08,桃園,C,C級,低危害,環境測定,測定基準,可燃性氣體 < 20%LEL；氧氣>= 18%；一氧化碳<50 PPM；硫化氫<10 PPM,31,28,27,1,0,0,0,0.9643,2,低
2025-08,桃園,C,C級,低危害,環境測定,測定頻率,上、下午施工前測定；A級或高風險作業需重複或連續測定；每小時/每兩小時紀錄表,31,28,27,1,0,0,0,0.9643,2,低
2025-08,桃園,C,C級,低危害,防火防爆,消防設備,是否有消防設備,31,27,26,1,0,0,0,0.963,2,低
2025-08,桃園,C,C級,低危害,防火防爆,防爆安全工具,是否使用防爆電氣設備及安全工具,31,27,26,1,0,0,0,0.963,2,低
2025-08,桃園,C,C級,低危害,高處作業,防墜措施,設標準施工架、安全網、安全母索、安全帶,31,29,28,1,0,0,0,0.9655,2,低
2025-08,桃園,C,C級,低危害,安全保護,個人防護具,是否有防護口罩、防毒面具、SCBA、防護手套、安全眼鏡、耳塞,31,28,27,1,0,0,0,0.9643,2,低
2025-08,桃園,C,C級,低危害,警戒巡查,警戒標示,是否有警戒標示,31,30,29,1,0,0,0,0.9667,2,低
2025-08,桃園,C,C級,低危害,警戒巡查,巡查會簽,是否轄區、監造、安衛人員或工地負責人巡查會簽,31,26,25,1,0,0,0,0.9615,2,低
2025-08,桃園,C,C級,低危害,收工回簽,回簽收工確認,是否回簽時確認環境已整理並完成防護措施,31,27,27,0,0,0,0,1.0,0,低
2025-08,桃園,C,C級,低危害,收工回簽,一般安全規定,是否遵守工安規定,31,30,29,1,0,0,0,0.9667,2,低
2025-08,桃園,C,C級,低危害,收工回簽,現場紀錄,是否拍照,31,27,26,1,0,0,0,0.963,2,低
2025-09,桃園,A,A級,高危害,廠區,基本資料,工廠、日期、時間,19,16,16,0,0,0,0,1.0,0,低
2025-09,桃園,A,A級,高危害,許可證,許可資訊,工程作業分級、申請時間、核准工作時間、工作許可證編號,19,18,17,1,0,0,0,0.9444,2,低
2025-09,桃園,A,A級,高危害,施工地點,場地關係人,施工部門、轄區部門、監造部門,19,17,17,0,0,0,0,1.0,0,低
2025-09,桃園,A,A級,高危害,包商,承攬商與人員資格,承攬商、工作人數、車輛車號、工地負責人、安衛人員、特殊作業主管,19,18,17,1,0,0,0,0.9444,2,低
2025-09,桃園,A,A級,高危害,危害等級,作業等級,施工地點、工程案號、工作內容、許可工作項目、作業分級,19,16,15,1,0,0,0,0.9375,2,低
2025-09,桃園,A,A級,高危害,危害等級,管線設備危害物,可燃性氣體、易燃液體、有害性氣體、化學藥劑、酸鹼、熱水蒸氣、空氣、其他,19,16,15,1,0,0,0,0.9375,2,低
2025-09,桃園,A,A級,高危害,檢點與危害告知,簽發前安全檢點,是否安全檢點,19,18,17,1,0,0,0,0.9444,2,低
2025-09,桃園,A,A級,高危害,檢點與危害告知,危害告知,是否危害告知,19,16,15,1,0,0,0,0.9375,2,低
2025-09,桃園,A,A級,高危害,危害排除與隔離,環境危害排除,是否設備管線危害物排除,19,16,15,1,0,0,0,0.9375,2,低
2025-09,桃園,A,A級,高危害,危害排除與隔離,隔離管制,設備管線是否加盲加鎖掛牌,19,16,15,1,0,0,0,0.9375,2,低
2025-09,桃園,A,A級,高危害,環境測定,氣體偵測數值,可燃性氣體%、氧氣%、一氧化碳PPM、硫化氫PPM,19,19,18,1,0,0,0,0.9474,2,低
2025-09,桃園,A,A級,高危害,環境測定,測定基準,可燃性氣體 < 20%LEL；氧氣>= 18%；一氧化碳<50 PPM；硫化氫<10 PPM,19,17,16,1,0,0,0,0.9412,2,低
2025-09,桃園,A,A級,高危害,環境測定,測定頻率,上、下午施工前測定；A級或高風險作業需重複或連續測定；每小時/每兩小時紀錄表,19,17,16,1,0,0,0,0.9412,2,低
2025-09,桃園,A,A級,高危害,防火防爆,消防設備,是否有消防設備,19,19,18,1,0,0,0,0.9474,2,低
2025-09,桃園,A,A級,高危害,防火防爆,防爆安全工具,是否使用防爆電氣設備及安全工具,19,16,15,1,0,0,0,0.9375,2,低
2025-09,桃園,A,A級,高危害,高處作業,防墜措施,設標準施工架、安全網、安全母索、安全帶,19,18,17,1,0,0,0,0.9444,2,低
2025-09,桃園,A,A級,高危害,安全保護,個人防護具,是否有防護口罩、防毒面具、SCBA、防護手套、安全眼鏡、耳塞,19,16,15,1,0,0,0,0.9375,2,低
2025-09,桃園,A,A級,高危害,警戒巡查,警戒標示,是否有警戒標示,19,17,16,1,0,0,0,0.9412,2,低
2025-09,桃園,A,A級,高危害,警戒巡查,巡查會簽,是否轄區、監造、安衛人員或工地負責人巡查會簽,19,18,17,1,0,0,0,0.9444,2,低
2025-09,桃園,A,A級,高危害,收工回簽,回簽收工確認,是否回簽時確認環境已整理並完成防護措施,19,18,17,1,0,0,0,0.9444,2,低
2025-09,桃園,A,A級,高危害,收工回簽,一般安全規定,是否遵守工安規定,19,18,17,1,0,0,0,0.9444,2,低
2025-09,桃園,A,A級,高危害,收工回簽,現場紀錄,是否拍照,19,18,17,1,0,0,0,0.9444,2,低
2025-09,桃園,B,B級,中危害,廠區,基本資料,工廠、日期、時間,46,46,45,1,0,1,0,0.9783,5,低
2025-09,桃園,B,B級,中危害,許可證,許可資訊,工程作業分級、申請時間、核准工作時間、工作許可證編號,46,45,44,1,0,0,0,0.9778,2,低
2025-09,桃園,B,B級,中危害,施工地點,場地關係人,施工部門、轄區部門、監造部門,46,45,44,1,0,0,0,0.9778,2,低
2025-09,桃園,B,B級,中危害,包商,承攬商與人員資格,承攬商、工作人數、車輛車號、工地負責人、安衛人員、特殊作業主管,46,41,40,1,0,0,0,0.9756,2,低
2025-09,桃園,B,B級,中危害,危害等級,作業等級,施工地點、工程案號、工作內容、許可工作項目、作業分級,46,38,37,1,0,0,0,0.9737,2,低
2025-09,桃園,B,B級,中危害,危害等級,管線設備危害物,可燃性氣體、易燃液體、有害性氣體、化學藥劑、酸鹼、熱水蒸氣、空氣、其他,46,42,41,1,0,0,0,0.9762,2,低
2025-09,桃園,B,B級,中危害,檢點與危害告知,簽發前安全檢點,是否安全檢點,46,41,40,1,0,1,0,0.9756,5,低
2025-09,桃園,B,B級,中危害,檢點與危害告知,危害告知,是否危害告知,46,42,41,1,0,0,0,0.9762,2,低
2025-09,桃園,B,B級,中危害,危害排除與隔離,環境危害排除,是否設備管線危害物排除,46,45,43,2,1,1,0,0.9556,16,中
2025-09,桃園,B,B級,中危害,危害排除與隔離,隔離管制,設備管線是否加盲加鎖掛牌,46,43,42,1,0,0,0,0.9767,2,低
2025-09,桃園,B,B級,中危害,環境測定,氣體偵測數值,可燃性氣體%、氧氣%、一氧化碳PPM、硫化氫PPM,46,40,39,1,0,0,0,0.975,2,低
2025-09,桃園,B,B級,中危害,環境測定,測定基準,可燃性氣體 < 20%LEL；氧氣>= 18%；一氧化碳<50 PPM；硫化氫<10 PPM,46,40,39,1,0,0,0,0.975,2,低
2025-09,桃園,B,B級,中危害,環境測定,測定頻率,上、下午施工前測定；A級或高風險作業需重複或連續測定；每小時/每兩小時紀錄表,46,40,38,2,1,1,0,0.95,16,中
2025-09,桃園,B,B級,中危害,防火防爆,消防設備,是否有消防設備,46,38,36,2,1,1,0,0.9474,16,中
2025-09,桃園,B,B級,中危害,防火防爆,防爆安全工具,是否使用防爆電氣設備及安全工具,46,41,39,2,1,0,0,0.9512,13,低
2025-09,桃園,B,B級,中危害,高處作業,防墜措施,設標準施工架、安全網、安全母索、安全帶,46,39,38,1,0,0,0,0.9744,2,低
2025-09,桃園,B,B級,中危害,安全保護,個人防護具,是否有防護口罩、防毒面具、SCBA、防護手套、安全眼鏡、耳塞,46,44,43,1,0,0,0,0.9773,2,低
2025-09,桃園,B,B級,中危害,警戒巡查,警戒標示,是否有警戒標示,46,42,41,1,0,0,0,0.9762,2,低
2025-09,桃園,B,B級,中危害,警戒巡查,巡查會簽,是否轄區、監造、安衛人員或工地負責人巡查會簽,46,42,41,1,0,0,0,0.9762,2,低
2025-09,桃園,B,B級,中危害,收工回簽,回簽收工確認,是否回簽時確認環境已整理並完成防護措施,46,40,39,1,0,0,0,0.975,2,低
2025-09,桃園,B,B級,中危害,收工回簽,一般安全規定,是否遵守工安規定,46,41,40,1,0,0,0,0.9756,2,低
2025-09,桃園,B,B級,中危害,收工回簽,現場紀錄,是否拍照,46,43,42,1,0,0,0,0.9767,2,低
2025-09,桃園,C,C級,低危害,廠區,基本資料,工廠、日期、時間,32,30,30,0,0,0,0,1.0,0,低
2025-09,桃園,C,C級,低危害,許可證,許可資訊,工程作業分級、申請時間、核准工作時間、工作許可證編號,32,27,27,0,0,0,0,1.0,0,低
2025-09,桃園,C,C級,低危害,施工地點,場地關係人,施工部門、轄區部門、監造部門,32,27,26,1,0,0,0,0.963,2,低
2025-09,桃園,C,C級,低危害,包商,承攬商與人員資格,承攬商、工作人數、車輛車號、工地負責人、安衛人員、特殊作業主管,32,29,28,1,0,1,0,0.9655,5,低
2025-09,桃園,C,C級,低危害,危害等級,作業等級,施工地點、工程案號、工作內容、許可工作項目、作業分級,32,29,28,1,0,0,0,0.9655,2,低
2025-09,桃園,C,C級,低危害,危害等級,管線設備危害物,可燃性氣體、易燃液體、有害性氣體、化學藥劑、酸鹼、熱水蒸氣、空氣、其他,32,29,28,1,0,0,0,0.9655,2,低
2025-09,桃園,C,C級,低危害,檢點與危害告知,簽發前安全檢點,是否安全檢點,32,28,28,0,0,0,0,1.0,0,低
2025-09,桃園,C,C級,低危害,檢點與危害告知,危害告知,是否危害告知,32,30,29,1,0,0,0,0.9667,2,低
2025-09,桃園,C,C級,低危害,危害排除與隔離,環境危害排除,是否設備管線危害物排除,32,26,25,1,0,0,0,0.9615,2,低
2025-09,桃園,C,C級,低危害,危害排除與隔離,隔離管制,設備管線是否加盲加鎖掛牌,32,31,30,1,0,0,0,0.9677,2,低
2025-09,桃園,C,C級,低危害,環境測定,氣體偵測數值,可燃性氣體%、氧氣%、一氧化碳PPM、硫化氫PPM,32,27,26,1,0,0,0,0.963,2,低
2025-09,桃園,C,C級,低危害,環境測定,測定基準,可燃性氣體 < 20%LEL；氧氣>= 18%；一氧化碳<50 PPM；硫化氫<10 PPM,32,30,29,1,0,0,0,0.9667,2,低
2025-09,桃園,C,C級,低危害,環境測定,測定頻率,上、下午施工前測定；A級或高風險作業需重複或連續測定；每小時/每兩小時紀錄表,32,28,27,1,0,1,0,0.9643,5,低
2025-09,桃園,C,C級,低危害,防火防爆,消防設備,是否有消防設備,32,29,28,1,0,0,0,0.9655,2,低
2025-09,桃園,C,C級,低危害,防火防爆,防爆安全工具,是否使用防爆電氣設備及安全工具,32,31,30,1,0,0,0,0.9677,2,低
2025-09,桃園,C,C級,低危害,高處作業,防墜措施,設標準施工架、安全網、安全母索、安全帶,32,27,26,1,0,0,0,0.963,2,低
2025-09,桃園,C,C級,低危害,安全保護,個人防護具,是否有防護口罩、防毒面具、SCBA、防護手套、安全眼鏡、耳塞,32,28,27,1,0,0,0,0.9643,2,低
2025-09,桃園,C,C級,低危害,警戒巡查,警戒標示,是否有警戒標示,32,31,30,1,0,0,0,0.9677,2,低
2025-09,桃園,C,C級,低危害,警戒巡查,巡查會簽,是否轄區、監造、安衛人員或工地負責人巡查會簽,32,28,27,1,0,0,0,0.9643,2,低
2025-09,桃園,C,C級,低危害,收工回簽,回簽收工確認,是否回簽時確認環境已整理並完成防護措施,32,30,29,1,0,0,0,0.9667,2,低
2025-09,桃園,C,C級,低危害,收工回簽,一般安全規定,是否遵守工安規定,32,29,28,1,0,0,0,0.9655,2,低
2025-09,桃園,C,C級,低危害,收工回簽,現場紀錄,是否拍照,32,29,28,1,0,0,0,0.9655,2,低
2025-10,桃園,A,A級,高危害,廠區,基本資料,工廠、日期、時間,19,19,18,1,0,0,0,0.9474,2,低
2025-10,桃園,A,A級,高危害,許可證,許可資訊,工程作業分級、申請時間、核准工作時間、工作許可證編號,19,16,16,0,0,0,0,1.0,0,低
2025-10,桃園,A,A級,高危害,施工地點,場地關係人,施工部門、轄區部門、監造部門,19,17,17,0,0,0,0,1.0,0,低
2025-10,桃園,A,A級,高危害,包商,承攬商與人員資格,承攬商、工作人數、車輛車號、工地負責人、安衛人員、特殊作業主管,19,18,17,1,0,0,0,0.9444,2,低
2025-10,桃園,A,A級,高危害,危害等級,作業等級,施工地點、工程案號、工作內容、許可工作項目、作業分級,19,17,16,1,0,0,0,0.9412,2,低
2025-10,桃園,A,A級,高危害,危害等級,管線設備危害物,可燃性氣體、易燃液體、有害性氣體、化學藥劑、酸鹼、熱水蒸氣、空氣、其他,19,18,17,1,0,0,0,0.9444,2,低
2025-10,桃園,A,A級,高危害,檢點與危害告知,簽發前安全檢點,是否安全檢點,19,17,16,1,0,0,0,0.9412,2,低
2025-10,桃園,A,A級,高危害,檢點與危害告知,危害告知,是否危害告知,19,17,16,1,0,0,0,0.9412,2,低
2025-10,桃園,A,A級,高危害,危害排除與隔離,環境危害排除,是否設備管線危害物排除,19,18,17,1,0,0,0,0.9444,2,低
2025-10,桃園,A,A級,高危害,危害排除與隔離,隔離管制,設備管線是否加盲加鎖掛牌,19,17,16,1,0,0,0,0.9412,2,低
2025-10,桃園,A,A級,高危害,環境測定,氣體偵測數值,可燃性氣體%、氧氣%、一氧化碳PPM、硫化氫PPM,19,19,18,1,0,0,0,0.9474,2,低
2025-10,桃園,A,A級,高危害,環境測定,測定基準,可燃性氣體 < 20%LEL；氧氣>= 18%；一氧化碳<50 PPM；硫化氫<10 PPM,19,17,16,1,0,0,0,0.9412,2,低
2025-10,桃園,A,A級,高危害,環境測定,測定頻率,上、下午施工前測定；A級或高風險作業需重複或連續測定；每小時/每兩小時紀錄表,19,18,17,1,0,0,0,0.9444,2,低
2025-10,桃園,A,A級,高危害,防火防爆,消防設備,是否有消防設備,19,19,18,1,0,0,0,0.9474,2,低
2025-10,桃園,A,A級,高危害,防火防爆,防爆安全工具,是否使用防爆電氣設備及安全工具,19,17,16,1,0,0,0,0.9412,2,低
2025-10,桃園,A,A級,高危害,高處作業,防墜措施,設標準施工架、安全網、安全母索、安全帶,19,18,17,1,0,0,0,0.9444,2,低
2025-10,桃園,A,A級,高危害,安全保護,個人防護具,是否有防護口罩、防毒面具、SCBA、防護手套、安全眼鏡、耳塞,19,16,15,1,0,0,0,0.9375,2,低
2025-10,桃園,A,A級,高危害,警戒巡查,警戒標示,是否有警戒標示,19,18,17,1,0,0,0,0.9444,2,低
2025-10,桃園,A,A級,高危害,警戒巡查,巡查會簽,是否轄區、監造、安衛人員或工地負責人巡查會簽,19,19,18,1,0,0,0,0.9474,2,低
2025-10,桃園,A,A級,高危害,收工回簽,回簽收工確認,是否回簽時確認環境已整理並完成防護措施,19,18,17,1,0,0,0,0.9444,2,低
2025-10,桃園,A,A級,高危害,收工回簽,一般安全規定,是否遵守工安規定,19,18,18,0,0,0,0,1.0,0,低
2025-10,桃園,A,A級,高危害,收工回簽,現場紀錄,是否拍照,19,18,17,1,0,0,0,0.9444,2,低
2025-10,桃園,B,B級,中危害,廠區,基本資料,工廠、日期、時間,48,43,42,1,0,0,0,0.9767,2,低
2025-10,桃園,B,B級,中危害,許可證,許可資訊,工程作業分級、申請時間、核准工作時間、工作許可證編號,48,40,39,1,0,0,0,0.975,2,低
2025-10,桃園,B,B級,中危害,施工地點,場地關係人,施工部門、轄區部門、監造部門,48,43,42,1,0,0,0,0.9767,2,低
2025-10,桃園,B,B級,中危害,包商,承攬商與人員資格,承攬商、工作人數、車輛車號、工地負責人、安衛人員、特殊作業主管,48,43,42,1,0,0,0,0.9767,2,低
2025-10,桃園,B,B級,中危害,危害等級,作業等級,施工地點、工程案號、工作內容、許可工作項目、作業分級,48,40,39,1,0,0,0,0.975,2,低
2025-10,桃園,B,B級,中危害,危害等級,管線設備危害物,可燃性氣體、易燃液體、有害性氣體、化學藥劑、酸鹼、熱水蒸氣、空氣、其他,48,46,45,1,0,0,0,0.9783,2,低
2025-10,桃園,B,B級,中危害,檢點與危害告知,簽發前安全檢點,是否安全檢點,48,47,46,1,0,0,0,0.9787,2,低
2025-10,桃園,B,B級,中危害,檢點與危害告知,危害告知,是否危害告知,48,46,45,1,0,0,0,0.9783,2,低
2025-10,桃園,B,B級,中危害,危害排除與隔離,環境危害排除,是否設備管線危害物排除,48,44,42,2,1,1,0,0.9545,16,中
2025-10,桃園,B,B級,中危害,危害排除與隔離,隔離管制,設備管線是否加盲加鎖掛牌,48,46,44,2,1,1,0,0.9565,16,中
2025-10,桃園,B,B級,中危害,環境測定,氣體偵測數值,可燃性氣體%、氧氣%、一氧化碳PPM、硫化氫PPM,48,47,45,2,1,1,0,0.9574,16,中
2025-10,桃園,B,B級,中危害,環境測定,測定基準,可燃性氣體 < 20%LEL；氧氣>= 18%；一氧化碳<50 PPM；硫化氫<10 PPM,48,42,40,2,1,1,0,0.9524,16,中
2025-10,桃園,B,B級,中危害,環境測定,測定頻率,上、下午施工前測定；A級或高風險作業需重複或連續測定；每小時/每兩小時紀錄表,48,44,43,1,0,0,0,0.9773,2,低
2025-10,桃園,B,B級,中危害,防火防爆,消防設備,是否有消防設備,48,47,45,2,1,1,0,0.9574,16,中
2025-10,桃園,B,B級,中危害,防火防爆,防爆安全工具,是否使用防爆電氣設備及安全工具,48,42,41,1,0,0,0,0.9762,2,低
2025-10,桃園,B,B級,中危害,高處作業,防墜措施,設標準施工架、安全網、安全母索、安全帶,48,44,42,2,1,1,0,0.9545,16,中
2025-10,桃園,B,B級,中危害,安全保護,個人防護具,是否有防護口罩、防毒面具、SCBA、防護手套、安全眼鏡、耳塞,48,47,45,2,0,1,0,0.9574,7,低
2025-10,桃園,B,B級,中危害,警戒巡查,警戒標示,是否有警戒標示,48,43,42,1,0,0,0,0.9767,2,低
2025-10,桃園,B,B級,中危害,警戒巡查,巡查會簽,是否轄區、監造、安衛人員或工地負責人巡查會簽,48,40,39,1,0,0,0,0.975,2,低
2025-10,桃園,B,B級,中危害,收工回簽,回簽收工確認,是否回簽時確認環境已整理並完成防護措施,48,41,40,1,0,0,0,0.9756,2,低
2025-10,桃園,B,B級,中危害,收工回簽,一般安全規定,是否遵守工安規定,48,45,44,1,0,0,0,0.9778,2,低
2025-10,桃園,B,B級,中危害,收工回簽,現場紀錄,是否拍照,48,47,46,1,0,0,0,0.9787,2,低
2025-10,桃園,C,C級,低危害,廠區,基本資料,工廠、日期、時間,35,31,30,1,0,0,0,0.9677,2,低
2025-10,桃園,C,C級,低危害,許可證,許可資訊,工程作業分級、申請時間、核准工作時間、工作許可證編號,35,30,30,0,0,0,0,1.0,0,低
2025-10,桃園,C,C級,低危害,施工地點,場地關係人,施工部門、轄區部門、監造部門,35,29,29,0,0,0,0,1.0,0,低
2025-10,桃園,C,C級,低危害,包商,承攬商與人員資格,承攬商、工作人數、車輛車號、工地負責人、安衛人員、特殊作業主管,35,33,32,1,0,0,0,0.9697,2,低
2025-10,桃園,C,C級,低危害,危害等級,作業等級,施工地點、工程案號、工作內容、許可工作項目、作業分級,35,34,33,1,0,0,0,0.9706,2,低
2025-10,桃園,C,C級,低危害,危害等級,管線設備危害物,可燃性氣體、易燃液體、有害性氣體、化學藥劑、酸鹼、熱水蒸氣、空氣、其他,35,29,28,1,0,0,0,0.9655,2,低
2025-10,桃園,C,C級,低危害,檢點與危害告知,簽發前安全檢點,是否安全檢點,35,34,33,1,0,0,0,0.9706,2,低
2025-10,桃園,C,C級,低危害,檢點與危害告知,危害告知,是否危害告知,35,32,31,1,0,0,0,0.9688,2,低
2025-10,桃園,C,C級,低危害,危害排除與隔離,環境危害排除,是否設備管線危害物排除,35,33,32,1,0,0,0,0.9697,2,低
2025-10,桃園,C,C級,低危害,危害排除與隔離,隔離管制,設備管線是否加盲加鎖掛牌,35,32,31,1,0,0,0,0.9688,2,低
2025-10,桃園,C,C級,低危害,環境測定,氣體偵測數值,可燃性氣體%、氧氣%、一氧化碳PPM、硫化氫PPM,35,34,33,1,0,0,0,0.9706,2,低
2025-10,桃園,C,C級,低危害,環境測定,測定基準,可燃性氣體 < 20%LEL；氧氣>= 18%；一氧化碳<50 PPM；硫化氫<10 PPM,35,31,30,1,0,0,0,0.9677,2,低
2025-10,桃園,C,C級,低危害,環境測定,測定頻率,上、下午施工前測定；A級或高風險作業需重複或連續測定；每小時/每兩小時紀錄表,35,29,28,1,0,0,0,0.9655,2,低
2025-10,桃園,C,C級,低危害,防火防爆,消防設備,是否有消防設備,35,32,31,1,0,0,0,0.9688,2,低
2025-10,桃園,C,C級,低危害,防火防爆,防爆安全工具,是否使用防爆電氣設備及安全工具,35,32,31,1,0,0,0,0.9688,2,低
2025-10,桃園,C,C級,低危害,高處作業,防墜措施,設標準施工架、安全網、安全母索、安全帶,35,32,31,1,0,0,0,0.9688,2,低
2025-10,桃園,C,C級,低危害,安全保護,個人防護具,是否有防護口罩、防毒面具、SCBA、防護手套、安全眼鏡、耳塞,35,29,28,1,0,0,0,0.9655,2,低
2025-10,桃園,C,C級,低危害,警戒巡查,警戒標示,是否有警戒標示,35,34,33,1,0,0,0,0.9706,2,低
2025-10,桃園,C,C級,低危害,警戒巡查,巡查會簽,是否轄區、監造、安衛人員或工地負責人巡查會簽,35,34,33,1,0,0,0,0.9706,2,低
2025-10,桃園,C,C級,低危害,收工回簽,回簽收工確認,是否回簽時確認環境已整理並完成防護措施,35,31,30,1,0,0,0,0.9677,2,低
2025-10,桃園,C,C級,低危害,收工回簽,一般安全規定,是否遵守工安規定,35,33,32,1,0,0,0,0.9697,2,低
2025-10,桃園,C,C級,低危害,收工回簽,現場紀錄,是否拍照,35,33,32,1,0,0,0,0.9697,2,低
2025-11,桃園,A,A級,高危害,廠區,基本資料,工廠、日期、時間,24,22,21,1,0,0,0,0.9545,2,低
2025-11,桃園,A,A級,高危害,許可證,許可資訊,工程作業分級、申請時間、核准工作時間、工作許可證編號,24,22,22,0,0,0,0,1.0,0,低
2025-11,桃園,A,A級,高危害,施工地點,場地關係人,施工部門、轄區部門、監造部門,24,20,19,1,0,0,0,0.95,2,低
2025-11,桃園,A,A級,高危害,包商,承攬商與人員資格,承攬商、工作人數、車輛車號、工地負責人、安衛人員、特殊作業主管,24,23,22,1,0,0,0,0.9565,2,低
2025-11,桃園,A,A級,高危害,危害等級,作業等級,施工地點、工程案號、工作內容、許可工作項目、作業分級,24,23,22,1,0,0,0,0.9565,2,低
2025-11,桃園,A,A級,高危害,危害等級,管線設備危害物,可燃性氣體、易燃液體、有害性氣體、化學藥劑、酸鹼、熱水蒸氣、空氣、其他,24,21,20,1,0,0,0,0.9524,2,低
2025-11,桃園,A,A級,高危害,檢點與危害告知,簽發前安全檢點,是否安全檢點,24,23,22,1,0,0,0,0.9565,2,低
2025-11,桃園,A,A級,高危害,檢點與危害告知,危害告知,是否危害告知,24,23,22,1,0,0,0,0.9565,2,低
2025-11,桃園,A,A級,高危害,危害排除與隔離,環境危害排除,是否設備管線危害物排除,24,22,21,1,0,0,0,0.9545,2,低
2025-11,桃園,A,A級,高危害,危害排除與隔離,隔離管制,設備管線是否加盲加鎖掛牌,24,23,22,1,0,0,0,0.9565,2,低
2025-11,桃園,A,A級,高危害,環境測定,氣體偵測數值,可燃性氣體%、氧氣%、一氧化碳PPM、硫化氫PPM,24,21,20,1,0,0,0,0.9524,2,低
2025-11,桃園,A,A級,高危害,環境測定,測定基準,可燃性氣體 < 20%LEL；氧氣>= 18%；一氧化碳<50 PPM；硫化氫<10 PPM,24,22,21,1,0,0,0,0.9545,2,低
2025-11,桃園,A,A級,高危害,環境測定,測定頻率,上、下午施工前測定；A級或高風險作業需重複或連續測定；每小時/每兩小時紀錄表,24,21,20,1,0,0,0,0.9524,2,低
2025-11,桃園,A,A級,高危害,防火防爆,消防設備,是否有消防設備,24,20,19,1,0,0,0,0.95,2,低
2025-11,桃園,A,A級,高危害,防火防爆,防爆安全工具,是否使用防爆電氣設備及安全工具,24,20,19,1,0,0,0,0.95,2,低
2025-11,桃園,A,A級,高危害,高處作業,防墜措施,設標準施工架、安全網、安全母索、安全帶,24,22,21,1,0,0,0,0.9545,2,低
2025-11,桃園,A,A級,高危害,安全保護,個人防護具,是否有防護口罩、防毒面具、SCBA、防護手套、安全眼鏡、耳塞,24,20,19,1,0,0,0,0.95,2,低
2025-11,桃園,A,A級,高危害,警戒巡查,警戒標示,是否有警戒標示,24,21,20,1,0,0,0,0.9524,2,低
2025-11,桃園,A,A級,高危害,警戒巡查,巡查會簽,是否轄區、監造、安衛人員或工地負責人巡查會簽,24,22,21,1,0,1,0,0.9545,5,低
2025-11,桃園,A,A級,高危害,收工回簽,回簽收工確認,是否回簽時確認環境已整理並完成防護措施,24,21,20,1,0,0,0,0.9524,2,低
2025-11,桃園,A,A級,高危害,收工回簽,一般安全規定,是否遵守工安規定,24,24,23,1,0,0,0,0.9583,2,低
2025-11,桃園,A,A級,高危害,收工回簽,現場紀錄,是否拍照,24,21,20,1,0,0,0,0.9524,2,低
2025-11,桃園,B,B級,中危害,廠區,基本資料,工廠、日期、時間,48,43,42,1,0,0,0,0.9767,2,低
2025-11,桃園,B,B級,中危害,許可證,許可資訊,工程作業分級、申請時間、核准工作時間、工作許可證編號,48,45,44,1,0,0,0,0.9778,2,低
2025-11,桃園,B,B級,中危害,施工地點,場地關係人,施工部門、轄區部門、監造部門,48,46,45,1,0,0,0,0.9783,2,低
2025-11,桃園,B,B級,中危害,包商,承攬商與人員資格,承攬商、工作人數、車輛車號、工地負責人、安衛人員、特殊作業主管,48,42,41,1,0,0,0,0.9762,2,低
2025-11,桃園,B,B級,中危害,危害等級,作業等級,施工地點、工程案號、工作內容、許可工作項目、作業分級,48,43,41,2,0,1,0,0.9535,7,低
2025-11,桃園,B,B級,中危害,危害等級,管線設備危害物,可燃性氣體、易燃液體、有害性氣體、化學藥劑、酸鹼、熱水蒸氣、空氣、其他,48,42,41,1,0,0,0,0.9762,2,低
2025-11,桃園,B,B級,中危害,檢點與危害告知,簽發前安全檢點,是否安全檢點,48,40,39,1,0,0,0,0.975,2,低
2025-11,桃園,B,B級,中危害,檢點與危害告知,危害告知,是否危害告知,48,42,41,1,0,0,0,0.9762,2,低
2025-11,桃園,B,B級,中危害,危害排除與隔離,環境危害排除,是否設備管線危害物排除,48,39,38,1,0,0,0,0.9744,2,低
2025-11,桃園,B,B級,中危害,危害排除與隔離,隔離管制,設備管線是否加盲加鎖掛牌,48,44,43,1,0,0,0,0.9773,2,低
2025-11,桃園,B,B級,中危害,環境測定,氣體偵測數值,可燃性氣體%、氧氣%、一氧化碳PPM、硫化氫PPM,48,40,38,2,1,1,0,0.95,16,中
2025-11,桃園,B,B級,中危害,環境測定,測定基準,可燃性氣體 < 20%LEL；氧氣>= 18%；一氧化碳<50 PPM；硫化氫<10 PPM,48,45,43,2,1,1,0,0.9556,16,中
2025-11,桃園,B,B級,中危害,環境測定,測定頻率,上、下午施工前測定；A級或高風險作業需重複或連續測定；每小時/每兩小時紀錄表,48,40,39,1,0,1,0,0.975,5,低
2025-11,桃園,B,B級,中危害,防火防爆,消防設備,是否有消防設備,48,43,41,2,1,1,0,0.9535,16,中
2025-11,桃園,B,B級,中危害,防火防爆,防爆安全工具,是否使用防爆電氣設備及安全工具,48,45,43,2,1,1,0,0.9556,16,中
2025-11,桃園,B,B級,中危害,高處作業,防墜措施,設標準施工架、安全網、安全母索、安全帶,48,44,43,1,0,0,0,0.9773,2,低
2025-11,桃園,B,B級,中危害,安全保護,個人防護具,是否有防護口罩、防毒面具、SCBA、防護手套、安全眼鏡、耳塞,48,46,45,1,0,0,0,0.9783,2,低
2025-11,桃園,B,B級,中危害,警戒巡查,警戒標示,是否有警戒標示,48,41,40,1,0,0,0,0.9756,2,低
2025-11,桃園,B,B級,中危害,警戒巡查,巡查會簽,是否轄區、監造、安衛人員或工地負責人巡查會簽,48,45,44,1,0,1,0,0.9778,5,低
2025-11,桃園,B,B級,中危害,收工回簽,回簽收工確認,是否回簽時確認環境已整理並完成防護措施,48,46,45,1,0,0,0,0.9783,2,低
2025-11,桃園,B,B級,中危害,收工回簽,一般安全規定,是否遵守工安規定,48,41,40,1,0,0,0,0.9756,2,低
2025-11,桃園,B,B級,中危害,收工回簽,現場紀錄,是否拍照,48,40,39,1,0,0,0,0.975,2,低
2025-11,桃園,C,C級,低危害,廠區,基本資料,工廠、日期、時間,32,27,27,0,0,0,0,1.0,0,低
2025-11,桃園,C,C級,低危害,許可證,許可資訊,工程作業分級、申請時間、核准工作時間、工作許可證編號,32,32,31,1,0,0,0,0.9688,2,低
2025-11,桃園,C,C級,低危害,施工地點,場地關係人,施工部門、轄區部門、監造部門,32,32,31,1,0,0,0,0.9688,2,低
2025-11,桃園,C,C級,低危害,包商,承攬商與人員資格,承攬商、工作人數、車輛車號、工地負責人、安衛人員、特殊作業主管,32,27,26,1,0,0,0,0.963,2,低
2025-11,桃園,C,C級,低危害,危害等級,作業等級,施工地點、工程案號、工作內容、許可工作項目、作業分級,32,27,26,1,0,0,0,0.963,2,低
2025-11,桃園,C,C級,低危害,危害等級,管線設備危害物,可燃性氣體、易燃液體、有害性氣體、化學藥劑、酸鹼、熱水蒸氣、空氣、其他,32,31,30,1,0,0,0,0.9677,2,低
2025-11,桃園,C,C級,低危害,檢點與危害告知,簽發前安全檢點,是否安全檢點,32,30,29,1,0,0,0,0.9667,2,低
2025-11,桃園,C,C級,低危害,檢點與危害告知,危害告知,是否危害告知,32,30,29,1,0,0,0,0.9667,2,低
2025-11,桃園,C,C級,低危害,危害排除與隔離,環境危害排除,是否設備管線危害物排除,32,30,29,1,0,0,0,0.9667,2,低
2025-11,桃園,C,C級,低危害,危害排除與隔離,隔離管制,設備管線是否加盲加鎖掛牌,32,28,27,1,0,0,0,0.9643,2,低
2025-11,桃園,C,C級,低危害,環境測定,氣體偵測數值,可燃性氣體%、氧氣%、一氧化碳PPM、硫化氫PPM,32,29,28,1,0,0,0,0.9655,2,低
2025-11,桃園,C,C級,低危害,環境測定,測定基準,可燃性氣體 < 20%LEL；氧氣>= 18%；一氧化碳<50 PPM；硫化氫<10 PPM,32,29,28,1,0,0,0,0.9655,2,低
2025-11,桃園,C,C級,低危害,環境測定,測定頻率,上、下午施工前測定；A級或高風險作業需重複或連續測定；每小時/每兩小時紀錄表,32,29,28,1,0,0,0,0.9655,2,低
2025-11,桃園,C,C級,低危害,防火防爆,消防設備,是否有消防設備,32,27,26,1,0,1,0,0.963,5,低
2025-11,桃園,C,C級,低危害,防火防爆,防爆安全工具,是否使用防爆電氣設備及安全工具,32,30,29,1,0,0,0,0.9667,2,低
2025-11,桃園,C,C級,低危害,高處作業,防墜措施,設標準施工架、安全網、安全母索、安全帶,32,28,27,1,0,0,0,0.9643,2,低
2025-11,桃園,C,C級,低危害,安全保護,個人防護具,是否有防護口罩、防毒面具、SCBA、防護手套、安全眼鏡、耳塞,32,27,26,1,0,0,0,0.963,2,低
2025-11,桃園,C,C級,低危害,警戒巡查,警戒標示,是否有警戒標示,32,27,26,1,0,0,0,0.963,2,低
2025-11,桃園,C,C級,低危害,警戒巡查,巡查會簽,是否轄區、監造、安衛人員或工地負責人巡查會簽,32,30,29,1,0,0,0,0.9667,2,低
2025-11,桃園,C,C級,低危害,收工回簽,回簽收工確認,是否回簽時確認環境已整理並完成防護措施,32,32,31,1,0,0,0,0.9688,2,低
2025-11,桃園,C,C級,低危害,收工回簽,一般安全規定,是否遵守工安規定,32,31,30,1,0,0,0,0.9677,2,低
2025-11,桃園,C,C級,低危害,收工回簽,現場紀錄,是否拍照,32,30,29,1,0,0,0,0.9667,2,低
2025-12,桃園,A,A級,高危害,廠區,基本資料,工廠、日期、時間,20,19,19,0,0,0,0,1.0,0,低
2025-12,桃園,A,A級,高危害,許可證,許可資訊,工程作業分級、申請時間、核准工作時間、工作許可證編號,20,17,17,0,0,0,0,1.0,0,低
2025-12,桃園,A,A級,高危害,施工地點,場地關係人,施工部門、轄區部門、監造部門,20,17,16,1,0,0,0,0.9412,2,低
2025-12,桃園,A,A級,高危害,包商,承攬商與人員資格,承攬商、工作人數、車輛車號、工地負責人、安衛人員、特殊作業主管,20,17,16,1,0,0,0,0.9412,2,低
2025-12,桃園,A,A級,高危害,危害等級,作業等級,施工地點、工程案號、工作內容、許可工作項目、作業分級,20,19,18,1,0,0,0,0.9474,2,低
2025-12,桃園,A,A級,高危害,危害等級,管線設備危害物,可燃性氣體、易燃液體、有害性氣體、化學藥劑、酸鹼、熱水蒸氣、空氣、其他,20,20,19,1,0,0,0,0.95,2,低
2025-12,桃園,A,A級,高危害,檢點與危害告知,簽發前安全檢點,是否安全檢點,20,19,18,1,0,0,0,0.9474,2,低
2025-12,桃園,A,A級,高危害,檢點與危害告知,危害告知,是否危害告知,20,19,18,1,0,0,0,0.9474,2,低
2025-12,桃園,A,A級,高危害,危害排除與隔離,環境危害排除,是否設備管線危害物排除,20,18,17,1,0,0,0,0.9444,2,低
2025-12,桃園,A,A級,高危害,危害排除與隔離,隔離管制,設備管線是否加盲加鎖掛牌,20,18,17,1,0,0,0,0.9444,2,低
2025-12,桃園,A,A級,高危害,環境測定,氣體偵測數值,可燃性氣體%、氧氣%、一氧化碳PPM、硫化氫PPM,20,17,16,1,0,0,0,0.9412,2,低
2025-12,桃園,A,A級,高危害,環境測定,測定基準,可燃性氣體 < 20%LEL；氧氣>= 18%；一氧化碳<50 PPM；硫化氫<10 PPM,20,18,17,1,0,0,0,0.9444,2,低
2025-12,桃園,A,A級,高危害,環境測定,測定頻率,上、下午施工前測定；A級或高風險作業需重複或連續測定；每小時/每兩小時紀錄表,20,17,16,1,0,0,0,0.9412,2,低
2025-12,桃園,A,A級,高危害,防火防爆,消防設備,是否有消防設備,20,18,17,1,0,0,0,0.9444,2,低
2025-12,桃園,A,A級,高危害,防火防爆,防爆安全工具,是否使用防爆電氣設備及安全工具,20,16,15,1,0,0,0,0.9375,2,低
2025-12,桃園,A,A級,高危害,高處作業,防墜措施,設標準施工架、安全網、安全母索、安全帶,20,17,16,1,0,0,0,0.9412,2,低
2025-12,桃園,A,A級,高危害,安全保護,個人防護具,是否有防護口罩、防毒面具、SCBA、防護手套、安全眼鏡、耳塞,20,17,16,1,0,0,0,0.9412,2,低
2025-12,桃園,A,A級,高危害,警戒巡查,警戒標示,是否有警戒標示,20,17,16,1,0,0,0,0.9412,2,低
2025-12,桃園,A,A級,高危害,警戒巡查,巡查會簽,是否轄區、監造、安衛人員或工地負責人巡查會簽,20,19,18,1,0,0,0,0.9474,2,低
2025-12,桃園,A,A級,高危害,收工回簽,回簽收工確認,是否回簽時確認環境已整理並完成防護措施,20,19,18,1,0,0,0,0.9474,2,低
2025-12,桃園,A,A級,高危害,收工回簽,一般安全規定,是否遵守工安規定,20,17,16,1,0,0,0,0.9412,2,低
2025-12,桃園,A,A級,高危害,收工回簽,現場紀錄,是否拍照,20,17,16,1,0,0,0,0.9412,2,低
2025-12,桃園,B,B級,中危害,廠區,基本資料,工廠、日期、時間,52,47,46,1,0,0,0,0.9787,2,低
2025-12,桃園,B,B級,中危害,許可證,許可資訊,工程作業分級、申請時間、核准工作時間、工作許可證編號,52,46,45,1,0,0,0,0.9783,2,低
2025-12,桃園,B,B級,中危害,施工地點,場地關係人,施工部門、轄區部門、監造部門,52,50,49,1,0,0,0,0.98,2,低
2025-12,桃園,B,B級,中危害,包商,承攬商與人員資格,承攬商、工作人數、車輛車號、工地負責人、安衛人員、特殊作業主管,52,44,43,1,0,0,0,0.9773,2,低
2025-12,桃園,B,B級,中危害,危害等級,作業等級,施工地點、工程案號、工作內容、許可工作項目、作業分級,52,44,43,1,0,0,0,0.9773,2,低
2025-12,桃園,B,B級,中危害,危害等級,管線設備危害物,可燃性氣體、易燃液體、有害性氣體、化學藥劑、酸鹼、熱水蒸氣、空氣、其他,52,52,50,2,0,1,0,0.9615,7,低
2025-12,桃園,B,B級,中危害,檢點與危害告知,簽發前安全檢點,是否安全檢點,52,48,47,1,0,0,0,0.9792,2,低
2025-12,桃園,B,B級,中危害,檢點與危害告知,危害告知,是否危害告知,52,44,43,1,0,0,0,0.9773,2,低
2025-12,桃園,B,B級,中危害,危害排除與隔離,環境危害排除,是否設備管線危害物排除,52,48,47,1,0,0,0,0.9792,2,低
2025-12,桃園,B,B級,中危害,危害排除與隔離,隔離管制,設備管線是否加盲加鎖掛牌,52,45,43,2,1,1,0,0.9556,16,中
2025-12,桃園,B,B級,中危害,環境測定,氣體偵測數值,可燃性氣體%、氧氣%、一氧化碳PPM、硫化氫PPM,52,45,43,2,1,1,0,0.9556,16,中
2025-12,桃園,B,B級,中危害,環境測定,測定基準,可燃性氣體 < 20%LEL；氧氣>= 18%；一氧化碳<50 PPM；硫化氫<10 PPM,52,47,45,2,1,1,0,0.9574,16,中
2025-12,桃園,B,B級,中危害,環境測定,測定頻率,上、下午施工前測定；A級或高風險作業需重複或連續測定；每小時/每兩小時紀錄表,52,43,41,2,1,1,0,0.9535,16,中
2025-12,桃園,B,B級,中危害,防火防爆,消防設備,是否有消防設備,52,44,42,2,1,1,0,0.9545,16,中
2025-12,桃園,B,B級,中危害,防火防爆,防爆安全工具,是否使用防爆電氣設備及安全工具,52,48,46,2,1,1,0,0.9583,16,中
2025-12,桃園,B,B級,中危害,高處作業,防墜措施,設標準施工架、安全網、安全母索、安全帶,52,43,41,2,1,0,0,0.9535,13,低
2025-12,桃園,B,B級,中危害,安全保護,個人防護具,是否有防護口罩、防毒面具、SCBA、防護手套、安全眼鏡、耳塞,52,51,49,2,0,1,0,0.9608,7,低
2025-12,桃園,B,B級,中危害,警戒巡查,警戒標示,是否有警戒標示,52,50,49,1,0,0,0,0.98,2,低
2025-12,桃園,B,B級,中危害,警戒巡查,巡查會簽,是否轄區、監造、安衛人員或工地負責人巡查會簽,52,43,42,1,0,0,0,0.9767,2,低
2025-12,桃園,B,B級,中危害,收工回簽,回簽收工確認,是否回簽時確認環境已整理並完成防護措施,52,50,49,1,0,0,0,0.98,2,低
2025-12,桃園,B,B級,中危害,收工回簽,一般安全規定,是否遵守工安規定,52,44,43,1,0,0,0,0.9773,2,低
2025-12,桃園,B,B級,中危害,收工回簽,現場紀錄,是否拍照,52,44,43,1,0,0,0,0.9773,2,低
2025-12,桃園,C,C級,低危害,廠區,基本資料,工廠、日期、時間,38,38,37,1,0,0,0,0.9737,2,低
2025-12,桃園,C,C級,低危害,許可證,許可資訊,工程作業分級、申請時間、核准工作時間、工作許可證編號,38,33,32,1,0,0,0,0.9697,2,低
2025-12,桃園,C,C級,低危害,施工地點,場地關係人,施工部門、轄區部門、監造部門,38,34,33,1,0,0,0,0.9706,2,低
2025-12,桃園,C,C級,低危害,包商,承攬商與人員資格,承攬商、工作人數、車輛車號、工地負責人、安衛人員、特殊作業主管,38,33,32,1,0,0,0,0.9697,2,低
2025-12,桃園,C,C級,低危害,危害等級,作業等級,施工地點、工程案號、工作內容、許可工作項目、作業分級,38,35,34,1,0,0,0,0.9714,2,低
2025-12,桃園,C,C級,低危害,危害等級,管線設備危害物,可燃性氣體、易燃液體、有害性氣體、化學藥劑、酸鹼、熱水蒸氣、空氣、其他,38,36,35,1,0,0,0,0.9722,2,低
2025-12,桃園,C,C級,低危害,檢點與危害告知,簽發前安全檢點,是否安全檢點,38,34,33,1,0,0,0,0.9706,2,低
2025-12,桃園,C,C級,低危害,檢點與危害告知,危害告知,是否危害告知,38,33,32,1,0,0,0,0.9697,2,低
2025-12,桃園,C,C級,低危害,危害排除與隔離,環境危害排除,是否設備管線危害物排除,38,34,33,1,0,0,0,0.9706,2,低
2025-12,桃園,C,C級,低危害,危害排除與隔離,隔離管制,設備管線是否加盲加鎖掛牌,38,32,31,1,0,1,0,0.9688,5,低
2025-12,桃園,C,C級,低危害,環境測定,氣體偵測數值,可燃性氣體%、氧氣%、一氧化碳PPM、硫化氫PPM,38,33,32,1,0,0,0,0.9697,2,低
2025-12,桃園,C,C級,低危害,環境測定,測定基準,可燃性氣體 < 20%LEL；氧氣>= 18%；一氧化碳<50 PPM；硫化氫<10 PPM,38,32,31,1,0,0,0,0.9688,2,低
2025-12,桃園,C,C級,低危害,環境測定,測定頻率,上、下午施工前測定；A級或高風險作業需重複或連續測定；每小時/每兩小時紀錄表,38,37,36,1,0,1,0,0.973,5,低
2025-12,桃園,C,C級,低危害,防火防爆,消防設備,是否有消防設備,38,32,31,1,0,0,0,0.9688,2,低
2025-12,桃園,C,C級,低危害,防火防爆,防爆安全工具,是否使用防爆電氣設備及安全工具,38,37,36,1,0,0,0,0.973,2,低
2025-12,桃園,C,C級,低危害,高處作業,防墜措施,設標準施工架、安全網、安全母索、安全帶,38,37,36,1,0,0,0,0.973,2,低
2025-12,桃園,C,C級,低危害,安全保護,個人防護具,是否有防護口罩、防毒面具、SCBA、防護手套、安全眼鏡、耳塞,38,37,36,1,0,0,0,0.973,2,低
2025-12,桃園,C,C級,低危害,警戒巡查,警戒標示,是否有警戒標示,38,36,35,1,0,0,0,0.9722,2,低
2025-12,桃園,C,C級,低危害,警戒巡查,巡查會簽,是否轄區、監造、安衛人員或工地負責人巡查會簽,38,36,35,1,0,0,0,0.9722,2,低
2025-12,桃園,C,C級,低危害,收工回簽,回簽收工確認,是否回簽時確認環境已整理並完成防護措施,38,34,33,1,0,0,0,0.9706,2,低
2025-12,桃園,C,C級,低危害,收工回簽,一般安全規定,是否遵守工安規定,38,37,36,1,0,0,0,0.973,2,低
2025-12,桃園,C,C級,低危害,收工回簽,現場紀錄,是否拍照,38,33,32,1,0,0,0,0.9697,2,低
2026-01,桃園,A,A級,高危害,廠區,基本資料,工廠、日期、時間,29,28,27,1,0,0,0,0.9643,2,低
2026-01,桃園,A,A級,高危害,許可證,許可資訊,工程作業分級、申請時間、核准工作時間、工作許可證編號,29,29,28,1,0,0,0,0.9655,2,低
2026-01,桃園,A,A級,高危害,施工地點,場地關係人,施工部門、轄區部門、監造部門,29,28,27,1,0,0,0,0.9643,2,低
2026-01,桃園,A,A級,高危害,包商,承攬商與人員資格,承攬商、工作人數、車輛車號、工地負責人、安衛人員、特殊作業主管,29,27,26,1,0,0,0,0.963,2,低
2026-01,桃園,A,A級,高危害,危害等級,作業等級,施工地點、工程案號、工作內容、許可工作項目、作業分級,29,28,27,1,0,0,0,0.9643,2,低
2026-01,桃園,A,A級,高危害,危害等級,管線設備危害物,可燃性氣體、易燃液體、有害性氣體、化學藥劑、酸鹼、熱水蒸氣、空氣、其他,29,26,25,1,0,0,0,0.9615,2,低
2026-01,桃園,A,A級,高危害,檢點與危害告知,簽發前安全檢點,是否安全檢點,29,29,28,1,0,0,0,0.9655,2,低
2026-01,桃園,A,A級,高危害,檢點與危害告知,危害告知,是否危害告知,29,25,24,1,0,0,0,0.96,2,低
2026-01,桃園,A,A級,高危害,危害排除與隔離,環境危害排除,是否設備管線危害物排除,29,25,24,1,0,0,0,0.96,2,低
2026-01,桃園,A,A級,高危害,危害排除與隔離,隔離管制,設備管線是否加盲加鎖掛牌,29,26,25,1,0,0,0,0.9615,2,低
2026-01,桃園,A,A級,高危害,環境測定,氣體偵測數值,可燃性氣體%、氧氣%、一氧化碳PPM、硫化氫PPM,29,27,25,2,1,1,0,0.9259,16,中
2026-01,桃園,A,A級,高危害,環境測定,測定基準,可燃性氣體 < 20%LEL；氧氣>= 18%；一氧化碳<50 PPM；硫化氫<10 PPM,29,26,25,1,0,0,0,0.9615,2,低
2026-01,桃園,A,A級,高危害,環境測定,測定頻率,上、下午施工前測定；A級或高風險作業需重複或連續測定；每小時/每兩小時紀錄表,29,27,26,1,0,1,0,0.963,5,低
2026-01,桃園,A,A級,高危害,防火防爆,消防設備,是否有消防設備,29,27,25,2,1,1,0,0.9259,16,中
2026-01,桃園,A,A級,高危害,防火防爆,防爆安全工具,是否使用防爆電氣設備及安全工具,29,27,26,1,0,0,0,0.963,2,低
2026-01,桃園,A,A級,高危害,高處作業,防墜措施,設標準施工架、安全網、安全母索、安全帶,29,29,28,1,0,0,0,0.9655,2,低
2026-01,桃園,A,A級,高危害,安全保護,個人防護具,是否有防護口罩、防毒面具、SCBA、防護手套、安全眼鏡、耳塞,29,29,28,1,0,0,0,0.9655,2,低
2026-01,桃園,A,A級,高危害,警戒巡查,警戒標示,是否有警戒標示,29,26,25,1,0,1,0,0.9615,5,低
2026-01,桃園,A,A級,高危害,警戒巡查,巡查會簽,是否轄區、監造、安衛人員或工地負責人巡查會簽,29,25,24,1,0,0,0,0.96,2,低
2026-01,桃園,A,A級,高危害,收工回簽,回簽收工確認,是否回簽時確認環境已整理並完成防護措施,29,28,27,1,0,0,0,0.9643,2,低
2026-01,桃園,A,A級,高危害,收工回簽,一般安全規定,是否遵守工安規定,29,28,27,1,0,0,0,0.9643,2,低
2026-01,桃園,A,A級,高危害,收工回簽,現場紀錄,是否拍照,29,26,25,1,0,0,0,0.9615,2,低
2026-01,桃園,B,B級,中危害,廠區,基本資料,工廠、日期、時間,52,45,44,1,0,0,0,0.9778,2,低
2026-01,桃園,B,B級,中危害,許可證,許可資訊,工程作業分級、申請時間、核准工作時間、工作許可證編號,52,48,47,1,0,0,0,0.9792,2,低
2026-01,桃園,B,B級,中危害,施工地點,場地關係人,施工部門、轄區部門、監造部門,52,44,43,1,0,0,0,0.9773,2,低
2026-01,桃園,B,B級,中危害,包商,承攬商與人員資格,承攬商、工作人數、車輛車號、工地負責人、安衛人員、特殊作業主管,52,47,46,1,0,0,0,0.9787,2,低
2026-01,桃園,B,B級,中危害,危害等級,作業等級,施工地點、工程案號、工作內容、許可工作項目、作業分級,52,51,49,2,0,1,0,0.9608,7,低
2026-01,桃園,B,B級,中危害,危害等級,管線設備危害物,可燃性氣體、易燃液體、有害性氣體、化學藥劑、酸鹼、熱水蒸氣、空氣、其他,52,47,45,2,0,1,0,0.9574,7,低
2026-01,桃園,B,B級,中危害,檢點與危害告知,簽發前安全檢點,是否安全檢點,52,48,46,2,0,1,0,0.9583,7,低
2026-01,桃園,B,B級,中危害,檢點與危害告知,危害告知,是否危害告知,52,47,46,1,0,0,0,0.9787,2,低
2026-01,桃園,B,B級,中危害,危害排除與隔離,環境危害排除,是否設備管線危害物排除,52,49,47,2,1,1,0,0.9592,16,中
2026-01,桃園,B,B級,中危害,危害排除與隔離,隔離管制,設備管線是否加盲加鎖掛牌,52,45,43,2,1,1,0,0.9556,16,中
2026-01,桃園,B,B級,中危害,環境測定,氣體偵測數值,可燃性氣體%、氧氣%、一氧化碳PPM、硫化氫PPM,52,51,49,2,1,1,0,0.9608,16,中
2026-01,桃園,B,B級,中危害,環境測定,測定基準,可燃性氣體 < 20%LEL；氧氣>= 18%；一氧化碳<50 PPM；硫化氫<10 PPM,52,43,42,1,0,0,0,0.9767,2,低
2026-01,桃園,B,B級,中危害,環境測定,測定頻率,上、下午施工前測定；A級或高風險作業需重複或連續測定；每小時/每兩小時紀錄表,52,43,42,1,0,0,0,0.9767,2,低
2026-01,桃園,B,B級,中危害,防火防爆,消防設備,是否有消防設備,52,48,46,2,1,0,0,0.9583,13,低
2026-01,桃園,B,B級,中危害,防火防爆,防爆安全工具,是否使用防爆電氣設備及安全工具,52,45,43,2,1,1,0,0.9556,16,中
2026-01,桃園,B,B級,中危害,高處作業,防墜措施,設標準施工架、安全網、安全母索、安全帶,52,49,47,2,1,1,0,0.9592,16,中
2026-01,桃園,B,B級,中危害,安全保護,個人防護具,是否有防護口罩、防毒面具、SCBA、防護手套、安全眼鏡、耳塞,52,44,43,1,0,0,0,0.9773,2,低
2026-01,桃園,B,B級,中危害,警戒巡查,警戒標示,是否有警戒標示,52,43,42,1,0,0,0,0.9767,2,低
2026-01,桃園,B,B級,中危害,警戒巡查,巡查會簽,是否轄區、監造、安衛人員或工地負責人巡查會簽,52,49,47,2,0,0,0,0.9592,4,低
2026-01,桃園,B,B級,中危害,收工回簽,回簽收工確認,是否回簽時確認環境已整理並完成防護措施,52,45,44,1,0,0,0,0.9778,2,低
2026-01,桃園,B,B級,中危害,收工回簽,一般安全規定,是否遵守工安規定,52,44,43,1,0,0,0,0.9773,2,低
2026-01,桃園,B,B級,中危害,收工回簽,現場紀錄,是否拍照,52,49,48,1,0,0,0,0.9796,2,低
2026-01,桃園,C,C級,低危害,廠區,基本資料,工廠、日期、時間,43,40,39,1,0,0,0,0.975,2,低
2026-01,桃園,C,C級,低危害,許可證,許可資訊,工程作業分級、申請時間、核准工作時間、工作許可證編號,43,40,39,1,0,0,0,0.975,2,低
2026-01,桃園,C,C級,低危害,施工地點,場地關係人,施工部門、轄區部門、監造部門,43,41,40,1,0,0,0,0.9756,2,低
2026-01,桃園,C,C級,低危害,包商,承攬商與人員資格,承攬商、工作人數、車輛車號、工地負責人、安衛人員、特殊作業主管,43,35,34,1,0,0,0,0.9714,2,低
2026-01,桃園,C,C級,低危害,危害等級,作業等級,施工地點、工程案號、工作內容、許可工作項目、作業分級,43,38,37,1,0,0,0,0.9737,2,低
2026-01,桃園,C,C級,低危害,危害等級,管線設備危害物,可燃性氣體、易燃液體、有害性氣體、化學藥劑、酸鹼、熱水蒸氣、空氣、其他,43,40,39,1,0,1,0,0.975,5,低
2026-01,桃園,C,C級,低危害,檢點與危害告知,簽發前安全檢點,是否安全檢點,43,38,37,1,0,0,0,0.9737,2,低
2026-01,桃園,C,C級,低危害,檢點與危害告知,危害告知,是否危害告知,43,42,41,1,0,0,0,0.9762,2,低
2026-01,桃園,C,C級,低危害,危害排除與隔離,環境危害排除,是否設備管線危害物排除,43,38,37,1,0,0,0,0.9737,2,低
2026-01,桃園,C,C級,低危害,危害排除與隔離,隔離管制,設備管線是否加盲加鎖掛牌,43,40,39,1,0,0,0,0.975,2,低
2026-01,桃園,C,C級,低危害,環境測定,氣體偵測數值,可燃性氣體%、氧氣%、一氧化碳PPM、硫化氫PPM,43,41,40,1,0,0,0,0.9756,2,低
2026-01,桃園,C,C級,低危害,環境測定,測定基準,可燃性氣體 < 20%LEL；氧氣>= 18%；一氧化碳<50 PPM；硫化氫<10 PPM,43,37,36,1,0,0,0,0.973,2,低
2026-01,桃園,C,C級,低危害,環境測定,測定頻率,上、下午施工前測定；A級或高風險作業需重複或連續測定；每小時/每兩小時紀錄表,43,36,35,1,0,0,0,0.9722,2,低
2026-01,桃園,C,C級,低危害,防火防爆,消防設備,是否有消防設備,43,43,42,1,0,0,0,0.9767,2,低
2026-01,桃園,C,C級,低危害,防火防爆,防爆安全工具,是否使用防爆電氣設備及安全工具,43,38,37,1,0,0,0,0.9737,2,低
2026-01,桃園,C,C級,低危害,高處作業,防墜措施,設標準施工架、安全網、安全母索、安全帶,43,36,35,1,0,0,0,0.9722,2,低
2026-01,桃園,C,C級,低危害,安全保護,個人防護具,是否有防護口罩、防毒面具、SCBA、防護手套、安全眼鏡、耳塞,43,40,39,1,0,0,0,0.975,2,低
2026-01,桃園,C,C級,低危害,警戒巡查,警戒標示,是否有警戒標示,43,35,34,1,0,0,0,0.9714,2,低
2026-01,桃園,C,C級,低危害,警戒巡查,巡查會簽,是否轄區、監造、安衛人員或工地負責人巡查會簽,43,43,42,1,0,0,0,0.9767,2,低
2026-01,桃園,C,C級,低危害,收工回簽,回簽收工確認,是否回簽時確認環境已整理並完成防護措施,43,36,35,1,0,0,0,0.9722,2,低
2026-01,桃園,C,C級,低危害,收工回簽,一般安全規定,是否遵守工安規定,43,40,39,1,0,0,0,0.975,2,低
2026-01,桃園,C,C級,低危害,收工回簽,現場紀錄,是否拍照,43,39,38,1,0,0,0,0.9744,2,低
2026-02,桃園,A,A級,高危害,廠區,基本資料,工廠、日期、時間,26,23,22,1,0,0,0,0.9565,2,低
2026-02,桃園,A,A級,高危害,許可證,許可資訊,工程作業分級、申請時間、核准工作時間、工作許可證編號,26,22,21,1,0,0,0,0.9545,2,低
2026-02,桃園,A,A級,高危害,施工地點,場地關係人,施工部門、轄區部門、監造部門,26,24,23,1,0,0,0,0.9583,2,低
2026-02,桃園,A,A級,高危害,包商,承攬商與人員資格,承攬商、工作人數、車輛車號、工地負責人、安衛人員、特殊作業主管,26,21,20,1,0,0,0,0.9524,2,低
2026-02,桃園,A,A級,高危害,危害等級,作業等級,施工地點、工程案號、工作內容、許可工作項目、作業分級,26,26,25,1,0,0,0,0.9615,2,低
2026-02,桃園,A,A級,高危害,危害等級,管線設備危害物,可燃性氣體、易燃液體、有害性氣體、化學藥劑、酸鹼、熱水蒸氣、空氣、其他,26,22,21,1,0,0,0,0.9545,2,低
2026-02,桃園,A,A級,高危害,檢點與危害告知,簽發前安全檢點,是否安全檢點,26,24,23,1,0,0,0,0.9583,2,低
2026-02,桃園,A,A級,高危害,檢點與危害告知,危害告知,是否危害告知,26,23,22,1,0,0,0,0.9565,2,低
2026-02,桃園,A,A級,高危害,危害排除與隔離,環境危害排除,是否設備管線危害物排除,26,24,22,2,1,0,0,0.9167,13,低
2026-02,桃園,A,A級,高危害,危害排除與隔離,隔離管制,設備管線是否加盲加鎖掛牌,26,24,23,1,0,0,0,0.9583,2,低
2026-02,桃園,A,A級,高危害,環境測定,氣體偵測數值,可燃性氣體%、氧氣%、一氧化碳PPM、硫化氫PPM,26,24,23,1,0,0,0,0.9583,2,低
2026-02,桃園,A,A級,高危害,環境測定,測定基準,可燃性氣體 < 20%LEL；氧氣>= 18%；一氧化碳<50 PPM；硫化氫<10 PPM,26,26,24,2,1,1,0,0.9231,16,中
2026-02,桃園,A,A級,高危害,環境測定,測定頻率,上、下午施工前測定；A級或高風險作業需重複或連續測定；每小時/每兩小時紀錄表,26,23,22,1,0,0,0,0.9565,2,低
2026-02,桃園,A,A級,高危害,防火防爆,消防設備,是否有消防設備,26,22,20,2,1,1,0,0.9091,16,中
2026-02,桃園,A,A級,高危害,防火防爆,防爆安全工具,是否使用防爆電氣設備及安全工具,26,23,22,1,0,0,0,0.9565,2,低
2026-02,桃園,A,A級,高危害,高處作業,防墜措施,設標準施工架、安全網、安全母索、安全帶,26,25,24,1,0,0,0,0.96,2,低
2026-02,桃園,A,A級,高危害,安全保護,個人防護具,是否有防護口罩、防毒面具、SCBA、防護手套、安全眼鏡、耳塞,26,25,24,1,0,0,0,0.96,2,低
2026-02,桃園,A,A級,高危害,警戒巡查,警戒標示,是否有警戒標示,26,22,21,1,0,1,0,0.9545,5,低
2026-02,桃園,A,A級,高危害,警戒巡查,巡查會簽,是否轄區、監造、安衛人員或工地負責人巡查會簽,26,25,24,1,0,0,0,0.96,2,低
2026-02,桃園,A,A級,高危害,收工回簽,回簽收工確認,是否回簽時確認環境已整理並完成防護措施,26,22,21,1,0,0,0,0.9545,2,低
2026-02,桃園,A,A級,高危害,收工回簽,一般安全規定,是否遵守工安規定,26,23,22,1,0,0,0,0.9565,2,低
2026-02,桃園,A,A級,高危害,收工回簽,現場紀錄,是否拍照,26,22,21,1,0,0,0,0.9545,2,低
2026-02,桃園,B,B級,中危害,廠區,基本資料,工廠、日期、時間,55,46,45,1,0,0,0,0.9783,2,低
2026-02,桃園,B,B級,中危害,許可證,許可資訊,工程作業分級、申請時間、核准工作時間、工作許可證編號,55,48,47,1,0,0,0,0.9792,2,低
2026-02,桃園,B,B級,中危害,施工地點,場地關係人,施工部門、轄區部門、監造部門,55,48,47,1,0,0,0,0.9792,2,低
2026-02,桃園,B,B級,中危害,包商,承攬商與人員資格,承攬商、工作人數、車輛車號、工地負責人、安衛人員、特殊作業主管,55,53,51,2,0,1,0,0.9623,7,低
2026-02,桃園,B,B級,中危害,危害等級,作業等級,施工地點、工程案號、工作內容、許可工作項目、作業分級,55,51,50,1,0,0,0,0.9804,2,低
2026-02,桃園,B,B級,中危害,危害等級,管線設備危害物,可燃性氣體、易燃液體、有害性氣體、化學藥劑、酸鹼、熱水蒸氣、空氣、其他,55,46,45,1,0,0,0,0.9783,2,低
2026-02,桃園,B,B級,中危害,檢點與危害告知,簽發前安全檢點,是否安全檢點,55,46,45,1,0,0,0,0.9783,2,低
2026-02,桃園,B,B級,中危害,檢點與危害告知,危害告知,是否危害告知,55,46,45,1,0,0,0,0.9783,2,低
2026-02,桃園,B,B級,中危害,危害排除與隔離,環境危害排除,是否設備管線危害物排除,55,48,46,2,1,1,0,0.9583,16,中
2026-02,桃園,B,B級,中危害,危害排除與隔離,隔離管制,設備管線是否加盲加鎖掛牌,55,54,52,2,1,1,0,0.963,16,中
2026-02,桃園,B,B級,中危害,環境測定,氣體偵測數值,可燃性氣體%、氧氣%、一氧化碳PPM、硫化氫PPM,55,49,47,2,1,1,0,0.9592,16,中
2026-02,桃園,B,B級,中危害,環境測定,測定基準,可燃性氣體 < 20%LEL；氧氣>= 18%；一氧化碳<50 PPM；硫化氫<10 PPM,55,46,44,2,1,1,0,0.9565,16,中
2026-02,桃園,B,B級,中危害,環境測定,測定頻率,上、下午施工前測定；A級或高風險作業需重複或連續測定；每小時/每兩小時紀錄表,55,48,46,2,1,1,0,0.9583,16,中
2026-02,桃園,B,B級,中危害,防火防爆,消防設備,是否有消防設備,55,47,46,1,0,0,0,0.9787,2,低
2026-02,桃園,B,B級,中危害,防火防爆,防爆安全工具,是否使用防爆電氣設備及安全工具,55,49,47,2,1,0,0,0.9592,13,低
2026-02,桃園,B,B級,中危害,高處作業,防墜措施,設標準施工架、安全網、安全母索、安全帶,55,48,46,2,1,1,0,0.9583,16,中
2026-02,桃園,B,B級,中危害,安全保護,個人防護具,是否有防護口罩、防毒面具、SCBA、防護手套、安全眼鏡、耳塞,55,52,51,1,0,0,0,0.9808,2,低
2026-02,桃園,B,B級,中危害,警戒巡查,警戒標示,是否有警戒標示,55,54,53,1,0,0,0,0.9815,2,低
2026-02,桃園,B,B級,中危害,警戒巡查,巡查會簽,是否轄區、監造、安衛人員或工地負責人巡查會簽,55,51,49,2,0,1,0,0.9608,7,低
2026-02,桃園,B,B級,中危害,收工回簽,回簽收工確認,是否回簽時確認環境已整理並完成防護措施,55,54,53,1,0,0,0,0.9815,2,低
2026-02,桃園,B,B級,中危害,收工回簽,一般安全規定,是否遵守工安規定,55,45,44,1,0,0,0,0.9778,2,低
2026-02,桃園,B,B級,中危害,收工回簽,現場紀錄,是否拍照,55,45,44,1,0,0,0,0.9778,2,低
2026-02,桃園,C,C級,低危害,廠區,基本資料,工廠、日期、時間,40,36,35,1,0,0,0,0.9722,2,低
2026-02,桃園,C,C級,低危害,許可證,許可資訊,工程作業分級、申請時間、核准工作時間、工作許可證編號,40,34,33,1,0,0,0,0.9706,2,低
2026-02,桃園,C,C級,低危害,施工地點,場地關係人,施工部門、轄區部門、監造部門,40,36,35,1,0,0,0,0.9722,2,低
2026-02,桃園,C,C級,低危害,包商,承攬商與人員資格,承攬商、工作人數、車輛車號、工地負責人、安衛人員、特殊作業主管,40,39,38,1,0,0,0,0.9744,2,低
2026-02,桃園,C,C級,低危害,危害等級,作業等級,施工地點、工程案號、工作內容、許可工作項目、作業分級,40,39,38,1,0,0,0,0.9744,2,低
2026-02,桃園,C,C級,低危害,危害等級,管線設備危害物,可燃性氣體、易燃液體、有害性氣體、化學藥劑、酸鹼、熱水蒸氣、空氣、其他,40,34,33,1,0,0,0,0.9706,2,低
2026-02,桃園,C,C級,低危害,檢點與危害告知,簽發前安全檢點,是否安全檢點,40,33,32,1,0,0,0,0.9697,2,低
2026-02,桃園,C,C級,低危害,檢點與危害告知,危害告知,是否危害告知,40,34,33,1,0,0,0,0.9706,2,低
2026-02,桃園,C,C級,低危害,危害排除與隔離,環境危害排除,是否設備管線危害物排除,40,33,32,1,0,0,0,0.9697,2,低
2026-02,桃園,C,C級,低危害,危害排除與隔離,隔離管制,設備管線是否加盲加鎖掛牌,40,34,33,1,0,0,0,0.9706,2,低
2026-02,桃園,C,C級,低危害,環境測定,氣體偵測數值,可燃性氣體%、氧氣%、一氧化碳PPM、硫化氫PPM,40,37,36,1,0,1,0,0.973,5,低
2026-02,桃園,C,C級,低危害,環境測定,測定基準,可燃性氣體 < 20%LEL；氧氣>= 18%；一氧化碳<50 PPM；硫化氫<10 PPM,40,39,38,1,0,0,0,0.9744,2,低
2026-02,桃園,C,C級,低危害,環境測定,測定頻率,上、下午施工前測定；A級或高風險作業需重複或連續測定；每小時/每兩小時紀錄表,40,37,36,1,0,0,0,0.973,2,低
2026-02,桃園,C,C級,低危害,防火防爆,消防設備,是否有消防設備,40,39,38,1,0,0,0,0.9744,2,低
2026-02,桃園,C,C級,低危害,防火防爆,防爆安全工具,是否使用防爆電氣設備及安全工具,40,35,34,1,0,0,0,0.9714,2,低
2026-02,桃園,C,C級,低危害,高處作業,防墜措施,設標準施工架、安全網、安全母索、安全帶,40,37,36,1,0,0,0,0.973,2,低
2026-02,桃園,C,C級,低危害,安全保護,個人防護具,是否有防護口罩、防毒面具、SCBA、防護手套、安全眼鏡、耳塞,40,36,35,1,0,0,0,0.9722,2,低
2026-02,桃園,C,C級,低危害,警戒巡查,警戒標示,是否有警戒標示,40,35,34,1,0,0,0,0.9714,2,低
2026-02,桃園,C,C級,低危害,警戒巡查,巡查會簽,是否轄區、監造、安衛人員或工地負責人巡查會簽,40,40,39,1,0,0,0,0.975,2,低
2026-02,桃園,C,C級,低危害,收工回簽,回簽收工確認,是否回簽時確認環境已整理並完成防護措施,40,38,37,1,0,0,0,0.9737,2,低
2026-02,桃園,C,C級,低危害,收工回簽,一般安全規定,是否遵守工安規定,40,39,38,1,0,0,0,0.9744,2,低
2026-02,桃園,C,C級,低危害,收工回簽,現場紀錄,是否拍照,40,38,37,1,0,1,0,0.9737,5,低
2026-03,桃園,A,A級,高危害,廠區,基本資料,工廠、日期、時間,26,23,22,1,0,0,0,0.9565,2,低
2026-03,桃園,A,A級,高危害,許可證,許可資訊,工程作業分級、申請時間、核准工作時間、工作許可證編號,26,24,23,1,0,0,0,0.9583,2,低
2026-03,桃園,A,A級,高危害,施工地點,場地關係人,施工部門、轄區部門、監造部門,26,23,22,1,0,0,0,0.9565,2,低
2026-03,桃園,A,A級,高危害,包商,承攬商與人員資格,承攬商、工作人數、車輛車號、工地負責人、安衛人員、特殊作業主管,26,23,22,1,0,0,0,0.9565,2,低
2026-03,桃園,A,A級,高危害,危害等級,作業等級,施工地點、工程案號、工作內容、許可工作項目、作業分級,26,26,25,1,0,0,0,0.9615,2,低
2026-03,桃園,A,A級,高危害,危害等級,管線設備危害物,可燃性氣體、易燃液體、有害性氣體、化學藥劑、酸鹼、熱水蒸氣、空氣、其他,26,25,24,1,0,0,0,0.96,2,低
2026-03,桃園,A,A級,高危害,檢點與危害告知,簽發前安全檢點,是否安全檢點,26,25,24,1,0,0,0,0.96,2,低
2026-03,桃園,A,A級,高危害,檢點與危害告知,危害告知,是否危害告知,26,25,24,1,0,1,0,0.96,5,低
2026-03,桃園,A,A級,高危害,危害排除與隔離,環境危害排除,是否設備管線危害物排除,26,22,21,1,0,0,0,0.9545,2,低
2026-03,桃園,A,A級,高危害,危害排除與隔離,隔離管制,設備管線是否加盲加鎖掛牌,26,22,21,1,0,0,0,0.9545,2,低
2026-03,桃園,A,A級,高危害,環境測定,氣體偵測數值,可燃性氣體%、氧氣%、一氧化碳PPM、硫化氫PPM,26,24,23,1,0,0,0,0.9583,2,低
2026-03,桃園,A,A級,高危害,環境測定,測定基準,可燃性氣體 < 20%LEL；氧氣>= 18%；一氧化碳<50 PPM；硫化氫<10 PPM,26,24,23,1,0,0,0,0.9583,2,低
2026-03,桃園,A,A級,高危害,環境測定,測定頻率,上、下午施工前測定；A級或高風險作業需重複或連續測定；每小時/每兩小時紀錄表,26,24,23,1,0,0,0,0.9583,2,低
2026-03,桃園,A,A級,高危害,防火防爆,消防設備,是否有消防設備,26,23,21,2,1,1,0,0.913,16,中
2026-03,桃園,A,A級,高危害,防火防爆,防爆安全工具,是否使用防爆電氣設備及安全工具,26,24,23,1,0,0,0,0.9583,2,低
2026-03,桃園,A,A級,高危害,高處作業,防墜措施,設標準施工架、安全網、安全母索、安全帶,26,22,21,1,0,0,0,0.9545,2,低
2026-03,桃園,A,A級,高危害,安全保護,個人防護具,是否有防護口罩、防毒面具、SCBA、防護手套、安全眼鏡、耳塞,26,25,24,1,0,0,0,0.96,2,低
2026-03,桃園,A,A級,高危害,警戒巡查,警戒標示,是否有警戒標示,26,24,23,1,0,0,0,0.9583,2,低
2026-03,桃園,A,A級,高危害,警戒巡查,巡查會簽,是否轄區、監造、安衛人員或工地負責人巡查會簽,26,22,21,1,0,0,0,0.9545,2,低
2026-03,桃園,A,A級,高危害,收工回簽,回簽收工確認,是否回簽時確認環境已整理並完成防護措施,26,24,23,1,0,0,0,0.9583,2,低
2026-03,桃園,A,A級,高危害,收工回簽,一般安全規定,是否遵守工安規定,26,25,24,1,0,0,0,0.96,2,低
2026-03,桃園,A,A級,高危害,收工回簽,現場紀錄,是否拍照,26,26,25,1,0,0,0,0.9615,2,低
2026-03,桃園,B,B級,中危害,廠區,基本資料,工廠、日期、時間,58,52,51,1,0,0,0,0.9808,2,低
2026-03,桃園,B,B級,中危害,許可證,許可資訊,工程作業分級、申請時間、核准工作時間、工作許可證編號,58,49,48,1,0,0,0,0.9796,2,低
2026-03,桃園,B,B級,中危害,施工地點,場地關係人,施工部門、轄區部門、監造部門,58,56,55,1,0,1,0,0.9821,5,低
2026-03,桃園,B,B級,中危害,包商,承攬商與人員資格,承攬商、工作人數、車輛車號、工地負責人、安衛人員、特殊作業主管,58,56,55,1,0,0,0,0.9821,2,低
2026-03,桃園,B,B級,中危害,危害等級,作業等級,施工地點、工程案號、工作內容、許可工作項目、作業分級,58,54,52,2,0,1,0,0.963,7,低
2026-03,桃園,B,B級,中危害,危害等級,管線設備危害物,可燃性氣體、易燃液體、有害性氣體、化學藥劑、酸鹼、熱水蒸氣、空氣、其他,58,51,50,1,0,0,0,0.9804,2,低
2026-03,桃園,B,B級,中危害,檢點與危害告知,簽發前安全檢點,是否安全檢點,58,52,51,1,0,0,0,0.9808,2,低
2026-03,桃園,B,B級,中危害,檢點與危害告知,危害告知,是否危害告知,58,52,51,1,0,0,0,0.9808,2,低
2026-03,桃園,B,B級,中危害,危害排除與隔離,環境危害排除,是否設備管線危害物排除,58,50,48,2,1,0,0,0.96,13,低
2026-03,桃園,B,B級,中危害,危害排除與隔離,隔離管制,設備管線是否加盲加鎖掛牌,58,51,49,2,1,1,0,0.9608,16,中
2026-03,桃園,B,B級,中危害,環境測定,氣體偵測數值,可燃性氣體%、氧氣%、一氧化碳PPM、硫化氫PPM,58,56,54,2,1,1,0,0.9643,16,中
2026-03,桃園,B,B級,中危害,環境測定,測定基準,可燃性氣體 < 20%LEL；氧氣>= 18%；一氧化碳<50 PPM；硫化氫<10 PPM,58,48,46,2,1,1,0,0.9583,16,中
2026-03,桃園,B,B級,中危害,環境測定,測定頻率,上、下午施工前測定；A級或高風險作業需重複或連續測定；每小時/每兩小時紀錄表,58,49,47,2,1,1,0,0.9592,16,中
2026-03,桃園,B,B級,中危害,防火防爆,消防設備,是否有消防設備,58,55,53,2,1,1,0,0.9636,16,中
2026-03,桃園,B,B級,中危害,防火防爆,防爆安全工具,是否使用防爆電氣設備及安全工具,58,50,48,2,1,1,0,0.96,16,中
2026-03,桃園,B,B級,中危害,高處作業,防墜措施,設標準施工架、安全網、安全母索、安全帶,58,53,51,2,1,1,0,0.9623,16,中
2026-03,桃園,B,B級,中危害,安全保護,個人防護具,是否有防護口罩、防毒面具、SCBA、防護手套、安全眼鏡、耳塞,58,48,46,2,0,1,0,0.9583,7,低
2026-03,桃園,B,B級,中危害,警戒巡查,警戒標示,是否有警戒標示,58,48,47,1,0,0,0,0.9792,2,低
2026-03,桃園,B,B級,中危害,警戒巡查,巡查會簽,是否轄區、監造、安衛人員或工地負責人巡查會簽,58,52,51,1,0,0,0,0.9808,2,低
2026-03,桃園,B,B級,中危害,收工回簽,回簽收工確認,是否回簽時確認環境已整理並完成防護措施,58,49,48,1,0,0,0,0.9796,2,低
2026-03,桃園,B,B級,中危害,收工回簽,一般安全規定,是否遵守工安規定,58,51,50,1,0,0,0,0.9804,2,低
2026-03,桃園,B,B級,中危害,收工回簽,現場紀錄,是否拍照,58,54,53,1,0,0,0,0.9815,2,低
2026-03,桃園,C,C級,低危害,廠區,基本資料,工廠、日期、時間,44,37,36,1,0,0,0,0.973,2,低
2026-03,桃園,C,C級,低危害,許可證,許可資訊,工程作業分級、申請時間、核准工作時間、工作許可證編號,44,40,39,1,0,0,0,0.975,2,低
2026-03,桃園,C,C級,低危害,施工地點,場地關係人,施工部門、轄區部門、監造部門,44,39,38,1,0,0,0,0.9744,2,低
2026-03,桃園,C,C級,低危害,包商,承攬商與人員資格,承攬商、工作人數、車輛車號、工地負責人、安衛人員、特殊作業主管,44,36,35,1,0,0,0,0.9722,2,低
2026-03,桃園,C,C級,低危害,危害等級,作業等級,施工地點、工程案號、工作內容、許可工作項目、作業分級,44,41,40,1,0,0,0,0.9756,2,低
2026-03,桃園,C,C級,低危害,危害等級,管線設備危害物,可燃性氣體、易燃液體、有害性氣體、化學藥劑、酸鹼、熱水蒸氣、空氣、其他,44,40,39,1,0,0,0,0.975,2,低
2026-03,桃園,C,C級,低危害,檢點與危害告知,簽發前安全檢點,是否安全檢點,44,41,40,1,0,0,0,0.9756,2,低
2026-03,桃園,C,C級,低危害,檢點與危害告知,危害告知,是否危害告知,44,43,42,1,0,0,0,0.9767,2,低
2026-03,桃園,C,C級,低危害,危害排除與隔離,環境危害排除,是否設備管線危害物排除,44,44,43,1,0,1,0,0.9773,5,低
2026-03,桃園,C,C級,低危害,危害排除與隔離,隔離管制,設備管線是否加盲加鎖掛牌,44,37,36,1,0,0,0,0.973,2,低
2026-03,桃園,C,C級,低危害,環境測定,氣體偵測數值,可燃性氣體%、氧氣%、一氧化碳PPM、硫化氫PPM,44,39,38,1,0,0,0,0.9744,2,低
2026-03,桃園,C,C級,低危害,環境測定,測定基準,可燃性氣體 < 20%LEL；氧氣>= 18%；一氧化碳<50 PPM；硫化氫<10 PPM,44,41,40,1,0,0,0,0.9756,2,低
2026-03,桃園,C,C級,低危害,環境測定,測定頻率,上、下午施工前測定；A級或高風險作業需重複或連續測定；每小時/每兩小時紀錄表,44,40,39,1,0,0,0,0.975,2,低
2026-03,桃園,C,C級,低危害,防火防爆,消防設備,是否有消防設備,44,41,40,1,0,0,0,0.9756,2,低
2026-03,桃園,C,C級,低危害,防火防爆,防爆安全工具,是否使用防爆電氣設備及安全工具,44,38,37,1,0,0,0,0.9737,2,低
2026-03,桃園,C,C級,低危害,高處作業,防墜措施,設標準施工架、安全網、安全母索、安全帶,44,41,40,1,0,0,0,0.9756,2,低
2026-03,桃園,C,C級,低危害,安全保護,個人防護具,是否有防護口罩、防毒面具、SCBA、防護手套、安全眼鏡、耳塞,44,42,41,1,0,0,0,0.9762,2,低
2026-03,桃園,C,C級,低危害,警戒巡查,警戒標示,是否有警戒標示,44,39,38,1,0,0,0,0.9744,2,低
2026-03,桃園,C,C級,低危害,警戒巡查,巡查會簽,是否轄區、監造、安衛人員或工地負責人巡查會簽,44,43,42,1,0,0,0,0.9767,2,低
2026-03,桃園,C,C級,低危害,收工回簽,回簽收工確認,是否回簽時確認環境已整理並完成防護措施,44,40,39,1,0,0,0,0.975,2,低
2026-03,桃園,C,C級,低危害,收工回簽,一般安全規定,是否遵守工安規定,44,37,36,1,0,0,0,0.973,2,低
2026-03,桃園,C,C級,低危害,收工回簽,現場紀錄,是否拍照,44,39,38,1,0,0,0,0.9744,2,低
2026-04,桃園,A,A級,高危害,廠區,基本資料,工廠、日期、時間,29,25,24,1,0,0,0,0.96,2,低
2026-04,桃園,A,A級,高危害,許可證,許可資訊,工程作業分級、申請時間、核准工作時間、工作許可證編號,29,27,26,1,0,0,0,0.963,2,低
2026-04,桃園,A,A級,高危害,施工地點,場地關係人,施工部門、轄區部門、監造部門,29,28,27,1,0,0,0,0.9643,2,低
2026-04,桃園,A,A級,高危害,包商,承攬商與人員資格,承攬商、工作人數、車輛車號、工地負責人、安衛人員、特殊作業主管,29,26,25,1,0,0,0,0.9615,2,低
2026-04,桃園,A,A級,高危害,危害等級,作業等級,施工地點、工程案號、工作內容、許可工作項目、作業分級,29,28,27,1,0,0,0,0.9643,2,低
2026-04,桃園,A,A級,高危害,危害等級,管線設備危害物,可燃性氣體、易燃液體、有害性氣體、化學藥劑、酸鹼、熱水蒸氣、空氣、其他,29,26,25,1,0,0,0,0.9615,2,低
2026-04,桃園,A,A級,高危害,檢點與危害告知,簽發前安全檢點,是否安全檢點,29,24,23,1,0,0,0,0.9583,2,低
2026-04,桃園,A,A級,高危害,檢點與危害告知,危害告知,是否危害告知,29,26,25,1,0,0,0,0.9615,2,低
2026-04,桃園,A,A級,高危害,危害排除與隔離,環境危害排除,是否設備管線危害物排除,29,27,25,2,1,1,0,0.9259,16,中
2026-04,桃園,A,A級,高危害,危害排除與隔離,隔離管制,設備管線是否加盲加鎖掛牌,29,29,27,2,1,0,0,0.931,13,低
2026-04,桃園,A,A級,高危害,環境測定,氣體偵測數值,可燃性氣體%、氧氣%、一氧化碳PPM、硫化氫PPM,29,24,22,2,1,1,0,0.9167,16,中
2026-04,桃園,A,A級,高危害,環境測定,測定基準,可燃性氣體 < 20%LEL；氧氣>= 18%；一氧化碳<50 PPM；硫化氫<10 PPM,29,25,24,1,0,0,0,0.96,2,低
2026-04,桃園,A,A級,高危害,環境測定,測定頻率,上、下午施工前測定；A級或高風險作業需重複或連續測定；每小時/每兩小時紀錄表,29,27,25,2,1,1,0,0.9259,16,中
2026-04,桃園,A,A級,高危害,防火防爆,消防設備,是否有消防設備,29,27,25,2,1,0,0,0.9259,13,低
2026-04,桃園,A,A級,高危害,防火防爆,防爆安全工具,是否使用防爆電氣設備及安全工具,29,24,22,2,1,1,0,0.9167,16,中
2026-04,桃園,A,A級,高危害,高處作業,防墜措施,設標準施工架、安全網、安全母索、安全帶,29,29,28,1,0,0,0,0.9655,2,低
2026-04,桃園,A,A級,高危害,安全保護,個人防護具,是否有防護口罩、防毒面具、SCBA、防護手套、安全眼鏡、耳塞,29,24,23,1,0,1,0,0.9583,5,低
2026-04,桃園,A,A級,高危害,警戒巡查,警戒標示,是否有警戒標示,29,25,24,1,0,0,0,0.96,2,低
2026-04,桃園,A,A級,高危害,警戒巡查,巡查會簽,是否轄區、監造、安衛人員或工地負責人巡查會簽,29,27,26,1,0,0,0,0.963,2,低
2026-04,桃園,A,A級,高危害,收工回簽,回簽收工確認,是否回簽時確認環境已整理並完成防護措施,29,27,26,1,0,0,0,0.963,2,低
2026-04,桃園,A,A級,高危害,收工回簽,一般安全規定,是否遵守工安規定,29,25,24,1,0,0,0,0.96,2,低
2026-04,桃園,A,A級,高危害,收工回簽,現場紀錄,是否拍照,29,27,26,1,0,0,0,0.963,2,低
2026-04,桃園,B,B級,中危害,廠區,基本資料,工廠、日期、時間,53,49,48,1,0,0,0,0.9796,2,低
2026-04,桃園,B,B級,中危害,許可證,許可資訊,工程作業分級、申請時間、核准工作時間、工作許可證編號,53,45,44,1,0,0,0,0.9778,2,低
2026-04,桃園,B,B級,中危害,施工地點,場地關係人,施工部門、轄區部門、監造部門,53,51,50,1,0,0,0,0.9804,2,低
2026-04,桃園,B,B級,中危害,包商,承攬商與人員資格,承攬商、工作人數、車輛車號、工地負責人、安衛人員、特殊作業主管,53,45,44,1,0,0,0,0.9778,2,低
2026-04,桃園,B,B級,中危害,危害等級,作業等級,施工地點、工程案號、工作內容、許可工作項目、作業分級,53,49,48,1,0,0,0,0.9796,2,低
2026-04,桃園,B,B級,中危害,危害等級,管線設備危害物,可燃性氣體、易燃液體、有害性氣體、化學藥劑、酸鹼、熱水蒸氣、空氣、其他,53,48,46,2,0,1,0,0.9583,7,低
2026-04,桃園,B,B級,中危害,檢點與危害告知,簽發前安全檢點,是否安全檢點,53,50,49,1,0,0,0,0.98,2,低
2026-04,桃園,B,B級,中危害,檢點與危害告知,危害告知,是否危害告知,53,45,44,1,0,0,0,0.9778,2,低
2026-04,桃園,B,B級,中危害,危害排除與隔離,環境危害排除,是否設備管線危害物排除,53,44,43,1,0,1,0,0.9773,5,低
2026-04,桃園,B,B級,中危害,危害排除與隔離,隔離管制,設備管線是否加盲加鎖掛牌,53,51,49,2,1,1,0,0.9608,16,中
2026-04,桃園,B,B級,中危害,環境測定,氣體偵測數值,可燃性氣體%、氧氣%、一氧化碳PPM、硫化氫PPM,53,53,51,2,1,1,0,0.9623,16,中
2026-04,桃園,B,B級,中危害,環境測定,測定基準,可燃性氣體 < 20%LEL；氧氣>= 18%；一氧化碳<50 PPM；硫化氫<10 PPM,53,50,48,2,1,1,0,0.96,16,中
2026-04,桃園,B,B級,中危害,環境測定,測定頻率,上、下午施工前測定；A級或高風險作業需重複或連續測定；每小時/每兩小時紀錄表,53,48,46,2,1,1,0,0.9583,16,中
2026-04,桃園,B,B級,中危害,防火防爆,消防設備,是否有消防設備,53,46,44,2,1,1,0,0.9565,16,中
2026-04,桃園,B,B級,中危害,防火防爆,防爆安全工具,是否使用防爆電氣設備及安全工具,53,51,49,2,1,0,0,0.9608,13,低
2026-04,桃園,B,B級,中危害,高處作業,防墜措施,設標準施工架、安全網、安全母索、安全帶,53,44,42,2,1,1,0,0.9545,16,中
2026-04,桃園,B,B級,中危害,安全保護,個人防護具,是否有防護口罩、防毒面具、SCBA、防護手套、安全眼鏡、耳塞,53,50,49,1,0,0,0,0.98,2,低
2026-04,桃園,B,B級,中危害,警戒巡查,警戒標示,是否有警戒標示,53,47,45,2,0,1,0,0.9574,7,低
2026-04,桃園,B,B級,中危害,警戒巡查,巡查會簽,是否轄區、監造、安衛人員或工地負責人巡查會簽,53,47,46,1,0,0,0,0.9787,2,低
2026-04,桃園,B,B級,中危害,收工回簽,回簽收工確認,是否回簽時確認環境已整理並完成防護措施,53,51,50,1,0,0,0,0.9804,2,低
2026-04,桃園,B,B級,中危害,收工回簽,一般安全規定,是否遵守工安規定,53,50,49,1,0,0,0,0.98,2,低
2026-04,桃園,B,B級,中危害,收工回簽,現場紀錄,是否拍照,53,46,45,1,0,0,0,0.9783,2,低
2026-04,桃園,C,C級,低危害,廠區,基本資料,工廠、日期、時間,39,34,34,0,0,0,0,1.0,0,低
2026-04,桃園,C,C級,低危害,許可證,許可資訊,工程作業分級、申請時間、核准工作時間、工作許可證編號,39,37,36,1,0,0,0,0.973,2,低
2026-04,桃園,C,C級,低危害,施工地點,場地關係人,施工部門、轄區部門、監造部門,39,37,36,1,0,0,0,0.973,2,低
2026-04,桃園,C,C級,低危害,包商,承攬商與人員資格,承攬商、工作人數、車輛車號、工地負責人、安衛人員、特殊作業主管,39,33,32,1,0,0,0,0.9697,2,低
2026-04,桃園,C,C級,低危害,危害等級,作業等級,施工地點、工程案號、工作內容、許可工作項目、作業分級,39,33,32,1,0,0,0,0.9697,2,低
2026-04,桃園,C,C級,低危害,危害等級,管線設備危害物,可燃性氣體、易燃液體、有害性氣體、化學藥劑、酸鹼、熱水蒸氣、空氣、其他,39,36,35,1,0,0,0,0.9722,2,低
2026-04,桃園,C,C級,低危害,檢點與危害告知,簽發前安全檢點,是否安全檢點,39,36,35,1,0,0,0,0.9722,2,低
2026-04,桃園,C,C級,低危害,檢點與危害告知,危害告知,是否危害告知,39,36,35,1,0,0,0,0.9722,2,低
2026-04,桃園,C,C級,低危害,危害排除與隔離,環境危害排除,是否設備管線危害物排除,39,32,31,1,0,0,0,0.9688,2,低
2026-04,桃園,C,C級,低危害,危害排除與隔離,隔離管制,設備管線是否加盲加鎖掛牌,39,36,35,1,0,0,0,0.9722,2,低
2026-04,桃園,C,C級,低危害,環境測定,氣體偵測數值,可燃性氣體%、氧氣%、一氧化碳PPM、硫化氫PPM,39,32,31,1,0,1,0,0.9688,5,低
2026-04,桃園,C,C級,低危害,環境測定,測定基準,可燃性氣體 < 20%LEL；氧氣>= 18%；一氧化碳<50 PPM；硫化氫<10 PPM,39,34,33,1,0,0,0,0.9706,2,低
2026-04,桃園,C,C級,低危害,環境測定,測定頻率,上、下午施工前測定；A級或高風險作業需重複或連續測定；每小時/每兩小時紀錄表,39,32,31,1,0,0,0,0.9688,2,低
2026-04,桃園,C,C級,低危害,防火防爆,消防設備,是否有消防設備,39,36,35,1,0,1,0,0.9722,5,低
2026-04,桃園,C,C級,低危害,防火防爆,防爆安全工具,是否使用防爆電氣設備及安全工具,39,33,32,1,0,0,0,0.9697,2,低
2026-04,桃園,C,C級,低危害,高處作業,防墜措施,設標準施工架、安全網、安全母索、安全帶,39,38,37,1,0,0,0,0.9737,2,低
2026-04,桃園,C,C級,低危害,安全保護,個人防護具,是否有防護口罩、防毒面具、SCBA、防護手套、安全眼鏡、耳塞,39,37,36,1,0,0,0,0.973,2,低
2026-04,桃園,C,C級,低危害,警戒巡查,警戒標示,是否有警戒標示,39,39,38,1,0,0,0,0.9744,2,低
2026-04,桃園,C,C級,低危害,警戒巡查,巡查會簽,是否轄區、監造、安衛人員或工地負責人巡查會簽,39,33,32,1,0,0,0,0.9697,2,低
2026-04,桃園,C,C級,低危害,收工回簽,回簽收工確認,是否回簽時確認環境已整理並完成防護措施,39,38,37,1,0,0,0,0.9737,2,低
2026-04,桃園,C,C級,低危害,收工回簽,一般安全規定,是否遵守工安規定,39,34,33,1,0,0,0,0.9706,2,低
2026-04,桃園,C,C級,低危害,收工回簽,現場紀錄,是否拍照,39,33,32,1,0,0,0,0.9697,2,低
2026-05,桃園,A,A級,高危害,廠區,基本資料,工廠、日期、時間,24,20,20,0,0,0,0,1.0,0,低
2026-05,桃園,A,A級,高危害,許可證,許可資訊,工程作業分級、申請時間、核准工作時間、工作許可證編號,24,23,22,1,0,0,0,0.9565,2,低
2026-05,桃園,A,A級,高危害,施工地點,場地關係人,施工部門、轄區部門、監造部門,24,23,22,1,0,0,0,0.9565,2,低
2026-05,桃園,A,A級,高危害,包商,承攬商與人員資格,承攬商、工作人數、車輛車號、工地負責人、安衛人員、特殊作業主管,24,24,23,1,0,0,0,0.9583,2,低
2026-05,桃園,A,A級,高危害,危害等級,作業等級,施工地點、工程案號、工作內容、許可工作項目、作業分級,24,20,19,1,0,0,0,0.95,2,低
2026-05,桃園,A,A級,高危害,危害等級,管線設備危害物,可燃性氣體、易燃液體、有害性氣體、化學藥劑、酸鹼、熱水蒸氣、空氣、其他,24,24,23,1,0,0,0,0.9583,2,低
2026-05,桃園,A,A級,高危害,檢點與危害告知,簽發前安全檢點,是否安全檢點,24,21,20,1,0,0,0,0.9524,2,低
2026-05,桃園,A,A級,高危害,檢點與危害告知,危害告知,是否危害告知,24,20,19,1,0,0,0,0.95,2,低
2026-05,桃園,A,A級,高危害,危害排除與隔離,環境危害排除,是否設備管線危害物排除,24,22,21,1,0,0,0,0.9545,2,低
2026-05,桃園,A,A級,高危害,危害排除與隔離,隔離管制,設備管線是否加盲加鎖掛牌,24,21,20,1,0,0,0,0.9524,2,低
2026-05,桃園,A,A級,高危害,環境測定,氣體偵測數值,可燃性氣體%、氧氣%、一氧化碳PPM、硫化氫PPM,24,22,21,1,0,0,0,0.9545,2,低
2026-05,桃園,A,A級,高危害,環境測定,測定基準,可燃性氣體 < 20%LEL；氧氣>= 18%；一氧化碳<50 PPM；硫化氫<10 PPM,24,21,20,1,0,0,0,0.9524,2,低
2026-05,桃園,A,A級,高危害,環境測定,測定頻率,上、下午施工前測定；A級或高風險作業需重複或連續測定；每小時/每兩小時紀錄表,24,22,21,1,0,0,0,0.9545,2,低
2026-05,桃園,A,A級,高危害,防火防爆,消防設備,是否有消防設備,24,20,19,1,0,0,0,0.95,2,低
2026-05,桃園,A,A級,高危害,防火防爆,防爆安全工具,是否使用防爆電氣設備及安全工具,24,22,21,1,0,0,0,0.9545,2,低
2026-05,桃園,A,A級,高危害,高處作業,防墜措施,設標準施工架、安全網、安全母索、安全帶,24,23,22,1,0,0,0,0.9565,2,低
2026-05,桃園,A,A級,高危害,安全保護,個人防護具,是否有防護口罩、防毒面具、SCBA、防護手套、安全眼鏡、耳塞,24,24,23,1,0,0,0,0.9583,2,低
2026-05,桃園,A,A級,高危害,警戒巡查,警戒標示,是否有警戒標示,24,21,20,1,0,1,0,0.9524,5,低
2026-05,桃園,A,A級,高危害,警戒巡查,巡查會簽,是否轄區、監造、安衛人員或工地負責人巡查會簽,24,20,19,1,0,0,0,0.95,2,低
2026-05,桃園,A,A級,高危害,收工回簽,回簽收工確認,是否回簽時確認環境已整理並完成防護措施,24,22,21,1,0,0,0,0.9545,2,低
2026-05,桃園,A,A級,高危害,收工回簽,一般安全規定,是否遵守工安規定,24,20,19,1,0,0,0,0.95,2,低
2026-05,桃園,A,A級,高危害,收工回簽,現場紀錄,是否拍照,24,20,19,1,0,0,0,0.95,2,低
2026-05,桃園,B,B級,中危害,廠區,基本資料,工廠、日期、時間,52,50,49,1,0,0,0,0.98,2,低
2026-05,桃園,B,B級,中危害,許可證,許可資訊,工程作業分級、申請時間、核准工作時間、工作許可證編號,52,44,43,1,0,0,0,0.9773,2,低
2026-05,桃園,B,B級,中危害,施工地點,場地關係人,施工部門、轄區部門、監造部門,52,45,44,1,0,0,0,0.9778,2,低
2026-05,桃園,B,B級,中危害,包商,承攬商與人員資格,承攬商、工作人數、車輛車號、工地負責人、安衛人員、特殊作業主管,52,50,49,1,0,0,0,0.98,2,低
2026-05,桃園,B,B級,中危害,危害等級,作業等級,施工地點、工程案號、工作內容、許可工作項目、作業分級,52,48,46,2,0,1,0,0.9583,7,低
2026-05,桃園,B,B級,中危害,危害等級,管線設備危害物,可燃性氣體、易燃液體、有害性氣體、化學藥劑、酸鹼、熱水蒸氣、空氣、其他,52,47,46,1,0,0,0,0.9787,2,低
2026-05,桃園,B,B級,中危害,檢點與危害告知,簽發前安全檢點,是否安全檢點,52,46,45,1,0,0,0,0.9783,2,低
2026-05,桃園,B,B級,中危害,檢點與危害告知,危害告知,是否危害告知,52,49,48,1,0,0,0,0.9796,2,低
2026-05,桃園,B,B級,中危害,危害排除與隔離,環境危害排除,是否設備管線危害物排除,52,45,43,2,1,0,0,0.9556,13,低
2026-05,桃園,B,B級,中危害,危害排除與隔離,隔離管制,設備管線是否加盲加鎖掛牌,52,49,48,1,0,0,0,0.9796,2,低
2026-05,桃園,B,B級,中危害,環境測定,氣體偵測數值,可燃性氣體%、氧氣%、一氧化碳PPM、硫化氫PPM,52,47,45,2,1,1,0,0.9574,16,中
2026-05,桃園,B,B級,中危害,環境測定,測定基準,可燃性氣體 < 20%LEL；氧氣>= 18%；一氧化碳<50 PPM；硫化氫<10 PPM,52,47,45,2,1,0,0,0.9574,13,低
2026-05,桃園,B,B級,中危害,環境測定,測定頻率,上、下午施工前測定；A級或高風險作業需重複或連續測定；每小時/每兩小時紀錄表,52,48,46,2,1,1,0,0.9583,16,中
2026-05,桃園,B,B級,中危害,防火防爆,消防設備,是否有消防設備,52,47,46,1,0,0,0,0.9787,2,低
2026-05,桃園,B,B級,中危害,防火防爆,防爆安全工具,是否使用防爆電氣設備及安全工具,52,49,47,2,1,0,0,0.9592,13,低
2026-05,桃園,B,B級,中危害,高處作業,防墜措施,設標準施工架、安全網、安全母索、安全帶,52,44,43,1,0,0,0,0.9773,2,低
2026-05,桃園,B,B級,中危害,安全保護,個人防護具,是否有防護口罩、防毒面具、SCBA、防護手套、安全眼鏡、耳塞,52,46,45,1,0,0,0,0.9783,2,低
2026-05,桃園,B,B級,中危害,警戒巡查,警戒標示,是否有警戒標示,52,45,44,1,0,0,0,0.9778,2,低
2026-05,桃園,B,B級,中危害,警戒巡查,巡查會簽,是否轄區、監造、安衛人員或工地負責人巡查會簽,52,45,44,1,0,0,0,0.9778,2,低
2026-05,桃園,B,B級,中危害,收工回簽,回簽收工確認,是否回簽時確認環境已整理並完成防護措施,52,44,43,1,0,0,0,0.9773,2,低
2026-05,桃園,B,B級,中危害,收工回簽,一般安全規定,是否遵守工安規定,52,48,47,1,0,0,0,0.9792,2,低
2026-05,桃園,B,B級,中危害,收工回簽,現場紀錄,是否拍照,52,44,43,1,0,0,0,0.9773,2,低
2026-05,桃園,C,C級,低危害,廠區,基本資料,工廠、日期、時間,40,40,39,1,0,0,0,0.975,2,低
2026-05,桃園,C,C級,低危害,許可證,許可資訊,工程作業分級、申請時間、核准工作時間、工作許可證編號,40,37,36,1,0,0,0,0.973,2,低
2026-05,桃園,C,C級,低危害,施工地點,場地關係人,施工部門、轄區部門、監造部門,40,34,33,1,0,0,0,0.9706,2,低
2026-05,桃園,C,C級,低危害,包商,承攬商與人員資格,承攬商、工作人數、車輛車號、工地負責人、安衛人員、特殊作業主管,40,39,38,1,0,0,0,0.9744,2,低
2026-05,桃園,C,C級,低危害,危害等級,作業等級,施工地點、工程案號、工作內容、許可工作項目、作業分級,40,38,37,1,0,0,0,0.9737,2,低
2026-05,桃園,C,C級,低危害,危害等級,管線設備危害物,可燃性氣體、易燃液體、有害性氣體、化學藥劑、酸鹼、熱水蒸氣、空氣、其他,40,37,36,1,0,0,0,0.973,2,低
2026-05,桃園,C,C級,低危害,檢點與危害告知,簽發前安全檢點,是否安全檢點,40,37,36,1,0,0,0,0.973,2,低
2026-05,桃園,C,C級,低危害,檢點與危害告知,危害告知,是否危害告知,40,35,34,1,0,1,0,0.9714,5,低
2026-05,桃園,C,C級,低危害,危害排除與隔離,環境危害排除,是否設備管線危害物排除,40,37,36,1,0,0,0,0.973,2,低
2026-05,桃園,C,C級,低危害,危害排除與隔離,隔離管制,設備管線是否加盲加鎖掛牌,40,36,35,1,0,1,0,0.9722,5,低
2026-05,桃園,C,C級,低危害,環境測定,氣體偵測數值,可燃性氣體%、氧氣%、一氧化碳PPM、硫化氫PPM,40,35,34,1,0,0,0,0.9714,2,低
2026-05,桃園,C,C級,低危害,環境測定,測定基準,可燃性氣體 < 20%LEL；氧氣>= 18%；一氧化碳<50 PPM；硫化氫<10 PPM,40,34,33,1,0,1,0,0.9706,5,低
2026-05,桃園,C,C級,低危害,環境測定,測定頻率,上、下午施工前測定；A級或高風險作業需重複或連續測定；每小時/每兩小時紀錄表,40,36,35,1,0,0,0,0.9722,2,低
2026-05,桃園,C,C級,低危害,防火防爆,消防設備,是否有消防設備,40,36,35,1,0,0,0,0.9722,2,低
2026-05,桃園,C,C級,低危害,防火防爆,防爆安全工具,是否使用防爆電氣設備及安全工具,40,38,37,1,0,0,0,0.9737,2,低
2026-05,桃園,C,C級,低危害,高處作業,防墜措施,設標準施工架、安全網、安全母索、安全帶,40,39,38,1,0,0,0,0.9744,2,低
2026-05,桃園,C,C級,低危害,安全保護,個人防護具,是否有防護口罩、防毒面具、SCBA、防護手套、安全眼鏡、耳塞,40,38,37,1,0,0,0,0.9737,2,低
2026-05,桃園,C,C級,低危害,警戒巡查,警戒標示,是否有警戒標示,40,37,36,1,0,0,0,0.973,2,低
2026-05,桃園,C,C級,低危害,警戒巡查,巡查會簽,是否轄區、監造、安衛人員或工地負責人巡查會簽,40,40,39,1,0,0,0,0.975,2,低
2026-05,桃園,C,C級,低危害,收工回簽,回簽收工確認,是否回簽時確認環境已整理並完成防護措施,40,33,32,1,0,0,0,0.9697,2,低
2026-05,桃園,C,C級,低危害,收工回簽,一般安全規定,是否遵守工安規定,40,39,38,1,0,1,0,0.9744,5,低
2026-05,桃園,C,C級,低危害,收工回簽,現場紀錄,是否拍照,40,34,33,1,0,0,0,0.9706,2,低
2026-06,桃園,A,A級,高危害,廠區,基本資料,工廠、日期、時間,27,26,25,1,0,0,0,0.9615,2,低
2026-06,桃園,A,A級,高危害,許可證,許可資訊,工程作業分級、申請時間、核准工作時間、工作許可證編號,27,26,25,1,0,0,0,0.9615,2,低
2026-06,桃園,A,A級,高危害,施工地點,場地關係人,施工部門、轄區部門、監造部門,27,26,25,1,0,0,0,0.9615,2,低
2026-06,桃園,A,A級,高危害,包商,承攬商與人員資格,承攬商、工作人數、車輛車號、工地負責人、安衛人員、特殊作業主管,27,25,24,1,0,0,0,0.96,2,低
2026-06,桃園,A,A級,高危害,危害等級,作業等級,施工地點、工程案號、工作內容、許可工作項目、作業分級,27,27,26,1,0,0,0,0.963,2,低
2026-06,桃園,A,A級,高危害,危害等級,管線設備危害物,可燃性氣體、易燃液體、有害性氣體、化學藥劑、酸鹼、熱水蒸氣、空氣、其他,27,23,22,1,0,0,0,0.9565,2,低
2026-06,桃園,A,A級,高危害,檢點與危害告知,簽發前安全檢點,是否安全檢點,27,26,25,1,0,1,0,0.9615,5,低
2026-06,桃園,A,A級,高危害,檢點與危害告知,危害告知,是否危害告知,27,23,22,1,0,0,0,0.9565,2,低
2026-06,桃園,A,A級,高危害,危害排除與隔離,環境危害排除,是否設備管線危害物排除,27,24,23,1,0,0,0,0.9583,2,低
2026-06,桃園,A,A級,高危害,危害排除與隔離,隔離管制,設備管線是否加盲加鎖掛牌,27,27,25,2,1,1,0,0.9259,16,中
2026-06,桃園,A,A級,高危害,環境測定,氣體偵測數值,可燃性氣體%、氧氣%、一氧化碳PPM、硫化氫PPM,27,24,23,1,0,0,0,0.9583,2,低
2026-06,桃園,A,A級,高危害,環境測定,測定基準,可燃性氣體 < 20%LEL；氧氣>= 18%；一氧化碳<50 PPM；硫化氫<10 PPM,27,26,24,2,1,0,0,0.9231,13,低
2026-06,桃園,A,A級,高危害,環境測定,測定頻率,上、下午施工前測定；A級或高風險作業需重複或連續測定；每小時/每兩小時紀錄表,27,24,22,2,1,1,0,0.9167,16,中
2026-06,桃園,A,A級,高危害,防火防爆,消防設備,是否有消防設備,27,25,24,1,0,0,0,0.96,2,低
2026-06,桃園,A,A級,高危害,防火防爆,防爆安全工具,是否使用防爆電氣設備及安全工具,27,24,22,2,1,1,0,0.9167,16,中
2026-06,桃園,A,A級,高危害,高處作業,防墜措施,設標準施工架、安全網、安全母索、安全帶,27,24,23,1,0,0,0,0.9583,2,低
2026-06,桃園,A,A級,高危害,安全保護,個人防護具,是否有防護口罩、防毒面具、SCBA、防護手套、安全眼鏡、耳塞,27,24,23,1,0,0,0,0.9583,2,低
2026-06,桃園,A,A級,高危害,警戒巡查,警戒標示,是否有警戒標示,27,23,22,1,0,0,0,0.9565,2,低
2026-06,桃園,A,A級,高危害,警戒巡查,巡查會簽,是否轄區、監造、安衛人員或工地負責人巡查會簽,27,26,25,1,0,0,0,0.9615,2,低
2026-06,桃園,A,A級,高危害,收工回簽,回簽收工確認,是否回簽時確認環境已整理並完成防護措施,27,25,24,1,0,0,0,0.96,2,低
2026-06,桃園,A,A級,高危害,收工回簽,一般安全規定,是否遵守工安規定,27,25,24,1,0,0,0,0.96,2,低
2026-06,桃園,A,A級,高危害,收工回簽,現場紀錄,是否拍照,27,26,25,1,0,0,0,0.9615,2,低
2026-06,桃園,B,B級,中危害,廠區,基本資料,工廠、日期、時間,52,44,43,1,0,0,0,0.9773,2,低
2026-06,桃園,B,B級,中危害,許可證,許可資訊,工程作業分級、申請時間、核准工作時間、工作許可證編號,52,43,42,1,0,0,0,0.9767,2,低
2026-06,桃園,B,B級,中危害,施工地點,場地關係人,施工部門、轄區部門、監造部門,52,49,48,1,0,0,0,0.9796,2,低
2026-06,桃園,B,B級,中危害,包商,承攬商與人員資格,承攬商、工作人數、車輛車號、工地負責人、安衛人員、特殊作業主管,52,46,45,1,0,0,0,0.9783,2,低
2026-06,桃園,B,B級,中危害,危害等級,作業等級,施工地點、工程案號、工作內容、許可工作項目、作業分級,52,50,48,2,0,1,0,0.96,7,低
2026-06,桃園,B,B級,中危害,危害等級,管線設備危害物,可燃性氣體、易燃液體、有害性氣體、化學藥劑、酸鹼、熱水蒸氣、空氣、其他,52,46,45,1,0,1,0,0.9783,5,低
2026-06,桃園,B,B級,中危害,檢點與危害告知,簽發前安全檢點,是否安全檢點,52,51,50,1,0,0,0,0.9804,2,低
2026-06,桃園,B,B級,中危害,檢點與危害告知,危害告知,是否危害告知,52,51,50,1,0,0,0,0.9804,2,低
2026-06,桃園,B,B級,中危害,危害排除與隔離,環境危害排除,是否設備管線危害物排除,52,43,41,2,1,1,0,0.9535,16,中
2026-06,桃園,B,B級,中危害,危害排除與隔離,隔離管制,設備管線是否加盲加鎖掛牌,52,45,43,2,1,1,0,0.9556,16,中
2026-06,桃園,B,B級,中危害,環境測定,氣體偵測數值,可燃性氣體%、氧氣%、一氧化碳PPM、硫化氫PPM,52,48,46,2,1,1,0,0.9583,16,中
2026-06,桃園,B,B級,中危害,環境測定,測定基準,可燃性氣體 < 20%LEL；氧氣>= 18%；一氧化碳<50 PPM；硫化氫<10 PPM,52,44,42,2,1,1,0,0.9545,16,中
2026-06,桃園,B,B級,中危害,環境測定,測定頻率,上、下午施工前測定；A級或高風險作業需重複或連續測定；每小時/每兩小時紀錄表,52,44,42,2,1,1,0,0.9545,16,中
2026-06,桃園,B,B級,中危害,防火防爆,消防設備,是否有消防設備,52,47,45,2,1,1,0,0.9574,16,中
2026-06,桃園,B,B級,中危害,防火防爆,防爆安全工具,是否使用防爆電氣設備及安全工具,52,43,41,2,1,1,0,0.9535,16,中
2026-06,桃園,B,B級,中危害,高處作業,防墜措施,設標準施工架、安全網、安全母索、安全帶,52,43,41,2,1,1,0,0.9535,16,中
2026-06,桃園,B,B級,中危害,安全保護,個人防護具,是否有防護口罩、防毒面具、SCBA、防護手套、安全眼鏡、耳塞,52,51,49,2,0,1,0,0.9608,7,低
2026-06,桃園,B,B級,中危害,警戒巡查,警戒標示,是否有警戒標示,52,47,46,1,0,0,0,0.9787,2,低
2026-06,桃園,B,B級,中危害,警戒巡查,巡查會簽,是否轄區、監造、安衛人員或工地負責人巡查會簽,52,44,43,1,0,1,0,0.9773,5,低
2026-06,桃園,B,B級,中危害,收工回簽,回簽收工確認,是否回簽時確認環境已整理並完成防護措施,52,48,47,1,0,0,0,0.9792,2,低
2026-06,桃園,B,B級,中危害,收工回簽,一般安全規定,是否遵守工安規定,52,50,49,1,0,0,0,0.98,2,低
2026-06,桃園,B,B級,中危害,收工回簽,現場紀錄,是否拍照,52,48,47,1,0,0,0,0.9792,2,低
2026-06,桃園,C,C級,低危害,廠區,基本資料,工廠、日期、時間,35,34,33,1,0,0,0,0.9706,2,低
2026-06,桃園,C,C級,低危害,許可證,許可資訊,工程作業分級、申請時間、核准工作時間、工作許可證編號,35,31,30,1,0,1,0,0.9677,5,低
2026-06,桃園,C,C級,低危害,施工地點,場地關係人,施工部門、轄區部門、監造部門,35,29,28,1,0,0,0,0.9655,2,低
2026-06,桃園,C,C級,低危害,包商,承攬商與人員資格,承攬商、工作人數、車輛車號、工地負責人、安衛人員、特殊作業主管,35,30,29,1,0,0,0,0.9667,2,低
2026-06,桃園,C,C級,低危害,危害等級,作業等級,施工地點、工程案號、工作內容、許可工作項目、作業分級,35,31,30,1,0,0,0,0.9677,2,低
2026-06,桃園,C,C級,低危害,危害等級,管線設備危害物,可燃性氣體、易燃液體、有害性氣體、化學藥劑、酸鹼、熱水蒸氣、空氣、其他,35,33,32,1,0,0,0,0.9697,2,低
2026-06,桃園,C,C級,低危害,檢點與危害告知,簽發前安全檢點,是否安全檢點,35,31,30,1,0,0,0,0.9677,2,低
2026-06,桃園,C,C級,低危害,檢點與危害告知,危害告知,是否危害告知,35,35,34,1,0,1,0,0.9714,5,低
2026-06,桃園,C,C級,低危害,危害排除與隔離,環境危害排除,是否設備管線危害物排除,35,32,31,1,0,0,0,0.9688,2,低
2026-06,桃園,C,C級,低危害,危害排除與隔離,隔離管制,設備管線是否加盲加鎖掛牌,35,34,33,1,0,0,0,0.9706,2,低
2026-06,桃園,C,C級,低危害,環境測定,氣體偵測數值,可燃性氣體%、氧氣%、一氧化碳PPM、硫化氫PPM,35,34,33,1,0,1,0,0.9706,5,低
2026-06,桃園,C,C級,低危害,環境測定,測定基準,可燃性氣體 < 20%LEL；氧氣>= 18%；一氧化碳<50 PPM；硫化氫<10 PPM,35,31,30,1,0,0,0,0.9677,2,低
2026-06,桃園,C,C級,低危害,環境測定,測定頻率,上、下午施工前測定；A級或高風險作業需重複或連續測定；每小時/每兩小時紀錄表,35,29,28,1,0,0,0,0.9655,2,低
2026-06,桃園,C,C級,低危害,防火防爆,消防設備,是否有消防設備,35,35,34,1,0,0,0,0.9714,2,低
2026-06,桃園,C,C級,低危害,防火防爆,防爆安全工具,是否使用防爆電氣設備及安全工具,35,29,28,1,0,0,0,0.9655,2,低
2026-06,桃園,C,C級,低危害,高處作業,防墜措施,設標準施工架、安全網、安全母索、安全帶,35,30,29,1,0,0,0,0.9667,2,低
2026-06,桃園,C,C級,低危害,安全保護,個人防護具,是否有防護口罩、防毒面具、SCBA、防護手套、安全眼鏡、耳塞,35,31,30,1,0,0,0,0.9677,2,低
2026-06,桃園,C,C級,低危害,警戒巡查,警戒標示,是否有警戒標示,35,32,31,1,0,0,0,0.9688,2,低
2026-06,桃園,C,C級,低危害,警戒巡查,巡查會簽,是否轄區、監造、安衛人員或工地負責人巡查會簽,35,30,29,1,0,0,0,0.9667,2,低
2026-06,桃園,C,C級,低危害,收工回簽,回簽收工確認,是否回簽時確認環境已整理並完成防護措施,35,31,30,1,0,0,0,0.9677,2,低
2026-06,桃園,C,C級,低危害,收工回簽,一般安全規定,是否遵守工安規定,35,31,30,1,0,0,0,0.9677,2,低
2026-06,桃園,C,C級,低危害,收工回簽,現場紀錄,是否拍照,35,33,32,1,0,0,0,0.9697,2,低
2026-07,桃園,A,A級,高危害,廠區,基本資料,工廠、日期、時間,23,19,18,1,0,0,0,0.9474,2,低
2026-07,桃園,A,A級,高危害,許可證,許可資訊,工程作業分級、申請時間、核准工作時間、工作許可證編號,23,20,19,1,0,0,0,0.95,2,低
2026-07,桃園,A,A級,高危害,施工地點,場地關係人,施工部門、轄區部門、監造部門,23,21,21,0,0,0,0,1.0,0,低
2026-07,桃園,A,A級,高危害,包商,承攬商與人員資格,承攬商、工作人數、車輛車號、工地負責人、安衛人員、特殊作業主管,23,21,20,1,0,0,0,0.9524,2,低
2026-07,桃園,A,A級,高危害,危害等級,作業等級,施工地點、工程案號、工作內容、許可工作項目、作業分級,23,20,19,1,0,0,0,0.95,2,低
2026-07,桃園,A,A級,高危害,危害等級,管線設備危害物,可燃性氣體、易燃液體、有害性氣體、化學藥劑、酸鹼、熱水蒸氣、空氣、其他,23,21,20,1,0,0,0,0.9524,2,低
2026-07,桃園,A,A級,高危害,檢點與危害告知,簽發前安全檢點,是否安全檢點,23,20,19,1,0,0,0,0.95,2,低
2026-07,桃園,A,A級,高危害,檢點與危害告知,危害告知,是否危害告知,23,22,21,1,0,0,0,0.9545,2,低
2026-07,桃園,A,A級,高危害,危害排除與隔離,環境危害排除,是否設備管線危害物排除,23,23,22,1,0,0,0,0.9565,2,低
2026-07,桃園,A,A級,高危害,危害排除與隔離,隔離管制,設備管線是否加盲加鎖掛牌,23,22,21,1,0,0,0,0.9545,2,低
2026-07,桃園,A,A級,高危害,環境測定,氣體偵測數值,可燃性氣體%、氧氣%、一氧化碳PPM、硫化氫PPM,23,20,19,1,0,0,0,0.95,2,低
2026-07,桃園,A,A級,高危害,環境測定,測定基準,可燃性氣體 < 20%LEL；氧氣>= 18%；一氧化碳<50 PPM；硫化氫<10 PPM,23,19,18,1,0,0,0,0.9474,2,低
2026-07,桃園,A,A級,高危害,環境測定,測定頻率,上、下午施工前測定；A級或高風險作業需重複或連續測定；每小時/每兩小時紀錄表,23,21,20,1,0,0,0,0.9524,2,低
2026-07,桃園,A,A級,高危害,防火防爆,消防設備,是否有消防設備,23,22,21,1,0,0,0,0.9545,2,低
2026-07,桃園,A,A級,高危害,防火防爆,防爆安全工具,是否使用防爆電氣設備及安全工具,23,23,22,1,0,0,0,0.9565,2,低
2026-07,桃園,A,A級,高危害,高處作業,防墜措施,設標準施工架、安全網、安全母索、安全帶,23,21,20,1,0,0,0,0.9524,2,低
2026-07,桃園,A,A級,高危害,安全保護,個人防護具,是否有防護口罩、防毒面具、SCBA、防護手套、安全眼鏡、耳塞,23,19,18,1,0,0,0,0.9474,2,低
2026-07,桃園,A,A級,高危害,警戒巡查,警戒標示,是否有警戒標示,23,20,19,1,0,0,0,0.95,2,低
2026-07,桃園,A,A級,高危害,警戒巡查,巡查會簽,是否轄區、監造、安衛人員或工地負責人巡查會簽,23,23,22,1,0,0,0,0.9565,2,低
2026-07,桃園,A,A級,高危害,收工回簽,回簽收工確認,是否回簽時確認環境已整理並完成防護措施,23,21,20,1,0,0,0,0.9524,2,低
2026-07,桃園,A,A級,高危害,收工回簽,一般安全規定,是否遵守工安規定,23,20,19,1,0,0,0,0.95,2,低
2026-07,桃園,A,A級,高危害,收工回簽,現場紀錄,是否拍照,23,20,19,1,0,0,0,0.95,2,低
2026-07,桃園,B,B級,中危害,廠區,基本資料,工廠、日期、時間,46,44,43,1,0,0,0,0.9773,2,低
2026-07,桃園,B,B級,中危害,許可證,許可資訊,工程作業分級、申請時間、核准工作時間、工作許可證編號,46,42,41,1,0,0,0,0.9762,2,低
2026-07,桃園,B,B級,中危害,施工地點,場地關係人,施工部門、轄區部門、監造部門,46,42,41,1,0,0,0,0.9762,2,低
2026-07,桃園,B,B級,中危害,包商,承攬商與人員資格,承攬商、工作人數、車輛車號、工地負責人、安衛人員、特殊作業主管,46,43,42,1,0,0,0,0.9767,2,低
2026-07,桃園,B,B級,中危害,危害等級,作業等級,施工地點、工程案號、工作內容、許可工作項目、作業分級,46,44,42,2,0,1,0,0.9545,7,低
2026-07,桃園,B,B級,中危害,危害等級,管線設備危害物,可燃性氣體、易燃液體、有害性氣體、化學藥劑、酸鹼、熱水蒸氣、空氣、其他,46,46,45,1,0,0,0,0.9783,2,低
2026-07,桃園,B,B級,中危害,檢點與危害告知,簽發前安全檢點,是否安全檢點,46,45,44,1,0,0,0,0.9778,2,低
2026-07,桃園,B,B級,中危害,檢點與危害告知,危害告知,是否危害告知,46,39,38,1,0,0,0,0.9744,2,低
2026-07,桃園,B,B級,中危害,危害排除與隔離,環境危害排除,是否設備管線危害物排除,46,45,43,2,1,0,0,0.9556,13,低
2026-07,桃園,B,B級,中危害,危害排除與隔離,隔離管制,設備管線是否加盲加鎖掛牌,46,41,39,2,1,1,0,0.9512,16,中
2026-07,桃園,B,B級,中危害,環境測定,氣體偵測數值,可燃性氣體%、氧氣%、一氧化碳PPM、硫化氫PPM,46,43,41,2,1,1,0,0.9535,16,中
2026-07,桃園,B,B級,中危害,環境測定,測定基準,可燃性氣體 < 20%LEL；氧氣>= 18%；一氧化碳<50 PPM；硫化氫<10 PPM,46,41,39,2,1,1,0,0.9512,16,中
2026-07,桃園,B,B級,中危害,環境測定,測定頻率,上、下午施工前測定；A級或高風險作業需重複或連續測定；每小時/每兩小時紀錄表,46,41,39,2,1,1,0,0.9512,16,中
2026-07,桃園,B,B級,中危害,防火防爆,消防設備,是否有消防設備,46,43,41,2,1,1,0,0.9535,16,中
2026-07,桃園,B,B級,中危害,防火防爆,防爆安全工具,是否使用防爆電氣設備及安全工具,46,42,40,2,1,1,0,0.9524,16,中
2026-07,桃園,B,B級,中危害,高處作業,防墜措施,設標準施工架、安全網、安全母索、安全帶,46,43,41,2,1,1,0,0.9535,16,中
2026-07,桃園,B,B級,中危害,安全保護,個人防護具,是否有防護口罩、防毒面具、SCBA、防護手套、安全眼鏡、耳塞,46,45,44,1,0,0,0,0.9778,2,低
2026-07,桃園,B,B級,中危害,警戒巡查,警戒標示,是否有警戒標示,46,45,44,1,0,0,0,0.9778,2,低
2026-07,桃園,B,B級,中危害,警戒巡查,巡查會簽,是否轄區、監造、安衛人員或工地負責人巡查會簽,46,39,38,1,0,0,0,0.9744,2,低
2026-07,桃園,B,B級,中危害,收工回簽,回簽收工確認,是否回簽時確認環境已整理並完成防護措施,46,42,41,1,0,0,0,0.9762,2,低
2026-07,桃園,B,B級,中危害,收工回簽,一般安全規定,是否遵守工安規定,46,42,41,1,0,0,0,0.9762,2,低
2026-07,桃園,B,B級,中危害,收工回簽,現場紀錄,是否拍照,46,38,37,1,0,0,0,0.9737,2,低
2026-07,桃園,C,C級,低危害,廠區,基本資料,工廠、日期、時間,34,34,33,1,0,0,0,0.9706,2,低
2026-07,桃園,C,C級,低危害,許可證,許可資訊,工程作業分級、申請時間、核准工作時間、工作許可證編號,34,33,32,1,0,0,0,0.9697,2,低
2026-07,桃園,C,C級,低危害,施工地點,場地關係人,施工部門、轄區部門、監造部門,34,33,32,1,0,0,0,0.9697,2,低
2026-07,桃園,C,C級,低危害,包商,承攬商與人員資格,承攬商、工作人數、車輛車號、工地負責人、安衛人員、特殊作業主管,34,31,30,1,0,1,0,0.9677,5,低
2026-07,桃園,C,C級,低危害,危害等級,作業等級,施工地點、工程案號、工作內容、許可工作項目、作業分級,34,30,29,1,0,0,0,0.9667,2,低
2026-07,桃園,C,C級,低危害,危害等級,管線設備危害物,可燃性氣體、易燃液體、有害性氣體、化學藥劑、酸鹼、熱水蒸氣、空氣、其他,34,33,32,1,0,1,0,0.9697,5,低
2026-07,桃園,C,C級,低危害,檢點與危害告知,簽發前安全檢點,是否安全檢點,34,32,31,1,0,0,0,0.9688,2,低
2026-07,桃園,C,C級,低危害,檢點與危害告知,危害告知,是否危害告知,34,30,29,1,0,0,0,0.9667,2,低
2026-07,桃園,C,C級,低危害,危害排除與隔離,環境危害排除,是否設備管線危害物排除,34,29,28,1,0,0,0,0.9655,2,低
2026-07,桃園,C,C級,低危害,危害排除與隔離,隔離管制,設備管線是否加盲加鎖掛牌,34,29,28,1,0,0,0,0.9655,2,低
2026-07,桃園,C,C級,低危害,環境測定,氣體偵測數值,可燃性氣體%、氧氣%、一氧化碳PPM、硫化氫PPM,34,31,30,1,0,0,0,0.9677,2,低
2026-07,桃園,C,C級,低危害,環境測定,測定基準,可燃性氣體 < 20%LEL；氧氣>= 18%；一氧化碳<50 PPM；硫化氫<10 PPM,34,32,31,1,0,0,0,0.9688,2,低
2026-07,桃園,C,C級,低危害,環境測定,測定頻率,上、下午施工前測定；A級或高風險作業需重複或連續測定；每小時/每兩小時紀錄表,34,33,32,1,0,0,0,0.9697,2,低
2026-07,桃園,C,C級,低危害,防火防爆,消防設備,是否有消防設備,34,28,27,1,0,1,0,0.9643,5,低
2026-07,桃園,C,C級,低危害,防火防爆,防爆安全工具,是否使用防爆電氣設備及安全工具,34,28,27,1,0,0,0,0.9643,2,低
2026-07,桃園,C,C級,低危害,高處作業,防墜措施,設標準施工架、安全網、安全母索、安全帶,34,31,30,1,0,0,0,0.9677,2,低
2026-07,桃園,C,C級,低危害,安全保護,個人防護具,是否有防護口罩、防毒面具、SCBA、防護手套、安全眼鏡、耳塞,34,30,29,1,0,0,0,0.9667,2,低
2026-07,桃園,C,C級,低危害,警戒巡查,警戒標示,是否有警戒標示,34,28,27,1,0,1,0,0.9643,5,低
2026-07,桃園,C,C級,低危害,警戒巡查,巡查會簽,是否轄區、監造、安衛人員或工地負責人巡查會簽,34,29,28,1,0,0,0,0.9655,2,低
2026-07,桃園,C,C級,低危害,收工回簽,回簽收工確認,是否回簽時確認環境已整理並完成防護措施,34,33,32,1,0,0,0,0.9697,2,低
2026-07,桃園,C,C級,低危害,收工回簽,一般安全規定,是否遵守工安規定,34,29,28,1,0,0,0,0.9655,2,低
2026-07,桃園,C,C級,低危害,收工回簽,現場紀錄,是否拍照,34,33,32,1,0,0,0,0.9697,2,低
2026-08,桃園,A,A級,高危害,廠區,基本資料,工廠、日期、時間,19,16,16,0,0,0,0,1.0,0,低
2026-08,桃園,A,A級,高危害,許可證,許可資訊,工程作業分級、申請時間、核准工作時間、工作許可證編號,19,17,17,0,0,0,0,1.0,0,低
2026-08,桃園,A,A級,高危害,施工地點,場地關係人,施工部門、轄區部門、監造部門,19,17,17,0,0,0,0,1.0,0,低
2026-08,桃園,A,A級,高危害,包商,承攬商與人員資格,承攬商、工作人數、車輛車號、工地負責人、安衛人員、特殊作業主管,19,16,15,1,0,1,0,0.9375,5,低
2026-08,桃園,A,A級,高危害,危害等級,作業等級,施工地點、工程案號、工作內容、許可工作項目、作業分級,19,16,15,1,0,0,0,0.9375,2,低
2026-08,桃園,A,A級,高危害,危害等級,管線設備危害物,可燃性氣體、易燃液體、有害性氣體、化學藥劑、酸鹼、熱水蒸氣、空氣、其他,19,18,17,1,0,0,0,0.9444,2,低
2026-08,桃園,A,A級,高危害,檢點與危害告知,簽發前安全檢點,是否安全檢點,19,16,15,1,0,0,0,0.9375,2,低
2026-08,桃園,A,A級,高危害,檢點與危害告知,危害告知,是否危害告知,19,18,17,1,0,0,0,0.9444,2,低
2026-08,桃園,A,A級,高危害,危害排除與隔離,環境危害排除,是否設備管線危害物排除,19,16,15,1,0,0,0,0.9375,2,低
2026-08,桃園,A,A級,高危害,危害排除與隔離,隔離管制,設備管線是否加盲加鎖掛牌,19,18,17,1,0,0,0,0.9444,2,低
2026-08,桃園,A,A級,高危害,環境測定,氣體偵測數值,可燃性氣體%、氧氣%、一氧化碳PPM、硫化氫PPM,19,18,17,1,0,0,0,0.9444,2,低
2026-08,桃園,A,A級,高危害,環境測定,測定基準,可燃性氣體 < 20%LEL；氧氣>= 18%；一氧化碳<50 PPM；硫化氫<10 PPM,19,18,17,1,0,0,0,0.9444,2,低
2026-08,桃園,A,A級,高危害,環境測定,測定頻率,上、下午施工前測定；A級或高風險作業需重複或連續測定；每小時/每兩小時紀錄表,19,18,17,1,0,0,0,0.9444,2,低
2026-08,桃園,A,A級,高危害,防火防爆,消防設備,是否有消防設備,19,18,17,1,0,0,0,0.9444,2,低
2026-08,桃園,A,A級,高危害,防火防爆,防爆安全工具,是否使用防爆電氣設備及安全工具,19,16,15,1,0,0,0,0.9375,2,低
2026-08,桃園,A,A級,高危害,高處作業,防墜措施,設標準施工架、安全網、安全母索、安全帶,19,17,16,1,0,0,0,0.9412,2,低
2026-08,桃園,A,A級,高危害,安全保護,個人防護具,是否有防護口罩、防毒面具、SCBA、防護手套、安全眼鏡、耳塞,19,17,16,1,0,0,0,0.9412,2,低
2026-08,桃園,A,A級,高危害,警戒巡查,警戒標示,是否有警戒標示,19,17,16,1,0,0,0,0.9412,2,低
2026-08,桃園,A,A級,高危害,警戒巡查,巡查會簽,是否轄區、監造、安衛人員或工地負責人巡查會簽,19,18,17,1,0,0,0,0.9444,2,低
2026-08,桃園,A,A級,高危害,收工回簽,回簽收工確認,是否回簽時確認環境已整理並完成防護措施,19,19,19,0,0,0,0,1.0,0,低
2026-08,桃園,A,A級,高危害,收工回簽,一般安全規定,是否遵守工安規定,19,18,17,1,0,0,0,0.9444,2,低
2026-08,桃園,A,A級,高危害,收工回簽,現場紀錄,是否拍照,19,18,17,1,0,0,0,0.9444,2,低
2026-08,桃園,B,B級,中危害,廠區,基本資料,工廠、日期、時間,48,43,42,1,0,0,0,0.9767,2,低
2026-08,桃園,B,B級,中危害,許可證,許可資訊,工程作業分級、申請時間、核准工作時間、工作許可證編號,48,46,45,1,0,0,0,0.9783,2,低
2026-08,桃園,B,B級,中危害,施工地點,場地關係人,施工部門、轄區部門、監造部門,48,43,42,1,0,0,0,0.9767,2,低
2026-08,桃園,B,B級,中危害,包商,承攬商與人員資格,承攬商、工作人數、車輛車號、工地負責人、安衛人員、特殊作業主管,48,40,39,1,0,0,0,0.975,2,低
2026-08,桃園,B,B級,中危害,危害等級,作業等級,施工地點、工程案號、工作內容、許可工作項目、作業分級,48,39,38,1,0,0,0,0.9744,2,低
2026-08,桃園,B,B級,中危害,危害等級,管線設備危害物,可燃性氣體、易燃液體、有害性氣體、化學藥劑、酸鹼、熱水蒸氣、空氣、其他,48,43,42,1,0,0,0,0.9767,2,低
2026-08,桃園,B,B級,中危害,檢點與危害告知,簽發前安全檢點,是否安全檢點,48,46,45,1,0,0,0,0.9783,2,低
2026-08,桃園,B,B級,中危害,檢點與危害告知,危害告知,是否危害告知,48,45,44,1,0,0,0,0.9778,2,低
2026-08,桃園,B,B級,中危害,危害排除與隔離,環境危害排除,是否設備管線危害物排除,48,45,43,2,1,1,0,0.9556,16,中
2026-08,桃園,B,B級,中危害,危害排除與隔離,隔離管制,設備管線是否加盲加鎖掛牌,48,45,43,2,1,1,0,0.9556,16,中
2026-08,桃園,B,B級,中危害,環境測定,氣體偵測數值,可燃性氣體%、氧氣%、一氧化碳PPM、硫化氫PPM,48,47,45,2,1,1,0,0.9574,16,中
2026-08,桃園,B,B級,中危害,環境測定,測定基準,可燃性氣體 < 20%LEL；氧氣>= 18%；一氧化碳<50 PPM；硫化氫<10 PPM,48,44,42,2,1,1,0,0.9545,16,中
2026-08,桃園,B,B級,中危害,環境測定,測定頻率,上、下午施工前測定；A級或高風險作業需重複或連續測定；每小時/每兩小時紀錄表,48,40,38,2,1,1,0,0.95,16,中
2026-08,桃園,B,B級,中危害,防火防爆,消防設備,是否有消防設備,48,46,44,2,1,1,0,0.9565,16,中
2026-08,桃園,B,B級,中危害,防火防爆,防爆安全工具,是否使用防爆電氣設備及安全工具,48,40,39,1,0,1,0,0.975,5,低
2026-08,桃園,B,B級,中危害,高處作業,防墜措施,設標準施工架、安全網、安全母索、安全帶,48,45,44,1,0,0,0,0.9778,2,低
2026-08,桃園,B,B級,中危害,安全保護,個人防護具,是否有防護口罩、防毒面具、SCBA、防護手套、安全眼鏡、耳塞,48,41,40,1,0,1,0,0.9756,5,低
2026-08,桃園,B,B級,中危害,警戒巡查,警戒標示,是否有警戒標示,48,48,47,1,0,0,0,0.9792,2,低
2026-08,桃園,B,B級,中危害,警戒巡查,巡查會簽,是否轄區、監造、安衛人員或工地負責人巡查會簽,48,41,40,1,0,0,0,0.9756,2,低
2026-08,桃園,B,B級,中危害,收工回簽,回簽收工確認,是否回簽時確認環境已整理並完成防護措施,48,41,40,1,0,0,0,0.9756,2,低
2026-08,桃園,B,B級,中危害,收工回簽,一般安全規定,是否遵守工安規定,48,47,46,1,0,0,0,0.9787,2,低
2026-08,桃園,B,B級,中危害,收工回簽,現場紀錄,是否拍照,48,47,46,1,0,0,0,0.9787,2,低
2026-08,桃園,C,C級,低危害,廠區,基本資料,工廠、日期、時間,36,36,35,1,0,0,0,0.9722,2,低
2026-08,桃園,C,C級,低危害,許可證,許可資訊,工程作業分級、申請時間、核准工作時間、工作許可證編號,36,35,34,1,0,0,0,0.9714,2,低
2026-08,桃園,C,C級,低危害,施工地點,場地關係人,施工部門、轄區部門、監造部門,36,30,30,0,0,0,0,1.0,0,低
2026-08,桃園,C,C級,低危害,包商,承攬商與人員資格,承攬商、工作人數、車輛車號、工地負責人、安衛人員、特殊作業主管,36,31,30,1,0,0,0,0.9677,2,低
2026-08,桃園,C,C級,低危害,危害等級,作業等級,施工地點、工程案號、工作內容、許可工作項目、作業分級,36,36,35,1,0,0,0,0.9722,2,低
2026-08,桃園,C,C級,低危害,危害等級,管線設備危害物,可燃性氣體、易燃液體、有害性氣體、化學藥劑、酸鹼、熱水蒸氣、空氣、其他,36,33,32,1,0,0,0,0.9697,2,低
2026-08,桃園,C,C級,低危害,檢點與危害告知,簽發前安全檢點,是否安全檢點,36,36,35,1,0,0,0,0.9722,2,低
2026-08,桃園,C,C級,低危害,檢點與危害告知,危害告知,是否危害告知,36,35,34,1,0,1,0,0.9714,5,低
2026-08,桃園,C,C級,低危害,危害排除與隔離,環境危害排除,是否設備管線危害物排除,36,31,30,1,0,0,0,0.9677,2,低
2026-08,桃園,C,C級,低危害,危害排除與隔離,隔離管制,設備管線是否加盲加鎖掛牌,36,36,35,1,0,0,0,0.9722,2,低
2026-08,桃園,C,C級,低危害,環境測定,氣體偵測數值,可燃性氣體%、氧氣%、一氧化碳PPM、硫化氫PPM,36,32,31,1,0,0,0,0.9688,2,低
2026-08,桃園,C,C級,低危害,環境測定,測定基準,可燃性氣體 < 20%LEL；氧氣>= 18%；一氧化碳<50 PPM；硫化氫<10 PPM,36,33,32,1,0,0,0,0.9697,2,低
2026-08,桃園,C,C級,低危害,環境測定,測定頻率,上、下午施工前測定；A級或高風險作業需重複或連續測定；每小時/每兩小時紀錄表,36,31,30,1,0,0,0,0.9677,2,低
2026-08,桃園,C,C級,低危害,防火防爆,消防設備,是否有消防設備,36,32,31,1,0,0,0,0.9688,2,低
2026-08,桃園,C,C級,低危害,防火防爆,防爆安全工具,是否使用防爆電氣設備及安全工具,36,35,34,1,0,0,0,0.9714,2,低
2026-08,桃園,C,C級,低危害,高處作業,防墜措施,設標準施工架、安全網、安全母索、安全帶,36,35,34,1,0,0,0,0.9714,2,低
2026-08,桃園,C,C級,低危害,安全保護,個人防護具,是否有防護口罩、防毒面具、SCBA、防護手套、安全眼鏡、耳塞,36,34,33,1,0,0,0,0.9706,2,低
2026-08,桃園,C,C級,低危害,警戒巡查,警戒標示,是否有警戒標示,36,32,31,1,0,0,0,0.9688,2,低
2026-08,桃園,C,C級,低危害,警戒巡查,巡查會簽,是否轄區、監造、安衛人員或工地負責人巡查會簽,36,36,35,1,0,0,0,0.9722,2,低
2026-08,桃園,C,C級,低危害,收工回簽,回簽收工確認,是否回簽時確認環境已整理並完成防護措施,36,34,33,1,0,0,0,0.9706,2,低
2026-08,桃園,C,C級,低危害,收工回簽,一般安全規定,是否遵守工安規定,36,33,32,1,0,0,0,0.9697,2,低
2026-08,桃園,C,C級,低危害,收工回簽,現場紀錄,是否拍照,36,32,31,1,0,0,0,0.9688,2,低
2026-09,桃園,A,A級,高危害,廠區,基本資料,工廠、日期、時間,22,21,20,1,0,0,0,0.9524,2,低
2026-09,桃園,A,A級,高危害,許可證,許可資訊,工程作業分級、申請時間、核准工作時間、工作許可證編號,22,22,21,1,0,0,0,0.9545,2,低
2026-09,桃園,A,A級,高危害,施工地點,場地關係人,施工部門、轄區部門、監造部門,22,21,20,1,0,0,0,0.9524,2,低
2026-09,桃園,A,A級,高危害,包商,承攬商與人員資格,承攬商、工作人數、車輛車號、工地負責人、安衛人員、特殊作業主管,22,20,19,1,0,0,0,0.95,2,低
2026-09,桃園,A,A級,高危害,危害等級,作業等級,施工地點、工程案號、工作內容、許可工作項目、作業分級,22,22,21,1,0,0,0,0.9545,2,低
2026-09,桃園,A,A級,高危害,危害等級,管線設備危害物,可燃性氣體、易燃液體、有害性氣體、化學藥劑、酸鹼、熱水蒸氣、空氣、其他,22,21,20,1,0,0,0,0.9524,2,低
2026-09,桃園,A,A級,高危害,檢點與危害告知,簽發前安全檢點,是否安全檢點,22,20,19,1,0,0,0,0.95,2,低
2026-09,桃園,A,A級,高危害,檢點與危害告知,危害告知,是否危害告知,22,20,19,1,0,0,0,0.95,2,低
2026-09,桃園,A,A級,高危害,危害排除與隔離,環境危害排除,是否設備管線危害物排除,22,18,17,1,0,0,0,0.9444,2,低
2026-09,桃園,A,A級,高危害,危害排除與隔離,隔離管制,設備管線是否加盲加鎖掛牌,22,19,18,1,0,0,0,0.9474,2,低
2026-09,桃園,A,A級,高危害,環境測定,氣體偵測數值,可燃性氣體%、氧氣%、一氧化碳PPM、硫化氫PPM,22,18,17,1,0,1,0,0.9444,5,低
2026-09,桃園,A,A級,高危害,環境測定,測定基準,可燃性氣體 < 20%LEL；氧氣>= 18%；一氧化碳<50 PPM；硫化氫<10 PPM,22,20,19,1,0,0,0,0.95,2,低
2026-09,桃園,A,A級,高危害,環境測定,測定頻率,上、下午施工前測定；A級或高風險作業需重複或連續測定；每小時/每兩小時紀錄表,22,20,19,1,0,0,0,0.95,2,低
2026-09,桃園,A,A級,高危害,防火防爆,消防設備,是否有消防設備,22,19,18,1,0,0,0,0.9474,2,低
2026-09,桃園,A,A級,高危害,防火防爆,防爆安全工具,是否使用防爆電氣設備及安全工具,22,20,19,1,0,0,0,0.95,2,低
2026-09,桃園,A,A級,高危害,高處作業,防墜措施,設標準施工架、安全網、安全母索、安全帶,22,20,19,1,0,0,0,0.95,2,低
2026-09,桃園,A,A級,高危害,安全保護,個人防護具,是否有防護口罩、防毒面具、SCBA、防護手套、安全眼鏡、耳塞,22,21,20,1,0,0,0,0.9524,2,低
2026-09,桃園,A,A級,高危害,警戒巡查,警戒標示,是否有警戒標示,22,22,21,1,0,0,0,0.9545,2,低
2026-09,桃園,A,A級,高危害,警戒巡查,巡查會簽,是否轄區、監造、安衛人員或工地負責人巡查會簽,22,20,19,1,0,0,0,0.95,2,低
2026-09,桃園,A,A級,高危害,收工回簽,回簽收工確認,是否回簽時確認環境已整理並完成防護措施,22,20,19,1,0,0,0,0.95,2,低
2026-09,桃園,A,A級,高危害,收工回簽,一般安全規定,是否遵守工安規定,22,20,19,1,0,0,0,0.95,2,低
2026-09,桃園,A,A級,高危害,收工回簽,現場紀錄,是否拍照,22,19,18,1,0,0,0,0.9474,2,低
2026-09,桃園,B,B級,中危害,廠區,基本資料,工廠、日期、時間,46,40,39,1,0,1,0,0.975,5,低
2026-09,桃園,B,B級,中危害,許可證,許可資訊,工程作業分級、申請時間、核准工作時間、工作許可證編號,46,46,45,1,0,0,0,0.9783,2,低
2026-09,桃園,B,B級,中危害,施工地點,場地關係人,施工部門、轄區部門、監造部門,46,38,37,1,0,0,0,0.9737,2,低
2026-09,桃園,B,B級,中危害,包商,承攬商與人員資格,承攬商、工作人數、車輛車號、工地負責人、安衛人員、特殊作業主管,46,46,44,2,0,1,0,0.9565,7,低
2026-09,桃園,B,B級,中危害,危害等級,作業等級,施工地點、工程案號、工作內容、許可工作項目、作業分級,46,40,39,1,0,0,0,0.975,2,低
2026-09,桃園,B,B級,中危害,危害等級,管線設備危害物,可燃性氣體、易燃液體、有害性氣體、化學藥劑、酸鹼、熱水蒸氣、空氣、其他,46,38,37,1,0,0,0,0.9737,2,低
2026-09,桃園,B,B級,中危害,檢點與危害告知,簽發前安全檢點,是否安全檢點,46,41,40,1,0,0,0,0.9756,2,低
2026-09,桃園,B,B級,中危害,檢點與危害告知,危害告知,是否危害告知,46,45,44,1,0,0,0,0.9778,2,低
2026-09,桃園,B,B級,中危害,危害排除與隔離,環境危害排除,是否設備管線危害物排除,46,45,44,1,0,1,0,0.9778,5,低
2026-09,桃園,B,B級,中危害,危害排除與隔離,隔離管制,設備管線是否加盲加鎖掛牌,46,42,41,1,0,0,0,0.9762,2,低
2026-09,桃園,B,B級,中危害,環境測定,氣體偵測數值,可燃性氣體%、氧氣%、一氧化碳PPM、硫化氫PPM,46,43,42,1,0,0,0,0.9767,2,低
2026-09,桃園,B,B級,中危害,環境測定,測定基準,可燃性氣體 < 20%LEL；氧氣>= 18%；一氧化碳<50 PPM；硫化氫<10 PPM,46,41,39,2,1,1,0,0.9512,16,中
2026-09,桃園,B,B級,中危害,環境測定,測定頻率,上、下午施工前測定；A級或高風險作業需重複或連續測定；每小時/每兩小時紀錄表,46,39,37,2,1,0,0,0.9487,13,低
2026-09,桃園,B,B級,中危害,防火防爆,消防設備,是否有消防設備,46,40,39,1,0,0,0,0.975,2,低
2026-09,桃園,B,B級,中危害,防火防爆,防爆安全工具,是否使用防爆電氣設備及安全工具,46,40,38,2,1,0,0,0.95,13,低
2026-09,桃園,B,B級,中危害,高處作業,防墜措施,設標準施工架、安全網、安全母索、安全帶,46,39,37,2,1,1,0,0.9487,16,中
2026-09,桃園,B,B級,中危害,安全保護,個人防護具,是否有防護口罩、防毒面具、SCBA、防護手套、安全眼鏡、耳塞,46,42,41,1,0,0,0,0.9762,2,低
2026-09,桃園,B,B級,中危害,警戒巡查,警戒標示,是否有警戒標示,46,38,37,1,0,0,0,0.9737,2,低
2026-09,桃園,B,B級,中危害,警戒巡查,巡查會簽,是否轄區、監造、安衛人員或工地負責人巡查會簽,46,40,39,1,0,0,0,0.975,2,低
2026-09,桃園,B,B級,中危害,收工回簽,回簽收工確認,是否回簽時確認環境已整理並完成防護措施,46,42,41,1,0,0,0,0.9762,2,低
2026-09,桃園,B,B級,中危害,收工回簽,一般安全規定,是否遵守工安規定,46,41,40,1,0,0,0,0.9756,2,低
2026-09,桃園,B,B級,中危害,收工回簽,現場紀錄,是否拍照,46,43,42,1,0,0,0,0.9767,2,低
2026-09,桃園,C,C級,低危害,廠區,基本資料,工廠、日期、時間,36,30,30,0,0,0,0,1.0,0,低
2026-09,桃園,C,C級,低危害,許可證,許可資訊,工程作業分級、申請時間、核准工作時間、工作許可證編號,36,31,30,1,0,1,0,0.9677,5,低
2026-09,桃園,C,C級,低危害,施工地點,場地關係人,施工部門、轄區部門、監造部門,36,31,30,1,0,0,0,0.9677,2,低
2026-09,桃園,C,C級,低危害,包商,承攬商與人員資格,承攬商、工作人數、車輛車號、工地負責人、安衛人員、特殊作業主管,36,32,31,1,0,0,0,0.9688,2,低
2026-09,桃園,C,C級,低危害,危害等級,作業等級,施工地點、工程案號、工作內容、許可工作項目、作業分級,36,34,33,1,0,1,0,0.9706,5,低
2026-09,桃園,C,C級,低危害,危害等級,管線設備危害物,可燃性氣體、易燃液體、有害性氣體、化學藥劑、酸鹼、熱水蒸氣、空氣、其他,36,32,31,1,0,0,0,0.9688,2,低
2026-09,桃園,C,C級,低危害,檢點與危害告知,簽發前安全檢點,是否安全檢點,36,31,30,1,0,0,0,0.9677,2,低
2026-09,桃園,C,C級,低危害,檢點與危害告知,危害告知,是否危害告知,36,32,31,1,0,0,0,0.9688,2,低
2026-09,桃園,C,C級,低危害,危害排除與隔離,環境危害排除,是否設備管線危害物排除,36,35,34,1,0,0,0,0.9714,2,低
2026-09,桃園,C,C級,低危害,危害排除與隔離,隔離管制,設備管線是否加盲加鎖掛牌,36,32,31,1,0,0,0,0.9688,2,低
2026-09,桃園,C,C級,低危害,環境測定,氣體偵測數值,可燃性氣體%、氧氣%、一氧化碳PPM、硫化氫PPM,36,35,34,1,0,0,0,0.9714,2,低
2026-09,桃園,C,C級,低危害,環境測定,測定基準,可燃性氣體 < 20%LEL；氧氣>= 18%；一氧化碳<50 PPM；硫化氫<10 PPM,36,36,35,1,0,0,0,0.9722,2,低
2026-09,桃園,C,C級,低危害,環境測定,測定頻率,上、下午施工前測定；A級或高風險作業需重複或連續測定；每小時/每兩小時紀錄表,36,33,32,1,0,0,0,0.9697,2,低
2026-09,桃園,C,C級,低危害,防火防爆,消防設備,是否有消防設備,36,31,30,1,0,1,0,0.9677,5,低
2026-09,桃園,C,C級,低危害,防火防爆,防爆安全工具,是否使用防爆電氣設備及安全工具,36,33,32,1,0,0,0,0.9697,2,低
2026-09,桃園,C,C級,低危害,高處作業,防墜措施,設標準施工架、安全網、安全母索、安全帶,36,31,30,1,0,0,0,0.9677,2,低
2026-09,桃園,C,C級,低危害,安全保護,個人防護具,是否有防護口罩、防毒面具、SCBA、防護手套、安全眼鏡、耳塞,36,33,32,1,0,0,0,0.9697,2,低
2026-09,桃園,C,C級,低危害,警戒巡查,警戒標示,是否有警戒標示,36,35,34,1,0,0,0,0.9714,2,低
2026-09,桃園,C,C級,低危害,警戒巡查,巡查會簽,是否轄區、監造、安衛人員或工地負責人巡查會簽,36,32,31,1,0,0,0,0.9688,2,低
2026-09,桃園,C,C級,低危害,收工回簽,回簽收工確認,是否回簽時確認環境已整理並完成防護措施,36,35,34,1,0,0,0,0.9714,2,低
2026-09,桃園,C,C級,低危害,收工回簽,一般安全規定,是否遵守工安規定,36,34,33,1,0,0,0,0.9706,2,低
2026-09,桃園,C,C級,低危害,收工回簽,現場紀錄,是否拍照,36,35,34,1,0,0,0,0.9714,2,低
2026-10,桃園,A,A級,高危害,廠區,基本資料,工廠、日期、時間,20,18,18,0,0,0,0,1.0,0,低
2026-10,桃園,A,A級,高危害,許可證,許可資訊,工程作業分級、申請時間、核准工作時間、工作許可證編號,20,17,16,1,0,0,0,0.9412,2,低
2026-10,桃園,A,A級,高危害,施工地點,場地關係人,施工部門、轄區部門、監造部門,20,18,18,0,0,0,0,1.0,0,低
2026-10,桃園,A,A級,高危害,包商,承攬商與人員資格,承攬商、工作人數、車輛車號、工地負責人、安衛人員、特殊作業主管,20,19,18,1,0,0,0,0.9474,2,低
2026-10,桃園,A,A級,高危害,危害等級,作業等級,施工地點、工程案號、工作內容、許可工作項目、作業分級,20,18,17,1,0,0,0,0.9444,2,低
2026-10,桃園,A,A級,高危害,危害等級,管線設備危害物,可燃性氣體、易燃液體、有害性氣體、化學藥劑、酸鹼、熱水蒸氣、空氣、其他,20,19,18,1,0,0,0,0.9474,2,低
2026-10,桃園,A,A級,高危害,檢點與危害告知,簽發前安全檢點,是否安全檢點,20,19,18,1,0,0,0,0.9474,2,低
2026-10,桃園,A,A級,高危害,檢點與危害告知,危害告知,是否危害告知,20,19,18,1,0,0,0,0.9474,2,低
2026-10,桃園,A,A級,高危害,危害排除與隔離,環境危害排除,是否設備管線危害物排除,20,17,16,1,0,0,0,0.9412,2,低
2026-10,桃園,A,A級,高危害,危害排除與隔離,隔離管制,設備管線是否加盲加鎖掛牌,20,20,19,1,0,0,0,0.95,2,低
2026-10,桃園,A,A級,高危害,環境測定,氣體偵測數值,可燃性氣體%、氧氣%、一氧化碳PPM、硫化氫PPM,20,19,18,1,0,0,0,0.9474,2,低
2026-10,桃園,A,A級,高危害,環境測定,測定基準,可燃性氣體 < 20%LEL；氧氣>= 18%；一氧化碳<50 PPM；硫化氫<10 PPM,20,20,19,1,0,0,0,0.95,2,低
2026-10,桃園,A,A級,高危害,環境測定,測定頻率,上、下午施工前測定；A級或高風險作業需重複或連續測定；每小時/每兩小時紀錄表,20,20,19,1,0,0,0,0.95,2,低
2026-10,桃園,A,A級,高危害,防火防爆,消防設備,是否有消防設備,20,17,16,1,0,0,0,0.9412,2,低
2026-10,桃園,A,A級,高危害,防火防爆,防爆安全工具,是否使用防爆電氣設備及安全工具,20,18,17,1,0,0,0,0.9444,2,低
2026-10,桃園,A,A級,高危害,高處作業,防墜措施,設標準施工架、安全網、安全母索、安全帶,20,19,18,1,0,0,0,0.9474,2,低
2026-10,桃園,A,A級,高危害,安全保護,個人防護具,是否有防護口罩、防毒面具、SCBA、防護手套、安全眼鏡、耳塞,20,18,17,1,0,0,0,0.9444,2,低
2026-10,桃園,A,A級,高危害,警戒巡查,警戒標示,是否有警戒標示,20,19,18,1,0,0,0,0.9474,2,低
2026-10,桃園,A,A級,高危害,警戒巡查,巡查會簽,是否轄區、監造、安衛人員或工地負責人巡查會簽,20,17,16,1,0,0,0,0.9412,2,低
2026-10,桃園,A,A級,高危害,收工回簽,回簽收工確認,是否回簽時確認環境已整理並完成防護措施,20,17,16,1,0,1,0,0.9412,5,低
2026-10,桃園,A,A級,高危害,收工回簽,一般安全規定,是否遵守工安規定,20,17,16,1,0,0,0,0.9412,2,低
2026-10,桃園,A,A級,高危害,收工回簽,現場紀錄,是否拍照,20,19,18,1,0,0,0,0.9474,2,低
2026-10,桃園,B,B級,中危害,廠區,基本資料,工廠、日期、時間,45,44,43,1,0,0,0,0.9773,2,低
2026-10,桃園,B,B級,中危害,許可證,許可資訊,工程作業分級、申請時間、核准工作時間、工作許可證編號,45,38,37,1,0,0,0,0.9737,2,低
2026-10,桃園,B,B級,中危害,施工地點,場地關係人,施工部門、轄區部門、監造部門,45,38,37,1,0,0,0,0.9737,2,低
2026-10,桃園,B,B級,中危害,包商,承攬商與人員資格,承攬商、工作人數、車輛車號、工地負責人、安衛人員、特殊作業主管,45,41,40,1,0,0,0,0.9756,2,低
2026-10,桃園,B,B級,中危害,危害等級,作業等級,施工地點、工程案號、工作內容、許可工作項目、作業分級,45,40,39,1,0,0,0,0.975,2,低
2026-10,桃園,B,B級,中危害,危害等級,管線設備危害物,可燃性氣體、易燃液體、有害性氣體、化學藥劑、酸鹼、熱水蒸氣、空氣、其他,45,43,41,2,0,1,0,0.9535,7,低
2026-10,桃園,B,B級,中危害,檢點與危害告知,簽發前安全檢點,是否安全檢點,45,40,39,1,0,0,0,0.975,2,低
2026-10,桃園,B,B級,中危害,檢點與危害告知,危害告知,是否危害告知,45,38,37,1,0,0,0,0.9737,2,低
2026-10,桃園,B,B級,中危害,危害排除與隔離,環境危害排除,是否設備管線危害物排除,45,41,40,1,0,0,0,0.9756,2,低
2026-10,桃園,B,B級,中危害,危害排除與隔離,隔離管制,設備管線是否加盲加鎖掛牌,45,38,36,2,1,1,0,0.9474,16,中
2026-10,桃園,B,B級,中危害,環境測定,氣體偵測數值,可燃性氣體%、氧氣%、一氧化碳PPM、硫化氫PPM,45,37,36,1,0,0,0,0.973,2,低
2026-10,桃園,B,B級,中危害,環境測定,測定基準,可燃性氣體 < 20%LEL；氧氣>= 18%；一氧化碳<50 PPM；硫化氫<10 PPM,45,44,42,2,1,1,0,0.9545,16,中
2026-10,桃園,B,B級,中危害,環境測定,測定頻率,上、下午施工前測定；A級或高風險作業需重複或連續測定；每小時/每兩小時紀錄表,45,39,37,2,1,1,0,0.9487,16,中
2026-10,桃園,B,B級,中危害,防火防爆,消防設備,是否有消防設備,45,43,41,2,1,1,0,0.9535,16,中
2026-10,桃園,B,B級,中危害,防火防爆,防爆安全工具,是否使用防爆電氣設備及安全工具,45,39,37,2,1,1,0,0.9487,16,中
2026-10,桃園,B,B級,中危害,高處作業,防墜措施,設標準施工架、安全網、安全母索、安全帶,45,37,36,1,0,0,0,0.973,2,低
2026-10,桃園,B,B級,中危害,安全保護,個人防護具,是否有防護口罩、防毒面具、SCBA、防護手套、安全眼鏡、耳塞,45,40,39,1,0,0,0,0.975,2,低
2026-10,桃園,B,B級,中危害,警戒巡查,警戒標示,是否有警戒標示,45,43,42,1,0,0,0,0.9767,2,低
2026-10,桃園,B,B級,中危害,警戒巡查,巡查會簽,是否轄區、監造、安衛人員或工地負責人巡查會簽,45,40,39,1,0,0,0,0.975,2,低
2026-10,桃園,B,B級,中危害,收工回簽,回簽收工確認,是否回簽時確認環境已整理並完成防護措施,45,44,43,1,0,0,0,0.9773,2,低
2026-10,桃園,B,B級,中危害,收工回簽,一般安全規定,是否遵守工安規定,45,44,43,1,0,0,0,0.9773,2,低
2026-10,桃園,B,B級,中危害,收工回簽,現場紀錄,是否拍照,45,37,36,1,0,0,0,0.973,2,低
2026-10,桃園,C,C級,低危害,廠區,基本資料,工廠、日期、時間,38,38,37,1,0,0,0,0.9737,2,低
2026-10,桃園,C,C級,低危害,許可證,許可資訊,工程作業分級、申請時間、核准工作時間、工作許可證編號,38,36,35,1,0,0,0,0.9722,2,低
2026-10,桃園,C,C級,低危害,施工地點,場地關係人,施工部門、轄區部門、監造部門,38,36,35,1,0,0,0,0.9722,2,低
2026-10,桃園,C,C級,低危害,包商,承攬商與人員資格,承攬商、工作人數、車輛車號、工地負責人、安衛人員、特殊作業主管,38,35,34,1,0,0,0,0.9714,2,低
2026-10,桃園,C,C級,低危害,危害等級,作業等級,施工地點、工程案號、工作內容、許可工作項目、作業分級,38,33,32,1,0,0,0,0.9697,2,低
2026-10,桃園,C,C級,低危害,危害等級,管線設備危害物,可燃性氣體、易燃液體、有害性氣體、化學藥劑、酸鹼、熱水蒸氣、空氣、其他,38,34,33,1,0,0,0,0.9706,2,低
2026-10,桃園,C,C級,低危害,檢點與危害告知,簽發前安全檢點,是否安全檢點,38,34,33,1,0,0,0,0.9706,2,低
2026-10,桃園,C,C級,低危害,檢點與危害告知,危害告知,是否危害告知,38,33,32,1,0,0,0,0.9697,2,低
2026-10,桃園,C,C級,低危害,危害排除與隔離,環境危害排除,是否設備管線危害物排除,38,35,34,1,0,0,0,0.9714,2,低
2026-10,桃園,C,C級,低危害,危害排除與隔離,隔離管制,設備管線是否加盲加鎖掛牌,38,32,31,1,0,0,0,0.9688,2,低
2026-10,桃園,C,C級,低危害,環境測定,氣體偵測數值,可燃性氣體%、氧氣%、一氧化碳PPM、硫化氫PPM,38,37,36,1,0,0,0,0.973,2,低
2026-10,桃園,C,C級,低危害,環境測定,測定基準,可燃性氣體 < 20%LEL；氧氣>= 18%；一氧化碳<50 PPM；硫化氫<10 PPM,38,35,34,1,0,0,0,0.9714,2,低
2026-10,桃園,C,C級,低危害,環境測定,測定頻率,上、下午施工前測定；A級或高風險作業需重複或連續測定；每小時/每兩小時紀錄表,38,32,31,1,0,0,0,0.9688,2,低
2026-10,桃園,C,C級,低危害,防火防爆,消防設備,是否有消防設備,38,33,32,1,0,0,0,0.9697,2,低
2026-10,桃園,C,C級,低危害,防火防爆,防爆安全工具,是否使用防爆電氣設備及安全工具,38,36,35,1,0,0,0,0.9722,2,低
2026-10,桃園,C,C級,低危害,高處作業,防墜措施,設標準施工架、安全網、安全母索、安全帶,38,35,34,1,0,0,0,0.9714,2,低
2026-10,桃園,C,C級,低危害,安全保護,個人防護具,是否有防護口罩、防毒面具、SCBA、防護手套、安全眼鏡、耳塞,38,35,34,1,0,0,0,0.9714,2,低
2026-10,桃園,C,C級,低危害,警戒巡查,警戒標示,是否有警戒標示,38,35,34,1,0,0,0,0.9714,2,低
2026-10,桃園,C,C級,低危害,警戒巡查,巡查會簽,是否轄區、監造、安衛人員或工地負責人巡查會簽,38,31,30,1,0,0,0,0.9677,2,低
2026-10,桃園,C,C級,低危害,收工回簽,回簽收工確認,是否回簽時確認環境已整理並完成防護措施,38,37,36,1,0,0,0,0.973,2,低
2026-10,桃園,C,C級,低危害,收工回簽,一般安全規定,是否遵守工安規定,38,38,37,1,0,0,0,0.9737,2,低
2026-10,桃園,C,C級,低危害,收工回簽,現場紀錄,是否拍照,38,36,35,1,0,0,0,0.9722,2,低
2026-11,桃園,A,A級,高危害,廠區,基本資料,工廠、日期、時間,19,18,18,0,0,0,0,1.0,0,低
2026-11,桃園,A,A級,高危害,許可證,許可資訊,工程作業分級、申請時間、核准工作時間、工作許可證編號,19,18,18,0,0,0,0,1.0,0,低
2026-11,桃園,A,A級,高危害,施工地點,場地關係人,施工部門、轄區部門、監造部門,19,18,18,0,0,0,0,1.0,0,低
2026-11,桃園,A,A級,高危害,包商,承攬商與人員資格,承攬商、工作人數、車輛車號、工地負責人、安衛人員、特殊作業主管,19,17,16,1,0,0,0,0.9412,2,低
2026-11,桃園,A,A級,高危害,危害等級,作業等級,施工地點、工程案號、工作內容、許可工作項目、作業分級,19,16,15,1,0,0,0,0.9375,2,低
2026-11,桃園,A,A級,高危害,危害等級,管線設備危害物,可燃性氣體、易燃液體、有害性氣體、化學藥劑、酸鹼、熱水蒸氣、空氣、其他,19,18,17,1,0,0,0,0.9444,2,低
2026-11,桃園,A,A級,高危害,檢點與危害告知,簽發前安全檢點,是否安全檢點,19,19,18,1,0,0,0,0.9474,2,低
2026-11,桃園,A,A級,高危害,檢點與危害告知,危害告知,是否危害告知,19,18,17,1,0,0,0,0.9444,2,低
2026-11,桃園,A,A級,高危害,危害排除與隔離,環境危害排除,是否設備管線危害物排除,19,16,15,1,0,0,0,0.9375,2,低
2026-11,桃園,A,A級,高危害,危害排除與隔離,隔離管制,設備管線是否加盲加鎖掛牌,19,17,16,1,0,0,0,0.9412,2,低
2026-11,桃園,A,A級,高危害,環境測定,氣體偵測數值,可燃性氣體%、氧氣%、一氧化碳PPM、硫化氫PPM,19,16,15,1,0,0,0,0.9375,2,低
2026-11,桃園,A,A級,高危害,環境測定,測定基準,可燃性氣體 < 20%LEL；氧氣>= 18%；一氧化碳<50 PPM；硫化氫<10 PPM,19,16,15,1,0,0,0,0.9375,2,低
2026-11,桃園,A,A級,高危害,環境測定,測定頻率,上、下午施工前測定；A級或高風險作業需重複或連續測定；每小時/每兩小時紀錄表,19,18,17,1,0,0,0,0.9444,2,低
2026-11,桃園,A,A級,高危害,防火防爆,消防設備,是否有消防設備,19,16,15,1,0,0,0,0.9375,2,低
2026-11,桃園,A,A級,高危害,防火防爆,防爆安全工具,是否使用防爆電氣設備及安全工具,19,18,17,1,0,1,0,0.9444,5,低
2026-11,桃園,A,A級,高危害,高處作業,防墜措施,設標準施工架、安全網、安全母索、安全帶,19,19,18,1,0,0,0,0.9474,2,低
2026-11,桃園,A,A級,高危害,安全保護,個人防護具,是否有防護口罩、防毒面具、SCBA、防護手套、安全眼鏡、耳塞,19,17,16,1,0,1,0,0.9412,5,低
2026-11,桃園,A,A級,高危害,警戒巡查,警戒標示,是否有警戒標示,19,16,15,1,0,0,0,0.9375,2,低
2026-11,桃園,A,A級,高危害,警戒巡查,巡查會簽,是否轄區、監造、安衛人員或工地負責人巡查會簽,19,16,16,0,0,0,0,1.0,0,低
2026-11,桃園,A,A級,高危害,收工回簽,回簽收工確認,是否回簽時確認環境已整理並完成防護措施,19,17,16,1,0,0,0,0.9412,2,低
2026-11,桃園,A,A級,高危害,收工回簽,一般安全規定,是否遵守工安規定,19,17,17,0,0,0,0,1.0,0,低
2026-11,桃園,A,A級,高危害,收工回簽,現場紀錄,是否拍照,19,17,16,1,0,0,0,0.9412,2,低
2026-11,桃園,B,B級,中危害,廠區,基本資料,工廠、日期、時間,47,40,39,1,0,0,0,0.975,2,低
2026-11,桃園,B,B級,中危害,許可證,許可資訊,工程作業分級、申請時間、核准工作時間、工作許可證編號,47,42,41,1,0,0,0,0.9762,2,低
2026-11,桃園,B,B級,中危害,施工地點,場地關係人,施工部門、轄區部門、監造部門,47,42,41,1,0,0,0,0.9762,2,低
2026-11,桃園,B,B級,中危害,包商,承攬商與人員資格,承攬商、工作人數、車輛車號、工地負責人、安衛人員、特殊作業主管,47,43,42,1,0,0,0,0.9767,2,低
2026-11,桃園,B,B級,中危害,危害等級,作業等級,施工地點、工程案號、工作內容、許可工作項目、作業分級,47,40,39,1,0,0,0,0.975,2,低
2026-11,桃園,B,B級,中危害,危害等級,管線設備危害物,可燃性氣體、易燃液體、有害性氣體、化學藥劑、酸鹼、熱水蒸氣、空氣、其他,47,44,42,2,0,1,0,0.9545,7,低
2026-11,桃園,B,B級,中危害,檢點與危害告知,簽發前安全檢點,是否安全檢點,47,42,41,1,0,0,0,0.9762,2,低
2026-11,桃園,B,B級,中危害,檢點與危害告知,危害告知,是否危害告知,47,41,40,1,0,1,0,0.9756,5,低
2026-11,桃園,B,B級,中危害,危害排除與隔離,環境危害排除,是否設備管線危害物排除,47,40,39,1,0,0,0,0.975,2,低
2026-11,桃園,B,B級,中危害,危害排除與隔離,隔離管制,設備管線是否加盲加鎖掛牌,47,42,41,1,0,0,0,0.9762,2,低
2026-11,桃園,B,B級,中危害,環境測定,氣體偵測數值,可燃性氣體%、氧氣%、一氧化碳PPM、硫化氫PPM,47,42,41,1,0,0,0,0.9762,2,低
2026-11,桃園,B,B級,中危害,環境測定,測定基準,可燃性氣體 < 20%LEL；氧氣>= 18%；一氧化碳<50 PPM；硫化氫<10 PPM,47,40,38,2,1,0,0,0.95,13,低
2026-11,桃園,B,B級,中危害,環境測定,測定頻率,上、下午施工前測定；A級或高風險作業需重複或連續測定；每小時/每兩小時紀錄表,47,45,44,1,0,0,0,0.9778,2,低
2026-11,桃園,B,B級,中危害,防火防爆,消防設備,是否有消防設備,47,40,38,2,1,1,0,0.95,16,中
2026-11,桃園,B,B級,中危害,防火防爆,防爆安全工具,是否使用防爆電氣設備及安全工具,47,41,40,1,0,0,0,0.9756,2,低
2026-11,桃園,B,B級,中危害,高處作業,防墜措施,設標準施工架、安全網、安全母索、安全帶,47,45,43,2,1,1,0,0.9556,16,中
2026-11,桃園,B,B級,中危害,安全保護,個人防護具,是否有防護口罩、防毒面具、SCBA、防護手套、安全眼鏡、耳塞,47,47,46,1,0,0,0,0.9787,2,低
2026-11,桃園,B,B級,中危害,警戒巡查,警戒標示,是否有警戒標示,47,46,45,1,0,0,0,0.9783,2,低
2026-11,桃園,B,B級,中危害,警戒巡查,巡查會簽,是否轄區、監造、安衛人員或工地負責人巡查會簽,47,47,46,1,0,1,0,0.9787,5,低
2026-11,桃園,B,B級,中危害,收工回簽,回簽收工確認,是否回簽時確認環境已整理並完成防護措施,47,40,39,1,0,0,0,0.975,2,低
2026-11,桃園,B,B級,中危害,收工回簽,一般安全規定,是否遵守工安規定,47,41,40,1,0,0,0,0.9756,2,低
2026-11,桃園,B,B級,中危害,收工回簽,現場紀錄,是否拍照,47,45,44,1,0,0,0,0.9778,2,低
2026-11,桃園,C,C級,低危害,廠區,基本資料,工廠、日期、時間,37,34,33,1,0,0,0,0.9706,2,低
2026-11,桃園,C,C級,低危害,許可證,許可資訊,工程作業分級、申請時間、核准工作時間、工作許可證編號,37,34,33,1,0,0,0,0.9706,2,低
2026-11,桃園,C,C級,低危害,施工地點,場地關係人,施工部門、轄區部門、監造部門,37,34,33,1,0,0,0,0.9706,2,低
2026-11,桃園,C,C級,低危害,包商,承攬商與人員資格,承攬商、工作人數、車輛車號、工地負責人、安衛人員、特殊作業主管,37,33,32,1,0,0,0,0.9697,2,低
2026-11,桃園,C,C級,低危害,危害等級,作業等級,施工地點、工程案號、工作內容、許可工作項目、作業分級,37,31,30,1,0,0,0,0.9677,2,低
2026-11,桃園,C,C級,低危害,危害等級,管線設備危害物,可燃性氣體、易燃液體、有害性氣體、化學藥劑、酸鹼、熱水蒸氣、空氣、其他,37,37,36,1,0,0,0,0.973,2,低
2026-11,桃園,C,C級,低危害,檢點與危害告知,簽發前安全檢點,是否安全檢點,37,33,32,1,0,0,0,0.9697,2,低
2026-11,桃園,C,C級,低危害,檢點與危害告知,危害告知,是否危害告知,37,31,30,1,0,0,0,0.9677,2,低
2026-11,桃園,C,C級,低危害,危害排除與隔離,環境危害排除,是否設備管線危害物排除,37,34,33,1,0,0,0,0.9706,2,低
2026-11,桃園,C,C級,低危害,危害排除與隔離,隔離管制,設備管線是否加盲加鎖掛牌,37,33,32,1,0,0,0,0.9697,2,低
2026-11,桃園,C,C級,低危害,環境測定,氣體偵測數值,可燃性氣體%、氧氣%、一氧化碳PPM、硫化氫PPM,37,31,30,1,0,0,0,0.9677,2,低
2026-11,桃園,C,C級,低危害,環境測定,測定基準,可燃性氣體 < 20%LEL；氧氣>= 18%；一氧化碳<50 PPM；硫化氫<10 PPM,37,31,30,1,0,0,0,0.9677,2,低
2026-11,桃園,C,C級,低危害,環境測定,測定頻率,上、下午施工前測定；A級或高風險作業需重複或連續測定；每小時/每兩小時紀錄表,37,37,36,1,0,0,0,0.973,2,低
2026-11,桃園,C,C級,低危害,防火防爆,消防設備,是否有消防設備,37,34,33,1,0,0,0,0.9706,2,低
2026-11,桃園,C,C級,低危害,防火防爆,防爆安全工具,是否使用防爆電氣設備及安全工具,37,32,31,1,0,0,0,0.9688,2,低
2026-11,桃園,C,C級,低危害,高處作業,防墜措施,設標準施工架、安全網、安全母索、安全帶,37,37,36,1,0,0,0,0.973,2,低
2026-11,桃園,C,C級,低危害,安全保護,個人防護具,是否有防護口罩、防毒面具、SCBA、防護手套、安全眼鏡、耳塞,37,36,35,1,0,0,0,0.9722,2,低
2026-11,桃園,C,C級,低危害,警戒巡查,警戒標示,是否有警戒標示,37,37,36,1,0,0,0,0.973,2,低
2026-11,桃園,C,C級,低危害,警戒巡查,巡查會簽,是否轄區、監造、安衛人員或工地負責人巡查會簽,37,33,32,1,0,0,0,0.9697,2,低
2026-11,桃園,C,C級,低危害,收工回簽,回簽收工確認,是否回簽時確認環境已整理並完成防護措施,37,34,33,1,0,0,0,0.9706,2,低
2026-11,桃園,C,C級,低危害,收工回簽,一般安全規定,是否遵守工安規定,37,31,30,1,0,0,0,0.9677,2,低
2026-11,桃園,C,C級,低危害,收工回簽,現場紀錄,是否拍照,37,32,31,1,0,0,0,0.9688,2,低
2026-12,桃園,A,A級,高危害,廠區,基本資料,工廠、日期、時間,27,23,22,1,0,0,0,0.9565,2,低
2026-12,桃園,A,A級,高危害,許可證,許可資訊,工程作業分級、申請時間、核准工作時間、工作許可證編號,27,27,26,1,0,0,0,0.963,2,低
2026-12,桃園,A,A級,高危害,施工地點,場地關係人,施工部門、轄區部門、監造部門,27,27,26,1,0,0,0,0.963,2,低
2026-12,桃園,A,A級,高危害,包商,承攬商與人員資格,承攬商、工作人數、車輛車號、工地負責人、安衛人員、特殊作業主管,27,27,26,1,0,0,0,0.963,2,低
2026-12,桃園,A,A級,高危害,危害等級,作業等級,施工地點、工程案號、工作內容、許可工作項目、作業分級,27,24,23,1,0,0,0,0.9583,2,低
2026-12,桃園,A,A級,高危害,危害等級,管線設備危害物,可燃性氣體、易燃液體、有害性氣體、化學藥劑、酸鹼、熱水蒸氣、空氣、其他,27,25,24,1,0,0,0,0.96,2,低
2026-12,桃園,A,A級,高危害,檢點與危害告知,簽發前安全檢點,是否安全檢點,27,23,22,1,0,0,0,0.9565,2,低
2026-12,桃園,A,A級,高危害,檢點與危害告知,危害告知,是否危害告知,27,23,22,1,0,0,0,0.9565,2,低
2026-12,桃園,A,A級,高危害,危害排除與隔離,環境危害排除,是否設備管線危害物排除,27,26,24,2,1,1,0,0.9231,16,中
2026-12,桃園,A,A級,高危害,危害排除與隔離,隔離管制,設備管線是否加盲加鎖掛牌,27,26,24,2,1,1,0,0.9231,16,中
2026-12,桃園,A,A級,高危害,環境測定,氣體偵測數值,可燃性氣體%、氧氣%、一氧化碳PPM、硫化氫PPM,27,25,23,2,1,1,0,0.92,16,中
2026-12,桃園,A,A級,高危害,環境測定,測定基準,可燃性氣體 < 20%LEL；氧氣>= 18%；一氧化碳<50 PPM；硫化氫<10 PPM,27,26,24,2,1,1,0,0.9231,16,中
2026-12,桃園,A,A級,高危害,環境測定,測定頻率,上、下午施工前測定；A級或高風險作業需重複或連續測定；每小時/每兩小時紀錄表,27,24,22,2,1,1,0,0.9167,16,中
2026-12,桃園,A,A級,高危害,防火防爆,消防設備,是否有消防設備,27,22,20,2,1,0,0,0.9091,13,低
2026-12,桃園,A,A級,高危害,防火防爆,防爆安全工具,是否使用防爆電氣設備及安全工具,27,24,23,1,0,0,0,0.9583,2,低
2026-12,桃園,A,A級,高危害,高處作業,防墜措施,設標準施工架、安全網、安全母索、安全帶,27,24,23,1,0,0,0,0.9583,2,低
2026-12,桃園,A,A級,高危害,安全保護,個人防護具,是否有防護口罩、防毒面具、SCBA、防護手套、安全眼鏡、耳塞,27,23,22,1,0,0,0,0.9565,2,低
2026-12,桃園,A,A級,高危害,警戒巡查,警戒標示,是否有警戒標示,27,26,25,1,0,0,0,0.9615,2,低
2026-12,桃園,A,A級,高危害,警戒巡查,巡查會簽,是否轄區、監造、安衛人員或工地負責人巡查會簽,27,23,22,1,0,0,0,0.9565,2,低
2026-12,桃園,A,A級,高危害,收工回簽,回簽收工確認,是否回簽時確認環境已整理並完成防護措施,27,24,23,1,0,0,0,0.9583,2,低
2026-12,桃園,A,A級,高危害,收工回簽,一般安全規定,是否遵守工安規定,27,25,24,1,0,0,0,0.96,2,低
2026-12,桃園,A,A級,高危害,收工回簽,現場紀錄,是否拍照,27,24,23,1,0,0,0,0.9583,2,低
2026-12,桃園,B,B級,中危害,廠區,基本資料,工廠、日期、時間,49,46,45,1,0,0,0,0.9783,2,低
2026-12,桃園,B,B級,中危害,許可證,許可資訊,工程作業分級、申請時間、核准工作時間、工作許可證編號,49,46,45,1,0,0,0,0.9783,2,低
2026-12,桃園,B,B級,中危害,施工地點,場地關係人,施工部門、轄區部門、監造部門,49,45,44,1,0,0,0,0.9778,2,低
2026-12,桃園,B,B級,中危害,包商,承攬商與人員資格,承攬商、工作人數、車輛車號、工地負責人、安衛人員、特殊作業主管,49,44,43,1,0,0,0,0.9773,2,低
2026-12,桃園,B,B級,中危害,危害等級,作業等級,施工地點、工程案號、工作內容、許可工作項目、作業分級,49,42,40,2,0,0,0,0.9524,4,低
2026-12,桃園,B,B級,中危害,危害等級,管線設備危害物,可燃性氣體、易燃液體、有害性氣體、化學藥劑、酸鹼、熱水蒸氣、空氣、其他,49,49,47,2,0,1,0,0.9592,7,低
2026-12,桃園,B,B級,中危害,檢點與危害告知,簽發前安全檢點,是否安全檢點,49,41,40,1,0,0,0,0.9756,2,低
2026-12,桃園,B,B級,中危害,檢點與危害告知,危害告知,是否危害告知,49,47,45,2,0,1,0,0.9574,7,低
2026-12,桃園,B,B級,中危害,危害排除與隔離,環境危害排除,是否設備管線危害物排除,49,48,46,2,1,1,0,0.9583,16,中
2026-12,桃園,B,B級,中危害,危害排除與隔離,隔離管制,設備管線是否加盲加鎖掛牌,49,45,44,1,0,0,0,0.9778,2,低
2026-12,桃園,B,B級,中危害,環境測定,氣體偵測數值,可燃性氣體%、氧氣%、一氧化碳PPM、硫化氫PPM,49,44,42,2,1,1,0,0.9545,16,中
2026-12,桃園,B,B級,中危害,環境測定,測定基準,可燃性氣體 < 20%LEL；氧氣>= 18%；一氧化碳<50 PPM；硫化氫<10 PPM,49,48,46,2,1,1,0,0.9583,16,中
2026-12,桃園,B,B級,中危害,環境測定,測定頻率,上、下午施工前測定；A級或高風險作業需重複或連續測定；每小時/每兩小時紀錄表,49,44,42,2,1,1,0,0.9545,16,中
2026-12,桃園,B,B級,中危害,防火防爆,消防設備,是否有消防設備,49,43,42,1,0,0,0,0.9767,2,低
2026-12,桃園,B,B級,中危害,防火防爆,防爆安全工具,是否使用防爆電氣設備及安全工具,49,44,42,2,1,1,0,0.9545,16,中
2026-12,桃園,B,B級,中危害,高處作業,防墜措施,設標準施工架、安全網、安全母索、安全帶,49,43,42,1,0,0,0,0.9767,2,低
2026-12,桃園,B,B級,中危害,安全保護,個人防護具,是否有防護口罩、防毒面具、SCBA、防護手套、安全眼鏡、耳塞,49,44,43,1,0,0,0,0.9773,2,低
2026-12,桃園,B,B級,中危害,警戒巡查,警戒標示,是否有警戒標示,49,42,41,1,0,0,0,0.9762,2,低
2026-12,桃園,B,B級,中危害,警戒巡查,巡查會簽,是否轄區、監造、安衛人員或工地負責人巡查會簽,49,49,48,1,0,0,0,0.9796,2,低
2026-12,桃園,B,B級,中危害,收工回簽,回簽收工確認,是否回簽時確認環境已整理並完成防護措施,49,48,47,1,0,0,0,0.9792,2,低
2026-12,桃園,B,B級,中危害,收工回簽,一般安全規定,是否遵守工安規定,49,46,45,1,0,0,0,0.9783,2,低
2026-12,桃園,B,B級,中危害,收工回簽,現場紀錄,是否拍照,49,47,46,1,0,0,0,0.9787,2,低
2026-12,桃園,C,C級,低危害,廠區,基本資料,工廠、日期、時間,40,35,34,1,0,0,0,0.9714,2,低
2026-12,桃園,C,C級,低危害,許可證,許可資訊,工程作業分級、申請時間、核准工作時間、工作許可證編號,40,37,36,1,0,0,0,0.973,2,低
2026-12,桃園,C,C級,低危害,施工地點,場地關係人,施工部門、轄區部門、監造部門,40,34,33,1,0,0,0,0.9706,2,低
2026-12,桃園,C,C級,低危害,包商,承攬商與人員資格,承攬商、工作人數、車輛車號、工地負責人、安衛人員、特殊作業主管,40,35,34,1,0,0,0,0.9714,2,低
2026-12,桃園,C,C級,低危害,危害等級,作業等級,施工地點、工程案號、工作內容、許可工作項目、作業分級,40,38,37,1,0,0,0,0.9737,2,低
2026-12,桃園,C,C級,低危害,危害等級,管線設備危害物,可燃性氣體、易燃液體、有害性氣體、化學藥劑、酸鹼、熱水蒸氣、空氣、其他,40,35,34,1,0,0,0,0.9714,2,低
2026-12,桃園,C,C級,低危害,檢點與危害告知,簽發前安全檢點,是否安全檢點,40,36,35,1,0,0,0,0.9722,2,低
2026-12,桃園,C,C級,低危害,檢點與危害告知,危害告知,是否危害告知,40,35,34,1,0,0,0,0.9714,2,低
2026-12,桃園,C,C級,低危害,危害排除與隔離,環境危害排除,是否設備管線危害物排除,40,39,38,1,0,0,0,0.9744,2,低
2026-12,桃園,C,C級,低危害,危害排除與隔離,隔離管制,設備管線是否加盲加鎖掛牌,40,40,39,1,0,0,0,0.975,2,低
2026-12,桃園,C,C級,低危害,環境測定,氣體偵測數值,可燃性氣體%、氧氣%、一氧化碳PPM、硫化氫PPM,40,40,39,1,0,0,0,0.975,2,低
2026-12,桃園,C,C級,低危害,環境測定,測定基準,可燃性氣體 < 20%LEL；氧氣>= 18%；一氧化碳<50 PPM；硫化氫<10 PPM,40,35,34,1,0,0,0,0.9714,2,低
2026-12,桃園,C,C級,低危害,環境測定,測定頻率,上、下午施工前測定；A級或高風險作業需重複或連續測定；每小時/每兩小時紀錄表,40,36,35,1,0,0,0,0.9722,2,低
2026-12,桃園,C,C級,低危害,防火防爆,消防設備,是否有消防設備,40,38,37,1,0,0,0,0.9737,2,低
2026-12,桃園,C,C級,低危害,防火防爆,防爆安全工具,是否使用防爆電氣設備及安全工具,40,33,32,1,0,0,0,0.9697,2,低
2026-12,桃園,C,C級,低危害,高處作業,防墜措施,設標準施工架、安全網、安全母索、安全帶,40,37,36,1,0,0,0,0.973,2,低
2026-12,桃園,C,C級,低危害,安全保護,個人防護具,是否有防護口罩、防毒面具、SCBA、防護手套、安全眼鏡、耳塞,40,39,38,1,0,0,0,0.9744,2,低
2026-12,桃園,C,C級,低危害,警戒巡查,警戒標示,是否有警戒標示,40,39,38,1,0,0,0,0.9744,2,低
2026-12,桃園,C,C級,低危害,警戒巡查,巡查會簽,是否轄區、監造、安衛人員或工地負責人巡查會簽,40,38,37,1,0,0,0,0.9737,2,低
2026-12,桃園,C,C級,低危害,收工回簽,回簽收工確認,是否回簽時確認環境已整理並完成防護措施,40,38,37,1,0,0,0,0.9737,2,低
2026-12,桃園,C,C級,低危害,收工回簽,一般安全規定,是否遵守工安規定,40,35,34,1,0,0,0,0.9714,2,低
2026-12,桃園,C,C級,低危害,收工回簽,現場紀錄,是否拍照,40,39,38,1,0,0,0,0.9744,2,低
2024-01,台中,A,A級,高危害,廠區,基本資料,工廠、日期、時間,22,21,21,0,0,0,0,1.0,0,低
2024-01,台中,A,A級,高危害,許可證,許可資訊,工程作業分級、申請時間、核准工作時間、工作許可證編號,22,22,21,1,0,0,0,0.9545,2,低
2024-01,台中,A,A級,高危害,施工地點,場地關係人,施工部門、轄區部門、監造部門,22,19,18,1,0,0,0,0.9474,2,低
2024-01,台中,A,A級,高危害,包商,承攬商與人員資格,承攬商、工作人數、車輛車號、工地負責人、安衛人員、特殊作業主管,22,19,18,1,0,0,0,0.9474,2,低
2024-01,台中,A,A級,高危害,危害等級,作業等級,施工地點、工程案號、工作內容、許可工作項目、作業分級,22,22,21,1,0,0,0,0.9545,2,低
2024-01,台中,A,A級,高危害,危害等級,管線設備危害物,可燃性氣體、易燃液體、有害性氣體、化學藥劑、酸鹼、熱水蒸氣、空氣、其他,22,21,20,1,0,1,0,0.9524,5,低
2024-01,台中,A,A級,高危害,檢點與危害告知,簽發前安全檢點,是否安全檢點,22,19,18,1,0,0,0,0.9474,2,低
2024-01,台中,A,A級,高危害,檢點與危害告知,危害告知,是否危害告知,22,20,19,1,0,0,0,0.95,2,低
2024-01,台中,A,A級,高危害,危害排除與隔離,環境危害排除,是否設備管線危害物排除,22,19,18,1,0,0,0,0.9474,2,低
2024-01,台中,A,A級,高危害,危害排除與隔離,隔離管制,設備管線是否加盲加鎖掛牌,22,19,18,1,0,0,0,0.9474,2,低
2024-01,台中,A,A級,高危害,環境測定,氣體偵測數值,可燃性氣體%、氧氣%、一氧化碳PPM、硫化氫PPM,22,21,20,1,0,0,0,0.9524,2,低
2024-01,台中,A,A級,高危害,環境測定,測定基準,可燃性氣體 < 20%LEL；氧氣>= 18%；一氧化碳<50 PPM；硫化氫<10 PPM,22,20,19,1,0,0,0,0.95,2,低
2024-01,台中,A,A級,高危害,環境測定,測定頻率,上、下午施工前測定；A級或高風險作業需重複或連續測定；每小時/每兩小時紀錄表,22,20,19,1,0,0,0,0.95,2,低
2024-01,台中,A,A級,高危害,防火防爆,消防設備,是否有消防設備,22,19,18,1,0,0,0,0.9474,2,低
2024-01,台中,A,A級,高危害,防火防爆,防爆安全工具,是否使用防爆電氣設備及安全工具,22,19,18,1,0,0,0,0.9474,2,低
2024-01,台中,A,A級,高危害,高處作業,防墜措施,設標準施工架、安全網、安全母索、安全帶,22,19,18,1,0,0,0,0.9474,2,低
2024-01,台中,A,A級,高危害,安全保護,個人防護具,是否有防護口罩、防毒面具、SCBA、防護手套、安全眼鏡、耳塞,22,21,20,1,0,0,0,0.9524,2,低
2024-01,台中,A,A級,高危害,警戒巡查,警戒標示,是否有警戒標示,22,19,18,1,0,0,0,0.9474,2,低
2024-01,台中,A,A級,高危害,警戒巡查,巡查會簽,是否轄區、監造、安衛人員或工地負責人巡查會簽,22,22,21,1,0,0,0,0.9545,2,低
2024-01,台中,A,A級,高危害,收工回簽,回簽收工確認,是否回簽時確認環境已整理並完成防護措施,22,19,18,1,0,0,0,0.9474,2,低
2024-01,台中,A,A級,高危害,收工回簽,一般安全規定,是否遵守工安規定,22,19,19,0,0,0,0,1.0,0,低
2024-01,台中,A,A級,高危害,收工回簽,現場紀錄,是否拍照,22,20,19,1,0,0,0,0.95,2,低
2024-01,台中,B,B級,中危害,廠區,基本資料,工廠、日期、時間,45,41,40,1,0,0,0,0.9756,2,低
2024-01,台中,B,B級,中危害,許可證,許可資訊,工程作業分級、申請時間、核准工作時間、工作許可證編號,45,40,39,1,0,0,0,0.975,2,低
2024-01,台中,B,B級,中危害,施工地點,場地關係人,施工部門、轄區部門、監造部門,45,43,42,1,0,0,0,0.9767,2,低
2024-01,台中,B,B級,中危害,包商,承攬商與人員資格,承攬商、工作人數、車輛車號、工地負責人、安衛人員、特殊作業主管,45,40,39,1,0,0,0,0.975,2,低
2024-01,台中,B,B級,中危害,危害等級,作業等級,施工地點、工程案號、工作內容、許可工作項目、作業分級,45,42,40,2,0,1,0,0.9524,7,低
2024-01,台中,B,B級,中危害,危害等級,管線設備危害物,可燃性氣體、易燃液體、有害性氣體、化學藥劑、酸鹼、熱水蒸氣、空氣、其他,45,43,41,2,0,1,0,0.9535,7,低
2024-01,台中,B,B級,中危害,檢點與危害告知,簽發前安全檢點,是否安全檢點,45,41,40,1,0,0,0,0.9756,2,低
2024-01,台中,B,B級,中危害,檢點與危害告知,危害告知,是否危害告知,45,39,38,1,0,1,0,0.9744,5,低
2024-01,台中,B,B級,中危害,危害排除與隔離,環境危害排除,是否設備管線危害物排除,45,39,38,1,0,0,0,0.9744,2,低
2024-01,台中,B,B級,中危害,危害排除與隔離,隔離管制,設備管線是否加盲加鎖掛牌,45,38,36,2,1,1,0,0.9474,16,中
2024-01,台中,B,B級,中危害,環境測定,氣體偵測數值,可燃性氣體%、氧氣%、一氧化碳PPM、硫化氫PPM,45,41,40,1,0,0,0,0.9756,2,低
2024-01,台中,B,B級,中危害,環境測定,測定基準,可燃性氣體 < 20%LEL；氧氣>= 18%；一氧化碳<50 PPM；硫化氫<10 PPM,45,44,42,2,1,0,0,0.9545,13,低
2024-01,台中,B,B級,中危害,環境測定,測定頻率,上、下午施工前測定；A級或高風險作業需重複或連續測定；每小時/每兩小時紀錄表,45,43,41,2,1,1,0,0.9535,16,中
2024-01,台中,B,B級,中危害,防火防爆,消防設備,是否有消防設備,45,38,37,1,0,0,0,0.9737,2,低
2024-01,台中,B,B級,中危害,防火防爆,防爆安全工具,是否使用防爆電氣設備及安全工具,45,39,38,1,0,0,0,0.9744,2,低
2024-01,台中,B,B級,中危害,高處作業,防墜措施,設標準施工架、安全網、安全母索、安全帶,45,42,41,1,0,0,0,0.9762,2,低
2024-01,台中,B,B級,中危害,安全保護,個人防護具,是否有防護口罩、防毒面具、SCBA、防護手套、安全眼鏡、耳塞,45,44,43,1,0,0,0,0.9773,2,低
2024-01,台中,B,B級,中危害,警戒巡查,警戒標示,是否有警戒標示,45,41,40,1,0,0,0,0.9756,2,低
2024-01,台中,B,B級,中危害,警戒巡查,巡查會簽,是否轄區、監造、安衛人員或工地負責人巡查會簽,45,41,40,1,0,0,0,0.9756,2,低
2024-01,台中,B,B級,中危害,收工回簽,回簽收工確認,是否回簽時確認環境已整理並完成防護措施,45,40,39,1,0,0,0,0.975,2,低
2024-01,台中,B,B級,中危害,收工回簽,一般安全規定,是否遵守工安規定,45,44,43,1,0,0,0,0.9773,2,低
2024-01,台中,B,B級,中危害,收工回簽,現場紀錄,是否拍照,45,37,36,1,0,0,0,0.973,2,低
2024-01,台中,C,C級,低危害,廠區,基本資料,工廠、日期、時間,37,32,32,0,0,0,0,1.0,0,低
2024-01,台中,C,C級,低危害,許可證,許可資訊,工程作業分級、申請時間、核准工作時間、工作許可證編號,37,32,31,1,0,0,0,0.9688,2,低
2024-01,台中,C,C級,低危害,施工地點,場地關係人,施工部門、轄區部門、監造部門,37,33,32,1,0,0,0,0.9697,2,低
2024-01,台中,C,C級,低危害,包商,承攬商與人員資格,承攬商、工作人數、車輛車號、工地負責人、安衛人員、特殊作業主管,37,34,33,1,0,0,0,0.9706,2,低
2024-01,台中,C,C級,低危害,危害等級,作業等級,施工地點、工程案號、工作內容、許可工作項目、作業分級,37,35,34,1,0,1,0,0.9714,5,低
2024-01,台中,C,C級,低危害,危害等級,管線設備危害物,可燃性氣體、易燃液體、有害性氣體、化學藥劑、酸鹼、熱水蒸氣、空氣、其他,37,32,31,1,0,0,0,0.9688,2,低
2024-01,台中,C,C級,低危害,檢點與危害告知,簽發前安全檢點,是否安全檢點,37,37,36,1,0,0,0,0.973,2,低
2024-01,台中,C,C級,低危害,檢點與危害告知,危害告知,是否危害告知,37,35,34,1,0,0,0,0.9714,2,低
2024-01,台中,C,C級,低危害,危害排除與隔離,環境危害排除,是否設備管線危害物排除,37,32,31,1,0,0,0,0.9688,2,低
2024-01,台中,C,C級,低危害,危害排除與隔離,隔離管制,設備管線是否加盲加鎖掛牌,37,33,32,1,0,0,0,0.9697,2,低
2024-01,台中,C,C級,低危害,環境測定,氣體偵測數值,可燃性氣體%、氧氣%、一氧化碳PPM、硫化氫PPM,37,34,33,1,0,0,0,0.9706,2,低
2024-01,台中,C,C級,低危害,環境測定,測定基準,可燃性氣體 < 20%LEL；氧氣>= 18%；一氧化碳<50 PPM；硫化氫<10 PPM,37,31,30,1,0,0,0,0.9677,2,低
2024-01,台中,C,C級,低危害,環境測定,測定頻率,上、下午施工前測定；A級或高風險作業需重複或連續測定；每小時/每兩小時紀錄表,37,33,32,1,0,0,0,0.9697,2,低
2024-01,台中,C,C級,低危害,防火防爆,消防設備,是否有消防設備,37,33,32,1,0,0,0,0.9697,2,低
2024-01,台中,C,C級,低危害,防火防爆,防爆安全工具,是否使用防爆電氣設備及安全工具,37,36,35,1,0,0,0,0.9722,2,低
2024-01,台中,C,C級,低危害,高處作業,防墜措施,設標準施工架、安全網、安全母索、安全帶,37,30,29,1,0,0,0,0.9667,2,低
2024-01,台中,C,C級,低危害,安全保護,個人防護具,是否有防護口罩、防毒面具、SCBA、防護手套、安全眼鏡、耳塞,37,34,33,1,0,0,0,0.9706,2,低
2024-01,台中,C,C級,低危害,警戒巡查,警戒標示,是否有警戒標示,37,34,33,1,0,0,0,0.9706,2,低
2024-01,台中,C,C級,低危害,警戒巡查,巡查會簽,是否轄區、監造、安衛人員或工地負責人巡查會簽,37,32,31,1,0,0,0,0.9688,2,低
2024-01,台中,C,C級,低危害,收工回簽,回簽收工確認,是否回簽時確認環境已整理並完成防護措施,37,32,31,1,0,0,0,0.9688,2,低
2024-01,台中,C,C級,低危害,收工回簽,一般安全規定,是否遵守工安規定,37,32,31,1,0,0,0,0.9688,2,低
2024-01,台中,C,C級,低危害,收工回簽,現場紀錄,是否拍照,37,34,33,1,0,0,0,0.9706,2,低
2024-02,台中,A,A級,高危害,廠區,基本資料,工廠、日期、時間,23,23,23,0,0,0,0,1.0,0,低
2024-02,台中,A,A級,高危害,許可證,許可資訊,工程作業分級、申請時間、核准工作時間、工作許可證編號,23,19,18,1,0,0,0,0.9474,2,低
2024-02,台中,A,A級,高危害,施工地點,場地關係人,施工部門、轄區部門、監造部門,23,21,20,1,0,0,0,0.9524,2,低
2024-02,台中,A,A級,高危害,包商,承攬商與人員資格,承攬商、工作人數、車輛車號、工地負責人、安衛人員、特殊作業主管,23,21,20,1,0,0,0,0.9524,2,低
2024-02,台中,A,A級,高危害,危害等級,作業等級,施工地點、工程案號、工作內容、許可工作項目、作業分級,23,20,19,1,0,0,0,0.95,2,低
2024-02,台中,A,A級,高危害,危害等級,管線設備危害物,可燃性氣體、易燃液體、有害性氣體、化學藥劑、酸鹼、熱水蒸氣、空氣、其他,23,20,19,1,0,0,0,0.95,2,低
2024-02,台中,A,A級,高危害,檢點與危害告知,簽發前安全檢點,是否安全檢點,23,20,19,1,0,0,0,0.95,2,低
2024-02,台中,A,A級,高危害,檢點與危害告知,危害告知,是否危害告知,23,21,20,1,0,0,0,0.9524,2,低
2024-02,台中,A,A級,高危害,危害排除與隔離,環境危害排除,是否設備管線危害物排除,23,21,20,1,0,0,0,0.9524,2,低
2024-02,台中,A,A級,高危害,危害排除與隔離,隔離管制,設備管線是否加盲加鎖掛牌,23,22,20,2,1,0,0,0.9091,13,低
2024-02,台中,A,A級,高危害,環境測定,氣體偵測數值,可燃性氣體%、氧氣%、一氧化碳PPM、硫化氫PPM,23,20,19,1,0,0,0,0.95,2,低
2024-02,台中,A,A級,高危害,環境測定,測定基準,可燃性氣體 < 20%LEL；氧氣>= 18%；一氧化碳<50 PPM；硫化氫<10 PPM,23,21,20,1,0,0,0,0.9524,2,低
2024-02,台中,A,A級,高危害,環境測定,測定頻率,上、下午施工前測定；A級或高風險作業需重複或連續測定；每小時/每兩小時紀錄表,23,23,22,1,0,0,0,0.9565,2,低
2024-02,台中,A,A級,高危害,防火防爆,消防設備,是否有消防設備,23,21,20,1,0,0,0,0.9524,2,低
2024-02,台中,A,A級,高危害,防火防爆,防爆安全工具,是否使用防爆電氣設備及安全工具,23,22,21,1,0,0,0,0.9545,2,低
2024-02,台中,A,A級,高危害,高處作業,防墜措施,設標準施工架、安全網、安全母索、安全帶,23,23,22,1,0,0,0,0.9565,2,低
2024-02,台中,A,A級,高危害,安全保護,個人防護具,是否有防護口罩、防毒面具、SCBA、防護手套、安全眼鏡、耳塞,23,20,19,1,0,0,0,0.95,2,低
2024-02,台中,A,A級,高危害,警戒巡查,警戒標示,是否有警戒標示,23,21,20,1,0,0,0,0.9524,2,低
2024-02,台中,A,A級,高危害,警戒巡查,巡查會簽,是否轄區、監造、安衛人員或工地負責人巡查會簽,23,23,22,1,0,0,0,0.9565,2,低
2024-02,台中,A,A級,高危害,收工回簽,回簽收工確認,是否回簽時確認環境已整理並完成防護措施,23,21,20,1,0,0,0,0.9524,2,低
2024-02,台中,A,A級,高危害,收工回簽,一般安全規定,是否遵守工安規定,23,21,20,1,0,0,0,0.9524,2,低
2024-02,台中,A,A級,高危害,收工回簽,現場紀錄,是否拍照,23,21,20,1,0,0,0,0.9524,2,低
2024-02,台中,B,B級,中危害,廠區,基本資料,工廠、日期、時間,48,40,39,1,0,0,0,0.975,2,低
2024-02,台中,B,B級,中危害,許可證,許可資訊,工程作業分級、申請時間、核准工作時間、工作許可證編號,48,42,41,1,0,0,0,0.9762,2,低
2024-02,台中,B,B級,中危害,施工地點,場地關係人,施工部門、轄區部門、監造部門,48,47,46,1,0,0,0,0.9787,2,低
2024-02,台中,B,B級,中危害,包商,承攬商與人員資格,承攬商、工作人數、車輛車號、工地負責人、安衛人員、特殊作業主管,48,41,40,1,0,0,0,0.9756,2,低
2024-02,台中,B,B級,中危害,危害等級,作業等級,施工地點、工程案號、工作內容、許可工作項目、作業分級,48,44,43,1,0,0,0,0.9773,2,低
2024-02,台中,B,B級,中危害,危害等級,管線設備危害物,可燃性氣體、易燃液體、有害性氣體、化學藥劑、酸鹼、熱水蒸氣、空氣、其他,48,45,44,1,0,0,0,0.9778,2,低
2024-02,台中,B,B級,中危害,檢點與危害告知,簽發前安全檢點,是否安全檢點,48,40,39,1,0,0,0,0.975,2,低
2024-02,台中,B,B級,中危害,檢點與危害告知,危害告知,是否危害告知,48,45,44,1,0,0,0,0.9778,2,低
2024-02,台中,B,B級,中危害,危害排除與隔離,環境危害排除,是否設備管線危害物排除,48,46,44,2,1,1,0,0.9565,16,中
2024-02,台中,B,B級,中危害,危害排除與隔離,隔離管制,設備管線是否加盲加鎖掛牌,48,43,42,1,0,0,0,0.9767,2,低
2024-02,台中,B,B級,中危害,環境測定,氣體偵測數值,可燃性氣體%、氧氣%、一氧化碳PPM、硫化氫PPM,48,44,42,2,1,0,0,0.9545,13,低
2024-02,台中,B,B級,中危害,環境測定,測定基準,可燃性氣體 < 20%LEL；氧氣>= 18%；一氧化碳<50 PPM；硫化氫<10 PPM,48,45,43,2,1,1,0,0.9556,16,中
2024-02,台中,B,B級,中危害,環境測定,測定頻率,上、下午施工前測定；A級或高風險作業需重複或連續測定；每小時/每兩小時紀錄表,48,47,45,2,1,1,0,0.9574,16,中
2024-02,台中,B,B級,中危害,防火防爆,消防設備,是否有消防設備,48,45,44,1,0,0,0,0.9778,2,低
2024-02,台中,B,B級,中危害,防火防爆,防爆安全工具,是否使用防爆電氣設備及安全工具,48,45,43,2,1,1,0,0.9556,16,中
2024-02,台中,B,B級,中危害,高處作業,防墜措施,設標準施工架、安全網、安全母索、安全帶,48,46,44,2,1,1,0,0.9565,16,中
2024-02,台中,B,B級,中危害,安全保護,個人防護具,是否有防護口罩、防毒面具、SCBA、防護手套、安全眼鏡、耳塞,48,47,45,2,0,0,0,0.9574,4,低
2024-02,台中,B,B級,中危害,警戒巡查,警戒標示,是否有警戒標示,48,40,39,1,0,0,0,0.975,2,低
2024-02,台中,B,B級,中危害,警戒巡查,巡查會簽,是否轄區、監造、安衛人員或工地負責人巡查會簽,48,41,40,1,0,0,0,0.9756,2,低
2024-02,台中,B,B級,中危害,收工回簽,回簽收工確認,是否回簽時確認環境已整理並完成防護措施,48,43,42,1,0,0,0,0.9767,2,低
2024-02,台中,B,B級,中危害,收工回簽,一般安全規定,是否遵守工安規定,48,42,41,1,0,0,0,0.9762,2,低
2024-02,台中,B,B級,中危害,收工回簽,現場紀錄,是否拍照,48,48,47,1,0,0,0,0.9792,2,低
2024-02,台中,C,C級,低危害,廠區,基本資料,工廠、日期、時間,31,28,28,0,0,0,0,1.0,0,低
2024-02,台中,C,C級,低危害,許可證,許可資訊,工程作業分級、申請時間、核准工作時間、工作許可證編號,31,28,27,1,0,0,0,0.9643,2,低
2024-02,台中,C,C級,低危害,施工地點,場地關係人,施工部門、轄區部門、監造部門,31,27,27,0,0,0,0,1.0,0,低
2024-02,台中,C,C級,低危害,包商,承攬商與人員資格,承攬商、工作人數、車輛車號、工地負責人、安衛人員、特殊作業主管,31,26,25,1,0,0,0,0.9615,2,低
2024-02,台中,C,C級,低危害,危害等級,作業等級,施工地點、工程案號、工作內容、許可工作項目、作業分級,31,30,29,1,0,0,0,0.9667,2,低
2024-02,台中,C,C級,低危害,危害等級,管線設備危害物,可燃性氣體、易燃液體、有害性氣體、化學藥劑、酸鹼、熱水蒸氣、空氣、其他,31,26,25,1,0,0,0,0.9615,2,低
2024-02,台中,C,C級,低危害,檢點與危害告知,簽發前安全檢點,是否安全檢點,31,30,29,1,0,0,0,0.9667,2,低
2024-02,台中,C,C級,低危害,檢點與危害告知,危害告知,是否危害告知,31,28,27,1,0,1,0,0.9643,5,低
2024-02,台中,C,C級,低危害,危害排除與隔離,環境危害排除,是否設備管線危害物排除,31,30,29,1,0,0,0,0.9667,2,低
2024-02,台中,C,C級,低危害,危害排除與隔離,隔離管制,設備管線是否加盲加鎖掛牌,31,30,29,1,0,1,0,0.9667,5,低
2024-02,台中,C,C級,低危害,環境測定,氣體偵測數值,可燃性氣體%、氧氣%、一氧化碳PPM、硫化氫PPM,31,26,25,1,0,0,0,0.9615,2,低
2024-02,台中,C,C級,低危害,環境測定,測定基準,可燃性氣體 < 20%LEL；氧氣>= 18%；一氧化碳<50 PPM；硫化氫<10 PPM,31,30,29,1,0,0,0,0.9667,2,低
2024-02,台中,C,C級,低危害,環境測定,測定頻率,上、下午施工前測定；A級或高風險作業需重複或連續測定；每小時/每兩小時紀錄表,31,27,26,1,0,0,0,0.963,2,低
2024-02,台中,C,C級,低危害,防火防爆,消防設備,是否有消防設備,31,28,27,1,0,0,0,0.9643,2,低
2024-02,台中,C,C級,低危害,防火防爆,防爆安全工具,是否使用防爆電氣設備及安全工具,31,27,26,1,0,0,0,0.963,2,低
2024-02,台中,C,C級,低危害,高處作業,防墜措施,設標準施工架、安全網、安全母索、安全帶,31,26,25,1,0,0,0,0.9615,2,低
2024-02,台中,C,C級,低危害,安全保護,個人防護具,是否有防護口罩、防毒面具、SCBA、防護手套、安全眼鏡、耳塞,31,26,26,0,0,0,0,1.0,0,低
2024-02,台中,C,C級,低危害,警戒巡查,警戒標示,是否有警戒標示,31,29,28,1,0,0,0,0.9655,2,低
2024-02,台中,C,C級,低危害,警戒巡查,巡查會簽,是否轄區、監造、安衛人員或工地負責人巡查會簽,31,26,25,1,0,0,0,0.9615,2,低
2024-02,台中,C,C級,低危害,收工回簽,回簽收工確認,是否回簽時確認環境已整理並完成防護措施,31,27,26,1,0,0,0,0.963,2,低
2024-02,台中,C,C級,低危害,收工回簽,一般安全規定,是否遵守工安規定,31,27,27,0,0,0,0,1.0,0,低
2024-02,台中,C,C級,低危害,收工回簽,現場紀錄,是否拍照,31,30,29,1,0,0,0,0.9667,2,低
2024-03,台中,A,A級,高危害,廠區,基本資料,工廠、日期、時間,18,15,15,0,0,0,0,1.0,0,低
2024-03,台中,A,A級,高危害,許可證,許可資訊,工程作業分級、申請時間、核准工作時間、工作許可證編號,18,15,15,0,0,0,0,1.0,0,低
2024-03,台中,A,A級,高危害,施工地點,場地關係人,施工部門、轄區部門、監造部門,18,15,15,0,0,0,0,1.0,0,低
2024-03,台中,A,A級,高危害,包商,承攬商與人員資格,承攬商、工作人數、車輛車號、工地負責人、安衛人員、特殊作業主管,18,17,16,1,0,0,0,0.9412,2,低
2024-03,台中,A,A級,高危害,危害等級,作業等級,施工地點、工程案號、工作內容、許可工作項目、作業分級,18,15,14,1,0,0,0,0.9333,2,低
2024-03,台中,A,A級,高危害,危害等級,管線設備危害物,可燃性氣體、易燃液體、有害性氣體、化學藥劑、酸鹼、熱水蒸氣、空氣、其他,18,16,15,1,0,0,0,0.9375,2,低
2024-03,台中,A,A級,高危害,檢點與危害告知,簽發前安全檢點,是否安全檢點,18,16,16,0,0,0,0,1.0,0,低
2024-03,台中,A,A級,高危害,檢點與危害告知,危害告知,是否危害告知,18,18,17,1,0,0,0,0.9444,2,低
2024-03,台中,A,A級,高危害,危害排除與隔離,環境危害排除,是否設備管線危害物排除,18,17,16,1,0,0,0,0.9412,2,低
2024-03,台中,A,A級,高危害,危害排除與隔離,隔離管制,設備管線是否加盲加鎖掛牌,18,18,17,1,0,0,0,0.9444,2,低
2024-03,台中,A,A級,高危害,環境測定,氣體偵測數值,可燃性氣體%、氧氣%、一氧化碳PPM、硫化氫PPM,18,16,15,1,0,1,0,0.9375,5,低
2024-03,台中,A,A級,高危害,環境測定,測定基準,可燃性氣體 < 20%LEL；氧氣>= 18%；一氧化碳<50 PPM；硫化氫<10 PPM,18,17,16,1,0,0,0,0.9412,2,低
2024-03,台中,A,A級,高危害,環境測定,測定頻率,上、下午施工前測定；A級或高風險作業需重複或連續測定；每小時/每兩小時紀錄表,18,18,17,1,0,0,0,0.9444,2,低
2024-03,台中,A,A級,高危害,防火防爆,消防設備,是否有消防設備,18,16,15,1,0,0,0,0.9375,2,低
2024-03,台中,A,A級,高危害,防火防爆,防爆安全工具,是否使用防爆電氣設備及安全工具,18,17,16,1,0,1,0,0.9412,5,低
2024-03,台中,A,A級,高危害,高處作業,防墜措施,設標準施工架、安全網、安全母索、安全帶,18,16,15,1,0,0,0,0.9375,2,低
2024-03,台中,A,A級,高危害,安全保護,個人防護具,是否有防護口罩、防毒面具、SCBA、防護手套、安全眼鏡、耳塞,18,18,17,1,0,1,0,0.9444,5,低
2024-03,台中,A,A級,高危害,警戒巡查,警戒標示,是否有警戒標示,18,16,15,1,0,0,0,0.9375,2,低
2024-03,台中,A,A級,高危害,警戒巡查,巡查會簽,是否轄區、監造、安衛人員或工地負責人巡查會簽,18,17,16,1,0,0,0,0.9412,2,低
2024-03,台中,A,A級,高危害,收工回簽,回簽收工確認,是否回簽時確認環境已整理並完成防護措施,18,16,15,1,0,0,0,0.9375,2,低
2024-03,台中,A,A級,高危害,收工回簽,一般安全規定,是否遵守工安規定,18,15,14,1,0,0,0,0.9333,2,低
2024-03,台中,A,A級,高危害,收工回簽,現場紀錄,是否拍照,18,17,16,1,0,0,0,0.9412,2,低
2024-03,台中,B,B級,中危害,廠區,基本資料,工廠、日期、時間,41,37,36,1,0,0,0,0.973,2,低
2024-03,台中,B,B級,中危害,許可證,許可資訊,工程作業分級、申請時間、核准工作時間、工作許可證編號,41,40,39,1,0,0,0,0.975,2,低
2024-03,台中,B,B級,中危害,施工地點,場地關係人,施工部門、轄區部門、監造部門,41,41,40,1,0,0,0,0.9756,2,低
2024-03,台中,B,B級,中危害,包商,承攬商與人員資格,承攬商、工作人數、車輛車號、工地負責人、安衛人員、特殊作業主管,41,34,33,1,0,0,0,0.9706,2,低
2024-03,台中,B,B級,中危害,危害等級,作業等級,施工地點、工程案號、工作內容、許可工作項目、作業分級,41,39,38,1,0,0,0,0.9744,2,低
2024-03,台中,B,B級,中危害,危害等級,管線設備危害物,可燃性氣體、易燃液體、有害性氣體、化學藥劑、酸鹼、熱水蒸氣、空氣、其他,41,40,39,1,0,0,0,0.975,2,低
2024-03,台中,B,B級,中危害,檢點與危害告知,簽發前安全檢點,是否安全檢點,41,36,35,1,0,0,0,0.9722,2,低
2024-03,台中,B,B級,中危害,檢點與危害告知,危害告知,是否危害告知,41,38,37,1,0,0,0,0.9737,2,低
2024-03,台中,B,B級,中危害,危害排除與隔離,環境危害排除,是否設備管線危害物排除,41,36,35,1,0,0,0,0.9722,2,低
2024-03,台中,B,B級,中危害,危害排除與隔離,隔離管制,設備管線是否加盲加鎖掛牌,41,41,40,1,0,0,0,0.9756,2,低
2024-03,台中,B,B級,中危害,環境測定,氣體偵測數值,可燃性氣體%、氧氣%、一氧化碳PPM、硫化氫PPM,41,35,34,1,0,0,0,0.9714,2,低
2024-03,台中,B,B級,中危害,環境測定,測定基準,可燃性氣體 < 20%LEL；氧氣>= 18%；一氧化碳<50 PPM；硫化氫<10 PPM,41,34,33,1,0,0,0,0.9706,2,低
2024-03,台中,B,B級,中危害,環境測定,測定頻率,上、下午施工前測定；A級或高風險作業需重複或連續測定；每小時/每兩小時紀錄表,41,35,33,2,1,1,0,0.9429,16,中
2024-03,台中,B,B級,中危害,防火防爆,消防設備,是否有消防設備,41,36,35,1,0,0,0,0.9722,2,低
2024-03,台中,B,B級,中危害,防火防爆,防爆安全工具,是否使用防爆電氣設備及安全工具,41,38,37,1,0,0,0,0.9737,2,低
2024-03,台中,B,B級,中危害,高處作業,防墜措施,設標準施工架、安全網、安全母索、安全帶,41,37,36,1,0,0,0,0.973,2,低
2024-03,台中,B,B級,中危害,安全保護,個人防護具,是否有防護口罩、防毒面具、SCBA、防護手套、安全眼鏡、耳塞,41,40,39,1,0,0,0,0.975,2,低
2024-03,台中,B,B級,中危害,警戒巡查,警戒標示,是否有警戒標示,41,36,35,1,0,0,0,0.9722,2,低
2024-03,台中,B,B級,中危害,警戒巡查,巡查會簽,是否轄區、監造、安衛人員或工地負責人巡查會簽,41,40,39,1,0,0,0,0.975,2,低
2024-03,台中,B,B級,中危害,收工回簽,回簽收工確認,是否回簽時確認環境已整理並完成防護措施,41,38,37,1,0,0,0,0.9737,2,低
2024-03,台中,B,B級,中危害,收工回簽,一般安全規定,是否遵守工安規定,41,35,34,1,0,0,0,0.9714,2,低
2024-03,台中,B,B級,中危害,收工回簽,現場紀錄,是否拍照,41,38,37,1,0,0,0,0.9737,2,低
2024-03,台中,C,C級,低危害,廠區,基本資料,工廠、日期、時間,37,36,35,1,0,0,0,0.9722,2,低
2024-03,台中,C,C級,低危害,許可證,許可資訊,工程作業分級、申請時間、核准工作時間、工作許可證編號,37,34,33,1,0,0,0,0.9706,2,低
2024-03,台中,C,C級,低危害,施工地點,場地關係人,施工部門、轄區部門、監造部門,37,35,34,1,0,0,0,0.9714,2,低
2024-03,台中,C,C級,低危害,包商,承攬商與人員資格,承攬商、工作人數、車輛車號、工地負責人、安衛人員、特殊作業主管,37,34,33,1,0,0,0,0.9706,2,低
2024-03,台中,C,C級,低危害,危害等級,作業等級,施工地點、工程案號、工作內容、許可工作項目、作業分級,37,35,34,1,0,0,0,0.9714,2,低
2024-03,台中,C,C級,低危害,危害等級,管線設備危害物,可燃性氣體、易燃液體、有害性氣體、化學藥劑、酸鹼、熱水蒸氣、空氣、其他,37,34,33,1,0,0,0,0.9706,2,低
2024-03,台中,C,C級,低危害,檢點與危害告知,簽發前安全檢點,是否安全檢點,37,36,35,1,0,1,0,0.9722,5,低
2024-03,台中,C,C級,低危害,檢點與危害告知,危害告知,是否危害告知,37,30,29,1,0,0,0,0.9667,2,低
2024-03,台中,C,C級,低危害,危害排除與隔離,環境危害排除,是否設備管線危害物排除,37,36,35,1,0,0,0,0.9722,2,低
2024-03,台中,C,C級,低危害,危害排除與隔離,隔離管制,設備管線是否加盲加鎖掛牌,37,34,33,1,0,0,0,0.9706,2,低
2024-03,台中,C,C級,低危害,環境測定,氣體偵測數值,可燃性氣體%、氧氣%、一氧化碳PPM、硫化氫PPM,37,36,35,1,0,0,0,0.9722,2,低
2024-03,台中,C,C級,低危害,環境測定,測定基準,可燃性氣體 < 20%LEL；氧氣>= 18%；一氧化碳<50 PPM；硫化氫<10 PPM,37,37,36,1,0,1,0,0.973,5,低
2024-03,台中,C,C級,低危害,環境測定,測定頻率,上、下午施工前測定；A級或高風險作業需重複或連續測定；每小時/每兩小時紀錄表,37,31,30,1,0,0,0,0.9677,2,低
2024-03,台中,C,C級,低危害,防火防爆,消防設備,是否有消防設備,37,34,33,1,0,0,0,0.9706,2,低
2024-03,台中,C,C級,低危害,防火防爆,防爆安全工具,是否使用防爆電氣設備及安全工具,37,35,34,1,0,0,0,0.9714,2,低
2024-03,台中,C,C級,低危害,高處作業,防墜措施,設標準施工架、安全網、安全母索、安全帶,37,37,36,1,0,0,0,0.973,2,低
2024-03,台中,C,C級,低危害,安全保護,個人防護具,是否有防護口罩、防毒面具、SCBA、防護手套、安全眼鏡、耳塞,37,31,30,1,0,1,0,0.9677,5,低
2024-03,台中,C,C級,低危害,警戒巡查,警戒標示,是否有警戒標示,37,37,36,1,0,1,0,0.973,5,低
2024-03,台中,C,C級,低危害,警戒巡查,巡查會簽,是否轄區、監造、安衛人員或工地負責人巡查會簽,37,35,34,1,0,0,0,0.9714,2,低
2024-03,台中,C,C級,低危害,收工回簽,回簽收工確認,是否回簽時確認環境已整理並完成防護措施,37,35,34,1,0,0,0,0.9714,2,低
2024-03,台中,C,C級,低危害,收工回簽,一般安全規定,是否遵守工安規定,37,34,33,1,0,0,0,0.9706,2,低
2024-03,台中,C,C級,低危害,收工回簽,現場紀錄,是否拍照,37,32,31,1,0,0,0,0.9688,2,低
2024-04,台中,A,A級,高危害,廠區,基本資料,工廠、日期、時間,20,19,19,0,0,0,0,1.0,0,低
2024-04,台中,A,A級,高危害,許可證,許可資訊,工程作業分級、申請時間、核准工作時間、工作許可證編號,20,20,19,1,0,0,0,0.95,2,低
2024-04,台中,A,A級,高危害,施工地點,場地關係人,施工部門、轄區部門、監造部門,20,17,17,0,0,0,0,1.0,0,低
2024-04,台中,A,A級,高危害,包商,承攬商與人員資格,承攬商、工作人數、車輛車號、工地負責人、安衛人員、特殊作業主管,20,20,19,1,0,1,0,0.95,5,低
2024-04,台中,A,A級,高危害,危害等級,作業等級,施工地點、工程案號、工作內容、許可工作項目、作業分級,20,19,18,1,0,0,0,0.9474,2,低
2024-04,台中,A,A級,高危害,危害等級,管線設備危害物,可燃性氣體、易燃液體、有害性氣體、化學藥劑、酸鹼、熱水蒸氣、空氣、其他,20,19,18,1,0,0,0,0.9474,2,低
2024-04,台中,A,A級,高危害,檢點與危害告知,簽發前安全檢點,是否安全檢點,20,18,17,1,0,0,0,0.9444,2,低
2024-04,台中,A,A級,高危害,檢點與危害告知,危害告知,是否危害告知,20,17,17,0,0,0,0,1.0,0,低
2024-04,台中,A,A級,高危害,危害排除與隔離,環境危害排除,是否設備管線危害物排除,20,18,17,1,0,1,0,0.9444,5,低
2024-04,台中,A,A級,高危害,危害排除與隔離,隔離管制,設備管線是否加盲加鎖掛牌,20,18,17,1,0,0,0,0.9444,2,低
2024-04,台中,A,A級,高危害,環境測定,氣體偵測數值,可燃性氣體%、氧氣%、一氧化碳PPM、硫化氫PPM,20,17,16,1,0,0,0,0.9412,2,低
2024-04,台中,A,A級,高危害,環境測定,測定基準,可燃性氣體 < 20%LEL；氧氣>= 18%；一氧化碳<50 PPM；硫化氫<10 PPM,20,17,16,1,0,0,0,0.9412,2,低
2024-04,台中,A,A級,高危害,環境測定,測定頻率,上、下午施工前測定；A級或高風險作業需重複或連續測定；每小時/每兩小時紀錄表,20,19,18,1,0,0,0,0.9474,2,低
2024-04,台中,A,A級,高危害,防火防爆,消防設備,是否有消防設備,20,20,19,1,0,1,0,0.95,5,低
2024-04,台中,A,A級,高危害,防火防爆,防爆安全工具,是否使用防爆電氣設備及安全工具,20,20,19,1,0,0,0,0.95,2,低
2024-04,台中,A,A級,高危害,高處作業,防墜措施,設標準施工架、安全網、安全母索、安全帶,20,18,17,1,0,0,0,0.9444,2,低
2024-04,台中,A,A級,高危害,安全保護,個人防護具,是否有防護口罩、防毒面具、SCBA、防護手套、安全眼鏡、耳塞,20,19,18,1,0,0,0,0.9474,2,低
2024-04,台中,A,A級,高危害,警戒巡查,警戒標示,是否有警戒標示,20,16,16,0,0,0,0,1.0,0,低
2024-04,台中,A,A級,高危害,警戒巡查,巡查會簽,是否轄區、監造、安衛人員或工地負責人巡查會簽,20,19,18,1,0,0,0,0.9474,2,低
2024-04,台中,A,A級,高危害,收工回簽,回簽收工確認,是否回簽時確認環境已整理並完成防護措施,20,18,17,1,0,1,0,0.9444,5,低
2024-04,台中,A,A級,高危害,收工回簽,一般安全規定,是否遵守工安規定,20,19,18,1,0,0,0,0.9474,2,低
2024-04,台中,A,A級,高危害,收工回簽,現場紀錄,是否拍照,20,20,19,1,0,0,0,0.95,2,低
2024-04,台中,B,B級,中危害,廠區,基本資料,工廠、日期、時間,42,41,40,1,0,0,0,0.9756,2,低
2024-04,台中,B,B級,中危害,許可證,許可資訊,工程作業分級、申請時間、核准工作時間、工作許可證編號,42,41,40,1,0,0,0,0.9756,2,低
2024-04,台中,B,B級,中危害,施工地點,場地關係人,施工部門、轄區部門、監造部門,42,38,37,1,0,0,0,0.9737,2,低
2024-04,台中,B,B級,中危害,包商,承攬商與人員資格,承攬商、工作人數、車輛車號、工地負責人、安衛人員、特殊作業主管,42,37,36,1,0,0,0,0.973,2,低
2024-04,台中,B,B級,中危害,危害等級,作業等級,施工地點、工程案號、工作內容、許可工作項目、作業分級,42,38,37,1,0,0,0,0.9737,2,低
2024-04,台中,B,B級,中危害,危害等級,管線設備危害物,可燃性氣體、易燃液體、有害性氣體、化學藥劑、酸鹼、熱水蒸氣、空氣、其他,42,40,39,1,0,0,0,0.975,2,低
2024-04,台中,B,B級,中危害,檢點與危害告知,簽發前安全檢點,是否安全檢點,42,40,39,1,0,0,0,0.975,2,低
2024-04,台中,B,B級,中危害,檢點與危害告知,危害告知,是否危害告知,42,38,37,1,0,1,0,0.9737,5,低
2024-04,台中,B,B級,中危害,危害排除與隔離,環境危害排除,是否設備管線危害物排除,42,41,39,2,1,1,0,0.9512,16,中
2024-04,台中,B,B級,中危害,危害排除與隔離,隔離管制,設備管線是否加盲加鎖掛牌,42,40,38,2,1,1,0,0.95,16,中
2024-04,台中,B,B級,中危害,環境測定,氣體偵測數值,可燃性氣體%、氧氣%、一氧化碳PPM、硫化氫PPM,42,38,36,2,1,0,0,0.9474,13,低
2024-04,台中,B,B級,中危害,環境測定,測定基準,可燃性氣體 < 20%LEL；氧氣>= 18%；一氧化碳<50 PPM；硫化氫<10 PPM,42,36,35,1,0,0,0,0.9722,2,低
2024-04,台中,B,B級,中危害,環境測定,測定頻率,上、下午施工前測定；A級或高風險作業需重複或連續測定；每小時/每兩小時紀錄表,42,40,39,1,0,0,0,0.975,2,低
2024-04,台中,B,B級,中危害,防火防爆,消防設備,是否有消防設備,42,40,39,1,0,0,0,0.975,2,低
2024-04,台中,B,B級,中危害,防火防爆,防爆安全工具,是否使用防爆電氣設備及安全工具,42,36,34,2,1,1,0,0.9444,16,中
2024-04,台中,B,B級,中危害,高處作業,防墜措施,設標準施工架、安全網、安全母索、安全帶,42,36,35,1,0,0,0,0.9722,2,低
2024-04,台中,B,B級,中危害,安全保護,個人防護具,是否有防護口罩、防毒面具、SCBA、防護手套、安全眼鏡、耳塞,42,39,38,1,0,0,0,0.9744,2,低
2024-04,台中,B,B級,中危害,警戒巡查,警戒標示,是否有警戒標示,42,36,35,1,0,0,0,0.9722,2,低
2024-04,台中,B,B級,中危害,警戒巡查,巡查會簽,是否轄區、監造、安衛人員或工地負責人巡查會簽,42,36,35,1,0,0,0,0.9722,2,低
2024-04,台中,B,B級,中危害,收工回簽,回簽收工確認,是否回簽時確認環境已整理並完成防護措施,42,38,37,1,0,0,0,0.9737,2,低
2024-04,台中,B,B級,中危害,收工回簽,一般安全規定,是否遵守工安規定,42,40,39,1,0,0,0,0.975,2,低
2024-04,台中,B,B級,中危害,收工回簽,現場紀錄,是否拍照,42,35,34,1,0,0,0,0.9714,2,低
2024-04,台中,C,C級,低危害,廠區,基本資料,工廠、日期、時間,34,28,28,0,0,0,0,1.0,0,低
2024-04,台中,C,C級,低危害,許可證,許可資訊,工程作業分級、申請時間、核准工作時間、工作許可證編號,34,32,31,1,0,0,0,0.9688,2,低
2024-04,台中,C,C級,低危害,施工地點,場地關係人,施工部門、轄區部門、監造部門,34,29,28,1,0,1,0,0.9655,5,低
2024-04,台中,C,C級,低危害,包商,承攬商與人員資格,承攬商、工作人數、車輛車號、工地負責人、安衛人員、特殊作業主管,34,34,33,1,0,0,0,0.9706,2,低
2024-04,台中,C,C級,低危害,危害等級,作業等級,施工地點、工程案號、工作內容、許可工作項目、作業分級,34,34,33,1,0,0,0,0.9706,2,低
2024-04,台中,C,C級,低危害,危害等級,管線設備危害物,可燃性氣體、易燃液體、有害性氣體、化學藥劑、酸鹼、熱水蒸氣、空氣、其他,34,30,29,1,0,0,0,0.9667,2,低
2024-04,台中,C,C級,低危害,檢點與危害告知,簽發前安全檢點,是否安全檢點,34,31,30,1,0,0,0,0.9677,2,低
2024-04,台中,C,C級,低危害,檢點與危害告知,危害告知,是否危害告知,34,33,32,1,0,0,0,0.9697,2,低
2024-04,台中,C,C級,低危害,危害排除與隔離,環境危害排除,是否設備管線危害物排除,34,28,27,1,0,0,0,0.9643,2,低
2024-04,台中,C,C級,低危害,危害排除與隔離,隔離管制,設備管線是否加盲加鎖掛牌,34,34,33,1,0,1,0,0.9706,5,低
2024-04,台中,C,C級,低危害,環境測定,氣體偵測數值,可燃性氣體%、氧氣%、一氧化碳PPM、硫化氫PPM,34,29,28,1,0,0,0,0.9655,2,低
2024-04,台中,C,C級,低危害,環境測定,測定基準,可燃性氣體 < 20%LEL；氧氣>= 18%；一氧化碳<50 PPM；硫化氫<10 PPM,34,29,28,1,0,0,0,0.9655,2,低
2024-04,台中,C,C級,低危害,環境測定,測定頻率,上、下午施工前測定；A級或高風險作業需重複或連續測定；每小時/每兩小時紀錄表,34,30,29,1,0,0,0,0.9667,2,低
2024-04,台中,C,C級,低危害,防火防爆,消防設備,是否有消防設備,34,30,29,1,0,0,0,0.9667,2,低
2024-04,台中,C,C級,低危害,防火防爆,防爆安全工具,是否使用防爆電氣設備及安全工具,34,34,33,1,0,0,0,0.9706,2,低
2024-04,台中,C,C級,低危害,高處作業,防墜措施,設標準施工架、安全網、安全母索、安全帶,34,30,29,1,0,0,0,0.9667,2,低
2024-04,台中,C,C級,低危害,安全保護,個人防護具,是否有防護口罩、防毒面具、SCBA、防護手套、安全眼鏡、耳塞,34,29,28,1,0,0,0,0.9655,2,低
2024-04,台中,C,C級,低危害,警戒巡查,警戒標示,是否有警戒標示,34,31,30,1,0,0,0,0.9677,2,低
2024-04,台中,C,C級,低危害,警戒巡查,巡查會簽,是否轄區、監造、安衛人員或工地負責人巡查會簽,34,34,33,1,0,0,0,0.9706,2,低
2024-04,台中,C,C級,低危害,收工回簽,回簽收工確認,是否回簽時確認環境已整理並完成防護措施,34,31,30,1,0,0,0,0.9677,2,低
2024-04,台中,C,C級,低危害,收工回簽,一般安全規定,是否遵守工安規定,34,34,33,1,0,0,0,0.9706,2,低
2024-04,台中,C,C級,低危害,收工回簽,現場紀錄,是否拍照,34,31,30,1,0,0,0,0.9677,2,低
2024-05,台中,A,A級,高危害,廠區,基本資料,工廠、日期、時間,20,20,20,0,0,0,0,1.0,0,低
2024-05,台中,A,A級,高危害,許可證,許可資訊,工程作業分級、申請時間、核准工作時間、工作許可證編號,20,18,18,0,0,0,0,1.0,0,低
2024-05,台中,A,A級,高危害,施工地點,場地關係人,施工部門、轄區部門、監造部門,20,17,17,0,0,0,0,1.0,0,低
2024-05,台中,A,A級,高危害,包商,承攬商與人員資格,承攬商、工作人數、車輛車號、工地負責人、安衛人員、特殊作業主管,20,18,18,0,0,0,0,1.0,0,低
2024-05,台中,A,A級,高危害,危害等級,作業等級,施工地點、工程案號、工作內容、許可工作項目、作業分級,20,20,19,1,0,0,0,0.95,2,低
2024-05,台中,A,A級,高危害,危害等級,管線設備危害物,可燃性氣體、易燃液體、有害性氣體、化學藥劑、酸鹼、熱水蒸氣、空氣、其他,20,18,17,1,0,0,0,0.9444,2,低
2024-05,台中,A,A級,高危害,檢點與危害告知,簽發前安全檢點,是否安全檢點,20,20,19,1,0,0,0,0.95,2,低
2024-05,台中,A,A級,高危害,檢點與危害告知,危害告知,是否危害告知,20,18,17,1,0,0,0,0.9444,2,低
2024-05,台中,A,A級,高危害,危害排除與隔離,環境危害排除,是否設備管線危害物排除,20,18,17,1,0,1,0,0.9444,5,低
2024-05,台中,A,A級,高危害,危害排除與隔離,隔離管制,設備管線是否加盲加鎖掛牌,20,16,15,1,0,0,0,0.9375,2,低
2024-05,台中,A,A級,高危害,環境測定,氣體偵測數值,可燃性氣體%、氧氣%、一氧化碳PPM、硫化氫PPM,20,17,16,1,0,0,0,0.9412,2,低
2024-05,台中,A,A級,高危害,環境測定,測定基準,可燃性氣體 < 20%LEL；氧氣>= 18%；一氧化碳<50 PPM；硫化氫<10 PPM,20,18,17,1,0,0,0,0.9444,2,低
2024-05,台中,A,A級,高危害,環境測定,測定頻率,上、下午施工前測定；A級或高風險作業需重複或連續測定；每小時/每兩小時紀錄表,20,17,16,1,0,0,0,0.9412,2,低
2024-05,台中,A,A級,高危害,防火防爆,消防設備,是否有消防設備,20,18,17,1,0,0,0,0.9444,2,低
2024-05,台中,A,A級,高危害,防火防爆,防爆安全工具,是否使用防爆電氣設備及安全工具,20,19,18,1,0,0,0,0.9474,2,低
2024-05,台中,A,A級,高危害,高處作業,防墜措施,設標準施工架、安全網、安全母索、安全帶,20,18,17,1,0,0,0,0.9444,2,低
2024-05,台中,A,A級,高危害,安全保護,個人防護具,是否有防護口罩、防毒面具、SCBA、防護手套、安全眼鏡、耳塞,20,17,16,1,0,0,0,0.9412,2,低
2024-05,台中,A,A級,高危害,警戒巡查,警戒標示,是否有警戒標示,20,20,19,1,0,0,0,0.95,2,低
2024-05,台中,A,A級,高危害,警戒巡查,巡查會簽,是否轄區、監造、安衛人員或工地負責人巡查會簽,20,17,16,1,0,0,0,0.9412,2,低
2024-05,台中,A,A級,高危害,收工回簽,回簽收工確認,是否回簽時確認環境已整理並完成防護措施,20,18,17,1,0,0,0,0.9444,2,低
2024-05,台中,A,A級,高危害,收工回簽,一般安全規定,是否遵守工安規定,20,18,17,1,0,0,0,0.9444,2,低
2024-05,台中,A,A級,高危害,收工回簽,現場紀錄,是否拍照,20,18,17,1,0,0,0,0.9444,2,低
2024-05,台中,B,B級,中危害,廠區,基本資料,工廠、日期、時間,44,39,38,1,0,0,0,0.9744,2,低
2024-05,台中,B,B級,中危害,許可證,許可資訊,工程作業分級、申請時間、核准工作時間、工作許可證編號,44,40,39,1,0,0,0,0.975,2,低
2024-05,台中,B,B級,中危害,施工地點,場地關係人,施工部門、轄區部門、監造部門,44,41,40,1,0,0,0,0.9756,2,低
2024-05,台中,B,B級,中危害,包商,承攬商與人員資格,承攬商、工作人數、車輛車號、工地負責人、安衛人員、特殊作業主管,44,38,37,1,0,0,0,0.9737,2,低
2024-05,台中,B,B級,中危害,危害等級,作業等級,施工地點、工程案號、工作內容、許可工作項目、作業分級,44,43,42,1,0,0,0,0.9767,2,低
2024-05,台中,B,B級,中危害,危害等級,管線設備危害物,可燃性氣體、易燃液體、有害性氣體、化學藥劑、酸鹼、熱水蒸氣、空氣、其他,44,41,40,1,0,0,0,0.9756,2,低
2024-05,台中,B,B級,中危害,檢點與危害告知,簽發前安全檢點,是否安全檢點,44,42,41,1,0,0,0,0.9762,2,低
2024-05,台中,B,B級,中危害,檢點與危害告知,危害告知,是否危害告知,44,38,37,1,0,0,0,0.9737,2,低
2024-05,台中,B,B級,中危害,危害排除與隔離,環境危害排除,是否設備管線危害物排除,44,38,37,1,0,1,0,0.9737,5,低
2024-05,台中,B,B級,中危害,危害排除與隔離,隔離管制,設備管線是否加盲加鎖掛牌,44,44,43,1,0,0,0,0.9773,2,低
2024-05,台中,B,B級,中危害,環境測定,氣體偵測數值,可燃性氣體%、氧氣%、一氧化碳PPM、硫化氫PPM,44,41,39,2,1,0,0,0.9512,13,低
2024-05,台中,B,B級,中危害,環境測定,測定基準,可燃性氣體 < 20%LEL；氧氣>= 18%；一氧化碳<50 PPM；硫化氫<10 PPM,44,44,42,2,1,1,0,0.9545,16,中
2024-05,台中,B,B級,中危害,環境測定,測定頻率,上、下午施工前測定；A級或高風險作業需重複或連續測定；每小時/每兩小時紀錄表,44,41,39,2,1,1,0,0.9512,16,中
2024-05,台中,B,B級,中危害,防火防爆,消防設備,是否有消防設備,44,43,42,1,0,0,0,0.9767,2,低
2024-05,台中,B,B級,中危害,防火防爆,防爆安全工具,是否使用防爆電氣設備及安全工具,44,40,38,2,1,1,0,0.95,16,中
2024-05,台中,B,B級,中危害,高處作業,防墜措施,設標準施工架、安全網、安全母索、安全帶,44,36,35,1,0,0,0,0.9722,2,低
2024-05,台中,B,B級,中危害,安全保護,個人防護具,是否有防護口罩、防毒面具、SCBA、防護手套、安全眼鏡、耳塞,44,41,40,1,0,0,0,0.9756,2,低
2024-05,台中,B,B級,中危害,警戒巡查,警戒標示,是否有警戒標示,44,41,40,1,0,0,0,0.9756,2,低
2024-05,台中,B,B級,中危害,警戒巡查,巡查會簽,是否轄區、監造、安衛人員或工地負責人巡查會簽,44,44,43,1,0,0,0,0.9773,2,低
2024-05,台中,B,B級,中危害,收工回簽,回簽收工確認,是否回簽時確認環境已整理並完成防護措施,44,37,36,1,0,1,0,0.973,5,低
2024-05,台中,B,B級,中危害,收工回簽,一般安全規定,是否遵守工安規定,44,42,41,1,0,0,0,0.9762,2,低
2024-05,台中,B,B級,中危害,收工回簽,現場紀錄,是否拍照,44,39,38,1,0,0,0,0.9744,2,低
2024-05,台中,C,C級,低危害,廠區,基本資料,工廠、日期、時間,36,35,34,1,0,0,0,0.9714,2,低
2024-05,台中,C,C級,低危害,許可證,許可資訊,工程作業分級、申請時間、核准工作時間、工作許可證編號,36,35,34,1,0,0,0,0.9714,2,低
2024-05,台中,C,C級,低危害,施工地點,場地關係人,施工部門、轄區部門、監造部門,36,34,34,0,0,0,0,1.0,0,低
2024-05,台中,C,C級,低危害,包商,承攬商與人員資格,承攬商、工作人數、車輛車號、工地負責人、安衛人員、特殊作業主管,36,32,31,1,0,0,0,0.9688,2,低
2024-05,台中,C,C級,低危害,危害等級,作業等級,施工地點、工程案號、工作內容、許可工作項目、作業分級,36,30,29,1,0,0,0,0.9667,2,低
2024-05,台中,C,C級,低危害,危害等級,管線設備危害物,可燃性氣體、易燃液體、有害性氣體、化學藥劑、酸鹼、熱水蒸氣、空氣、其他,36,34,33,1,0,0,0,0.9706,2,低
2024-05,台中,C,C級,低危害,檢點與危害告知,簽發前安全檢點,是否安全檢點,36,32,31,1,0,0,0,0.9688,2,低
2024-05,台中,C,C級,低危害,檢點與危害告知,危害告知,是否危害告知,36,31,30,1,0,0,0,0.9677,2,低
2024-05,台中,C,C級,低危害,危害排除與隔離,環境危害排除,是否設備管線危害物排除,36,30,29,1,0,0,0,0.9667,2,低
2024-05,台中,C,C級,低危害,危害排除與隔離,隔離管制,設備管線是否加盲加鎖掛牌,36,36,35,1,0,0,0,0.9722,2,低
2024-05,台中,C,C級,低危害,環境測定,氣體偵測數值,可燃性氣體%、氧氣%、一氧化碳PPM、硫化氫PPM,36,31,30,1,0,0,0,0.9677,2,低
2024-05,台中,C,C級,低危害,環境測定,測定基準,可燃性氣體 < 20%LEL；氧氣>= 18%；一氧化碳<50 PPM；硫化氫<10 PPM,36,32,31,1,0,0,0,0.9688,2,低
2024-05,台中,C,C級,低危害,環境測定,測定頻率,上、下午施工前測定；A級或高風險作業需重複或連續測定；每小時/每兩小時紀錄表,36,33,32,1,0,0,0,0.9697,2,低
2024-05,台中,C,C級,低危害,防火防爆,消防設備,是否有消防設備,36,33,32,1,0,0,0,0.9697,2,低
2024-05,台中,C,C級,低危害,防火防爆,防爆安全工具,是否使用防爆電氣設備及安全工具,36,31,30,1,0,0,0,0.9677,2,低
2024-05,台中,C,C級,低危害,高處作業,防墜措施,設標準施工架、安全網、安全母索、安全帶,36,30,29,1,0,1,0,0.9667,5,低
2024-05,台中,C,C級,低危害,安全保護,個人防護具,是否有防護口罩、防毒面具、SCBA、防護手套、安全眼鏡、耳塞,36,31,30,1,0,0,0,0.9677,2,低
2024-05,台中,C,C級,低危害,警戒巡查,警戒標示,是否有警戒標示,36,34,33,1,0,0,0,0.9706,2,低
2024-05,台中,C,C級,低危害,警戒巡查,巡查會簽,是否轄區、監造、安衛人員或工地負責人巡查會簽,36,33,32,1,0,0,0,0.9697,2,低
2024-05,台中,C,C級,低危害,收工回簽,回簽收工確認,是否回簽時確認環境已整理並完成防護措施,36,32,31,1,0,0,0,0.9688,2,低
2024-05,台中,C,C級,低危害,收工回簽,一般安全規定,是否遵守工安規定,36,32,31,1,0,0,0,0.9688,2,低
2024-05,台中,C,C級,低危害,收工回簽,現場紀錄,是否拍照,36,32,31,1,0,0,0,0.9688,2,低
2024-06,台中,A,A級,高危害,廠區,基本資料,工廠、日期、時間,21,18,18,0,0,0,0,1.0,0,低
2024-06,台中,A,A級,高危害,許可證,許可資訊,工程作業分級、申請時間、核准工作時間、工作許可證編號,21,18,18,0,0,0,0,1.0,0,低
2024-06,台中,A,A級,高危害,施工地點,場地關係人,施工部門、轄區部門、監造部門,21,18,18,0,0,0,0,1.0,0,低
2024-06,台中,A,A級,高危害,包商,承攬商與人員資格,承攬商、工作人數、車輛車號、工地負責人、安衛人員、特殊作業主管,21,20,19,1,0,0,0,0.95,2,低
2024-06,台中,A,A級,高危害,危害等級,作業等級,施工地點、工程案號、工作內容、許可工作項目、作業分級,21,19,18,1,0,0,0,0.9474,2,低
2024-06,台中,A,A級,高危害,危害等級,管線設備危害物,可燃性氣體、易燃液體、有害性氣體、化學藥劑、酸鹼、熱水蒸氣、空氣、其他,21,19,18,1,0,0,0,0.9474,2,低
2024-06,台中,A,A級,高危害,檢點與危害告知,簽發前安全檢點,是否安全檢點,21,18,17,1,0,0,0,0.9444,2,低
2024-06,台中,A,A級,高危害,檢點與危害告知,危害告知,是否危害告知,21,19,18,1,0,0,0,0.9474,2,低
2024-06,台中,A,A級,高危害,危害排除與隔離,環境危害排除,是否設備管線危害物排除,21,18,17,1,0,0,0,0.9444,2,低
2024-06,台中,A,A級,高危害,危害排除與隔離,隔離管制,設備管線是否加盲加鎖掛牌,21,18,17,1,0,0,0,0.9444,2,低
2024-06,台中,A,A級,高危害,環境測定,氣體偵測數值,可燃性氣體%、氧氣%、一氧化碳PPM、硫化氫PPM,21,20,19,1,0,0,0,0.95,2,低
2024-06,台中,A,A級,高危害,環境測定,測定基準,可燃性氣體 < 20%LEL；氧氣>= 18%；一氧化碳<50 PPM；硫化氫<10 PPM,21,18,17,1,0,0,0,0.9444,2,低
2024-06,台中,A,A級,高危害,環境測定,測定頻率,上、下午施工前測定；A級或高風險作業需重複或連續測定；每小時/每兩小時紀錄表,21,20,19,1,0,0,0,0.95,2,低
2024-06,台中,A,A級,高危害,防火防爆,消防設備,是否有消防設備,21,21,20,1,0,0,0,0.9524,2,低
2024-06,台中,A,A級,高危害,防火防爆,防爆安全工具,是否使用防爆電氣設備及安全工具,21,19,18,1,0,0,0,0.9474,2,低
2024-06,台中,A,A級,高危害,高處作業,防墜措施,設標準施工架、安全網、安全母索、安全帶,21,19,18,1,0,0,0,0.9474,2,低
2024-06,台中,A,A級,高危害,安全保護,個人防護具,是否有防護口罩、防毒面具、SCBA、防護手套、安全眼鏡、耳塞,21,18,17,1,0,0,0,0.9444,2,低
2024-06,台中,A,A級,高危害,警戒巡查,警戒標示,是否有警戒標示,21,18,17,1,0,0,0,0.9444,2,低
2024-06,台中,A,A級,高危害,警戒巡查,巡查會簽,是否轄區、監造、安衛人員或工地負責人巡查會簽,21,20,19,1,0,0,0,0.95,2,低
2024-06,台中,A,A級,高危害,收工回簽,回簽收工確認,是否回簽時確認環境已整理並完成防護措施,21,19,18,1,0,0,0,0.9474,2,低
2024-06,台中,A,A級,高危害,收工回簽,一般安全規定,是否遵守工安規定,21,19,18,1,0,0,0,0.9474,2,低
2024-06,台中,A,A級,高危害,收工回簽,現場紀錄,是否拍照,21,19,18,1,0,0,0,0.9474,2,低
2024-06,台中,B,B級,中危害,廠區,基本資料,工廠、日期、時間,39,32,31,1,0,0,0,0.9688,2,低
2024-06,台中,B,B級,中危害,許可證,許可資訊,工程作業分級、申請時間、核准工作時間、工作許可證編號,39,33,32,1,0,0,0,0.9697,2,低
2024-06,台中,B,B級,中危害,施工地點,場地關係人,施工部門、轄區部門、監造部門,39,34,33,1,0,0,0,0.9706,2,低
2024-06,台中,B,B級,中危害,包商,承攬商與人員資格,承攬商、工作人數、車輛車號、工地負責人、安衛人員、特殊作業主管,39,38,37,1,0,0,0,0.9737,2,低
2024-06,台中,B,B級,中危害,危害等級,作業等級,施工地點、工程案號、工作內容、許可工作項目、作業分級,39,36,35,1,0,0,0,0.9722,2,低
2024-06,台中,B,B級,中危害,危害等級,管線設備危害物,可燃性氣體、易燃液體、有害性氣體、化學藥劑、酸鹼、熱水蒸氣、空氣、其他,39,37,36,1,0,0,0,0.973,2,低
2024-06,台中,B,B級,中危害,檢點與危害告知,簽發前安全檢點,是否安全檢點,39,39,38,1,0,0,0,0.9744,2,低
2024-06,台中,B,B級,中危害,檢點與危害告知,危害告知,是否危害告知,39,34,33,1,0,0,0,0.9706,2,低
2024-06,台中,B,B級,中危害,危害排除與隔離,環境危害排除,是否設備管線危害物排除,39,37,36,1,0,0,0,0.973,2,低
2024-06,台中,B,B級,中危害,危害排除與隔離,隔離管制,設備管線是否加盲加鎖掛牌,39,35,33,2,1,1,0,0.9429,16,中
2024-06,台中,B,B級,中危害,環境測定,氣體偵測數值,可燃性氣體%、氧氣%、一氧化碳PPM、硫化氫PPM,39,33,32,1,0,0,0,0.9697,2,低
2024-06,台中,B,B級,中危害,環境測定,測定基準,可燃性氣體 < 20%LEL；氧氣>= 18%；一氧化碳<50 PPM；硫化氫<10 PPM,39,38,36,2,1,0,0,0.9474,13,低
2024-06,台中,B,B級,中危害,環境測定,測定頻率,上、下午施工前測定；A級或高風險作業需重複或連續測定；每小時/每兩小時紀錄表,39,34,33,1,0,0,0,0.9706,2,低
2024-06,台中,B,B級,中危害,防火防爆,消防設備,是否有消防設備,39,32,31,1,0,0,0,0.9688,2,低
2024-06,台中,B,B級,中危害,防火防爆,防爆安全工具,是否使用防爆電氣設備及安全工具,39,34,33,1,0,1,0,0.9706,5,低
2024-06,台中,B,B級,中危害,高處作業,防墜措施,設標準施工架、安全網、安全母索、安全帶,39,36,35,1,0,0,0,0.9722,2,低
2024-06,台中,B,B級,中危害,安全保護,個人防護具,是否有防護口罩、防毒面具、SCBA、防護手套、安全眼鏡、耳塞,39,35,34,1,0,0,0,0.9714,2,低
2024-06,台中,B,B級,中危害,警戒巡查,警戒標示,是否有警戒標示,39,33,32,1,0,0,0,0.9697,2,低
2024-06,台中,B,B級,中危害,警戒巡查,巡查會簽,是否轄區、監造、安衛人員或工地負責人巡查會簽,39,36,35,1,0,0,0,0.9722,2,低
2024-06,台中,B,B級,中危害,收工回簽,回簽收工確認,是否回簽時確認環境已整理並完成防護措施,39,33,32,1,0,0,0,0.9697,2,低
2024-06,台中,B,B級,中危害,收工回簽,一般安全規定,是否遵守工安規定,39,37,36,1,0,1,0,0.973,5,低
2024-06,台中,B,B級,中危害,收工回簽,現場紀錄,是否拍照,39,35,34,1,0,0,0,0.9714,2,低
2024-06,台中,C,C級,低危害,廠區,基本資料,工廠、日期、時間,34,32,31,1,0,0,0,0.9688,2,低
2024-06,台中,C,C級,低危害,許可證,許可資訊,工程作業分級、申請時間、核准工作時間、工作許可證編號,34,30,30,0,0,0,0,1.0,0,低
2024-06,台中,C,C級,低危害,施工地點,場地關係人,施工部門、轄區部門、監造部門,34,34,33,1,0,0,0,0.9706,2,低
2024-06,台中,C,C級,低危害,包商,承攬商與人員資格,承攬商、工作人數、車輛車號、工地負責人、安衛人員、特殊作業主管,34,31,30,1,0,0,0,0.9677,2,低
2024-06,台中,C,C級,低危害,危害等級,作業等級,施工地點、工程案號、工作內容、許可工作項目、作業分級,34,31,30,1,0,1,0,0.9677,5,低
2024-06,台中,C,C級,低危害,危害等級,管線設備危害物,可燃性氣體、易燃液體、有害性氣體、化學藥劑、酸鹼、熱水蒸氣、空氣、其他,34,33,32,1,0,0,0,0.9697,2,低
2024-06,台中,C,C級,低危害,檢點與危害告知,簽發前安全檢點,是否安全檢點,34,29,28,1,0,0,0,0.9655,2,低
2024-06,台中,C,C級,低危害,檢點與危害告知,危害告知,是否危害告知,34,30,30,0,0,0,0,1.0,0,低
2024-06,台中,C,C級,低危害,危害排除與隔離,環境危害排除,是否設備管線危害物排除,34,31,30,1,0,0,0,0.9677,2,低
2024-06,台中,C,C級,低危害,危害排除與隔離,隔離管制,設備管線是否加盲加鎖掛牌,34,28,27,1,0,0,0,0.9643,2,低
2024-06,台中,C,C級,低危害,環境測定,氣體偵測數值,可燃性氣體%、氧氣%、一氧化碳PPM、硫化氫PPM,34,33,32,1,0,1,0,0.9697,5,低
2024-06,台中,C,C級,低危害,環境測定,測定基準,可燃性氣體 < 20%LEL；氧氣>= 18%；一氧化碳<50 PPM；硫化氫<10 PPM,34,29,28,1,0,0,0,0.9655,2,低
2024-06,台中,C,C級,低危害,環境測定,測定頻率,上、下午施工前測定；A級或高風險作業需重複或連續測定；每小時/每兩小時紀錄表,34,28,27,1,0,0,0,0.9643,2,低
2024-06,台中,C,C級,低危害,防火防爆,消防設備,是否有消防設備,34,33,32,1,0,0,0,0.9697,2,低
2024-06,台中,C,C級,低危害,防火防爆,防爆安全工具,是否使用防爆電氣設備及安全工具,34,31,30,1,0,0,0,0.9677,2,低
2024-06,台中,C,C級,低危害,高處作業,防墜措施,設標準施工架、安全網、安全母索、安全帶,34,33,32,1,0,0,0,0.9697,2,低
2024-06,台中,C,C級,低危害,安全保護,個人防護具,是否有防護口罩、防毒面具、SCBA、防護手套、安全眼鏡、耳塞,34,33,32,1,0,0,0,0.9697,2,低
2024-06,台中,C,C級,低危害,警戒巡查,警戒標示,是否有警戒標示,34,33,32,1,0,0,0,0.9697,2,低
2024-06,台中,C,C級,低危害,警戒巡查,巡查會簽,是否轄區、監造、安衛人員或工地負責人巡查會簽,34,29,28,1,0,0,0,0.9655,2,低
2024-06,台中,C,C級,低危害,收工回簽,回簽收工確認,是否回簽時確認環境已整理並完成防護措施,34,31,30,1,0,0,0,0.9677,2,低
2024-06,台中,C,C級,低危害,收工回簽,一般安全規定,是否遵守工安規定,34,32,31,1,0,0,0,0.9688,2,低
2024-06,台中,C,C級,低危害,收工回簽,現場紀錄,是否拍照,34,31,30,1,0,0,0,0.9677,2,低
2024-07,台中,A,A級,高危害,廠區,基本資料,工廠、日期、時間,18,16,16,0,0,0,0,1.0,0,低
2024-07,台中,A,A級,高危害,許可證,許可資訊,工程作業分級、申請時間、核准工作時間、工作許可證編號,18,17,16,1,0,0,0,0.9412,2,低
2024-07,台中,A,A級,高危害,施工地點,場地關係人,施工部門、轄區部門、監造部門,18,18,17,1,0,0,0,0.9444,2,低
2024-07,台中,A,A級,高危害,包商,承攬商與人員資格,承攬商、工作人數、車輛車號、工地負責人、安衛人員、特殊作業主管,18,18,18,0,0,0,0,1.0,0,低
2024-07,台中,A,A級,高危害,危害等級,作業等級,施工地點、工程案號、工作內容、許可工作項目、作業分級,18,15,15,0,0,0,0,1.0,0,低
2024-07,台中,A,A級,高危害,危害等級,管線設備危害物,可燃性氣體、易燃液體、有害性氣體、化學藥劑、酸鹼、熱水蒸氣、空氣、其他,18,17,16,1,0,0,0,0.9412,2,低
2024-07,台中,A,A級,高危害,檢點與危害告知,簽發前安全檢點,是否安全檢點,18,17,16,1,0,0,0,0.9412,2,低
2024-07,台中,A,A級,高危害,檢點與危害告知,危害告知,是否危害告知,18,16,15,1,0,0,0,0.9375,2,低
2024-07,台中,A,A級,高危害,危害排除與隔離,環境危害排除,是否設備管線危害物排除,18,17,16,1,0,0,0,0.9412,2,低
2024-07,台中,A,A級,高危害,危害排除與隔離,隔離管制,設備管線是否加盲加鎖掛牌,18,15,14,1,0,0,0,0.9333,2,低
2024-07,台中,A,A級,高危害,環境測定,氣體偵測數值,可燃性氣體%、氧氣%、一氧化碳PPM、硫化氫PPM,18,17,16,1,0,0,0,0.9412,2,低
2024-07,台中,A,A級,高危害,環境測定,測定基準,可燃性氣體 < 20%LEL；氧氣>= 18%；一氧化碳<50 PPM；硫化氫<10 PPM,18,15,14,1,0,0,0,0.9333,2,低
2024-07,台中,A,A級,高危害,環境測定,測定頻率,上、下午施工前測定；A級或高風險作業需重複或連續測定；每小時/每兩小時紀錄表,18,15,14,1,0,0,0,0.9333,2,低
2024-07,台中,A,A級,高危害,防火防爆,消防設備,是否有消防設備,18,16,15,1,0,1,0,0.9375,5,低
2024-07,台中,A,A級,高危害,防火防爆,防爆安全工具,是否使用防爆電氣設備及安全工具,18,16,15,1,0,0,0,0.9375,2,低
2024-07,台中,A,A級,高危害,高處作業,防墜措施,設標準施工架、安全網、安全母索、安全帶,18,16,15,1,0,0,0,0.9375,2,低
2024-07,台中,A,A級,高危害,安全保護,個人防護具,是否有防護口罩、防毒面具、SCBA、防護手套、安全眼鏡、耳塞,18,16,16,0,0,0,0,1.0,0,低
2024-07,台中,A,A級,高危害,警戒巡查,警戒標示,是否有警戒標示,18,18,17,1,0,0,0,0.9444,2,低
2024-07,台中,A,A級,高危害,警戒巡查,巡查會簽,是否轄區、監造、安衛人員或工地負責人巡查會簽,18,17,16,1,0,0,0,0.9412,2,低
2024-07,台中,A,A級,高危害,收工回簽,回簽收工確認,是否回簽時確認環境已整理並完成防護措施,18,17,16,1,0,0,0,0.9412,2,低
2024-07,台中,A,A級,高危害,收工回簽,一般安全規定,是否遵守工安規定,18,16,16,0,0,0,0,1.0,0,低
2024-07,台中,A,A級,高危害,收工回簽,現場紀錄,是否拍照,18,16,15,1,0,0,0,0.9375,2,低
2024-07,台中,B,B級,中危害,廠區,基本資料,工廠、日期、時間,38,36,35,1,0,0,0,0.9722,2,低
2024-07,台中,B,B級,中危害,許可證,許可資訊,工程作業分級、申請時間、核准工作時間、工作許可證編號,38,38,37,1,0,0,0,0.9737,2,低
2024-07,台中,B,B級,中危害,施工地點,場地關係人,施工部門、轄區部門、監造部門,38,35,34,1,0,0,0,0.9714,2,低
2024-07,台中,B,B級,中危害,包商,承攬商與人員資格,承攬商、工作人數、車輛車號、工地負責人、安衛人員、特殊作業主管,38,36,35,1,0,0,0,0.9722,2,低
2024-07,台中,B,B級,中危害,危害等級,作業等級,施工地點、工程案號、工作內容、許可工作項目、作業分級,38,33,32,1,0,0,0,0.9697,2,低
2024-07,台中,B,B級,中危害,危害等級,管線設備危害物,可燃性氣體、易燃液體、有害性氣體、化學藥劑、酸鹼、熱水蒸氣、空氣、其他,38,33,32,1,0,0,0,0.9697,2,低
2024-07,台中,B,B級,中危害,檢點與危害告知,簽發前安全檢點,是否安全檢點,38,35,34,1,0,0,0,0.9714,2,低
2024-07,台中,B,B級,中危害,檢點與危害告知,危害告知,是否危害告知,38,38,37,1,0,0,0,0.9737,2,低
2024-07,台中,B,B級,中危害,危害排除與隔離,環境危害排除,是否設備管線危害物排除,38,32,31,1,0,0,0,0.9688,2,低
2024-07,台中,B,B級,中危害,危害排除與隔離,隔離管制,設備管線是否加盲加鎖掛牌,38,31,30,1,0,0,0,0.9677,2,低
2024-07,台中,B,B級,中危害,環境測定,氣體偵測數值,可燃性氣體%、氧氣%、一氧化碳PPM、硫化氫PPM,38,33,32,1,0,0,0,0.9697,2,低
2024-07,台中,B,B級,中危害,環境測定,測定基準,可燃性氣體 < 20%LEL；氧氣>= 18%；一氧化碳<50 PPM；硫化氫<10 PPM,38,34,33,1,0,0,0,0.9706,2,低
2024-07,台中,B,B級,中危害,環境測定,測定頻率,上、下午施工前測定；A級或高風險作業需重複或連續測定；每小時/每兩小時紀錄表,38,35,34,1,0,0,0,0.9714,2,低
2024-07,台中,B,B級,中危害,防火防爆,消防設備,是否有消防設備,38,31,30,1,0,0,0,0.9677,2,低
2024-07,台中,B,B級,中危害,防火防爆,防爆安全工具,是否使用防爆電氣設備及安全工具,38,37,36,1,0,0,0,0.973,2,低
2024-07,台中,B,B級,中危害,高處作業,防墜措施,設標準施工架、安全網、安全母索、安全帶,38,32,31,1,0,0,0,0.9688,2,低
2024-07,台中,B,B級,中危害,安全保護,個人防護具,是否有防護口罩、防毒面具、SCBA、防護手套、安全眼鏡、耳塞,38,33,32,1,0,0,0,0.9697,2,低
2024-07,台中,B,B級,中危害,警戒巡查,警戒標示,是否有警戒標示,38,35,34,1,0,0,0,0.9714,2,低
2024-07,台中,B,B級,中危害,警戒巡查,巡查會簽,是否轄區、監造、安衛人員或工地負責人巡查會簽,38,36,35,1,0,0,0,0.9722,2,低
2024-07,台中,B,B級,中危害,收工回簽,回簽收工確認,是否回簽時確認環境已整理並完成防護措施,38,37,36,1,0,0,0,0.973,2,低
2024-07,台中,B,B級,中危害,收工回簽,一般安全規定,是否遵守工安規定,38,35,34,1,0,0,0,0.9714,2,低
2024-07,台中,B,B級,中危害,收工回簽,現場紀錄,是否拍照,38,33,32,1,0,0,0,0.9697,2,低
2024-07,台中,C,C級,低危害,廠區,基本資料,工廠、日期、時間,31,26,26,0,0,0,0,1.0,0,低
2024-07,台中,C,C級,低危害,許可證,許可資訊,工程作業分級、申請時間、核准工作時間、工作許可證編號,31,28,28,0,0,0,0,1.0,0,低
2024-07,台中,C,C級,低危害,施工地點,場地關係人,施工部門、轄區部門、監造部門,31,27,27,0,0,0,0,1.0,0,低
2024-07,台中,C,C級,低危害,包商,承攬商與人員資格,承攬商、工作人數、車輛車號、工地負責人、安衛人員、特殊作業主管,31,29,28,1,0,0,0,0.9655,2,低
2024-07,台中,C,C級,低危害,危害等級,作業等級,施工地點、工程案號、工作內容、許可工作項目、作業分級,31,28,27,1,0,0,0,0.9643,2,低
2024-07,台中,C,C級,低危害,危害等級,管線設備危害物,可燃性氣體、易燃液體、有害性氣體、化學藥劑、酸鹼、熱水蒸氣、空氣、其他,31,26,25,1,0,0,0,0.9615,2,低
2024-07,台中,C,C級,低危害,檢點與危害告知,簽發前安全檢點,是否安全檢點,31,31,30,1,0,0,0,0.9677,2,低
2024-07,台中,C,C級,低危害,檢點與危害告知,危害告知,是否危害告知,31,29,28,1,0,0,0,0.9655,2,低
2024-07,台中,C,C級,低危害,危害排除與隔離,環境危害排除,是否設備管線危害物排除,31,29,28,1,0,0,0,0.9655,2,低
2024-07,台中,C,C級,低危害,危害排除與隔離,隔離管制,設備管線是否加盲加鎖掛牌,31,26,25,1,0,0,0,0.9615,2,低
2024-07,台中,C,C級,低危害,環境測定,氣體偵測數值,可燃性氣體%、氧氣%、一氧化碳PPM、硫化氫PPM,31,27,26,1,0,0,0,0.963,2,低
2024-07,台中,C,C級,低危害,環境測定,測定基準,可燃性氣體 < 20%LEL；氧氣>= 18%；一氧化碳<50 PPM；硫化氫<10 PPM,31,28,27,1,0,0,0,0.9643,2,低
2024-07,台中,C,C級,低危害,環境測定,測定頻率,上、下午施工前測定；A級或高風險作業需重複或連續測定；每小時/每兩小時紀錄表,31,26,25,1,0,0,0,0.9615,2,低
2024-07,台中,C,C級,低危害,防火防爆,消防設備,是否有消防設備,31,30,29,1,0,0,0,0.9667,2,低
2024-07,台中,C,C級,低危害,防火防爆,防爆安全工具,是否使用防爆電氣設備及安全工具,31,31,30,1,0,0,0,0.9677,2,低
2024-07,台中,C,C級,低危害,高處作業,防墜措施,設標準施工架、安全網、安全母索、安全帶,31,28,27,1,0,0,0,0.9643,2,低
2024-07,台中,C,C級,低危害,安全保護,個人防護具,是否有防護口罩、防毒面具、SCBA、防護手套、安全眼鏡、耳塞,31,27,26,1,0,0,0,0.963,2,低
2024-07,台中,C,C級,低危害,警戒巡查,警戒標示,是否有警戒標示,31,28,27,1,0,0,0,0.9643,2,低
2024-07,台中,C,C級,低危害,警戒巡查,巡查會簽,是否轄區、監造、安衛人員或工地負責人巡查會簽,31,31,30,1,0,0,0,0.9677,2,低
2024-07,台中,C,C級,低危害,收工回簽,回簽收工確認,是否回簽時確認環境已整理並完成防護措施,31,30,29,1,0,0,0,0.9667,2,低
2024-07,台中,C,C級,低危害,收工回簽,一般安全規定,是否遵守工安規定,31,29,28,1,0,0,0,0.9655,2,低
2024-07,台中,C,C級,低危害,收工回簽,現場紀錄,是否拍照,31,28,27,1,0,0,0,0.9643,2,低
2024-08,台中,A,A級,高危害,廠區,基本資料,工廠、日期、時間,20,20,19,1,0,0,0,0.95,2,低
2024-08,台中,A,A級,高危害,許可證,許可資訊,工程作業分級、申請時間、核准工作時間、工作許可證編號,20,18,17,1,0,0,0,0.9444,2,低
2024-08,台中,A,A級,高危害,施工地點,場地關係人,施工部門、轄區部門、監造部門,20,18,18,0,0,0,0,1.0,0,低
2024-08,台中,A,A級,高危害,包商,承攬商與人員資格,承攬商、工作人數、車輛車號、工地負責人、安衛人員、特殊作業主管,20,18,17,1,0,0,0,0.9444,2,低
2024-08,台中,A,A級,高危害,危害等級,作業等級,施工地點、工程案號、工作內容、許可工作項目、作業分級,20,20,19,1,0,0,0,0.95,2,低
2024-08,台中,A,A級,高危害,危害等級,管線設備危害物,可燃性氣體、易燃液體、有害性氣體、化學藥劑、酸鹼、熱水蒸氣、空氣、其他,20,19,18,1,0,0,0,0.9474,2,低
2024-08,台中,A,A級,高危害,檢點與危害告知,簽發前安全檢點,是否安全檢點,20,19,18,1,0,0,0,0.9474,2,低
2024-08,台中,A,A級,高危害,檢點與危害告知,危害告知,是否危害告知,20,18,17,1,0,0,0,0.9444,2,低
2024-08,台中,A,A級,高危害,危害排除與隔離,環境危害排除,是否設備管線危害物排除,20,17,16,1,0,0,0,0.9412,2,低
2024-08,台中,A,A級,高危害,危害排除與隔離,隔離管制,設備管線是否加盲加鎖掛牌,20,17,16,1,0,0,0,0.9412,2,低
2024-08,台中,A,A級,高危害,環境測定,氣體偵測數值,可燃性氣體%、氧氣%、一氧化碳PPM、硫化氫PPM,20,17,16,1,0,0,0,0.9412,2,低
2024-08,台中,A,A級,高危害,環境測定,測定基準,可燃性氣體 < 20%LEL；氧氣>= 18%；一氧化碳<50 PPM；硫化氫<10 PPM,20,19,18,1,0,0,0,0.9474,2,低
2024-08,台中,A,A級,高危害,環境測定,測定頻率,上、下午施工前測定；A級或高風險作業需重複或連續測定；每小時/每兩小時紀錄表,20,17,16,1,0,0,0,0.9412,2,低
2024-08,台中,A,A級,高危害,防火防爆,消防設備,是否有消防設備,20,19,18,1,0,0,0,0.9474,2,低
2024-08,台中,A,A級,高危害,防火防爆,防爆安全工具,是否使用防爆電氣設備及安全工具,20,18,17,1,0,1,0,0.9444,5,低
2024-08,台中,A,A級,高危害,高處作業,防墜措施,設標準施工架、安全網、安全母索、安全帶,20,19,18,1,0,0,0,0.9474,2,低
2024-08,台中,A,A級,高危害,安全保護,個人防護具,是否有防護口罩、防毒面具、SCBA、防護手套、安全眼鏡、耳塞,20,19,18,1,0,0,0,0.9474,2,低
2024-08,台中,A,A級,高危害,警戒巡查,警戒標示,是否有警戒標示,20,19,18,1,0,0,0,0.9474,2,低
2024-08,台中,A,A級,高危害,警戒巡查,巡查會簽,是否轄區、監造、安衛人員或工地負責人巡查會簽,20,17,16,1,0,0,0,0.9412,2,低
2024-08,台中,A,A級,高危害,收工回簽,回簽收工確認,是否回簽時確認環境已整理並完成防護措施,20,19,18,1,0,0,0,0.9474,2,低
2024-08,台中,A,A級,高危害,收工回簽,一般安全規定,是否遵守工安規定,20,17,16,1,0,0,0,0.9412,2,低
2024-08,台中,A,A級,高危害,收工回簽,現場紀錄,是否拍照,20,16,16,0,0,0,0,1.0,0,低
2024-08,台中,B,B級,中危害,廠區,基本資料,工廠、日期、時間,40,37,36,1,0,0,0,0.973,2,低
2024-08,台中,B,B級,中危害,許可證,許可資訊,工程作業分級、申請時間、核准工作時間、工作許可證編號,40,35,34,1,0,0,0,0.9714,2,低
2024-08,台中,B,B級,中危害,施工地點,場地關係人,施工部門、轄區部門、監造部門,40,33,32,1,0,0,0,0.9697,2,低
2024-08,台中,B,B級,中危害,包商,承攬商與人員資格,承攬商、工作人數、車輛車號、工地負責人、安衛人員、特殊作業主管,40,35,34,1,0,1,0,0.9714,5,低
2024-08,台中,B,B級,中危害,危害等級,作業等級,施工地點、工程案號、工作內容、許可工作項目、作業分級,40,38,37,1,0,0,0,0.9737,2,低
2024-08,台中,B,B級,中危害,危害等級,管線設備危害物,可燃性氣體、易燃液體、有害性氣體、化學藥劑、酸鹼、熱水蒸氣、空氣、其他,40,37,36,1,0,0,0,0.973,2,低
2024-08,台中,B,B級,中危害,檢點與危害告知,簽發前安全檢點,是否安全檢點,40,34,33,1,0,0,0,0.9706,2,低
2024-08,台中,B,B級,中危害,檢點與危害告知,危害告知,是否危害告知,40,39,38,1,0,0,0,0.9744,2,低
2024-08,台中,B,B級,中危害,危害排除與隔離,環境危害排除,是否設備管線危害物排除,40,39,38,1,0,0,0,0.9744,2,低
2024-08,台中,B,B級,中危害,危害排除與隔離,隔離管制,設備管線是否加盲加鎖掛牌,40,34,33,1,0,0,0,0.9706,2,低
2024-08,台中,B,B級,中危害,環境測定,氣體偵測數值,可燃性氣體%、氧氣%、一氧化碳PPM、硫化氫PPM,40,38,37,1,0,0,0,0.9737,2,低
2024-08,台中,B,B級,中危害,環境測定,測定基準,可燃性氣體 < 20%LEL；氧氣>= 18%；一氧化碳<50 PPM；硫化氫<10 PPM,40,39,38,1,0,0,0,0.9744,2,低
2024-08,台中,B,B級,中危害,環境測定,測定頻率,上、下午施工前測定；A級或高風險作業需重複或連續測定；每小時/每兩小時紀錄表,40,35,34,1,0,1,0,0.9714,5,低
2024-08,台中,B,B級,中危害,防火防爆,消防設備,是否有消防設備,40,34,33,1,0,0,0,0.9706,2,低
2024-08,台中,B,B級,中危害,防火防爆,防爆安全工具,是否使用防爆電氣設備及安全工具,40,36,34,2,1,1,0,0.9444,16,中
2024-08,台中,B,B級,中危害,高處作業,防墜措施,設標準施工架、安全網、安全母索、安全帶,40,34,33,1,0,0,0,0.9706,2,低
2024-08,台中,B,B級,中危害,安全保護,個人防護具,是否有防護口罩、防毒面具、SCBA、防護手套、安全眼鏡、耳塞,40,40,39,1,0,0,0,0.975,2,低
2024-08,台中,B,B級,中危害,警戒巡查,警戒標示,是否有警戒標示,40,37,36,1,0,0,0,0.973,2,低
2024-08,台中,B,B級,中危害,警戒巡查,巡查會簽,是否轄區、監造、安衛人員或工地負責人巡查會簽,40,35,34,1,0,0,0,0.9714,2,低
2024-08,台中,B,B級,中危害,收工回簽,回簽收工確認,是否回簽時確認環境已整理並完成防護措施,40,33,32,1,0,0,0,0.9697,2,低
2024-08,台中,B,B級,中危害,收工回簽,一般安全規定,是否遵守工安規定,40,39,38,1,0,0,0,0.9744,2,低
2024-08,台中,B,B級,中危害,收工回簽,現場紀錄,是否拍照,40,34,33,1,0,0,0,0.9706,2,低
2024-08,台中,C,C級,低危害,廠區,基本資料,工廠、日期、時間,26,24,24,0,0,0,0,1.0,0,低
2024-08,台中,C,C級,低危害,許可證,許可資訊,工程作業分級、申請時間、核准工作時間、工作許可證編號,26,24,24,0,0,0,0,1.0,0,低
2024-08,台中,C,C級,低危害,施工地點,場地關係人,施工部門、轄區部門、監造部門,26,23,22,1,0,0,0,0.9565,2,低
2024-08,台中,C,C級,低危害,包商,承攬商與人員資格,承攬商、工作人數、車輛車號、工地負責人、安衛人員、特殊作業主管,26,21,21,0,0,0,0,1.0,0,低
2024-08,台中,C,C級,低危害,危害等級,作業等級,施工地點、工程案號、工作內容、許可工作項目、作業分級,26,22,21,1,0,0,0,0.9545,2,低
2024-08,台中,C,C級,低危害,危害等級,管線設備危害物,可燃性氣體、易燃液體、有害性氣體、化學藥劑、酸鹼、熱水蒸氣、空氣、其他,26,24,23,1,0,0,0,0.9583,2,低
2024-08,台中,C,C級,低危害,檢點與危害告知,簽發前安全檢點,是否安全檢點,26,24,24,0,0,0,0,1.0,0,低
2024-08,台中,C,C級,低危害,檢點與危害告知,危害告知,是否危害告知,26,22,21,1,0,0,0,0.9545,2,低
2024-08,台中,C,C級,低危害,危害排除與隔離,環境危害排除,是否設備管線危害物排除,26,25,24,1,0,0,0,0.96,2,低
2024-08,台中,C,C級,低危害,危害排除與隔離,隔離管制,設備管線是否加盲加鎖掛牌,26,24,23,1,0,0,0,0.9583,2,低
2024-08,台中,C,C級,低危害,環境測定,氣體偵測數值,可燃性氣體%、氧氣%、一氧化碳PPM、硫化氫PPM,26,21,20,1,0,0,0,0.9524,2,低
2024-08,台中,C,C級,低危害,環境測定,測定基準,可燃性氣體 < 20%LEL；氧氣>= 18%；一氧化碳<50 PPM；硫化氫<10 PPM,26,25,24,1,0,0,0,0.96,2,低
2024-08,台中,C,C級,低危害,環境測定,測定頻率,上、下午施工前測定；A級或高風險作業需重複或連續測定；每小時/每兩小時紀錄表,26,23,22,1,0,0,0,0.9565,2,低
2024-08,台中,C,C級,低危害,防火防爆,消防設備,是否有消防設備,26,22,21,1,0,1,0,0.9545,5,低
2024-08,台中,C,C級,低危害,防火防爆,防爆安全工具,是否使用防爆電氣設備及安全工具,26,25,24,1,0,0,0,0.96,2,低
2024-08,台中,C,C級,低危害,高處作業,防墜措施,設標準施工架、安全網、安全母索、安全帶,26,26,25,1,0,0,0,0.9615,2,低
2024-08,台中,C,C級,低危害,安全保護,個人防護具,是否有防護口罩、防毒面具、SCBA、防護手套、安全眼鏡、耳塞,26,23,23,0,0,0,0,1.0,0,低
2024-08,台中,C,C級,低危害,警戒巡查,警戒標示,是否有警戒標示,26,23,22,1,0,0,0,0.9565,2,低
2024-08,台中,C,C級,低危害,警戒巡查,巡查會簽,是否轄區、監造、安衛人員或工地負責人巡查會簽,26,22,22,0,0,0,0,1.0,0,低
2024-08,台中,C,C級,低危害,收工回簽,回簽收工確認,是否回簽時確認環境已整理並完成防護措施,26,24,24,0,0,0,0,1.0,0,低
2024-08,台中,C,C級,低危害,收工回簽,一般安全規定,是否遵守工安規定,26,22,22,0,0,0,0,1.0,0,低
2024-08,台中,C,C級,低危害,收工回簽,現場紀錄,是否拍照,26,25,24,1,0,0,0,0.96,2,低
2024-09,台中,A,A級,高危害,廠區,基本資料,工廠、日期、時間,20,19,19,0,0,0,0,1.0,0,低
2024-09,台中,A,A級,高危害,許可證,許可資訊,工程作業分級、申請時間、核准工作時間、工作許可證編號,20,20,19,1,0,0,0,0.95,2,低
2024-09,台中,A,A級,高危害,施工地點,場地關係人,施工部門、轄區部門、監造部門,20,17,17,0,0,0,0,1.0,0,低
2024-09,台中,A,A級,高危害,包商,承攬商與人員資格,承攬商、工作人數、車輛車號、工地負責人、安衛人員、特殊作業主管,20,17,16,1,0,0,0,0.9412,2,低
2024-09,台中,A,A級,高危害,危害等級,作業等級,施工地點、工程案號、工作內容、許可工作項目、作業分級,20,17,16,1,0,0,0,0.9412,2,低
2024-09,台中,A,A級,高危害,危害等級,管線設備危害物,可燃性氣體、易燃液體、有害性氣體、化學藥劑、酸鹼、熱水蒸氣、空氣、其他,20,18,17,1,0,0,0,0.9444,2,低
2024-09,台中,A,A級,高危害,檢點與危害告知,簽發前安全檢點,是否安全檢點,20,17,17,0,0,0,0,1.0,0,低
2024-09,台中,A,A級,高危害,檢點與危害告知,危害告知,是否危害告知,20,19,18,1,0,0,0,0.9474,2,低
2024-09,台中,A,A級,高危害,危害排除與隔離,環境危害排除,是否設備管線危害物排除,20,19,18,1,0,0,0,0.9474,2,低
2024-09,台中,A,A級,高危害,危害排除與隔離,隔離管制,設備管線是否加盲加鎖掛牌,20,17,16,1,0,0,0,0.9412,2,低
2024-09,台中,A,A級,高危害,環境測定,氣體偵測數值,可燃性氣體%、氧氣%、一氧化碳PPM、硫化氫PPM,20,18,17,1,0,0,0,0.9444,2,低
2024-09,台中,A,A級,高危害,環境測定,測定基準,可燃性氣體 < 20%LEL；氧氣>= 18%；一氧化碳<50 PPM；硫化氫<10 PPM,20,20,19,1,0,0,0,0.95,2,低
2024-09,台中,A,A級,高危害,環境測定,測定頻率,上、下午施工前測定；A級或高風險作業需重複或連續測定；每小時/每兩小時紀錄表,20,18,17,1,0,0,0,0.9444,2,低
2024-09,台中,A,A級,高危害,防火防爆,消防設備,是否有消防設備,20,17,16,1,0,0,0,0.9412,2,低
2024-09,台中,A,A級,高危害,防火防爆,防爆安全工具,是否使用防爆電氣設備及安全工具,20,18,17,1,0,0,0,0.9444,2,低
2024-09,台中,A,A級,高危害,高處作業,防墜措施,設標準施工架、安全網、安全母索、安全帶,20,19,18,1,0,0,0,0.9474,2,低
2024-09,台中,A,A級,高危害,安全保護,個人防護具,是否有防護口罩、防毒面具、SCBA、防護手套、安全眼鏡、耳塞,20,19,18,1,0,0,0,0.9474,2,低
2024-09,台中,A,A級,高危害,警戒巡查,警戒標示,是否有警戒標示,20,20,19,1,0,0,0,0.95,2,低
2024-09,台中,A,A級,高危害,警戒巡查,巡查會簽,是否轄區、監造、安衛人員或工地負責人巡查會簽,20,19,18,1,0,0,0,0.9474,2,低
2024-09,台中,A,A級,高危害,收工回簽,回簽收工確認,是否回簽時確認環境已整理並完成防護措施,20,19,19,0,0,0,0,1.0,0,低
2024-09,台中,A,A級,高危害,收工回簽,一般安全規定,是否遵守工安規定,20,17,16,1,0,0,0,0.9412,2,低
2024-09,台中,A,A級,高危害,收工回簽,現場紀錄,是否拍照,20,19,19,0,0,0,0,1.0,0,低
2024-09,台中,B,B級,中危害,廠區,基本資料,工廠、日期、時間,37,33,32,1,0,0,0,0.9697,2,低
2024-09,台中,B,B級,中危害,許可證,許可資訊,工程作業分級、申請時間、核准工作時間、工作許可證編號,37,36,35,1,0,0,0,0.9722,2,低
2024-09,台中,B,B級,中危害,施工地點,場地關係人,施工部門、轄區部門、監造部門,37,36,35,1,0,0,0,0.9722,2,低
2024-09,台中,B,B級,中危害,包商,承攬商與人員資格,承攬商、工作人數、車輛車號、工地負責人、安衛人員、特殊作業主管,37,32,31,1,0,0,0,0.9688,2,低
2024-09,台中,B,B級,中危害,危害等級,作業等級,施工地點、工程案號、工作內容、許可工作項目、作業分級,37,33,32,1,0,0,0,0.9697,2,低
2024-09,台中,B,B級,中危害,危害等級,管線設備危害物,可燃性氣體、易燃液體、有害性氣體、化學藥劑、酸鹼、熱水蒸氣、空氣、其他,37,32,31,1,0,0,0,0.9688,2,低
2024-09,台中,B,B級,中危害,檢點與危害告知,簽發前安全檢點,是否安全檢點,37,36,35,1,0,0,0,0.9722,2,低
2024-09,台中,B,B級,中危害,檢點與危害告知,危害告知,是否危害告知,37,32,31,1,0,0,0,0.9688,2,低
2024-09,台中,B,B級,中危害,危害排除與隔離,環境危害排除,是否設備管線危害物排除,37,36,35,1,0,0,0,0.9722,2,低
2024-09,台中,B,B級,中危害,危害排除與隔離,隔離管制,設備管線是否加盲加鎖掛牌,37,37,36,1,0,0,0,0.973,2,低
2024-09,台中,B,B級,中危害,環境測定,氣體偵測數值,可燃性氣體%、氧氣%、一氧化碳PPM、硫化氫PPM,37,33,32,1,0,0,0,0.9697,2,低
2024-09,台中,B,B級,中危害,環境測定,測定基準,可燃性氣體 < 20%LEL；氧氣>= 18%；一氧化碳<50 PPM；硫化氫<10 PPM,37,33,32,1,0,0,0,0.9697,2,低
2024-09,台中,B,B級,中危害,環境測定,測定頻率,上、下午施工前測定；A級或高風險作業需重複或連續測定；每小時/每兩小時紀錄表,37,34,33,1,0,0,0,0.9706,2,低
2024-09,台中,B,B級,中危害,防火防爆,消防設備,是否有消防設備,37,31,30,1,0,0,0,0.9677,2,低
2024-09,台中,B,B級,中危害,防火防爆,防爆安全工具,是否使用防爆電氣設備及安全工具,37,31,30,1,0,0,0,0.9677,2,低
2024-09,台中,B,B級,中危害,高處作業,防墜措施,設標準施工架、安全網、安全母索、安全帶,37,37,36,1,0,0,0,0.973,2,低
2024-09,台中,B,B級,中危害,安全保護,個人防護具,是否有防護口罩、防毒面具、SCBA、防護手套、安全眼鏡、耳塞,37,32,31,1,0,0,0,0.9688,2,低
2024-09,台中,B,B級,中危害,警戒巡查,警戒標示,是否有警戒標示,37,37,36,1,0,0,0,0.973,2,低
2024-09,台中,B,B級,中危害,警戒巡查,巡查會簽,是否轄區、監造、安衛人員或工地負責人巡查會簽,37,34,33,1,0,0,0,0.9706,2,低
2024-09,台中,B,B級,中危害,收工回簽,回簽收工確認,是否回簽時確認環境已整理並完成防護措施,37,35,34,1,0,0,0,0.9714,2,低
2024-09,台中,B,B級,中危害,收工回簽,一般安全規定,是否遵守工安規定,37,35,34,1,0,0,0,0.9714,2,低
2024-09,台中,B,B級,中危害,收工回簽,現場紀錄,是否拍照,37,35,34,1,0,0,0,0.9714,2,低
2024-09,台中,C,C級,低危害,廠區,基本資料,工廠、日期、時間,30,30,29,1,0,0,0,0.9667,2,低
2024-09,台中,C,C級,低危害,許可證,許可資訊,工程作業分級、申請時間、核准工作時間、工作許可證編號,30,29,28,1,0,0,0,0.9655,2,低
2024-09,台中,C,C級,低危害,施工地點,場地關係人,施工部門、轄區部門、監造部門,30,28,27,1,0,0,0,0.9643,2,低
2024-09,台中,C,C級,低危害,包商,承攬商與人員資格,承攬商、工作人數、車輛車號、工地負責人、安衛人員、特殊作業主管,30,25,25,0,0,0,0,1.0,0,低
2024-09,台中,C,C級,低危害,危害等級,作業等級,施工地點、工程案號、工作內容、許可工作項目、作業分級,30,29,28,1,0,0,0,0.9655,2,低
2024-09,台中,C,C級,低危害,危害等級,管線設備危害物,可燃性氣體、易燃液體、有害性氣體、化學藥劑、酸鹼、熱水蒸氣、空氣、其他,30,29,28,1,0,0,0,0.9655,2,低
2024-09,台中,C,C級,低危害,檢點與危害告知,簽發前安全檢點,是否安全檢點,30,27,27,0,0,0,0,1.0,0,低
2024-09,台中,C,C級,低危害,檢點與危害告知,危害告知,是否危害告知,30,25,24,1,0,0,0,0.96,2,低
2024-09,台中,C,C級,低危害,危害排除與隔離,環境危害排除,是否設備管線危害物排除,30,26,25,1,0,0,0,0.9615,2,低
2024-09,台中,C,C級,低危害,危害排除與隔離,隔離管制,設備管線是否加盲加鎖掛牌,30,26,25,1,0,0,0,0.9615,2,低
2024-09,台中,C,C級,低危害,環境測定,氣體偵測數值,可燃性氣體%、氧氣%、一氧化碳PPM、硫化氫PPM,30,28,27,1,0,0,0,0.9643,2,低
2024-09,台中,C,C級,低危害,環境測定,測定基準,可燃性氣體 < 20%LEL；氧氣>= 18%；一氧化碳<50 PPM；硫化氫<10 PPM,30,28,27,1,0,0,0,0.9643,2,低
2024-09,台中,C,C級,低危害,環境測定,測定頻率,上、下午施工前測定；A級或高風險作業需重複或連續測定；每小時/每兩小時紀錄表,30,26,25,1,0,0,0,0.9615,2,低
2024-09,台中,C,C級,低危害,防火防爆,消防設備,是否有消防設備,30,27,26,1,0,0,0,0.963,2,低
2024-09,台中,C,C級,低危害,防火防爆,防爆安全工具,是否使用防爆電氣設備及安全工具,30,27,26,1,0,0,0,0.963,2,低
2024-09,台中,C,C級,低危害,高處作業,防墜措施,設標準施工架、安全網、安全母索、安全帶,30,26,25,1,0,0,0,0.9615,2,低
2024-09,台中,C,C級,低危害,安全保護,個人防護具,是否有防護口罩、防毒面具、SCBA、防護手套、安全眼鏡、耳塞,30,29,28,1,0,0,0,0.9655,2,低
2024-09,台中,C,C級,低危害,警戒巡查,警戒標示,是否有警戒標示,30,26,25,1,0,0,0,0.9615,2,低
2024-09,台中,C,C級,低危害,警戒巡查,巡查會簽,是否轄區、監造、安衛人員或工地負責人巡查會簽,30,26,25,1,0,1,0,0.9615,5,低
2024-09,台中,C,C級,低危害,收工回簽,回簽收工確認,是否回簽時確認環境已整理並完成防護措施,30,29,28,1,0,0,0,0.9655,2,低
2024-09,台中,C,C級,低危害,收工回簽,一般安全規定,是否遵守工安規定,30,28,28,0,0,0,0,1.0,0,低
2024-09,台中,C,C級,低危害,收工回簽,現場紀錄,是否拍照,30,29,28,1,0,0,0,0.9655,2,低
2024-10,台中,A,A級,高危害,廠區,基本資料,工廠、日期、時間,19,17,17,0,0,0,0,1.0,0,低
2024-10,台中,A,A級,高危害,許可證,許可資訊,工程作業分級、申請時間、核准工作時間、工作許可證編號,19,17,16,1,0,0,0,0.9412,2,低
2024-10,台中,A,A級,高危害,施工地點,場地關係人,施工部門、轄區部門、監造部門,19,19,18,1,0,0,0,0.9474,2,低
2024-10,台中,A,A級,高危害,包商,承攬商與人員資格,承攬商、工作人數、車輛車號、工地負責人、安衛人員、特殊作業主管,19,16,15,1,0,0,0,0.9375,2,低
2024-10,台中,A,A級,高危害,危害等級,作業等級,施工地點、工程案號、工作內容、許可工作項目、作業分級,19,16,15,1,0,1,0,0.9375,5,低
2024-10,台中,A,A級,高危害,危害等級,管線設備危害物,可燃性氣體、易燃液體、有害性氣體、化學藥劑、酸鹼、熱水蒸氣、空氣、其他,19,19,18,1,0,0,0,0.9474,2,低
2024-10,台中,A,A級,高危害,檢點與危害告知,簽發前安全檢點,是否安全檢點,19,17,17,0,0,0,0,1.0,0,低
2024-10,台中,A,A級,高危害,檢點與危害告知,危害告知,是否危害告知,19,18,17,1,0,0,0,0.9444,2,低
2024-10,台中,A,A級,高危害,危害排除與隔離,環境危害排除,是否設備管線危害物排除,19,17,16,1,0,0,0,0.9412,2,低
2024-10,台中,A,A級,高危害,危害排除與隔離,隔離管制,設備管線是否加盲加鎖掛牌,19,16,15,1,0,0,0,0.9375,2,低
2024-10,台中,A,A級,高危害,環境測定,氣體偵測數值,可燃性氣體%、氧氣%、一氧化碳PPM、硫化氫PPM,19,18,17,1,0,0,0,0.9444,2,低
2024-10,台中,A,A級,高危害,環境測定,測定基準,可燃性氣體 < 20%LEL；氧氣>= 18%；一氧化碳<50 PPM；硫化氫<10 PPM,19,19,18,1,0,0,0,0.9474,2,低
2024-10,台中,A,A級,高危害,環境測定,測定頻率,上、下午施工前測定；A級或高風險作業需重複或連續測定；每小時/每兩小時紀錄表,19,18,17,1,0,1,0,0.9444,5,低
2024-10,台中,A,A級,高危害,防火防爆,消防設備,是否有消防設備,19,19,18,1,0,0,0,0.9474,2,低
2024-10,台中,A,A級,高危害,防火防爆,防爆安全工具,是否使用防爆電氣設備及安全工具,19,16,15,1,0,0,0,0.9375,2,低
2024-10,台中,A,A級,高危害,高處作業,防墜措施,設標準施工架、安全網、安全母索、安全帶,19,16,15,1,0,0,0,0.9375,2,低
2024-10,台中,A,A級,高危害,安全保護,個人防護具,是否有防護口罩、防毒面具、SCBA、防護手套、安全眼鏡、耳塞,19,19,18,1,0,0,0,0.9474,2,低
2024-10,台中,A,A級,高危害,警戒巡查,警戒標示,是否有警戒標示,19,16,15,1,0,0,0,0.9375,2,低
2024-10,台中,A,A級,高危害,警戒巡查,巡查會簽,是否轄區、監造、安衛人員或工地負責人巡查會簽,19,16,16,0,0,0,0,1.0,0,低
2024-10,台中,A,A級,高危害,收工回簽,回簽收工確認,是否回簽時確認環境已整理並完成防護措施,19,17,16,1,0,0,0,0.9412,2,低
2024-10,台中,A,A級,高危害,收工回簽,一般安全規定,是否遵守工安規定,19,16,16,0,0,0,0,1.0,0,低
2024-10,台中,A,A級,高危害,收工回簽,現場紀錄,是否拍照,19,17,16,1,0,0,0,0.9412,2,低
2024-10,台中,B,B級,中危害,廠區,基本資料,工廠、日期、時間,40,37,36,1,0,0,0,0.973,2,低
2024-10,台中,B,B級,中危害,許可證,許可資訊,工程作業分級、申請時間、核准工作時間、工作許可證編號,40,39,38,1,0,0,0,0.9744,2,低
2024-10,台中,B,B級,中危害,施工地點,場地關係人,施工部門、轄區部門、監造部門,40,38,37,1,0,0,0,0.9737,2,低
2024-10,台中,B,B級,中危害,包商,承攬商與人員資格,承攬商、工作人數、車輛車號、工地負責人、安衛人員、特殊作業主管,40,35,34,1,0,0,0,0.9714,2,低
2024-10,台中,B,B級,中危害,危害等級,作業等級,施工地點、工程案號、工作內容、許可工作項目、作業分級,40,39,38,1,0,0,0,0.9744,2,低
2024-10,台中,B,B級,中危害,危害等級,管線設備危害物,可燃性氣體、易燃液體、有害性氣體、化學藥劑、酸鹼、熱水蒸氣、空氣、其他,40,34,33,1,0,0,0,0.9706,2,低
2024-10,台中,B,B級,中危害,檢點與危害告知,簽發前安全檢點,是否安全檢點,40,39,38,1,0,0,0,0.9744,2,低
2024-10,台中,B,B級,中危害,檢點與危害告知,危害告知,是否危害告知,40,33,32,1,0,0,0,0.9697,2,低
2024-10,台中,B,B級,中危害,危害排除與隔離,環境危害排除,是否設備管線危害物排除,40,37,35,2,1,1,0,0.9459,16,中
2024-10,台中,B,B級,中危害,危害排除與隔離,隔離管制,設備管線是否加盲加鎖掛牌,40,37,35,2,1,1,0,0.9459,16,中
2024-10,台中,B,B級,中危害,環境測定,氣體偵測數值,可燃性氣體%、氧氣%、一氧化碳PPM、硫化氫PPM,40,33,32,1,0,0,0,0.9697,2,低
2024-10,台中,B,B級,中危害,環境測定,測定基準,可燃性氣體 < 20%LEL；氧氣>= 18%；一氧化碳<50 PPM；硫化氫<10 PPM,40,34,33,1,0,0,0,0.9706,2,低
2024-10,台中,B,B級,中危害,環境測定,測定頻率,上、下午施工前測定；A級或高風險作業需重複或連續測定；每小時/每兩小時紀錄表,40,37,36,1,0,0,0,0.973,2,低
2024-10,台中,B,B級,中危害,防火防爆,消防設備,是否有消防設備,40,40,39,1,0,0,0,0.975,2,低
2024-10,台中,B,B級,中危害,防火防爆,防爆安全工具,是否使用防爆電氣設備及安全工具,40,35,34,1,0,1,0,0.9714,5,低
2024-10,台中,B,B級,中危害,高處作業,防墜措施,設標準施工架、安全網、安全母索、安全帶,40,34,33,1,0,0,0,0.9706,2,低
2024-10,台中,B,B級,中危害,安全保護,個人防護具,是否有防護口罩、防毒面具、SCBA、防護手套、安全眼鏡、耳塞,40,36,35,1,0,0,0,0.9722,2,低
2024-10,台中,B,B級,中危害,警戒巡查,警戒標示,是否有警戒標示,40,36,35,1,0,0,0,0.9722,2,低
2024-10,台中,B,B級,中危害,警戒巡查,巡查會簽,是否轄區、監造、安衛人員或工地負責人巡查會簽,40,40,39,1,0,0,0,0.975,2,低
2024-10,台中,B,B級,中危害,收工回簽,回簽收工確認,是否回簽時確認環境已整理並完成防護措施,40,38,37,1,0,0,0,0.9737,2,低
2024-10,台中,B,B級,中危害,收工回簽,一般安全規定,是否遵守工安規定,40,40,39,1,0,0,0,0.975,2,低
2024-10,台中,B,B級,中危害,收工回簽,現場紀錄,是否拍照,40,37,36,1,0,0,0,0.973,2,低
2024-10,台中,C,C級,低危害,廠區,基本資料,工廠、日期、時間,28,25,25,0,0,0,0,1.0,0,低
2024-10,台中,C,C級,低危害,許可證,許可資訊,工程作業分級、申請時間、核准工作時間、工作許可證編號,28,27,26,1,0,0,0,0.963,2,低
2024-10,台中,C,C級,低危害,施工地點,場地關係人,施工部門、轄區部門、監造部門,28,24,23,1,0,0,0,0.9583,2,低
2024-10,台中,C,C級,低危害,包商,承攬商與人員資格,承攬商、工作人數、車輛車號、工地負責人、安衛人員、特殊作業主管,28,25,24,1,0,0,0,0.96,2,低
2024-10,台中,C,C級,低危害,危害等級,作業等級,施工地點、工程案號、工作內容、許可工作項目、作業分級,28,27,26,1,0,0,0,0.963,2,低
2024-10,台中,C,C級,低危害,危害等級,管線設備危害物,可燃性氣體、易燃液體、有害性氣體、化學藥劑、酸鹼、熱水蒸氣、空氣、其他,28,28,27,1,0,0,0,0.9643,2,低
2024-10,台中,C,C級,低危害,檢點與危害告知,簽發前安全檢點,是否安全檢點,28,25,24,1,0,0,0,0.96,2,低
2024-10,台中,C,C級,低危害,檢點與危害告知,危害告知,是否危害告知,28,28,27,1,0,0,0,0.9643,2,低
2024-10,台中,C,C級,低危害,危害排除與隔離,環境危害排除,是否設備管線危害物排除,28,24,23,1,0,0,0,0.9583,2,低
2024-10,台中,C,C級,低危害,危害排除與隔離,隔離管制,設備管線是否加盲加鎖掛牌,28,25,24,1,0,0,0,0.96,2,低
2024-10,台中,C,C級,低危害,環境測定,氣體偵測數值,可燃性氣體%、氧氣%、一氧化碳PPM、硫化氫PPM,28,24,23,1,0,0,0,0.9583,2,低
2024-10,台中,C,C級,低危害,環境測定,測定基準,可燃性氣體 < 20%LEL；氧氣>= 18%；一氧化碳<50 PPM；硫化氫<10 PPM,28,23,22,1,0,0,0,0.9565,2,低
2024-10,台中,C,C級,低危害,環境測定,測定頻率,上、下午施工前測定；A級或高風險作業需重複或連續測定；每小時/每兩小時紀錄表,28,27,26,1,0,0,0,0.963,2,低
2024-10,台中,C,C級,低危害,防火防爆,消防設備,是否有消防設備,28,28,27,1,0,0,0,0.9643,2,低
2024-10,台中,C,C級,低危害,防火防爆,防爆安全工具,是否使用防爆電氣設備及安全工具,28,24,23,1,0,0,0,0.9583,2,低
2024-10,台中,C,C級,低危害,高處作業,防墜措施,設標準施工架、安全網、安全母索、安全帶,28,26,25,1,0,0,0,0.9615,2,低
2024-10,台中,C,C級,低危害,安全保護,個人防護具,是否有防護口罩、防毒面具、SCBA、防護手套、安全眼鏡、耳塞,28,27,26,1,0,0,0,0.963,2,低
2024-10,台中,C,C級,低危害,警戒巡查,警戒標示,是否有警戒標示,28,25,24,1,0,0,0,0.96,2,低
2024-10,台中,C,C級,低危害,警戒巡查,巡查會簽,是否轄區、監造、安衛人員或工地負責人巡查會簽,28,24,23,1,0,0,0,0.9583,2,低
2024-10,台中,C,C級,低危害,收工回簽,回簽收工確認,是否回簽時確認環境已整理並完成防護措施,28,27,26,1,0,0,0,0.963,2,低
2024-10,台中,C,C級,低危害,收工回簽,一般安全規定,是否遵守工安規定,28,27,26,1,0,0,0,0.963,2,低
2024-10,台中,C,C級,低危害,收工回簽,現場紀錄,是否拍照,28,26,25,1,0,0,0,0.9615,2,低
2024-11,台中,A,A級,高危害,廠區,基本資料,工廠、日期、時間,21,18,18,0,0,0,0,1.0,0,低
2024-11,台中,A,A級,高危害,許可證,許可資訊,工程作業分級、申請時間、核准工作時間、工作許可證編號,21,19,18,1,0,0,0,0.9474,2,低
2024-11,台中,A,A級,高危害,施工地點,場地關係人,施工部門、轄區部門、監造部門,21,20,19,1,0,0,0,0.95,2,低
2024-11,台中,A,A級,高危害,包商,承攬商與人員資格,承攬商、工作人數、車輛車號、工地負責人、安衛人員、特殊作業主管,21,19,18,1,0,0,0,0.9474,2,低
2024-11,台中,A,A級,高危害,危害等級,作業等級,施工地點、工程案號、工作內容、許可工作項目、作業分級,21,18,17,1,0,0,0,0.9444,2,低
2024-11,台中,A,A級,高危害,危害等級,管線設備危害物,可燃性氣體、易燃液體、有害性氣體、化學藥劑、酸鹼、熱水蒸氣、空氣、其他,21,20,19,1,0,0,0,0.95,2,低
2024-11,台中,A,A級,高危害,檢點與危害告知,簽發前安全檢點,是否安全檢點,21,21,20,1,0,0,0,0.9524,2,低
2024-11,台中,A,A級,高危害,檢點與危害告知,危害告知,是否危害告知,21,20,19,1,0,0,0,0.95,2,低
2024-11,台中,A,A級,高危害,危害排除與隔離,環境危害排除,是否設備管線危害物排除,21,20,19,1,0,0,0,0.95,2,低
2024-11,台中,A,A級,高危害,危害排除與隔離,隔離管制,設備管線是否加盲加鎖掛牌,21,20,19,1,0,0,0,0.95,2,低
2024-11,台中,A,A級,高危害,環境測定,氣體偵測數值,可燃性氣體%、氧氣%、一氧化碳PPM、硫化氫PPM,21,18,17,1,0,0,0,0.9444,2,低
2024-11,台中,A,A級,高危害,環境測定,測定基準,可燃性氣體 < 20%LEL；氧氣>= 18%；一氧化碳<50 PPM；硫化氫<10 PPM,21,19,18,1,0,0,0,0.9474,2,低
2024-11,台中,A,A級,高危害,環境測定,測定頻率,上、下午施工前測定；A級或高風險作業需重複或連續測定；每小時/每兩小時紀錄表,21,20,19,1,0,0,0,0.95,2,低
2024-11,台中,A,A級,高危害,防火防爆,消防設備,是否有消防設備,21,18,17,1,0,0,0,0.9444,2,低
2024-11,台中,A,A級,高危害,防火防爆,防爆安全工具,是否使用防爆電氣設備及安全工具,21,20,19,1,0,0,0,0.95,2,低
2024-11,台中,A,A級,高危害,高處作業,防墜措施,設標準施工架、安全網、安全母索、安全帶,21,20,19,1,0,0,0,0.95,2,低
2024-11,台中,A,A級,高危害,安全保護,個人防護具,是否有防護口罩、防毒面具、SCBA、防護手套、安全眼鏡、耳塞,21,21,20,1,0,0,0,0.9524,2,低
2024-11,台中,A,A級,高危害,警戒巡查,警戒標示,是否有警戒標示,21,20,19,1,0,0,0,0.95,2,低
2024-11,台中,A,A級,高危害,警戒巡查,巡查會簽,是否轄區、監造、安衛人員或工地負責人巡查會簽,21,21,20,1,0,0,0,0.9524,2,低
2024-11,台中,A,A級,高危害,收工回簽,回簽收工確認,是否回簽時確認環境已整理並完成防護措施,21,17,17,0,0,0,0,1.0,0,低
2024-11,台中,A,A級,高危害,收工回簽,一般安全規定,是否遵守工安規定,21,18,18,0,0,0,0,1.0,0,低
2024-11,台中,A,A級,高危害,收工回簽,現場紀錄,是否拍照,21,19,18,1,0,0,0,0.9474,2,低
2024-11,台中,B,B級,中危害,廠區,基本資料,工廠、日期、時間,36,35,34,1,0,0,0,0.9714,2,低
2024-11,台中,B,B級,中危害,許可證,許可資訊,工程作業分級、申請時間、核准工作時間、工作許可證編號,36,36,35,1,0,0,0,0.9722,2,低
2024-11,台中,B,B級,中危害,施工地點,場地關係人,施工部門、轄區部門、監造部門,36,31,30,1,0,0,0,0.9677,2,低
2024-11,台中,B,B級,中危害,包商,承攬商與人員資格,承攬商、工作人數、車輛車號、工地負責人、安衛人員、特殊作業主管,36,33,32,1,0,0,0,0.9697,2,低
2024-11,台中,B,B級,中危害,危害等級,作業等級,施工地點、工程案號、工作內容、許可工作項目、作業分級,36,30,29,1,0,0,0,0.9667,2,低
2024-11,台中,B,B級,中危害,危害等級,管線設備危害物,可燃性氣體、易燃液體、有害性氣體、化學藥劑、酸鹼、熱水蒸氣、空氣、其他,36,35,34,1,0,1,0,0.9714,5,低
2024-11,台中,B,B級,中危害,檢點與危害告知,簽發前安全檢點,是否安全檢點,36,32,31,1,0,0,0,0.9688,2,低
2024-11,台中,B,B級,中危害,檢點與危害告知,危害告知,是否危害告知,36,33,32,1,0,0,0,0.9697,2,低
2024-11,台中,B,B級,中危害,危害排除與隔離,環境危害排除,是否設備管線危害物排除,36,32,31,1,0,0,0,0.9688,2,低
2024-11,台中,B,B級,中危害,危害排除與隔離,隔離管制,設備管線是否加盲加鎖掛牌,36,30,29,1,0,0,0,0.9667,2,低
2024-11,台中,B,B級,中危害,環境測定,氣體偵測數值,可燃性氣體%、氧氣%、一氧化碳PPM、硫化氫PPM,36,33,32,1,0,0,0,0.9697,2,低
2024-11,台中,B,B級,中危害,環境測定,測定基準,可燃性氣體 < 20%LEL；氧氣>= 18%；一氧化碳<50 PPM；硫化氫<10 PPM,36,34,33,1,0,0,0,0.9706,2,低
2024-11,台中,B,B級,中危害,環境測定,測定頻率,上、下午施工前測定；A級或高風險作業需重複或連續測定；每小時/每兩小時紀錄表,36,35,34,1,0,0,0,0.9714,2,低
2024-11,台中,B,B級,中危害,防火防爆,消防設備,是否有消防設備,36,34,32,2,1,1,0,0.9412,16,中
2024-11,台中,B,B級,中危害,防火防爆,防爆安全工具,是否使用防爆電氣設備及安全工具,36,34,33,1,0,0,0,0.9706,2,低
2024-11,台中,B,B級,中危害,高處作業,防墜措施,設標準施工架、安全網、安全母索、安全帶,36,35,34,1,0,0,0,0.9714,2,低
2024-11,台中,B,B級,中危害,安全保護,個人防護具,是否有防護口罩、防毒面具、SCBA、防護手套、安全眼鏡、耳塞,36,32,31,1,0,0,0,0.9688,2,低
2024-11,台中,B,B級,中危害,警戒巡查,警戒標示,是否有警戒標示,36,33,32,1,0,0,0,0.9697,2,低
2024-11,台中,B,B級,中危害,警戒巡查,巡查會簽,是否轄區、監造、安衛人員或工地負責人巡查會簽,36,30,29,1,0,0,0,0.9667,2,低
2024-11,台中,B,B級,中危害,收工回簽,回簽收工確認,是否回簽時確認環境已整理並完成防護措施,36,30,29,1,0,0,0,0.9667,2,低
2024-11,台中,B,B級,中危害,收工回簽,一般安全規定,是否遵守工安規定,36,35,34,1,0,0,0,0.9714,2,低
2024-11,台中,B,B級,中危害,收工回簽,現場紀錄,是否拍照,36,34,33,1,0,0,0,0.9706,2,低
2024-11,台中,C,C級,低危害,廠區,基本資料,工廠、日期、時間,30,27,27,0,0,0,0,1.0,0,低
2024-11,台中,C,C級,低危害,許可證,許可資訊,工程作業分級、申請時間、核准工作時間、工作許可證編號,30,29,28,1,0,0,0,0.9655,2,低
2024-11,台中,C,C級,低危害,施工地點,場地關係人,施工部門、轄區部門、監造部門,30,28,28,0,0,0,0,1.0,0,低
2024-11,台中,C,C級,低危害,包商,承攬商與人員資格,承攬商、工作人數、車輛車號、工地負責人、安衛人員、特殊作業主管,30,26,25,1,0,0,0,0.9615,2,低
2024-11,台中,C,C級,低危害,危害等級,作業等級,施工地點、工程案號、工作內容、許可工作項目、作業分級,30,26,25,1,0,0,0,0.9615,2,低
2024-11,台中,C,C級,低危害,危害等級,管線設備危害物,可燃性氣體、易燃液體、有害性氣體、化學藥劑、酸鹼、熱水蒸氣、空氣、其他,30,28,27,1,0,0,0,0.9643,2,低
2024-11,台中,C,C級,低危害,檢點與危害告知,簽發前安全檢點,是否安全檢點,30,28,27,1,0,0,0,0.9643,2,低
2024-11,台中,C,C級,低危害,檢點與危害告知,危害告知,是否危害告知,30,26,25,1,0,0,0,0.9615,2,低
2024-11,台中,C,C級,低危害,危害排除與隔離,環境危害排除,是否設備管線危害物排除,30,29,28,1,0,0,0,0.9655,2,低
2024-11,台中,C,C級,低危害,危害排除與隔離,隔離管制,設備管線是否加盲加鎖掛牌,30,28,27,1,0,0,0,0.9643,2,低
2024-11,台中,C,C級,低危害,環境測定,氣體偵測數值,可燃性氣體%、氧氣%、一氧化碳PPM、硫化氫PPM,30,28,27,1,0,0,0,0.9643,2,低
2024-11,台中,C,C級,低危害,環境測定,測定基準,可燃性氣體 < 20%LEL；氧氣>= 18%；一氧化碳<50 PPM；硫化氫<10 PPM,30,27,26,1,0,0,0,0.963,2,低
2024-11,台中,C,C級,低危害,環境測定,測定頻率,上、下午施工前測定；A級或高風險作業需重複或連續測定；每小時/每兩小時紀錄表,30,27,26,1,0,0,0,0.963,2,低
2024-11,台中,C,C級,低危害,防火防爆,消防設備,是否有消防設備,30,29,28,1,0,0,0,0.9655,2,低
2024-11,台中,C,C級,低危害,防火防爆,防爆安全工具,是否使用防爆電氣設備及安全工具,30,27,26,1,0,0,0,0.963,2,低
2024-11,台中,C,C級,低危害,高處作業,防墜措施,設標準施工架、安全網、安全母索、安全帶,30,25,24,1,0,0,0,0.96,2,低
2024-11,台中,C,C級,低危害,安全保護,個人防護具,是否有防護口罩、防毒面具、SCBA、防護手套、安全眼鏡、耳塞,30,25,25,0,0,0,0,1.0,0,低
2024-11,台中,C,C級,低危害,警戒巡查,警戒標示,是否有警戒標示,30,28,27,1,0,0,0,0.9643,2,低
2024-11,台中,C,C級,低危害,警戒巡查,巡查會簽,是否轄區、監造、安衛人員或工地負責人巡查會簽,30,27,26,1,0,0,0,0.963,2,低
2024-11,台中,C,C級,低危害,收工回簽,回簽收工確認,是否回簽時確認環境已整理並完成防護措施,30,29,28,1,0,0,0,0.9655,2,低
2024-11,台中,C,C級,低危害,收工回簽,一般安全規定,是否遵守工安規定,30,28,27,1,0,0,0,0.9643,2,低
2024-11,台中,C,C級,低危害,收工回簽,現場紀錄,是否拍照,30,30,29,1,0,0,0,0.9667,2,低
2024-12,台中,A,A級,高危害,廠區,基本資料,工廠、日期、時間,20,18,18,0,0,0,0,1.0,0,低
2024-12,台中,A,A級,高危害,許可證,許可資訊,工程作業分級、申請時間、核准工作時間、工作許可證編號,20,16,16,0,0,0,0,1.0,0,低
2024-12,台中,A,A級,高危害,施工地點,場地關係人,施工部門、轄區部門、監造部門,20,17,17,0,0,0,0,1.0,0,低
2024-12,台中,A,A級,高危害,包商,承攬商與人員資格,承攬商、工作人數、車輛車號、工地負責人、安衛人員、特殊作業主管,20,19,18,1,0,0,0,0.9474,2,低
2024-12,台中,A,A級,高危害,危害等級,作業等級,施工地點、工程案號、工作內容、許可工作項目、作業分級,20,18,17,1,0,0,0,0.9444,2,低
2024-12,台中,A,A級,高危害,危害等級,管線設備危害物,可燃性氣體、易燃液體、有害性氣體、化學藥劑、酸鹼、熱水蒸氣、空氣、其他,20,19,18,1,0,0,0,0.9474,2,低
2024-12,台中,A,A級,高危害,檢點與危害告知,簽發前安全檢點,是否安全檢點,20,19,18,1,0,0,0,0.9474,2,低
2024-12,台中,A,A級,高危害,檢點與危害告知,危害告知,是否危害告知,20,20,19,1,0,0,0,0.95,2,低
2024-12,台中,A,A級,高危害,危害排除與隔離,環境危害排除,是否設備管線危害物排除,20,17,16,1,0,0,0,0.9412,2,低
2024-12,台中,A,A級,高危害,危害排除與隔離,隔離管制,設備管線是否加盲加鎖掛牌,20,17,16,1,0,0,0,0.9412,2,低
2024-12,台中,A,A級,高危害,環境測定,氣體偵測數值,可燃性氣體%、氧氣%、一氧化碳PPM、硫化氫PPM,20,18,17,1,0,0,0,0.9444,2,低
2024-12,台中,A,A級,高危害,環境測定,測定基準,可燃性氣體 < 20%LEL；氧氣>= 18%；一氧化碳<50 PPM；硫化氫<10 PPM,20,20,19,1,0,0,0,0.95,2,低
2024-12,台中,A,A級,高危害,環境測定,測定頻率,上、下午施工前測定；A級或高風險作業需重複或連續測定；每小時/每兩小時紀錄表,20,19,18,1,0,1,0,0.9474,5,低
2024-12,台中,A,A級,高危害,防火防爆,消防設備,是否有消防設備,20,18,17,1,0,0,0,0.9444,2,低
2024-12,台中,A,A級,高危害,防火防爆,防爆安全工具,是否使用防爆電氣設備及安全工具,20,17,16,1,0,0,0,0.9412,2,低
2024-12,台中,A,A級,高危害,高處作業,防墜措施,設標準施工架、安全網、安全母索、安全帶,20,17,16,1,0,0,0,0.9412,2,低
2024-12,台中,A,A級,高危害,安全保護,個人防護具,是否有防護口罩、防毒面具、SCBA、防護手套、安全眼鏡、耳塞,20,19,18,1,0,0,0,0.9474,2,低
2024-12,台中,A,A級,高危害,警戒巡查,警戒標示,是否有警戒標示,20,18,17,1,0,0,0,0.9444,2,低
2024-12,台中,A,A級,高危害,警戒巡查,巡查會簽,是否轄區、監造、安衛人員或工地負責人巡查會簽,20,20,19,1,0,0,0,0.95,2,低
2024-12,台中,A,A級,高危害,收工回簽,回簽收工確認,是否回簽時確認環境已整理並完成防護措施,20,19,19,0,0,0,0,1.0,0,低
2024-12,台中,A,A級,高危害,收工回簽,一般安全規定,是否遵守工安規定,20,17,17,0,0,0,0,1.0,0,低
2024-12,台中,A,A級,高危害,收工回簽,現場紀錄,是否拍照,20,20,19,1,0,0,0,0.95,2,低
2024-12,台中,B,B級,中危害,廠區,基本資料,工廠、日期、時間,42,40,39,1,0,0,0,0.975,2,低
2024-12,台中,B,B級,中危害,許可證,許可資訊,工程作業分級、申請時間、核准工作時間、工作許可證編號,42,36,35,1,0,0,0,0.9722,2,低
2024-12,台中,B,B級,中危害,施工地點,場地關係人,施工部門、轄區部門、監造部門,42,35,34,1,0,0,0,0.9714,2,低
2024-12,台中,B,B級,中危害,包商,承攬商與人員資格,承攬商、工作人數、車輛車號、工地負責人、安衛人員、特殊作業主管,42,36,35,1,0,0,0,0.9722,2,低
2024-12,台中,B,B級,中危害,危害等級,作業等級,施工地點、工程案號、工作內容、許可工作項目、作業分級,42,41,40,1,0,0,0,0.9756,2,低
2024-12,台中,B,B級,中危害,危害等級,管線設備危害物,可燃性氣體、易燃液體、有害性氣體、化學藥劑、酸鹼、熱水蒸氣、空氣、其他,42,37,36,1,0,1,0,0.973,5,低
2024-12,台中,B,B級,中危害,檢點與危害告知,簽發前安全檢點,是否安全檢點,42,35,34,1,0,0,0,0.9714,2,低
2024-12,台中,B,B級,中危害,檢點與危害告知,危害告知,是否危害告知,42,40,39,1,0,0,0,0.975,2,低
2024-12,台中,B,B級,中危害,危害排除與隔離,環境危害排除,是否設備管線危害物排除,42,40,38,2,1,1,0,0.95,16,中
2024-12,台中,B,B級,中危害,危害排除與隔離,隔離管制,設備管線是否加盲加鎖掛牌,42,40,39,1,0,0,0,0.975,2,低
2024-12,台中,B,B級,中危害,環境測定,氣體偵測數值,可燃性氣體%、氧氣%、一氧化碳PPM、硫化氫PPM,42,36,34,2,1,1,0,0.9444,16,中
2024-12,台中,B,B級,中危害,環境測定,測定基準,可燃性氣體 < 20%LEL；氧氣>= 18%；一氧化碳<50 PPM；硫化氫<10 PPM,42,35,33,2,1,1,0,0.9429,16,中
2024-12,台中,B,B級,中危害,環境測定,測定頻率,上、下午施工前測定；A級或高風險作業需重複或連續測定；每小時/每兩小時紀錄表,42,42,40,2,1,1,0,0.9524,16,中
2024-12,台中,B,B級,中危害,防火防爆,消防設備,是否有消防設備,42,37,35,2,1,1,0,0.9459,16,中
2024-12,台中,B,B級,中危害,防火防爆,防爆安全工具,是否使用防爆電氣設備及安全工具,42,37,36,1,0,0,0,0.973,2,低
2024-12,台中,B,B級,中危害,高處作業,防墜措施,設標準施工架、安全網、安全母索、安全帶,42,38,37,1,0,0,0,0.9737,2,低
2024-12,台中,B,B級,中危害,安全保護,個人防護具,是否有防護口罩、防毒面具、SCBA、防護手套、安全眼鏡、耳塞,42,39,38,1,0,0,0,0.9744,2,低
2024-12,台中,B,B級,中危害,警戒巡查,警戒標示,是否有警戒標示,42,39,38,1,0,1,0,0.9744,5,低
2024-12,台中,B,B級,中危害,警戒巡查,巡查會簽,是否轄區、監造、安衛人員或工地負責人巡查會簽,42,40,39,1,0,0,0,0.975,2,低
2024-12,台中,B,B級,中危害,收工回簽,回簽收工確認,是否回簽時確認環境已整理並完成防護措施,42,36,35,1,0,0,0,0.9722,2,低
2024-12,台中,B,B級,中危害,收工回簽,一般安全規定,是否遵守工安規定,42,36,35,1,0,0,0,0.9722,2,低
2024-12,台中,B,B級,中危害,收工回簽,現場紀錄,是否拍照,42,38,37,1,0,0,0,0.9737,2,低
2024-12,台中,C,C級,低危害,廠區,基本資料,工廠、日期、時間,29,27,27,0,0,0,0,1.0,0,低
2024-12,台中,C,C級,低危害,許可證,許可資訊,工程作業分級、申請時間、核准工作時間、工作許可證編號,29,28,27,1,0,0,0,0.9643,2,低
2024-12,台中,C,C級,低危害,施工地點,場地關係人,施工部門、轄區部門、監造部門,29,25,25,0,0,0,0,1.0,0,低
2024-12,台中,C,C級,低危害,包商,承攬商與人員資格,承攬商、工作人數、車輛車號、工地負責人、安衛人員、特殊作業主管,29,27,26,1,0,0,0,0.963,2,低
2024-12,台中,C,C級,低危害,危害等級,作業等級,施工地點、工程案號、工作內容、許可工作項目、作業分級,29,29,28,1,0,0,0,0.9655,2,低
2024-12,台中,C,C級,低危害,危害等級,管線設備危害物,可燃性氣體、易燃液體、有害性氣體、化學藥劑、酸鹼、熱水蒸氣、空氣、其他,29,27,26,1,0,0,0,0.963,2,低
2024-12,台中,C,C級,低危害,檢點與危害告知,簽發前安全檢點,是否安全檢點,29,25,24,1,0,1,0,0.96,5,低
2024-12,台中,C,C級,低危害,檢點與危害告知,危害告知,是否危害告知,29,26,25,1,0,0,0,0.9615,2,低
2024-12,台中,C,C級,低危害,危害排除與隔離,環境危害排除,是否設備管線危害物排除,29,28,27,1,0,0,0,0.9643,2,低
2024-12,台中,C,C級,低危害,危害排除與隔離,隔離管制,設備管線是否加盲加鎖掛牌,29,29,28,1,0,0,0,0.9655,2,低
2024-12,台中,C,C級,低危害,環境測定,氣體偵測數值,可燃性氣體%、氧氣%、一氧化碳PPM、硫化氫PPM,29,26,25,1,0,0,0,0.9615,2,低
2024-12,台中,C,C級,低危害,環境測定,測定基準,可燃性氣體 < 20%LEL；氧氣>= 18%；一氧化碳<50 PPM；硫化氫<10 PPM,29,25,24,1,0,0,0,0.96,2,低
2024-12,台中,C,C級,低危害,環境測定,測定頻率,上、下午施工前測定；A級或高風險作業需重複或連續測定；每小時/每兩小時紀錄表,29,25,24,1,0,0,0,0.96,2,低
2024-12,台中,C,C級,低危害,防火防爆,消防設備,是否有消防設備,29,29,28,1,0,0,0,0.9655,2,低
2024-12,台中,C,C級,低危害,防火防爆,防爆安全工具,是否使用防爆電氣設備及安全工具,29,27,26,1,0,0,0,0.963,2,低
2024-12,台中,C,C級,低危害,高處作業,防墜措施,設標準施工架、安全網、安全母索、安全帶,29,28,27,1,0,0,0,0.9643,2,低
2024-12,台中,C,C級,低危害,安全保護,個人防護具,是否有防護口罩、防毒面具、SCBA、防護手套、安全眼鏡、耳塞,29,28,27,1,0,0,0,0.9643,2,低
2024-12,台中,C,C級,低危害,警戒巡查,警戒標示,是否有警戒標示,29,27,26,1,0,0,0,0.963,2,低
2024-12,台中,C,C級,低危害,警戒巡查,巡查會簽,是否轄區、監造、安衛人員或工地負責人巡查會簽,29,26,25,1,0,0,0,0.9615,2,低
2024-12,台中,C,C級,低危害,收工回簽,回簽收工確認,是否回簽時確認環境已整理並完成防護措施,29,26,25,1,0,0,0,0.9615,2,低
2024-12,台中,C,C級,低危害,收工回簽,一般安全規定,是否遵守工安規定,29,29,28,1,0,0,0,0.9655,2,低
2024-12,台中,C,C級,低危害,收工回簽,現場紀錄,是否拍照,29,26,26,0,0,0,0,1.0,0,低
2025-01,台中,A,A級,高危害,廠區,基本資料,工廠、日期、時間,24,22,21,1,0,0,0,0.9545,2,低
2025-01,台中,A,A級,高危害,許可證,許可資訊,工程作業分級、申請時間、核准工作時間、工作許可證編號,24,23,22,1,0,0,0,0.9565,2,低
2025-01,台中,A,A級,高危害,施工地點,場地關係人,施工部門、轄區部門、監造部門,24,23,22,1,0,0,0,0.9565,2,低
2025-01,台中,A,A級,高危害,包商,承攬商與人員資格,承攬商、工作人數、車輛車號、工地負責人、安衛人員、特殊作業主管,24,23,22,1,0,0,0,0.9565,2,低
2025-01,台中,A,A級,高危害,危害等級,作業等級,施工地點、工程案號、工作內容、許可工作項目、作業分級,24,22,21,1,0,0,0,0.9545,2,低
2025-01,台中,A,A級,高危害,危害等級,管線設備危害物,可燃性氣體、易燃液體、有害性氣體、化學藥劑、酸鹼、熱水蒸氣、空氣、其他,24,22,21,1,0,0,0,0.9545,2,低
2025-01,台中,A,A級,高危害,檢點與危害告知,簽發前安全檢點,是否安全檢點,24,24,23,1,0,0,0,0.9583,2,低
2025-01,台中,A,A級,高危害,檢點與危害告知,危害告知,是否危害告知,24,21,20,1,0,0,0,0.9524,2,低
2025-01,台中,A,A級,高危害,危害排除與隔離,環境危害排除,是否設備管線危害物排除,24,20,19,1,0,0,0,0.95,2,低
2025-01,台中,A,A級,高危害,危害排除與隔離,隔離管制,設備管線是否加盲加鎖掛牌,24,20,19,1,0,1,0,0.95,5,低
2025-01,台中,A,A級,高危害,環境測定,氣體偵測數值,可燃性氣體%、氧氣%、一氧化碳PPM、硫化氫PPM,24,23,22,1,0,0,0,0.9565,2,低
2025-01,台中,A,A級,高危害,環境測定,測定基準,可燃性氣體 < 20%LEL；氧氣>= 18%；一氧化碳<50 PPM；硫化氫<10 PPM,24,21,20,1,0,0,0,0.9524,2,低
2025-01,台中,A,A級,高危害,環境測定,測定頻率,上、下午施工前測定；A級或高風險作業需重複或連續測定；每小時/每兩小時紀錄表,24,21,20,1,0,0,0,0.9524,2,低
2025-01,台中,A,A級,高危害,防火防爆,消防設備,是否有消防設備,24,23,21,2,1,1,0,0.913,16,中
2025-01,台中,A,A級,高危害,防火防爆,防爆安全工具,是否使用防爆電氣設備及安全工具,24,22,20,2,1,1,0,0.9091,16,中
2025-01,台中,A,A級,高危害,高處作業,防墜措施,設標準施工架、安全網、安全母索、安全帶,24,21,20,1,0,0,0,0.9524,2,低
2025-01,台中,A,A級,高危害,安全保護,個人防護具,是否有防護口罩、防毒面具、SCBA、防護手套、安全眼鏡、耳塞,24,22,21,1,0,0,0,0.9545,2,低
2025-01,台中,A,A級,高危害,警戒巡查,警戒標示,是否有警戒標示,24,23,22,1,0,0,0,0.9565,2,低
2025-01,台中,A,A級,高危害,警戒巡查,巡查會簽,是否轄區、監造、安衛人員或工地負責人巡查會簽,24,20,19,1,0,0,0,0.95,2,低
2025-01,台中,A,A級,高危害,收工回簽,回簽收工確認,是否回簽時確認環境已整理並完成防護措施,24,23,22,1,0,0,0,0.9565,2,低
2025-01,台中,A,A級,高危害,收工回簽,一般安全規定,是否遵守工安規定,24,23,22,1,0,0,0,0.9565,2,低
2025-01,台中,A,A級,高危害,收工回簽,現場紀錄,是否拍照,24,24,23,1,0,0,0,0.9583,2,低
2025-01,台中,B,B級,中危害,廠區,基本資料,工廠、日期、時間,48,43,42,1,0,0,0,0.9767,2,低
2025-01,台中,B,B級,中危害,許可證,許可資訊,工程作業分級、申請時間、核准工作時間、工作許可證編號,48,41,40,1,0,0,0,0.9756,2,低
2025-01,台中,B,B級,中危害,施工地點,場地關係人,施工部門、轄區部門、監造部門,48,47,46,1,0,0,0,0.9787,2,低
2025-01,台中,B,B級,中危害,包商,承攬商與人員資格,承攬商、工作人數、車輛車號、工地負責人、安衛人員、特殊作業主管,48,44,43,1,0,0,0,0.9773,2,低
2025-01,台中,B,B級,中危害,危害等級,作業等級,施工地點、工程案號、工作內容、許可工作項目、作業分級,48,48,47,1,0,0,0,0.9792,2,低
2025-01,台中,B,B級,中危害,危害等級,管線設備危害物,可燃性氣體、易燃液體、有害性氣體、化學藥劑、酸鹼、熱水蒸氣、空氣、其他,48,41,40,1,0,0,0,0.9756,2,低
2025-01,台中,B,B級,中危害,檢點與危害告知,簽發前安全檢點,是否安全檢點,48,42,41,1,0,0,0,0.9762,2,低
2025-01,台中,B,B級,中危害,檢點與危害告知,危害告知,是否危害告知,48,46,45,1,0,0,0,0.9783,2,低
2025-01,台中,B,B級,中危害,危害排除與隔離,環境危害排除,是否設備管線危害物排除,48,42,40,2,1,0,0,0.9524,13,低
2025-01,台中,B,B級,中危害,危害排除與隔離,隔離管制,設備管線是否加盲加鎖掛牌,48,46,44,2,1,1,0,0.9565,16,中
2025-01,台中,B,B級,中危害,環境測定,氣體偵測數值,可燃性氣體%、氧氣%、一氧化碳PPM、硫化氫PPM,48,43,42,1,0,0,0,0.9767,2,低
2025-01,台中,B,B級,中危害,環境測定,測定基準,可燃性氣體 < 20%LEL；氧氣>= 18%；一氧化碳<50 PPM；硫化氫<10 PPM,48,47,45,2,1,0,0,0.9574,13,低
2025-01,台中,B,B級,中危害,環境測定,測定頻率,上、下午施工前測定；A級或高風險作業需重複或連續測定；每小時/每兩小時紀錄表,48,43,41,2,1,1,0,0.9535,16,中
2025-01,台中,B,B級,中危害,防火防爆,消防設備,是否有消防設備,48,47,45,2,1,1,0,0.9574,16,中
2025-01,台中,B,B級,中危害,防火防爆,防爆安全工具,是否使用防爆電氣設備及安全工具,48,47,45,2,1,1,0,0.9574,16,中
2025-01,台中,B,B級,中危害,高處作業,防墜措施,設標準施工架、安全網、安全母索、安全帶,48,40,39,1,0,0,0,0.975,2,低
2025-01,台中,B,B級,中危害,安全保護,個人防護具,是否有防護口罩、防毒面具、SCBA、防護手套、安全眼鏡、耳塞,48,40,39,1,0,0,0,0.975,2,低
2025-01,台中,B,B級,中危害,警戒巡查,警戒標示,是否有警戒標示,48,45,44,1,0,0,0,0.9778,2,低
2025-01,台中,B,B級,中危害,警戒巡查,巡查會簽,是否轄區、監造、安衛人員或工地負責人巡查會簽,48,45,44,1,0,0,0,0.9778,2,低
2025-01,台中,B,B級,中危害,收工回簽,回簽收工確認,是否回簽時確認環境已整理並完成防護措施,48,46,45,1,0,0,0,0.9783,2,低
2025-01,台中,B,B級,中危害,收工回簽,一般安全規定,是否遵守工安規定,48,44,43,1,0,0,0,0.9773,2,低
2025-01,台中,B,B級,中危害,收工回簽,現場紀錄,是否拍照,48,43,42,1,0,0,0,0.9767,2,低
2025-01,台中,C,C級,低危害,廠區,基本資料,工廠、日期、時間,31,28,28,0,0,0,0,1.0,0,低
2025-01,台中,C,C級,低危害,許可證,許可資訊,工程作業分級、申請時間、核准工作時間、工作許可證編號,31,26,25,1,0,0,0,0.9615,2,低
2025-01,台中,C,C級,低危害,施工地點,場地關係人,施工部門、轄區部門、監造部門,31,28,28,0,0,0,0,1.0,0,低
2025-01,台中,C,C級,低危害,包商,承攬商與人員資格,承攬商、工作人數、車輛車號、工地負責人、安衛人員、特殊作業主管,31,30,29,1,0,0,0,0.9667,2,低
2025-01,台中,C,C級,低危害,危害等級,作業等級,施工地點、工程案號、工作內容、許可工作項目、作業分級,31,27,26,1,0,0,0,0.963,2,低
2025-01,台中,C,C級,低危害,危害等級,管線設備危害物,可燃性氣體、易燃液體、有害性氣體、化學藥劑、酸鹼、熱水蒸氣、空氣、其他,31,26,25,1,0,0,0,0.9615,2,低
2025-01,台中,C,C級,低危害,檢點與危害告知,簽發前安全檢點,是否安全檢點,31,29,28,1,0,0,0,0.9655,2,低
2025-01,台中,C,C級,低危害,檢點與危害告知,危害告知,是否危害告知,31,27,27,0,0,0,0,1.0,0,低
2025-01,台中,C,C級,低危害,危害排除與隔離,環境危害排除,是否設備管線危害物排除,31,30,29,1,0,0,0,0.9667,2,低
2025-01,台中,C,C級,低危害,危害排除與隔離,隔離管制,設備管線是否加盲加鎖掛牌,31,31,30,1,0,0,0,0.9677,2,低
2025-01,台中,C,C級,低危害,環境測定,氣體偵測數值,可燃性氣體%、氧氣%、一氧化碳PPM、硫化氫PPM,31,31,30,1,0,0,0,0.9677,2,低
2025-01,台中,C,C級,低危害,環境測定,測定基準,可燃性氣體 < 20%LEL；氧氣>= 18%；一氧化碳<50 PPM；硫化氫<10 PPM,31,30,29,1,0,0,0,0.9667,2,低
2025-01,台中,C,C級,低危害,環境測定,測定頻率,上、下午施工前測定；A級或高風險作業需重複或連續測定；每小時/每兩小時紀錄表,31,30,29,1,0,0,0,0.9667,2,低
2025-01,台中,C,C級,低危害,防火防爆,消防設備,是否有消防設備,31,25,24,1,0,0,0,0.96,2,低
2025-01,台中,C,C級,低危害,防火防爆,防爆安全工具,是否使用防爆電氣設備及安全工具,31,30,29,1,0,0,0,0.9667,2,低
2025-01,台中,C,C級,低危害,高處作業,防墜措施,設標準施工架、安全網、安全母索、安全帶,31,29,28,1,0,0,0,0.9655,2,低
2025-01,台中,C,C級,低危害,安全保護,個人防護具,是否有防護口罩、防毒面具、SCBA、防護手套、安全眼鏡、耳塞,31,30,29,1,0,0,0,0.9667,2,低
2025-01,台中,C,C級,低危害,警戒巡查,警戒標示,是否有警戒標示,31,25,25,0,0,0,0,1.0,0,低
2025-01,台中,C,C級,低危害,警戒巡查,巡查會簽,是否轄區、監造、安衛人員或工地負責人巡查會簽,31,29,28,1,0,0,0,0.9655,2,低
2025-01,台中,C,C級,低危害,收工回簽,回簽收工確認,是否回簽時確認環境已整理並完成防護措施,31,31,30,1,0,0,0,0.9677,2,低
2025-01,台中,C,C級,低危害,收工回簽,一般安全規定,是否遵守工安規定,31,27,26,1,0,0,0,0.963,2,低
2025-01,台中,C,C級,低危害,收工回簽,現場紀錄,是否拍照,31,28,27,1,0,0,0,0.9643,2,低
2025-02,台中,A,A級,高危害,廠區,基本資料,工廠、日期、時間,23,22,22,0,0,0,0,1.0,0,低
2025-02,台中,A,A級,高危害,許可證,許可資訊,工程作業分級、申請時間、核准工作時間、工作許可證編號,23,21,20,1,0,0,0,0.9524,2,低
2025-02,台中,A,A級,高危害,施工地點,場地關係人,施工部門、轄區部門、監造部門,23,22,21,1,0,0,0,0.9545,2,低
2025-02,台中,A,A級,高危害,包商,承攬商與人員資格,承攬商、工作人數、車輛車號、工地負責人、安衛人員、特殊作業主管,23,19,18,1,0,0,0,0.9474,2,低
2025-02,台中,A,A級,高危害,危害等級,作業等級,施工地點、工程案號、工作內容、許可工作項目、作業分級,23,21,20,1,0,0,0,0.9524,2,低
2025-02,台中,A,A級,高危害,危害等級,管線設備危害物,可燃性氣體、易燃液體、有害性氣體、化學藥劑、酸鹼、熱水蒸氣、空氣、其他,23,23,22,1,0,0,0,0.9565,2,低
2025-02,台中,A,A級,高危害,檢點與危害告知,簽發前安全檢點,是否安全檢點,23,20,19,1,0,0,0,0.95,2,低
2025-02,台中,A,A級,高危害,檢點與危害告知,危害告知,是否危害告知,23,21,20,1,0,0,0,0.9524,2,低
2025-02,台中,A,A級,高危害,危害排除與隔離,環境危害排除,是否設備管線危害物排除,23,20,19,1,0,0,0,0.95,2,低
2025-02,台中,A,A級,高危害,危害排除與隔離,隔離管制,設備管線是否加盲加鎖掛牌,23,19,18,1,0,0,0,0.9474,2,低
2025-02,台中,A,A級,高危害,環境測定,氣體偵測數值,可燃性氣體%、氧氣%、一氧化碳PPM、硫化氫PPM,23,20,19,1,0,0,0,0.95,2,低
2025-02,台中,A,A級,高危害,環境測定,測定基準,可燃性氣體 < 20%LEL；氧氣>= 18%；一氧化碳<50 PPM；硫化氫<10 PPM,23,21,20,1,0,0,0,0.9524,2,低
2025-02,台中,A,A級,高危害,環境測定,測定頻率,上、下午施工前測定；A級或高風險作業需重複或連續測定；每小時/每兩小時紀錄表,23,21,20,1,0,0,0,0.9524,2,低
2025-02,台中,A,A級,高危害,防火防爆,消防設備,是否有消防設備,23,19,18,1,0,0,0,0.9474,2,低
2025-02,台中,A,A級,高危害,防火防爆,防爆安全工具,是否使用防爆電氣設備及安全工具,23,20,19,1,0,0,0,0.95,2,低
2025-02,台中,A,A級,高危害,高處作業,防墜措施,設標準施工架、安全網、安全母索、安全帶,23,19,18,1,0,0,0,0.9474,2,低
2025-02,台中,A,A級,高危害,安全保護,個人防護具,是否有防護口罩、防毒面具、SCBA、防護手套、安全眼鏡、耳塞,23,20,19,1,0,0,0,0.95,2,低
2025-02,台中,A,A級,高危害,警戒巡查,警戒標示,是否有警戒標示,23,19,18,1,0,0,0,0.9474,2,低
2025-02,台中,A,A級,高危害,警戒巡查,巡查會簽,是否轄區、監造、安衛人員或工地負責人巡查會簽,23,20,19,1,0,0,0,0.95,2,低
2025-02,台中,A,A級,高危害,收工回簽,回簽收工確認,是否回簽時確認環境已整理並完成防護措施,23,20,19,1,0,0,0,0.95,2,低
2025-02,台中,A,A級,高危害,收工回簽,一般安全規定,是否遵守工安規定,23,22,21,1,0,0,0,0.9545,2,低
2025-02,台中,A,A級,高危害,收工回簽,現場紀錄,是否拍照,23,20,19,1,0,0,0,0.95,2,低
2025-02,台中,B,B級,中危害,廠區,基本資料,工廠、日期、時間,45,45,44,1,0,0,0,0.9778,2,低
2025-02,台中,B,B級,中危害,許可證,許可資訊,工程作業分級、申請時間、核准工作時間、工作許可證編號,45,44,43,1,0,0,0,0.9773,2,低
2025-02,台中,B,B級,中危害,施工地點,場地關係人,施工部門、轄區部門、監造部門,45,43,42,1,0,0,0,0.9767,2,低
2025-02,台中,B,B級,中危害,包商,承攬商與人員資格,承攬商、工作人數、車輛車號、工地負責人、安衛人員、特殊作業主管,45,44,43,1,0,0,0,0.9773,2,低
2025-02,台中,B,B級,中危害,危害等級,作業等級,施工地點、工程案號、工作內容、許可工作項目、作業分級,45,40,39,1,0,0,0,0.975,2,低
2025-02,台中,B,B級,中危害,危害等級,管線設備危害物,可燃性氣體、易燃液體、有害性氣體、化學藥劑、酸鹼、熱水蒸氣、空氣、其他,45,37,36,1,0,0,0,0.973,2,低
2025-02,台中,B,B級,中危害,檢點與危害告知,簽發前安全檢點,是否安全檢點,45,43,42,1,0,0,0,0.9767,2,低
2025-02,台中,B,B級,中危害,檢點與危害告知,危害告知,是否危害告知,45,41,40,1,0,0,0,0.9756,2,低
2025-02,台中,B,B級,中危害,危害排除與隔離,環境危害排除,是否設備管線危害物排除,45,44,42,2,1,1,0,0.9545,16,中
2025-02,台中,B,B級,中危害,危害排除與隔離,隔離管制,設備管線是否加盲加鎖掛牌,45,42,41,1,0,0,0,0.9762,2,低
2025-02,台中,B,B級,中危害,環境測定,氣體偵測數值,可燃性氣體%、氧氣%、一氧化碳PPM、硫化氫PPM,45,44,42,2,1,1,0,0.9545,16,中
2025-02,台中,B,B級,中危害,環境測定,測定基準,可燃性氣體 < 20%LEL；氧氣>= 18%；一氧化碳<50 PPM；硫化氫<10 PPM,45,43,41,2,1,1,0,0.9535,16,中
2025-02,台中,B,B級,中危害,環境測定,測定頻率,上、下午施工前測定；A級或高風險作業需重複或連續測定；每小時/每兩小時紀錄表,45,39,38,1,0,0,0,0.9744,2,低
2025-02,台中,B,B級,中危害,防火防爆,消防設備,是否有消防設備,45,43,41,2,1,1,0,0.9535,16,中
2025-02,台中,B,B級,中危害,防火防爆,防爆安全工具,是否使用防爆電氣設備及安全工具,45,41,39,2,1,0,0,0.9512,13,低
2025-02,台中,B,B級,中危害,高處作業,防墜措施,設標準施工架、安全網、安全母索、安全帶,45,43,42,1,0,0,0,0.9767,2,低
2025-02,台中,B,B級,中危害,安全保護,個人防護具,是否有防護口罩、防毒面具、SCBA、防護手套、安全眼鏡、耳塞,45,40,39,1,0,0,0,0.975,2,低
2025-02,台中,B,B級,中危害,警戒巡查,警戒標示,是否有警戒標示,45,44,43,1,0,0,0,0.9773,2,低
2025-02,台中,B,B級,中危害,警戒巡查,巡查會簽,是否轄區、監造、安衛人員或工地負責人巡查會簽,45,41,40,1,0,0,0,0.9756,2,低
2025-02,台中,B,B級,中危害,收工回簽,回簽收工確認,是否回簽時確認環境已整理並完成防護措施,45,37,36,1,0,1,0,0.973,5,低
2025-02,台中,B,B級,中危害,收工回簽,一般安全規定,是否遵守工安規定,45,43,42,1,0,0,0,0.9767,2,低
2025-02,台中,B,B級,中危害,收工回簽,現場紀錄,是否拍照,45,37,36,1,0,0,0,0.973,2,低
2025-02,台中,C,C級,低危害,廠區,基本資料,工廠、日期、時間,37,36,35,1,0,0,0,0.9722,2,低
2025-02,台中,C,C級,低危害,許可證,許可資訊,工程作業分級、申請時間、核准工作時間、工作許可證編號,37,34,33,1,0,0,0,0.9706,2,低
2025-02,台中,C,C級,低危害,施工地點,場地關係人,施工部門、轄區部門、監造部門,37,35,34,1,0,0,0,0.9714,2,低
2025-02,台中,C,C級,低危害,包商,承攬商與人員資格,承攬商、工作人數、車輛車號、工地負責人、安衛人員、特殊作業主管,37,36,35,1,0,0,0,0.9722,2,低
2025-02,台中,C,C級,低危害,危害等級,作業等級,施工地點、工程案號、工作內容、許可工作項目、作業分級,37,36,35,1,0,0,0,0.9722,2,低
2025-02,台中,C,C級,低危害,危害等級,管線設備危害物,可燃性氣體、易燃液體、有害性氣體、化學藥劑、酸鹼、熱水蒸氣、空氣、其他,37,31,30,1,0,0,0,0.9677,2,低
2025-02,台中,C,C級,低危害,檢點與危害告知,簽發前安全檢點,是否安全檢點,37,36,35,1,0,0,0,0.9722,2,低
2025-02,台中,C,C級,低危害,檢點與危害告知,危害告知,是否危害告知,37,36,35,1,0,0,0,0.9722,2,低
2025-02,台中,C,C級,低危害,危害排除與隔離,環境危害排除,是否設備管線危害物排除,37,32,31,1,0,0,0,0.9688,2,低
2025-02,台中,C,C級,低危害,危害排除與隔離,隔離管制,設備管線是否加盲加鎖掛牌,37,33,32,1,0,0,0,0.9697,2,低
2025-02,台中,C,C級,低危害,環境測定,氣體偵測數值,可燃性氣體%、氧氣%、一氧化碳PPM、硫化氫PPM,37,34,33,1,0,0,0,0.9706,2,低
2025-02,台中,C,C級,低危害,環境測定,測定基準,可燃性氣體 < 20%LEL；氧氣>= 18%；一氧化碳<50 PPM；硫化氫<10 PPM,37,32,31,1,0,0,0,0.9688,2,低
2025-02,台中,C,C級,低危害,環境測定,測定頻率,上、下午施工前測定；A級或高風險作業需重複或連續測定；每小時/每兩小時紀錄表,37,35,34,1,0,0,0,0.9714,2,低
2025-02,台中,C,C級,低危害,防火防爆,消防設備,是否有消防設備,37,34,33,1,0,0,0,0.9706,2,低
2025-02,台中,C,C級,低危害,防火防爆,防爆安全工具,是否使用防爆電氣設備及安全工具,37,34,33,1,0,0,0,0.9706,2,低
2025-02,台中,C,C級,低危害,高處作業,防墜措施,設標準施工架、安全網、安全母索、安全帶,37,33,32,1,0,0,0,0.9697,2,低
2025-02,台中,C,C級,低危害,安全保護,個人防護具,是否有防護口罩、防毒面具、SCBA、防護手套、安全眼鏡、耳塞,37,32,31,1,0,0,0,0.9688,2,低
2025-02,台中,C,C級,低危害,警戒巡查,警戒標示,是否有警戒標示,37,33,32,1,0,0,0,0.9697,2,低
2025-02,台中,C,C級,低危害,警戒巡查,巡查會簽,是否轄區、監造、安衛人員或工地負責人巡查會簽,37,35,34,1,0,0,0,0.9714,2,低
2025-02,台中,C,C級,低危害,收工回簽,回簽收工確認,是否回簽時確認環境已整理並完成防護措施,37,34,33,1,0,0,0,0.9706,2,低
2025-02,台中,C,C級,低危害,收工回簽,一般安全規定,是否遵守工安規定,37,32,31,1,0,0,0,0.9688,2,低
2025-02,台中,C,C級,低危害,收工回簽,現場紀錄,是否拍照,37,35,34,1,0,0,0,0.9714,2,低
2025-03,台中,A,A級,高危害,廠區,基本資料,工廠、日期、時間,19,17,17,0,0,0,0,1.0,0,低
2025-03,台中,A,A級,高危害,許可證,許可資訊,工程作業分級、申請時間、核准工作時間、工作許可證編號,19,17,16,1,0,0,0,0.9412,2,低
2025-03,台中,A,A級,高危害,施工地點,場地關係人,施工部門、轄區部門、監造部門,19,16,16,0,0,0,0,1.0,0,低
2025-03,台中,A,A級,高危害,包商,承攬商與人員資格,承攬商、工作人數、車輛車號、工地負責人、安衛人員、特殊作業主管,19,17,16,1,0,0,0,0.9412,2,低
2025-03,台中,A,A級,高危害,危害等級,作業等級,施工地點、工程案號、工作內容、許可工作項目、作業分級,19,18,17,1,0,0,0,0.9444,2,低
2025-03,台中,A,A級,高危害,危害等級,管線設備危害物,可燃性氣體、易燃液體、有害性氣體、化學藥劑、酸鹼、熱水蒸氣、空氣、其他,19,18,17,1,0,0,0,0.9444,2,低
2025-03,台中,A,A級,高危害,檢點與危害告知,簽發前安全檢點,是否安全檢點,19,17,17,0,0,0,0,1.0,0,低
2025-03,台中,A,A級,高危害,檢點與危害告知,危害告知,是否危害告知,19,18,17,1,0,0,0,0.9444,2,低
2025-03,台中,A,A級,高危害,危害排除與隔離,環境危害排除,是否設備管線危害物排除,19,17,16,1,0,0,0,0.9412,2,低
2025-03,台中,A,A級,高危害,危害排除與隔離,隔離管制,設備管線是否加盲加鎖掛牌,19,17,16,1,0,0,0,0.9412,2,低
2025-03,台中,A,A級,高危害,環境測定,氣體偵測數值,可燃性氣體%、氧氣%、一氧化碳PPM、硫化氫PPM,19,17,16,1,0,0,0,0.9412,2,低
2025-03,台中,A,A級,高危害,環境測定,測定基準,可燃性氣體 < 20%LEL；氧氣>= 18%；一氧化碳<50 PPM；硫化氫<10 PPM,19,18,17,1,0,0,0,0.9444,2,低
2025-03,台中,A,A級,高危害,環境測定,測定頻率,上、下午施工前測定；A級或高風險作業需重複或連續測定；每小時/每兩小時紀錄表,19,17,16,1,0,0,0,0.9412,2,低
2025-03,台中,A,A級,高危害,防火防爆,消防設備,是否有消防設備,19,16,15,1,0,0,0,0.9375,2,低
2025-03,台中,A,A級,高危害,防火防爆,防爆安全工具,是否使用防爆電氣設備及安全工具,19,16,15,1,0,0,0,0.9375,2,低
2025-03,台中,A,A級,高危害,高處作業,防墜措施,設標準施工架、安全網、安全母索、安全帶,19,19,18,1,0,0,0,0.9474,2,低
2025-03,台中,A,A級,高危害,安全保護,個人防護具,是否有防護口罩、防毒面具、SCBA、防護手套、安全眼鏡、耳塞,19,17,16,1,0,0,0,0.9412,2,低
2025-03,台中,A,A級,高危害,警戒巡查,警戒標示,是否有警戒標示,19,18,17,1,0,0,0,0.9444,2,低
2025-03,台中,A,A級,高危害,警戒巡查,巡查會簽,是否轄區、監造、安衛人員或工地負責人巡查會簽,19,17,17,0,0,0,0,1.0,0,低
2025-03,台中,A,A級,高危害,收工回簽,回簽收工確認,是否回簽時確認環境已整理並完成防護措施,19,19,18,1,0,0,0,0.9474,2,低
2025-03,台中,A,A級,高危害,收工回簽,一般安全規定,是否遵守工安規定,19,18,17,1,0,0,0,0.9444,2,低
2025-03,台中,A,A級,高危害,收工回簽,現場紀錄,是否拍照,19,16,15,1,0,0,0,0.9375,2,低
2025-03,台中,B,B級,中危害,廠區,基本資料,工廠、日期、時間,46,45,44,1,0,1,0,0.9778,5,低
2025-03,台中,B,B級,中危害,許可證,許可資訊,工程作業分級、申請時間、核准工作時間、工作許可證編號,46,38,37,1,0,0,0,0.9737,2,低
2025-03,台中,B,B級,中危害,施工地點,場地關係人,施工部門、轄區部門、監造部門,46,41,40,1,0,0,0,0.9756,2,低
2025-03,台中,B,B級,中危害,包商,承攬商與人員資格,承攬商、工作人數、車輛車號、工地負責人、安衛人員、特殊作業主管,46,40,39,1,0,0,0,0.975,2,低
2025-03,台中,B,B級,中危害,危害等級,作業等級,施工地點、工程案號、工作內容、許可工作項目、作業分級,46,38,37,1,0,0,0,0.9737,2,低
2025-03,台中,B,B級,中危害,危害等級,管線設備危害物,可燃性氣體、易燃液體、有害性氣體、化學藥劑、酸鹼、熱水蒸氣、空氣、其他,46,42,41,1,0,0,0,0.9762,2,低
2025-03,台中,B,B級,中危害,檢點與危害告知,簽發前安全檢點,是否安全檢點,46,46,45,1,0,0,0,0.9783,2,低
2025-03,台中,B,B級,中危害,檢點與危害告知,危害告知,是否危害告知,46,40,39,1,0,0,0,0.975,2,低
2025-03,台中,B,B級,中危害,危害排除與隔離,環境危害排除,是否設備管線危害物排除,46,44,42,2,1,1,0,0.9545,16,中
2025-03,台中,B,B級,中危害,危害排除與隔離,隔離管制,設備管線是否加盲加鎖掛牌,46,42,41,1,0,0,0,0.9762,2,低
2025-03,台中,B,B級,中危害,環境測定,氣體偵測數值,可燃性氣體%、氧氣%、一氧化碳PPM、硫化氫PPM,46,41,40,1,0,0,0,0.9756,2,低
2025-03,台中,B,B級,中危害,環境測定,測定基準,可燃性氣體 < 20%LEL；氧氣>= 18%；一氧化碳<50 PPM；硫化氫<10 PPM,46,43,42,1,0,0,0,0.9767,2,低
2025-03,台中,B,B級,中危害,環境測定,測定頻率,上、下午施工前測定；A級或高風險作業需重複或連續測定；每小時/每兩小時紀錄表,46,45,43,2,1,1,0,0.9556,16,中
2025-03,台中,B,B級,中危害,防火防爆,消防設備,是否有消防設備,46,40,38,2,1,1,0,0.95,16,中
2025-03,台中,B,B級,中危害,防火防爆,防爆安全工具,是否使用防爆電氣設備及安全工具,46,43,41,2,1,1,0,0.9535,16,中
2025-03,台中,B,B級,中危害,高處作業,防墜措施,設標準施工架、安全網、安全母索、安全帶,46,41,39,2,1,1,0,0.9512,16,中
2025-03,台中,B,B級,中危害,安全保護,個人防護具,是否有防護口罩、防毒面具、SCBA、防護手套、安全眼鏡、耳塞,46,40,39,1,0,1,0,0.975,5,低
2025-03,台中,B,B級,中危害,警戒巡查,警戒標示,是否有警戒標示,46,41,40,1,0,0,0,0.9756,2,低
2025-03,台中,B,B級,中危害,警戒巡查,巡查會簽,是否轄區、監造、安衛人員或工地負責人巡查會簽,46,39,38,1,0,0,0,0.9744,2,低
2025-03,台中,B,B級,中危害,收工回簽,回簽收工確認,是否回簽時確認環境已整理並完成防護措施,46,40,39,1,0,0,0,0.975,2,低
2025-03,台中,B,B級,中危害,收工回簽,一般安全規定,是否遵守工安規定,46,38,37,1,0,0,0,0.9737,2,低
2025-03,台中,B,B級,中危害,收工回簽,現場紀錄,是否拍照,46,44,43,1,0,0,0,0.9773,2,低
2025-03,台中,C,C級,低危害,廠區,基本資料,工廠、日期、時間,32,30,30,0,0,0,0,1.0,0,低
2025-03,台中,C,C級,低危害,許可證,許可資訊,工程作業分級、申請時間、核准工作時間、工作許可證編號,32,27,27,0,0,0,0,1.0,0,低
2025-03,台中,C,C級,低危害,施工地點,場地關係人,施工部門、轄區部門、監造部門,32,30,30,0,0,0,0,1.0,0,低
2025-03,台中,C,C級,低危害,包商,承攬商與人員資格,承攬商、工作人數、車輛車號、工地負責人、安衛人員、特殊作業主管,32,29,28,1,0,0,0,0.9655,2,低
2025-03,台中,C,C級,低危害,危害等級,作業等級,施工地點、工程案號、工作內容、許可工作項目、作業分級,32,28,27,1,0,0,0,0.9643,2,低
2025-03,台中,C,C級,低危害,危害等級,管線設備危害物,可燃性氣體、易燃液體、有害性氣體、化學藥劑、酸鹼、熱水蒸氣、空氣、其他,32,29,28,1,0,0,0,0.9655,2,低
2025-03,台中,C,C級,低危害,檢點與危害告知,簽發前安全檢點,是否安全檢點,32,28,27,1,0,0,0,0.9643,2,低
2025-03,台中,C,C級,低危害,檢點與危害告知,危害告知,是否危害告知,32,29,28,1,0,0,0,0.9655,2,低
2025-03,台中,C,C級,低危害,危害排除與隔離,環境危害排除,是否設備管線危害物排除,32,30,29,1,0,0,0,0.9667,2,低
2025-03,台中,C,C級,低危害,危害排除與隔離,隔離管制,設備管線是否加盲加鎖掛牌,32,30,29,1,0,0,0,0.9667,2,低
2025-03,台中,C,C級,低危害,環境測定,氣體偵測數值,可燃性氣體%、氧氣%、一氧化碳PPM、硫化氫PPM,32,26,25,1,0,0,0,0.9615,2,低
2025-03,台中,C,C級,低危害,環境測定,測定基準,可燃性氣體 < 20%LEL；氧氣>= 18%；一氧化碳<50 PPM；硫化氫<10 PPM,32,27,26,1,0,0,0,0.963,2,低
2025-03,台中,C,C級,低危害,環境測定,測定頻率,上、下午施工前測定；A級或高風險作業需重複或連續測定；每小時/每兩小時紀錄表,32,28,27,1,0,0,0,0.9643,2,低
2025-03,台中,C,C級,低危害,防火防爆,消防設備,是否有消防設備,32,27,26,1,0,0,0,0.963,2,低
2025-03,台中,C,C級,低危害,防火防爆,防爆安全工具,是否使用防爆電氣設備及安全工具,32,30,29,1,0,1,0,0.9667,5,低
2025-03,台中,C,C級,低危害,高處作業,防墜措施,設標準施工架、安全網、安全母索、安全帶,32,28,27,1,0,0,0,0.9643,2,低
2025-03,台中,C,C級,低危害,安全保護,個人防護具,是否有防護口罩、防毒面具、SCBA、防護手套、安全眼鏡、耳塞,32,29,28,1,0,0,0,0.9655,2,低
2025-03,台中,C,C級,低危害,警戒巡查,警戒標示,是否有警戒標示,32,28,27,1,0,0,0,0.9643,2,低
2025-03,台中,C,C級,低危害,警戒巡查,巡查會簽,是否轄區、監造、安衛人員或工地負責人巡查會簽,32,32,31,1,0,0,0,0.9688,2,低
2025-03,台中,C,C級,低危害,收工回簽,回簽收工確認,是否回簽時確認環境已整理並完成防護措施,32,29,28,1,0,0,0,0.9655,2,低
2025-03,台中,C,C級,低危害,收工回簽,一般安全規定,是否遵守工安規定,32,31,30,1,0,0,0,0.9677,2,低
2025-03,台中,C,C級,低危害,收工回簽,現場紀錄,是否拍照,32,30,29,1,0,0,0,0.9667,2,低
2025-04,台中,A,A級,高危害,廠區,基本資料,工廠、日期、時間,19,18,18,0,0,0,0,1.0,0,低
2025-04,台中,A,A級,高危害,許可證,許可資訊,工程作業分級、申請時間、核准工作時間、工作許可證編號,19,16,16,0,0,0,0,1.0,0,低
2025-04,台中,A,A級,高危害,施工地點,場地關係人,施工部門、轄區部門、監造部門,19,17,17,0,0,0,0,1.0,0,低
2025-04,台中,A,A級,高危害,包商,承攬商與人員資格,承攬商、工作人數、車輛車號、工地負責人、安衛人員、特殊作業主管,19,17,16,1,0,0,0,0.9412,2,低
2025-04,台中,A,A級,高危害,危害等級,作業等級,施工地點、工程案號、工作內容、許可工作項目、作業分級,19,19,18,1,0,0,0,0.9474,2,低
2025-04,台中,A,A級,高危害,危害等級,管線設備危害物,可燃性氣體、易燃液體、有害性氣體、化學藥劑、酸鹼、熱水蒸氣、空氣、其他,19,17,16,1,0,0,0,0.9412,2,低
2025-04,台中,A,A級,高危害,檢點與危害告知,簽發前安全檢點,是否安全檢點,19,18,17,1,0,0,0,0.9444,2,低
2025-04,台中,A,A級,高危害,檢點與危害告知,危害告知,是否危害告知,19,18,18,0,0,0,0,1.0,0,低
2025-04,台中,A,A級,高危害,危害排除與隔離,環境危害排除,是否設備管線危害物排除,19,17,16,1,0,0,0,0.9412,2,低
2025-04,台中,A,A級,高危害,危害排除與隔離,隔離管制,設備管線是否加盲加鎖掛牌,19,18,17,1,0,0,0,0.9444,2,低
2025-04,台中,A,A級,高危害,環境測定,氣體偵測數值,可燃性氣體%、氧氣%、一氧化碳PPM、硫化氫PPM,19,18,17,1,0,0,0,0.9444,2,低
2025-04,台中,A,A級,高危害,環境測定,測定基準,可燃性氣體 < 20%LEL；氧氣>= 18%；一氧化碳<50 PPM；硫化氫<10 PPM,19,17,16,1,0,0,0,0.9412,2,低
2025-04,台中,A,A級,高危害,環境測定,測定頻率,上、下午施工前測定；A級或高風險作業需重複或連續測定；每小時/每兩小時紀錄表,19,17,16,1,0,0,0,0.9412,2,低
2025-04,台中,A,A級,高危害,防火防爆,消防設備,是否有消防設備,19,18,17,1,0,0,0,0.9444,2,低
2025-04,台中,A,A級,高危害,防火防爆,防爆安全工具,是否使用防爆電氣設備及安全工具,19,16,15,1,0,0,0,0.9375,2,低
2025-04,台中,A,A級,高危害,高處作業,防墜措施,設標準施工架、安全網、安全母索、安全帶,19,16,15,1,0,0,0,0.9375,2,低
2025-04,台中,A,A級,高危害,安全保護,個人防護具,是否有防護口罩、防毒面具、SCBA、防護手套、安全眼鏡、耳塞,19,18,17,1,0,0,0,0.9444,2,低
2025-04,台中,A,A級,高危害,警戒巡查,警戒標示,是否有警戒標示,19,17,16,1,0,0,0,0.9412,2,低
2025-04,台中,A,A級,高危害,警戒巡查,巡查會簽,是否轄區、監造、安衛人員或工地負責人巡查會簽,19,17,16,1,0,0,0,0.9412,2,低
2025-04,台中,A,A級,高危害,收工回簽,回簽收工確認,是否回簽時確認環境已整理並完成防護措施,19,17,16,1,0,0,0,0.9412,2,低
2025-04,台中,A,A級,高危害,收工回簽,一般安全規定,是否遵守工安規定,19,16,15,1,0,0,0,0.9375,2,低
2025-04,台中,A,A級,高危害,收工回簽,現場紀錄,是否拍照,19,16,16,0,0,0,0,1.0,0,低
2025-04,台中,B,B級,中危害,廠區,基本資料,工廠、日期、時間,46,44,43,1,0,0,0,0.9773,2,低
2025-04,台中,B,B級,中危害,許可證,許可資訊,工程作業分級、申請時間、核准工作時間、工作許可證編號,46,43,42,1,0,0,0,0.9767,2,低
2025-04,台中,B,B級,中危害,施工地點,場地關係人,施工部門、轄區部門、監造部門,46,43,42,1,0,0,0,0.9767,2,低
2025-04,台中,B,B級,中危害,包商,承攬商與人員資格,承攬商、工作人數、車輛車號、工地負責人、安衛人員、特殊作業主管,46,46,45,1,0,0,0,0.9783,2,低
2025-04,台中,B,B級,中危害,危害等級,作業等級,施工地點、工程案號、工作內容、許可工作項目、作業分級,46,39,38,1,0,0,0,0.9744,2,低
2025-04,台中,B,B級,中危害,危害等級,管線設備危害物,可燃性氣體、易燃液體、有害性氣體、化學藥劑、酸鹼、熱水蒸氣、空氣、其他,46,44,43,1,0,0,0,0.9773,2,低
2025-04,台中,B,B級,中危害,檢點與危害告知,簽發前安全檢點,是否安全檢點,46,43,42,1,0,0,0,0.9767,2,低
2025-04,台中,B,B級,中危害,檢點與危害告知,危害告知,是否危害告知,46,42,41,1,0,0,0,0.9762,2,低
2025-04,台中,B,B級,中危害,危害排除與隔離,環境危害排除,是否設備管線危害物排除,46,40,38,2,1,0,0,0.95,13,低
2025-04,台中,B,B級,中危害,危害排除與隔離,隔離管制,設備管線是否加盲加鎖掛牌,46,39,38,1,0,0,0,0.9744,2,低
2025-04,台中,B,B級,中危害,環境測定,氣體偵測數值,可燃性氣體%、氧氣%、一氧化碳PPM、硫化氫PPM,46,44,43,1,0,1,0,0.9773,5,低
2025-04,台中,B,B級,中危害,環境測定,測定基準,可燃性氣體 < 20%LEL；氧氣>= 18%；一氧化碳<50 PPM；硫化氫<10 PPM,46,44,42,2,1,0,0,0.9545,13,低
2025-04,台中,B,B級,中危害,環境測定,測定頻率,上、下午施工前測定；A級或高風險作業需重複或連續測定；每小時/每兩小時紀錄表,46,42,41,1,0,0,0,0.9762,2,低
2025-04,台中,B,B級,中危害,防火防爆,消防設備,是否有消防設備,46,39,38,1,0,0,0,0.9744,2,低
2025-04,台中,B,B級,中危害,防火防爆,防爆安全工具,是否使用防爆電氣設備及安全工具,46,41,40,1,0,0,0,0.9756,2,低
2025-04,台中,B,B級,中危害,高處作業,防墜措施,設標準施工架、安全網、安全母索、安全帶,46,39,38,1,0,0,0,0.9744,2,低
2025-04,台中,B,B級,中危害,安全保護,個人防護具,是否有防護口罩、防毒面具、SCBA、防護手套、安全眼鏡、耳塞,46,41,40,1,0,0,0,0.9756,2,低
2025-04,台中,B,B級,中危害,警戒巡查,警戒標示,是否有警戒標示,46,43,42,1,0,0,0,0.9767,2,低
2025-04,台中,B,B級,中危害,警戒巡查,巡查會簽,是否轄區、監造、安衛人員或工地負責人巡查會簽,46,39,38,1,0,0,0,0.9744,2,低
2025-04,台中,B,B級,中危害,收工回簽,回簽收工確認,是否回簽時確認環境已整理並完成防護措施,46,45,44,1,0,0,0,0.9778,2,低
2025-04,台中,B,B級,中危害,收工回簽,一般安全規定,是否遵守工安規定,46,40,39,1,0,0,0,0.975,2,低
2025-04,台中,B,B級,中危害,收工回簽,現場紀錄,是否拍照,46,43,42,1,0,0,0,0.9767,2,低
2025-04,台中,C,C級,低危害,廠區,基本資料,工廠、日期、時間,38,34,33,1,0,0,0,0.9706,2,低
2025-04,台中,C,C級,低危害,許可證,許可資訊,工程作業分級、申請時間、核准工作時間、工作許可證編號,38,38,37,1,0,0,0,0.9737,2,低
2025-04,台中,C,C級,低危害,施工地點,場地關係人,施工部門、轄區部門、監造部門,38,36,35,1,0,0,0,0.9722,2,低
2025-04,台中,C,C級,低危害,包商,承攬商與人員資格,承攬商、工作人數、車輛車號、工地負責人、安衛人員、特殊作業主管,38,37,36,1,0,0,0,0.973,2,低
2025-04,台中,C,C級,低危害,危害等級,作業等級,施工地點、工程案號、工作內容、許可工作項目、作業分級,38,33,32,1,0,0,0,0.9697,2,低
2025-04,台中,C,C級,低危害,危害等級,管線設備危害物,可燃性氣體、易燃液體、有害性氣體、化學藥劑、酸鹼、熱水蒸氣、空氣、其他,38,34,33,1,0,0,0,0.9706,2,低
2025-04,台中,C,C級,低危害,檢點與危害告知,簽發前安全檢點,是否安全檢點,38,35,34,1,0,0,0,0.9714,2,低
2025-04,台中,C,C級,低危害,檢點與危害告知,危害告知,是否危害告知,38,37,36,1,0,0,0,0.973,2,低
2025-04,台中,C,C級,低危害,危害排除與隔離,環境危害排除,是否設備管線危害物排除,38,32,31,1,0,0,0,0.9688,2,低
2025-04,台中,C,C級,低危害,危害排除與隔離,隔離管制,設備管線是否加盲加鎖掛牌,38,33,32,1,0,0,0,0.9697,2,低
2025-04,台中,C,C級,低危害,環境測定,氣體偵測數值,可燃性氣體%、氧氣%、一氧化碳PPM、硫化氫PPM,38,32,31,1,0,0,0,0.9688,2,低
2025-04,台中,C,C級,低危害,環境測定,測定基準,可燃性氣體 < 20%LEL；氧氣>= 18%；一氧化碳<50 PPM；硫化氫<10 PPM,38,34,33,1,0,0,0,0.9706,2,低
2025-04,台中,C,C級,低危害,環境測定,測定頻率,上、下午施工前測定；A級或高風險作業需重複或連續測定；每小時/每兩小時紀錄表,38,36,35,1,0,0,0,0.9722,2,低
2025-04,台中,C,C級,低危害,防火防爆,消防設備,是否有消防設備,38,35,34,1,0,0,0,0.9714,2,低
2025-04,台中,C,C級,低危害,防火防爆,防爆安全工具,是否使用防爆電氣設備及安全工具,38,34,33,1,0,0,0,0.9706,2,低
2025-04,台中,C,C級,低危害,高處作業,防墜措施,設標準施工架、安全網、安全母索、安全帶,38,33,32,1,0,0,0,0.9697,2,低
2025-04,台中,C,C級,低危害,安全保護,個人防護具,是否有防護口罩、防毒面具、SCBA、防護手套、安全眼鏡、耳塞,38,36,35,1,0,0,0,0.9722,2,低
2025-04,台中,C,C級,低危害,警戒巡查,警戒標示,是否有警戒標示,38,34,33,1,0,0,0,0.9706,2,低
2025-04,台中,C,C級,低危害,警戒巡查,巡查會簽,是否轄區、監造、安衛人員或工地負責人巡查會簽,38,35,34,1,0,0,0,0.9714,2,低
2025-04,台中,C,C級,低危害,收工回簽,回簽收工確認,是否回簽時確認環境已整理並完成防護措施,38,32,31,1,0,0,0,0.9688,2,低
2025-04,台中,C,C級,低危害,收工回簽,一般安全規定,是否遵守工安規定,38,35,34,1,0,1,0,0.9714,5,低
2025-04,台中,C,C級,低危害,收工回簽,現場紀錄,是否拍照,38,31,30,1,0,0,0,0.9677,2,低
2025-05,台中,A,A級,高危害,廠區,基本資料,工廠、日期、時間,18,16,16,0,0,0,0,1.0,0,低
2025-05,台中,A,A級,高危害,許可證,許可資訊,工程作業分級、申請時間、核准工作時間、工作許可證編號,18,16,16,0,0,0,0,1.0,0,低
2025-05,台中,A,A級,高危害,施工地點,場地關係人,施工部門、轄區部門、監造部門,18,17,17,0,0,0,0,1.0,0,低
2025-05,台中,A,A級,高危害,包商,承攬商與人員資格,承攬商、工作人數、車輛車號、工地負責人、安衛人員、特殊作業主管,18,16,15,1,0,0,0,0.9375,2,低
2025-05,台中,A,A級,高危害,危害等級,作業等級,施工地點、工程案號、工作內容、許可工作項目、作業分級,18,17,16,1,0,0,0,0.9412,2,低
2025-05,台中,A,A級,高危害,危害等級,管線設備危害物,可燃性氣體、易燃液體、有害性氣體、化學藥劑、酸鹼、熱水蒸氣、空氣、其他,18,15,14,1,0,0,0,0.9333,2,低
2025-05,台中,A,A級,高危害,檢點與危害告知,簽發前安全檢點,是否安全檢點,18,16,15,1,0,1,0,0.9375,5,低
2025-05,台中,A,A級,高危害,檢點與危害告知,危害告知,是否危害告知,18,15,14,1,0,0,0,0.9333,2,低
2025-05,台中,A,A級,高危害,危害排除與隔離,環境危害排除,是否設備管線危害物排除,18,17,16,1,0,0,0,0.9412,2,低
2025-05,台中,A,A級,高危害,危害排除與隔離,隔離管制,設備管線是否加盲加鎖掛牌,18,15,14,1,0,0,0,0.9333,2,低
2025-05,台中,A,A級,高危害,環境測定,氣體偵測數值,可燃性氣體%、氧氣%、一氧化碳PPM、硫化氫PPM,18,18,17,1,0,0,0,0.9444,2,低
2025-05,台中,A,A級,高危害,環境測定,測定基準,可燃性氣體 < 20%LEL；氧氣>= 18%；一氧化碳<50 PPM；硫化氫<10 PPM,18,16,15,1,0,0,0,0.9375,2,低
2025-05,台中,A,A級,高危害,環境測定,測定頻率,上、下午施工前測定；A級或高風險作業需重複或連續測定；每小時/每兩小時紀錄表,18,16,15,1,0,0,0,0.9375,2,低
2025-05,台中,A,A級,高危害,防火防爆,消防設備,是否有消防設備,18,15,14,1,0,0,0,0.9333,2,低
2025-05,台中,A,A級,高危害,防火防爆,防爆安全工具,是否使用防爆電氣設備及安全工具,18,17,16,1,0,0,0,0.9412,2,低
2025-05,台中,A,A級,高危害,高處作業,防墜措施,設標準施工架、安全網、安全母索、安全帶,18,17,16,1,0,0,0,0.9412,2,低
2025-05,台中,A,A級,高危害,安全保護,個人防護具,是否有防護口罩、防毒面具、SCBA、防護手套、安全眼鏡、耳塞,18,17,16,1,0,0,0,0.9412,2,低
2025-05,台中,A,A級,高危害,警戒巡查,警戒標示,是否有警戒標示,18,17,16,1,0,0,0,0.9412,2,低
2025-05,台中,A,A級,高危害,警戒巡查,巡查會簽,是否轄區、監造、安衛人員或工地負責人巡查會簽,18,18,17,1,0,0,0,0.9444,2,低
2025-05,台中,A,A級,高危害,收工回簽,回簽收工確認,是否回簽時確認環境已整理並完成防護措施,18,16,15,1,0,0,0,0.9375,2,低
2025-05,台中,A,A級,高危害,收工回簽,一般安全規定,是否遵守工安規定,18,17,16,1,0,0,0,0.9412,2,低
2025-05,台中,A,A級,高危害,收工回簽,現場紀錄,是否拍照,18,16,16,0,0,0,0,1.0,0,低
2025-05,台中,B,B級,中危害,廠區,基本資料,工廠、日期、時間,46,44,43,1,0,0,0,0.9773,2,低
2025-05,台中,B,B級,中危害,許可證,許可資訊,工程作業分級、申請時間、核准工作時間、工作許可證編號,46,42,41,1,0,0,0,0.9762,2,低
2025-05,台中,B,B級,中危害,施工地點,場地關係人,施工部門、轄區部門、監造部門,46,38,37,1,0,1,0,0.9737,5,低
2025-05,台中,B,B級,中危害,包商,承攬商與人員資格,承攬商、工作人數、車輛車號、工地負責人、安衛人員、特殊作業主管,46,43,42,1,0,0,0,0.9767,2,低
2025-05,台中,B,B級,中危害,危害等級,作業等級,施工地點、工程案號、工作內容、許可工作項目、作業分級,46,43,42,1,0,0,0,0.9767,2,低
2025-05,台中,B,B級,中危害,危害等級,管線設備危害物,可燃性氣體、易燃液體、有害性氣體、化學藥劑、酸鹼、熱水蒸氣、空氣、其他,46,45,44,1,0,0,0,0.9778,2,低
2025-05,台中,B,B級,中危害,檢點與危害告知,簽發前安全檢點,是否安全檢點,46,43,42,1,0,1,0,0.9767,5,低
2025-05,台中,B,B級,中危害,檢點與危害告知,危害告知,是否危害告知,46,38,37,1,0,0,0,0.9737,2,低
2025-05,台中,B,B級,中危害,危害排除與隔離,環境危害排除,是否設備管線危害物排除,46,44,42,2,1,0,0,0.9545,13,低
2025-05,台中,B,B級,中危害,危害排除與隔離,隔離管制,設備管線是否加盲加鎖掛牌,46,38,36,2,1,1,0,0.9474,16,中
2025-05,台中,B,B級,中危害,環境測定,氣體偵測數值,可燃性氣體%、氧氣%、一氧化碳PPM、硫化氫PPM,46,45,43,2,1,1,0,0.9556,16,中
2025-05,台中,B,B級,中危害,環境測定,測定基準,可燃性氣體 < 20%LEL；氧氣>= 18%；一氧化碳<50 PPM；硫化氫<10 PPM,46,43,41,2,1,1,0,0.9535,16,中
2025-05,台中,B,B級,中危害,環境測定,測定頻率,上、下午施工前測定；A級或高風險作業需重複或連續測定；每小時/每兩小時紀錄表,46,41,39,2,1,1,0,0.9512,16,中
2025-05,台中,B,B級,中危害,防火防爆,消防設備,是否有消防設備,46,39,38,1,0,0,0,0.9744,2,低
2025-05,台中,B,B級,中危害,防火防爆,防爆安全工具,是否使用防爆電氣設備及安全工具,46,39,37,2,1,0,0,0.9487,13,低
2025-05,台中,B,B級,中危害,高處作業,防墜措施,設標準施工架、安全網、安全母索、安全帶,46,41,39,2,1,1,0,0.9512,16,中
2025-05,台中,B,B級,中危害,安全保護,個人防護具,是否有防護口罩、防毒面具、SCBA、防護手套、安全眼鏡、耳塞,46,43,42,1,0,0,0,0.9767,2,低
2025-05,台中,B,B級,中危害,警戒巡查,警戒標示,是否有警戒標示,46,40,39,1,0,0,0,0.975,2,低
2025-05,台中,B,B級,中危害,警戒巡查,巡查會簽,是否轄區、監造、安衛人員或工地負責人巡查會簽,46,38,37,1,0,0,0,0.9737,2,低
2025-05,台中,B,B級,中危害,收工回簽,回簽收工確認,是否回簽時確認環境已整理並完成防護措施,46,43,42,1,0,0,0,0.9767,2,低
2025-05,台中,B,B級,中危害,收工回簽,一般安全規定,是否遵守工安規定,46,45,44,1,0,0,0,0.9778,2,低
2025-05,台中,B,B級,中危害,收工回簽,現場紀錄,是否拍照,46,39,38,1,0,0,0,0.9744,2,低
2025-05,台中,C,C級,低危害,廠區,基本資料,工廠、日期、時間,34,28,28,0,0,0,0,1.0,0,低
2025-05,台中,C,C級,低危害,許可證,許可資訊,工程作業分級、申請時間、核准工作時間、工作許可證編號,34,32,31,1,0,0,0,0.9688,2,低
2025-05,台中,C,C級,低危害,施工地點,場地關係人,施工部門、轄區部門、監造部門,34,31,30,1,0,0,0,0.9677,2,低
2025-05,台中,C,C級,低危害,包商,承攬商與人員資格,承攬商、工作人數、車輛車號、工地負責人、安衛人員、特殊作業主管,34,32,31,1,0,0,0,0.9688,2,低
2025-05,台中,C,C級,低危害,危害等級,作業等級,施工地點、工程案號、工作內容、許可工作項目、作業分級,34,31,30,1,0,0,0,0.9677,2,低
2025-05,台中,C,C級,低危害,危害等級,管線設備危害物,可燃性氣體、易燃液體、有害性氣體、化學藥劑、酸鹼、熱水蒸氣、空氣、其他,34,30,29,1,0,0,0,0.9667,2,低
2025-05,台中,C,C級,低危害,檢點與危害告知,簽發前安全檢點,是否安全檢點,34,29,28,1,0,0,0,0.9655,2,低
2025-05,台中,C,C級,低危害,檢點與危害告知,危害告知,是否危害告知,34,34,33,1,0,0,0,0.9706,2,低
2025-05,台中,C,C級,低危害,危害排除與隔離,環境危害排除,是否設備管線危害物排除,34,28,27,1,0,0,0,0.9643,2,低
2025-05,台中,C,C級,低危害,危害排除與隔離,隔離管制,設備管線是否加盲加鎖掛牌,34,31,30,1,0,0,0,0.9677,2,低
2025-05,台中,C,C級,低危害,環境測定,氣體偵測數值,可燃性氣體%、氧氣%、一氧化碳PPM、硫化氫PPM,34,31,30,1,0,0,0,0.9677,2,低
2025-05,台中,C,C級,低危害,環境測定,測定基準,可燃性氣體 < 20%LEL；氧氣>= 18%；一氧化碳<50 PPM；硫化氫<10 PPM,34,34,33,1,0,0,0,0.9706,2,低
2025-05,台中,C,C級,低危害,環境測定,測定頻率,上、下午施工前測定；A級或高風險作業需重複或連續測定；每小時/每兩小時紀錄表,34,28,27,1,0,0,0,0.9643,2,低
2025-05,台中,C,C級,低危害,防火防爆,消防設備,是否有消防設備,34,32,31,1,0,0,0,0.9688,2,低
2025-05,台中,C,C級,低危害,防火防爆,防爆安全工具,是否使用防爆電氣設備及安全工具,34,30,29,1,0,0,0,0.9667,2,低
2025-05,台中,C,C級,低危害,高處作業,防墜措施,設標準施工架、安全網、安全母索、安全帶,34,30,29,1,0,0,0,0.9667,2,低
2025-05,台中,C,C級,低危害,安全保護,個人防護具,是否有防護口罩、防毒面具、SCBA、防護手套、安全眼鏡、耳塞,34,31,30,1,0,0,0,0.9677,2,低
2025-05,台中,C,C級,低危害,警戒巡查,警戒標示,是否有警戒標示,34,28,27,1,0,0,0,0.9643,2,低
2025-05,台中,C,C級,低危害,警戒巡查,巡查會簽,是否轄區、監造、安衛人員或工地負責人巡查會簽,34,30,29,1,0,0,0,0.9667,2,低
2025-05,台中,C,C級,低危害,收工回簽,回簽收工確認,是否回簽時確認環境已整理並完成防護措施,34,32,31,1,0,0,0,0.9688,2,低
2025-05,台中,C,C級,低危害,收工回簽,一般安全規定,是否遵守工安規定,34,29,28,1,0,0,0,0.9655,2,低
2025-05,台中,C,C級,低危害,收工回簽,現場紀錄,是否拍照,34,29,28,1,0,0,0,0.9655,2,低
2025-06,台中,A,A級,高危害,廠區,基本資料,工廠、日期、時間,24,21,20,1,0,0,0,0.9524,2,低
2025-06,台中,A,A級,高危害,許可證,許可資訊,工程作業分級、申請時間、核准工作時間、工作許可證編號,24,21,20,1,0,0,0,0.9524,2,低
2025-06,台中,A,A級,高危害,施工地點,場地關係人,施工部門、轄區部門、監造部門,24,22,21,1,0,0,0,0.9545,2,低
2025-06,台中,A,A級,高危害,包商,承攬商與人員資格,承攬商、工作人數、車輛車號、工地負責人、安衛人員、特殊作業主管,24,20,19,1,0,0,0,0.95,2,低
2025-06,台中,A,A級,高危害,危害等級,作業等級,施工地點、工程案號、工作內容、許可工作項目、作業分級,24,21,20,1,0,0,0,0.9524,2,低
2025-06,台中,A,A級,高危害,危害等級,管線設備危害物,可燃性氣體、易燃液體、有害性氣體、化學藥劑、酸鹼、熱水蒸氣、空氣、其他,24,22,21,1,0,0,0,0.9545,2,低
2025-06,台中,A,A級,高危害,檢點與危害告知,簽發前安全檢點,是否安全檢點,24,20,19,1,0,0,0,0.95,2,低
2025-06,台中,A,A級,高危害,檢點與危害告知,危害告知,是否危害告知,24,20,19,1,0,0,0,0.95,2,低
2025-06,台中,A,A級,高危害,危害排除與隔離,環境危害排除,是否設備管線危害物排除,24,22,21,1,0,0,0,0.9545,2,低
2025-06,台中,A,A級,高危害,危害排除與隔離,隔離管制,設備管線是否加盲加鎖掛牌,24,21,20,1,0,0,0,0.9524,2,低
2025-06,台中,A,A級,高危害,環境測定,氣體偵測數值,可燃性氣體%、氧氣%、一氧化碳PPM、硫化氫PPM,24,24,22,2,1,1,0,0.9167,16,中
2025-06,台中,A,A級,高危害,環境測定,測定基準,可燃性氣體 < 20%LEL；氧氣>= 18%；一氧化碳<50 PPM；硫化氫<10 PPM,24,23,22,1,0,0,0,0.9565,2,低
2025-06,台中,A,A級,高危害,環境測定,測定頻率,上、下午施工前測定；A級或高風險作業需重複或連續測定；每小時/每兩小時紀錄表,24,23,21,2,1,1,0,0.913,16,中
2025-06,台中,A,A級,高危害,防火防爆,消防設備,是否有消防設備,24,21,20,1,0,0,0,0.9524,2,低
2025-06,台中,A,A級,高危害,防火防爆,防爆安全工具,是否使用防爆電氣設備及安全工具,24,24,23,1,0,0,0,0.9583,2,低
2025-06,台中,A,A級,高危害,高處作業,防墜措施,設標準施工架、安全網、安全母索、安全帶,24,20,19,1,0,0,0,0.95,2,低
2025-06,台中,A,A級,高危害,安全保護,個人防護具,是否有防護口罩、防毒面具、SCBA、防護手套、安全眼鏡、耳塞,24,21,20,1,0,0,0,0.9524,2,低
2025-06,台中,A,A級,高危害,警戒巡查,警戒標示,是否有警戒標示,24,23,22,1,0,0,0,0.9565,2,低
2025-06,台中,A,A級,高危害,警戒巡查,巡查會簽,是否轄區、監造、安衛人員或工地負責人巡查會簽,24,22,21,1,0,0,0,0.9545,2,低
2025-06,台中,A,A級,高危害,收工回簽,回簽收工確認,是否回簽時確認環境已整理並完成防護措施,24,21,20,1,0,1,0,0.9524,5,低
2025-06,台中,A,A級,高危害,收工回簽,一般安全規定,是否遵守工安規定,24,23,22,1,0,0,0,0.9565,2,低
2025-06,台中,A,A級,高危害,收工回簽,現場紀錄,是否拍照,24,24,23,1,0,0,0,0.9583,2,低
2025-06,台中,B,B級,中危害,廠區,基本資料,工廠、日期、時間,46,41,40,1,0,0,0,0.9756,2,低
2025-06,台中,B,B級,中危害,許可證,許可資訊,工程作業分級、申請時間、核准工作時間、工作許可證編號,46,38,37,1,0,0,0,0.9737,2,低
2025-06,台中,B,B級,中危害,施工地點,場地關係人,施工部門、轄區部門、監造部門,46,41,40,1,0,0,0,0.9756,2,低
2025-06,台中,B,B級,中危害,包商,承攬商與人員資格,承攬商、工作人數、車輛車號、工地負責人、安衛人員、特殊作業主管,46,42,41,1,0,0,0,0.9762,2,低
2025-06,台中,B,B級,中危害,危害等級,作業等級,施工地點、工程案號、工作內容、許可工作項目、作業分級,46,44,43,1,0,0,0,0.9773,2,低
2025-06,台中,B,B級,中危害,危害等級,管線設備危害物,可燃性氣體、易燃液體、有害性氣體、化學藥劑、酸鹼、熱水蒸氣、空氣、其他,46,44,43,1,0,0,0,0.9773,2,低
2025-06,台中,B,B級,中危害,檢點與危害告知,簽發前安全檢點,是否安全檢點,46,43,42,1,0,0,0,0.9767,2,低
2025-06,台中,B,B級,中危害,檢點與危害告知,危害告知,是否危害告知,46,39,38,1,0,0,0,0.9744,2,低
2025-06,台中,B,B級,中危害,危害排除與隔離,環境危害排除,是否設備管線危害物排除,46,41,40,1,0,0,0,0.9756,2,低
2025-06,台中,B,B級,中危害,危害排除與隔離,隔離管制,設備管線是否加盲加鎖掛牌,46,38,37,1,0,0,0,0.9737,2,低
2025-06,台中,B,B級,中危害,環境測定,氣體偵測數值,可燃性氣體%、氧氣%、一氧化碳PPM、硫化氫PPM,46,43,42,1,0,0,0,0.9767,2,低
2025-06,台中,B,B級,中危害,環境測定,測定基準,可燃性氣體 < 20%LEL；氧氣>= 18%；一氧化碳<50 PPM；硫化氫<10 PPM,46,38,36,2,1,1,0,0.9474,16,中
2025-06,台中,B,B級,中危害,環境測定,測定頻率,上、下午施工前測定；A級或高風險作業需重複或連續測定；每小時/每兩小時紀錄表,46,45,43,2,1,1,0,0.9556,16,中
2025-06,台中,B,B級,中危害,防火防爆,消防設備,是否有消防設備,46,43,41,2,1,1,0,0.9535,16,中
2025-06,台中,B,B級,中危害,防火防爆,防爆安全工具,是否使用防爆電氣設備及安全工具,46,40,39,1,0,0,0,0.975,2,低
2025-06,台中,B,B級,中危害,高處作業,防墜措施,設標準施工架、安全網、安全母索、安全帶,46,40,39,1,0,0,0,0.975,2,低
2025-06,台中,B,B級,中危害,安全保護,個人防護具,是否有防護口罩、防毒面具、SCBA、防護手套、安全眼鏡、耳塞,46,39,38,1,0,0,0,0.9744,2,低
2025-06,台中,B,B級,中危害,警戒巡查,警戒標示,是否有警戒標示,46,43,42,1,0,0,0,0.9767,2,低
2025-06,台中,B,B級,中危害,警戒巡查,巡查會簽,是否轄區、監造、安衛人員或工地負責人巡查會簽,46,39,38,1,0,0,0,0.9744,2,低
2025-06,台中,B,B級,中危害,收工回簽,回簽收工確認,是否回簽時確認環境已整理並完成防護措施,46,40,39,1,0,0,0,0.975,2,低
2025-06,台中,B,B級,中危害,收工回簽,一般安全規定,是否遵守工安規定,46,38,37,1,0,0,0,0.9737,2,低
2025-06,台中,B,B級,中危害,收工回簽,現場紀錄,是否拍照,46,40,39,1,0,0,0,0.975,2,低
2025-06,台中,C,C級,低危害,廠區,基本資料,工廠、日期、時間,32,31,30,1,0,0,0,0.9677,2,低
2025-06,台中,C,C級,低危害,許可證,許可資訊,工程作業分級、申請時間、核准工作時間、工作許可證編號,32,31,30,1,0,0,0,0.9677,2,低
2025-06,台中,C,C級,低危害,施工地點,場地關係人,施工部門、轄區部門、監造部門,32,28,27,1,0,0,0,0.9643,2,低
2025-06,台中,C,C級,低危害,包商,承攬商與人員資格,承攬商、工作人數、車輛車號、工地負責人、安衛人員、特殊作業主管,32,29,28,1,0,0,0,0.9655,2,低
2025-06,台中,C,C級,低危害,危害等級,作業等級,施工地點、工程案號、工作內容、許可工作項目、作業分級,32,30,29,1,0,0,0,0.9667,2,低
2025-06,台中,C,C級,低危害,危害等級,管線設備危害物,可燃性氣體、易燃液體、有害性氣體、化學藥劑、酸鹼、熱水蒸氣、空氣、其他,32,27,26,1,0,0,0,0.963,2,低
2025-06,台中,C,C級,低危害,檢點與危害告知,簽發前安全檢點,是否安全檢點,32,31,30,1,0,0,0,0.9677,2,低
2025-06,台中,C,C級,低危害,檢點與危害告知,危害告知,是否危害告知,32,27,26,1,0,0,0,0.963,2,低
2025-06,台中,C,C級,低危害,危害排除與隔離,環境危害排除,是否設備管線危害物排除,32,30,29,1,0,0,0,0.9667,2,低
2025-06,台中,C,C級,低危害,危害排除與隔離,隔離管制,設備管線是否加盲加鎖掛牌,32,27,26,1,0,0,0,0.963,2,低
2025-06,台中,C,C級,低危害,環境測定,氣體偵測數值,可燃性氣體%、氧氣%、一氧化碳PPM、硫化氫PPM,32,31,30,1,0,0,0,0.9677,2,低
2025-06,台中,C,C級,低危害,環境測定,測定基準,可燃性氣體 < 20%LEL；氧氣>= 18%；一氧化碳<50 PPM；硫化氫<10 PPM,32,29,28,1,0,0,0,0.9655,2,低
2025-06,台中,C,C級,低危害,環境測定,測定頻率,上、下午施工前測定；A級或高風險作業需重複或連續測定；每小時/每兩小時紀錄表,32,30,29,1,0,0,0,0.9667,2,低
2025-06,台中,C,C級,低危害,防火防爆,消防設備,是否有消防設備,32,28,27,1,0,0,0,0.9643,2,低
2025-06,台中,C,C級,低危害,防火防爆,防爆安全工具,是否使用防爆電氣設備及安全工具,32,27,26,1,0,0,0,0.963,2,低
2025-06,台中,C,C級,低危害,高處作業,防墜措施,設標準施工架、安全網、安全母索、安全帶,32,29,28,1,0,0,0,0.9655,2,低
2025-06,台中,C,C級,低危害,安全保護,個人防護具,是否有防護口罩、防毒面具、SCBA、防護手套、安全眼鏡、耳塞,32,26,25,1,0,0,0,0.9615,2,低
2025-06,台中,C,C級,低危害,警戒巡查,警戒標示,是否有警戒標示,32,28,27,1,0,0,0,0.9643,2,低
2025-06,台中,C,C級,低危害,警戒巡查,巡查會簽,是否轄區、監造、安衛人員或工地負責人巡查會簽,32,28,27,1,0,0,0,0.9643,2,低
2025-06,台中,C,C級,低危害,收工回簽,回簽收工確認,是否回簽時確認環境已整理並完成防護措施,32,29,28,1,0,1,0,0.9655,5,低
2025-06,台中,C,C級,低危害,收工回簽,一般安全規定,是否遵守工安規定,32,32,31,1,0,0,0,0.9688,2,低
2025-06,台中,C,C級,低危害,收工回簽,現場紀錄,是否拍照,32,31,30,1,0,0,0,0.9677,2,低
2025-07,台中,A,A級,高危害,廠區,基本資料,工廠、日期、時間,21,18,18,0,0,0,0,1.0,0,低
2025-07,台中,A,A級,高危害,許可證,許可資訊,工程作業分級、申請時間、核准工作時間、工作許可證編號,21,19,19,0,0,0,0,1.0,0,低
2025-07,台中,A,A級,高危害,施工地點,場地關係人,施工部門、轄區部門、監造部門,21,17,17,0,0,0,0,1.0,0,低
2025-07,台中,A,A級,高危害,包商,承攬商與人員資格,承攬商、工作人數、車輛車號、工地負責人、安衛人員、特殊作業主管,21,18,17,1,0,0,0,0.9444,2,低
2025-07,台中,A,A級,高危害,危害等級,作業等級,施工地點、工程案號、工作內容、許可工作項目、作業分級,21,18,17,1,0,0,0,0.9444,2,低
2025-07,台中,A,A級,高危害,危害等級,管線設備危害物,可燃性氣體、易燃液體、有害性氣體、化學藥劑、酸鹼、熱水蒸氣、空氣、其他,21,19,18,1,0,1,0,0.9474,5,低
2025-07,台中,A,A級,高危害,檢點與危害告知,簽發前安全檢點,是否安全檢點,21,21,20,1,0,0,0,0.9524,2,低
2025-07,台中,A,A級,高危害,檢點與危害告知,危害告知,是否危害告知,21,20,19,1,0,0,0,0.95,2,低
2025-07,台中,A,A級,高危害,危害排除與隔離,環境危害排除,是否設備管線危害物排除,21,20,19,1,0,0,0,0.95,2,低
2025-07,台中,A,A級,高危害,危害排除與隔離,隔離管制,設備管線是否加盲加鎖掛牌,21,19,18,1,0,0,0,0.9474,2,低
2025-07,台中,A,A級,高危害,環境測定,氣體偵測數值,可燃性氣體%、氧氣%、一氧化碳PPM、硫化氫PPM,21,20,19,1,0,0,0,0.95,2,低
2025-07,台中,A,A級,高危害,環境測定,測定基準,可燃性氣體 < 20%LEL；氧氣>= 18%；一氧化碳<50 PPM；硫化氫<10 PPM,21,18,17,1,0,0,0,0.9444,2,低
2025-07,台中,A,A級,高危害,環境測定,測定頻率,上、下午施工前測定；A級或高風險作業需重複或連續測定；每小時/每兩小時紀錄表,21,18,17,1,0,0,0,0.9444,2,低
2025-07,台中,A,A級,高危害,防火防爆,消防設備,是否有消防設備,21,18,17,1,0,0,0,0.9444,2,低
2025-07,台中,A,A級,高危害,防火防爆,防爆安全工具,是否使用防爆電氣設備及安全工具,21,20,19,1,0,0,0,0.95,2,低
2025-07,台中,A,A級,高危害,高處作業,防墜措施,設標準施工架、安全網、安全母索、安全帶,21,18,17,1,0,0,0,0.9444,2,低
2025-07,台中,A,A級,高危害,安全保護,個人防護具,是否有防護口罩、防毒面具、SCBA、防護手套、安全眼鏡、耳塞,21,20,19,1,0,0,0,0.95,2,低
2025-07,台中,A,A級,高危害,警戒巡查,警戒標示,是否有警戒標示,21,20,19,1,0,1,0,0.95,5,低
2025-07,台中,A,A級,高危害,警戒巡查,巡查會簽,是否轄區、監造、安衛人員或工地負責人巡查會簽,21,19,18,1,0,0,0,0.9474,2,低
2025-07,台中,A,A級,高危害,收工回簽,回簽收工確認,是否回簽時確認環境已整理並完成防護措施,21,18,17,1,0,0,0,0.9444,2,低
2025-07,台中,A,A級,高危害,收工回簽,一般安全規定,是否遵守工安規定,21,21,20,1,0,0,0,0.9524,2,低
2025-07,台中,A,A級,高危害,收工回簽,現場紀錄,是否拍照,21,21,20,1,0,0,0,0.9524,2,低
2025-07,台中,B,B級,中危害,廠區,基本資料,工廠、日期、時間,41,38,37,1,0,0,0,0.9737,2,低
2025-07,台中,B,B級,中危害,許可證,許可資訊,工程作業分級、申請時間、核准工作時間、工作許可證編號,41,36,35,1,0,0,0,0.9722,2,低
2025-07,台中,B,B級,中危害,施工地點,場地關係人,施工部門、轄區部門、監造部門,41,35,34,1,0,0,0,0.9714,2,低
2025-07,台中,B,B級,中危害,包商,承攬商與人員資格,承攬商、工作人數、車輛車號、工地負責人、安衛人員、特殊作業主管,41,35,34,1,0,0,0,0.9714,2,低
2025-07,台中,B,B級,中危害,危害等級,作業等級,施工地點、工程案號、工作內容、許可工作項目、作業分級,41,37,36,1,0,0,0,0.973,2,低
2025-07,台中,B,B級,中危害,危害等級,管線設備危害物,可燃性氣體、易燃液體、有害性氣體、化學藥劑、酸鹼、熱水蒸氣、空氣、其他,41,38,37,1,0,0,0,0.9737,2,低
2025-07,台中,B,B級,中危害,檢點與危害告知,簽發前安全檢點,是否安全檢點,41,37,36,1,0,0,0,0.973,2,低
2025-07,台中,B,B級,中危害,檢點與危害告知,危害告知,是否危害告知,41,34,33,1,0,0,0,0.9706,2,低
2025-07,台中,B,B級,中危害,危害排除與隔離,環境危害排除,是否設備管線危害物排除,41,37,36,1,0,0,0,0.973,2,低
2025-07,台中,B,B級,中危害,危害排除與隔離,隔離管制,設備管線是否加盲加鎖掛牌,41,39,37,2,1,1,0,0.9487,16,中
2025-07,台中,B,B級,中危害,環境測定,氣體偵測數值,可燃性氣體%、氧氣%、一氧化碳PPM、硫化氫PPM,41,34,33,1,0,0,0,0.9706,2,低
2025-07,台中,B,B級,中危害,環境測定,測定基準,可燃性氣體 < 20%LEL；氧氣>= 18%；一氧化碳<50 PPM；硫化氫<10 PPM,41,37,36,1,0,0,0,0.973,2,低
2025-07,台中,B,B級,中危害,環境測定,測定頻率,上、下午施工前測定；A級或高風險作業需重複或連續測定；每小時/每兩小時紀錄表,41,38,37,1,0,0,0,0.9737,2,低
2025-07,台中,B,B級,中危害,防火防爆,消防設備,是否有消防設備,41,35,33,2,1,1,0,0.9429,16,中
2025-07,台中,B,B級,中危害,防火防爆,防爆安全工具,是否使用防爆電氣設備及安全工具,41,36,35,1,0,0,0,0.9722,2,低
2025-07,台中,B,B級,中危害,高處作業,防墜措施,設標準施工架、安全網、安全母索、安全帶,41,35,34,1,0,0,0,0.9714,2,低
2025-07,台中,B,B級,中危害,安全保護,個人防護具,是否有防護口罩、防毒面具、SCBA、防護手套、安全眼鏡、耳塞,41,40,39,1,0,0,0,0.975,2,低
2025-07,台中,B,B級,中危害,警戒巡查,警戒標示,是否有警戒標示,41,37,36,1,0,0,0,0.973,2,低
2025-07,台中,B,B級,中危害,警戒巡查,巡查會簽,是否轄區、監造、安衛人員或工地負責人巡查會簽,41,36,35,1,0,0,0,0.9722,2,低
2025-07,台中,B,B級,中危害,收工回簽,回簽收工確認,是否回簽時確認環境已整理並完成防護措施,41,37,36,1,0,0,0,0.973,2,低
2025-07,台中,B,B級,中危害,收工回簽,一般安全規定,是否遵守工安規定,41,34,33,1,0,0,0,0.9706,2,低
2025-07,台中,B,B級,中危害,收工回簽,現場紀錄,是否拍照,41,39,38,1,0,0,0,0.9744,2,低
2025-07,台中,C,C級,低危害,廠區,基本資料,工廠、日期、時間,35,30,30,0,0,0,0,1.0,0,低
2025-07,台中,C,C級,低危害,許可證,許可資訊,工程作業分級、申請時間、核准工作時間、工作許可證編號,35,29,29,0,0,0,0,1.0,0,低
2025-07,台中,C,C級,低危害,施工地點,場地關係人,施工部門、轄區部門、監造部門,35,31,30,1,0,0,0,0.9677,2,低
2025-07,台中,C,C級,低危害,包商,承攬商與人員資格,承攬商、工作人數、車輛車號、工地負責人、安衛人員、特殊作業主管,35,30,29,1,0,0,0,0.9667,2,低
2025-07,台中,C,C級,低危害,危害等級,作業等級,施工地點、工程案號、工作內容、許可工作項目、作業分級,35,34,33,1,0,0,0,0.9706,2,低
2025-07,台中,C,C級,低危害,危害等級,管線設備危害物,可燃性氣體、易燃液體、有害性氣體、化學藥劑、酸鹼、熱水蒸氣、空氣、其他,35,30,29,1,0,0,0,0.9667,2,低
2025-07,台中,C,C級,低危害,檢點與危害告知,簽發前安全檢點,是否安全檢點,35,35,34,1,0,0,0,0.9714,2,低
2025-07,台中,C,C級,低危害,檢點與危害告知,危害告知,是否危害告知,35,33,32,1,0,0,0,0.9697,2,低
2025-07,台中,C,C級,低危害,危害排除與隔離,環境危害排除,是否設備管線危害物排除,35,29,28,1,0,0,0,0.9655,2,低
2025-07,台中,C,C級,低危害,危害排除與隔離,隔離管制,設備管線是否加盲加鎖掛牌,35,29,28,1,0,0,0,0.9655,2,低
2025-07,台中,C,C級,低危害,環境測定,氣體偵測數值,可燃性氣體%、氧氣%、一氧化碳PPM、硫化氫PPM,35,32,31,1,0,0,0,0.9688,2,低
2025-07,台中,C,C級,低危害,環境測定,測定基準,可燃性氣體 < 20%LEL；氧氣>= 18%；一氧化碳<50 PPM；硫化氫<10 PPM,35,35,34,1,0,0,0,0.9714,2,低
2025-07,台中,C,C級,低危害,環境測定,測定頻率,上、下午施工前測定；A級或高風險作業需重複或連續測定；每小時/每兩小時紀錄表,35,29,28,1,0,0,0,0.9655,2,低
2025-07,台中,C,C級,低危害,防火防爆,消防設備,是否有消防設備,35,34,33,1,0,0,0,0.9706,2,低
2025-07,台中,C,C級,低危害,防火防爆,防爆安全工具,是否使用防爆電氣設備及安全工具,35,35,34,1,0,0,0,0.9714,2,低
2025-07,台中,C,C級,低危害,高處作業,防墜措施,設標準施工架、安全網、安全母索、安全帶,35,34,33,1,0,0,0,0.9706,2,低
2025-07,台中,C,C級,低危害,安全保護,個人防護具,是否有防護口罩、防毒面具、SCBA、防護手套、安全眼鏡、耳塞,35,30,29,1,0,0,0,0.9667,2,低
2025-07,台中,C,C級,低危害,警戒巡查,警戒標示,是否有警戒標示,35,32,31,1,0,0,0,0.9688,2,低
2025-07,台中,C,C級,低危害,警戒巡查,巡查會簽,是否轄區、監造、安衛人員或工地負責人巡查會簽,35,35,34,1,0,0,0,0.9714,2,低
2025-07,台中,C,C級,低危害,收工回簽,回簽收工確認,是否回簽時確認環境已整理並完成防護措施,35,31,30,1,0,0,0,0.9677,2,低
2025-07,台中,C,C級,低危害,收工回簽,一般安全規定,是否遵守工安規定,35,31,30,1,0,0,0,0.9677,2,低
2025-07,台中,C,C級,低危害,收工回簽,現場紀錄,是否拍照,35,34,33,1,0,0,0,0.9706,2,低
2025-08,台中,A,A級,高危害,廠區,基本資料,工廠、日期、時間,21,21,21,0,0,0,0,1.0,0,低
2025-08,台中,A,A級,高危害,許可證,許可資訊,工程作業分級、申請時間、核准工作時間、工作許可證編號,21,20,20,0,0,0,0,1.0,0,低
2025-08,台中,A,A級,高危害,施工地點,場地關係人,施工部門、轄區部門、監造部門,21,18,17,1,0,0,0,0.9444,2,低
2025-08,台中,A,A級,高危害,包商,承攬商與人員資格,承攬商、工作人數、車輛車號、工地負責人、安衛人員、特殊作業主管,21,19,18,1,0,0,0,0.9474,2,低
2025-08,台中,A,A級,高危害,危害等級,作業等級,施工地點、工程案號、工作內容、許可工作項目、作業分級,21,21,20,1,0,0,0,0.9524,2,低
2025-08,台中,A,A級,高危害,危害等級,管線設備危害物,可燃性氣體、易燃液體、有害性氣體、化學藥劑、酸鹼、熱水蒸氣、空氣、其他,21,19,18,1,0,0,0,0.9474,2,低
2025-08,台中,A,A級,高危害,檢點與危害告知,簽發前安全檢點,是否安全檢點,21,18,17,1,0,0,0,0.9444,2,低
2025-08,台中,A,A級,高危害,檢點與危害告知,危害告知,是否危害告知,21,20,19,1,0,0,0,0.95,2,低
2025-08,台中,A,A級,高危害,危害排除與隔離,環境危害排除,是否設備管線危害物排除,21,19,18,1,0,0,0,0.9474,2,低
2025-08,台中,A,A級,高危害,危害排除與隔離,隔離管制,設備管線是否加盲加鎖掛牌,21,19,18,1,0,0,0,0.9474,2,低
2025-08,台中,A,A級,高危害,環境測定,氣體偵測數值,可燃性氣體%、氧氣%、一氧化碳PPM、硫化氫PPM,21,19,18,1,0,0,0,0.9474,2,低
2025-08,台中,A,A級,高危害,環境測定,測定基準,可燃性氣體 < 20%LEL；氧氣>= 18%；一氧化碳<50 PPM；硫化氫<10 PPM,21,19,18,1,0,0,0,0.9474,2,低
2025-08,台中,A,A級,高危害,環境測定,測定頻率,上、下午施工前測定；A級或高風險作業需重複或連續測定；每小時/每兩小時紀錄表,21,20,19,1,0,0,0,0.95,2,低
2025-08,台中,A,A級,高危害,防火防爆,消防設備,是否有消防設備,21,20,19,1,0,0,0,0.95,2,低
2025-08,台中,A,A級,高危害,防火防爆,防爆安全工具,是否使用防爆電氣設備及安全工具,21,20,19,1,0,0,0,0.95,2,低
2025-08,台中,A,A級,高危害,高處作業,防墜措施,設標準施工架、安全網、安全母索、安全帶,21,18,17,1,0,0,0,0.9444,2,低
2025-08,台中,A,A級,高危害,安全保護,個人防護具,是否有防護口罩、防毒面具、SCBA、防護手套、安全眼鏡、耳塞,21,20,19,1,0,1,0,0.95,5,低
2025-08,台中,A,A級,高危害,警戒巡查,警戒標示,是否有警戒標示,21,21,20,1,0,0,0,0.9524,2,低
2025-08,台中,A,A級,高危害,警戒巡查,巡查會簽,是否轄區、監造、安衛人員或工地負責人巡查會簽,21,21,20,1,0,0,0,0.9524,2,低
2025-08,台中,A,A級,高危害,收工回簽,回簽收工確認,是否回簽時確認環境已整理並完成防護措施,21,20,19,1,0,0,0,0.95,2,低
2025-08,台中,A,A級,高危害,收工回簽,一般安全規定,是否遵守工安規定,21,20,19,1,0,0,0,0.95,2,低
2025-08,台中,A,A級,高危害,收工回簽,現場紀錄,是否拍照,21,19,18,1,0,0,0,0.9474,2,低
2025-08,台中,B,B級,中危害,廠區,基本資料,工廠、日期、時間,39,38,37,1,0,0,0,0.9737,2,低
2025-08,台中,B,B級,中危害,許可證,許可資訊,工程作業分級、申請時間、核准工作時間、工作許可證編號,39,33,32,1,0,0,0,0.9697,2,低
2025-08,台中,B,B級,中危害,施工地點,場地關係人,施工部門、轄區部門、監造部門,39,34,33,1,0,0,0,0.9706,2,低
2025-08,台中,B,B級,中危害,包商,承攬商與人員資格,承攬商、工作人數、車輛車號、工地負責人、安衛人員、特殊作業主管,39,35,34,1,0,0,0,0.9714,2,低
2025-08,台中,B,B級,中危害,危害等級,作業等級,施工地點、工程案號、工作內容、許可工作項目、作業分級,39,32,31,1,0,0,0,0.9688,2,低
2025-08,台中,B,B級,中危害,危害等級,管線設備危害物,可燃性氣體、易燃液體、有害性氣體、化學藥劑、酸鹼、熱水蒸氣、空氣、其他,39,36,35,1,0,0,0,0.9722,2,低
2025-08,台中,B,B級,中危害,檢點與危害告知,簽發前安全檢點,是否安全檢點,39,36,35,1,0,0,0,0.9722,2,低
2025-08,台中,B,B級,中危害,檢點與危害告知,危害告知,是否危害告知,39,35,34,1,0,0,0,0.9714,2,低
2025-08,台中,B,B級,中危害,危害排除與隔離,環境危害排除,是否設備管線危害物排除,39,33,32,1,0,0,0,0.9697,2,低
2025-08,台中,B,B級,中危害,危害排除與隔離,隔離管制,設備管線是否加盲加鎖掛牌,39,33,32,1,0,0,0,0.9697,2,低
2025-08,台中,B,B級,中危害,環境測定,氣體偵測數值,可燃性氣體%、氧氣%、一氧化碳PPM、硫化氫PPM,39,38,37,1,0,0,0,0.9737,2,低
2025-08,台中,B,B級,中危害,環境測定,測定基準,可燃性氣體 < 20%LEL；氧氣>= 18%；一氧化碳<50 PPM；硫化氫<10 PPM,39,35,34,1,0,0,0,0.9714,2,低
2025-08,台中,B,B級,中危害,環境測定,測定頻率,上、下午施工前測定；A級或高風險作業需重複或連續測定；每小時/每兩小時紀錄表,39,33,32,1,0,1,0,0.9697,5,低
2025-08,台中,B,B級,中危害,防火防爆,消防設備,是否有消防設備,39,37,36,1,0,0,0,0.973,2,低
2025-08,台中,B,B級,中危害,防火防爆,防爆安全工具,是否使用防爆電氣設備及安全工具,39,37,36,1,0,0,0,0.973,2,低
2025-08,台中,B,B級,中危害,高處作業,防墜措施,設標準施工架、安全網、安全母索、安全帶,39,38,37,1,0,1,0,0.9737,5,低
2025-08,台中,B,B級,中危害,安全保護,個人防護具,是否有防護口罩、防毒面具、SCBA、防護手套、安全眼鏡、耳塞,39,36,35,1,0,0,0,0.9722,2,低
2025-08,台中,B,B級,中危害,警戒巡查,警戒標示,是否有警戒標示,39,33,32,1,0,0,0,0.9697,2,低
2025-08,台中,B,B級,中危害,警戒巡查,巡查會簽,是否轄區、監造、安衛人員或工地負責人巡查會簽,39,36,35,1,0,0,0,0.9722,2,低
2025-08,台中,B,B級,中危害,收工回簽,回簽收工確認,是否回簽時確認環境已整理並完成防護措施,39,33,32,1,0,0,0,0.9697,2,低
2025-08,台中,B,B級,中危害,收工回簽,一般安全規定,是否遵守工安規定,39,37,36,1,0,1,0,0.973,5,低
2025-08,台中,B,B級,中危害,收工回簽,現場紀錄,是否拍照,39,35,34,1,0,0,0,0.9714,2,低
2025-08,台中,C,C級,低危害,廠區,基本資料,工廠、日期、時間,29,26,26,0,0,0,0,1.0,0,低
2025-08,台中,C,C級,低危害,許可證,許可資訊,工程作業分級、申請時間、核准工作時間、工作許可證編號,29,25,24,1,0,0,0,0.96,2,低
2025-08,台中,C,C級,低危害,施工地點,場地關係人,施工部門、轄區部門、監造部門,29,26,25,1,0,0,0,0.9615,2,低
2025-08,台中,C,C級,低危害,包商,承攬商與人員資格,承攬商、工作人數、車輛車號、工地負責人、安衛人員、特殊作業主管,29,24,23,1,0,1,0,0.9583,5,低
2025-08,台中,C,C級,低危害,危害等級,作業等級,施工地點、工程案號、工作內容、許可工作項目、作業分級,29,29,28,1,0,0,0,0.9655,2,低
2025-08,台中,C,C級,低危害,危害等級,管線設備危害物,可燃性氣體、易燃液體、有害性氣體、化學藥劑、酸鹼、熱水蒸氣、空氣、其他,29,28,27,1,0,0,0,0.9643,2,低
2025-08,台中,C,C級,低危害,檢點與危害告知,簽發前安全檢點,是否安全檢點,29,28,27,1,0,0,0,0.9643,2,低
2025-08,台中,C,C級,低危害,檢點與危害告知,危害告知,是否危害告知,29,29,28,1,0,0,0,0.9655,2,低
2025-08,台中,C,C級,低危害,危害排除與隔離,環境危害排除,是否設備管線危害物排除,29,28,27,1,0,0,0,0.9643,2,低
2025-08,台中,C,C級,低危害,危害排除與隔離,隔離管制,設備管線是否加盲加鎖掛牌,29,24,23,1,0,0,0,0.9583,2,低
2025-08,台中,C,C級,低危害,環境測定,氣體偵測數值,可燃性氣體%、氧氣%、一氧化碳PPM、硫化氫PPM,29,24,23,1,0,0,0,0.9583,2,低
2025-08,台中,C,C級,低危害,環境測定,測定基準,可燃性氣體 < 20%LEL；氧氣>= 18%；一氧化碳<50 PPM；硫化氫<10 PPM,29,24,23,1,0,0,0,0.9583,2,低
2025-08,台中,C,C級,低危害,環境測定,測定頻率,上、下午施工前測定；A級或高風險作業需重複或連續測定；每小時/每兩小時紀錄表,29,28,27,1,0,0,0,0.9643,2,低
2025-08,台中,C,C級,低危害,防火防爆,消防設備,是否有消防設備,29,24,23,1,0,0,0,0.9583,2,低
2025-08,台中,C,C級,低危害,防火防爆,防爆安全工具,是否使用防爆電氣設備及安全工具,29,27,26,1,0,0,0,0.963,2,低
2025-08,台中,C,C級,低危害,高處作業,防墜措施,設標準施工架、安全網、安全母索、安全帶,29,25,24,1,0,1,0,0.96,5,低
2025-08,台中,C,C級,低危害,安全保護,個人防護具,是否有防護口罩、防毒面具、SCBA、防護手套、安全眼鏡、耳塞,29,27,26,1,0,0,0,0.963,2,低
2025-08,台中,C,C級,低危害,警戒巡查,警戒標示,是否有警戒標示,29,29,28,1,0,0,0,0.9655,2,低
2025-08,台中,C,C級,低危害,警戒巡查,巡查會簽,是否轄區、監造、安衛人員或工地負責人巡查會簽,29,26,26,0,0,0,0,1.0,0,低
2025-08,台中,C,C級,低危害,收工回簽,回簽收工確認,是否回簽時確認環境已整理並完成防護措施,29,25,25,0,0,0,0,1.0,0,低
2025-08,台中,C,C級,低危害,收工回簽,一般安全規定,是否遵守工安規定,29,26,25,1,0,1,0,0.9615,5,低
2025-08,台中,C,C級,低危害,收工回簽,現場紀錄,是否拍照,29,25,25,0,0,0,0,1.0,0,低
2025-09,台中,A,A級,高危害,廠區,基本資料,工廠、日期、時間,20,18,18,0,0,0,0,1.0,0,低
2025-09,台中,A,A級,高危害,許可證,許可資訊,工程作業分級、申請時間、核准工作時間、工作許可證編號,20,17,17,0,0,0,0,1.0,0,低
2025-09,台中,A,A級,高危害,施工地點,場地關係人,施工部門、轄區部門、監造部門,20,18,18,0,0,0,0,1.0,0,低
2025-09,台中,A,A級,高危害,包商,承攬商與人員資格,承攬商、工作人數、車輛車號、工地負責人、安衛人員、特殊作業主管,20,20,19,1,0,0,0,0.95,2,低
2025-09,台中,A,A級,高危害,危害等級,作業等級,施工地點、工程案號、工作內容、許可工作項目、作業分級,20,18,17,1,0,0,0,0.9444,2,低
2025-09,台中,A,A級,高危害,危害等級,管線設備危害物,可燃性氣體、易燃液體、有害性氣體、化學藥劑、酸鹼、熱水蒸氣、空氣、其他,20,17,16,1,0,0,0,0.9412,2,低
2025-09,台中,A,A級,高危害,檢點與危害告知,簽發前安全檢點,是否安全檢點,20,18,17,1,0,1,0,0.9444,5,低
2025-09,台中,A,A級,高危害,檢點與危害告知,危害告知,是否危害告知,20,17,17,0,0,0,0,1.0,0,低
2025-09,台中,A,A級,高危害,危害排除與隔離,環境危害排除,是否設備管線危害物排除,20,17,16,1,0,0,0,0.9412,2,低
2025-09,台中,A,A級,高危害,危害排除與隔離,隔離管制,設備管線是否加盲加鎖掛牌,20,19,18,1,0,0,0,0.9474,2,低
2025-09,台中,A,A級,高危害,環境測定,氣體偵測數值,可燃性氣體%、氧氣%、一氧化碳PPM、硫化氫PPM,20,19,18,1,0,0,0,0.9474,2,低
2025-09,台中,A,A級,高危害,環境測定,測定基準,可燃性氣體 < 20%LEL；氧氣>= 18%；一氧化碳<50 PPM；硫化氫<10 PPM,20,19,18,1,0,0,0,0.9474,2,低
2025-09,台中,A,A級,高危害,環境測定,測定頻率,上、下午施工前測定；A級或高風險作業需重複或連續測定；每小時/每兩小時紀錄表,20,17,16,1,0,0,0,0.9412,2,低
2025-09,台中,A,A級,高危害,防火防爆,消防設備,是否有消防設備,20,17,16,1,0,0,0,0.9412,2,低
2025-09,台中,A,A級,高危害,防火防爆,防爆安全工具,是否使用防爆電氣設備及安全工具,20,17,16,1,0,0,0,0.9412,2,低
2025-09,台中,A,A級,高危害,高處作業,防墜措施,設標準施工架、安全網、安全母索、安全帶,20,17,16,1,0,0,0,0.9412,2,低
2025-09,台中,A,A級,高危害,安全保護,個人防護具,是否有防護口罩、防毒面具、SCBA、防護手套、安全眼鏡、耳塞,20,17,16,1,0,0,0,0.9412,2,低
2025-09,台中,A,A級,高危害,警戒巡查,警戒標示,是否有警戒標示,20,20,19,1,0,0,0,0.95,2,低
2025-09,台中,A,A級,高危害,警戒巡查,巡查會簽,是否轄區、監造、安衛人員或工地負責人巡查會簽,20,18,17,1,0,0,0,0.9444,2,低
2025-09,台中,A,A級,高危害,收工回簽,回簽收工確認,是否回簽時確認環境已整理並完成防護措施,20,17,16,1,0,0,0,0.9412,2,低
2025-09,台中,A,A級,高危害,收工回簽,一般安全規定,是否遵守工安規定,20,19,18,1,0,1,0,0.9474,5,低
2025-09,台中,A,A級,高危害,收工回簽,現場紀錄,是否拍照,20,17,17,0,0,0,0,1.0,0,低
2025-09,台中,B,B級,中危害,廠區,基本資料,工廠、日期、時間,42,36,35,1,0,0,0,0.9722,2,低
2025-09,台中,B,B級,中危害,許可證,許可資訊,工程作業分級、申請時間、核准工作時間、工作許可證編號,42,35,34,1,0,0,0,0.9714,2,低
2025-09,台中,B,B級,中危害,施工地點,場地關係人,施工部門、轄區部門、監造部門,42,42,41,1,0,0,0,0.9762,2,低
2025-09,台中,B,B級,中危害,包商,承攬商與人員資格,承攬商、工作人數、車輛車號、工地負責人、安衛人員、特殊作業主管,42,41,40,1,0,0,0,0.9756,2,低
2025-09,台中,B,B級,中危害,危害等級,作業等級,施工地點、工程案號、工作內容、許可工作項目、作業分級,42,35,34,1,0,0,0,0.9714,2,低
2025-09,台中,B,B級,中危害,危害等級,管線設備危害物,可燃性氣體、易燃液體、有害性氣體、化學藥劑、酸鹼、熱水蒸氣、空氣、其他,42,37,36,1,0,0,0,0.973,2,低
2025-09,台中,B,B級,中危害,檢點與危害告知,簽發前安全檢點,是否安全檢點,42,38,37,1,0,0,0,0.9737,2,低
2025-09,台中,B,B級,中危害,檢點與危害告知,危害告知,是否危害告知,42,42,41,1,0,0,0,0.9762,2,低
2025-09,台中,B,B級,中危害,危害排除與隔離,環境危害排除,是否設備管線危害物排除,42,40,39,1,0,0,0,0.975,2,低
2025-09,台中,B,B級,中危害,危害排除與隔離,隔離管制,設備管線是否加盲加鎖掛牌,42,35,34,1,0,1,0,0.9714,5,低
2025-09,台中,B,B級,中危害,環境測定,氣體偵測數值,可燃性氣體%、氧氣%、一氧化碳PPM、硫化氫PPM,42,40,38,2,1,1,0,0.95,16,中
2025-09,台中,B,B級,中危害,環境測定,測定基準,可燃性氣體 < 20%LEL；氧氣>= 18%；一氧化碳<50 PPM；硫化氫<10 PPM,42,38,37,1,0,0,0,0.9737,2,低
2025-09,台中,B,B級,中危害,環境測定,測定頻率,上、下午施工前測定；A級或高風險作業需重複或連續測定；每小時/每兩小時紀錄表,42,40,39,1,0,0,0,0.975,2,低
2025-09,台中,B,B級,中危害,防火防爆,消防設備,是否有消防設備,42,40,39,1,0,0,0,0.975,2,低
2025-09,台中,B,B級,中危害,防火防爆,防爆安全工具,是否使用防爆電氣設備及安全工具,42,39,37,2,1,1,0,0.9487,16,中
2025-09,台中,B,B級,中危害,高處作業,防墜措施,設標準施工架、安全網、安全母索、安全帶,42,40,39,1,0,0,0,0.975,2,低
2025-09,台中,B,B級,中危害,安全保護,個人防護具,是否有防護口罩、防毒面具、SCBA、防護手套、安全眼鏡、耳塞,42,35,34,1,0,0,0,0.9714,2,低
2025-09,台中,B,B級,中危害,警戒巡查,警戒標示,是否有警戒標示,42,39,38,1,0,0,0,0.9744,2,低
2025-09,台中,B,B級,中危害,警戒巡查,巡查會簽,是否轄區、監造、安衛人員或工地負責人巡查會簽,42,35,34,1,0,1,0,0.9714,5,低
2025-09,台中,B,B級,中危害,收工回簽,回簽收工確認,是否回簽時確認環境已整理並完成防護措施,42,40,39,1,0,0,0,0.975,2,低
2025-09,台中,B,B級,中危害,收工回簽,一般安全規定,是否遵守工安規定,42,40,39,1,0,0,0,0.975,2,低
2025-09,台中,B,B級,中危害,收工回簽,現場紀錄,是否拍照,42,41,40,1,0,0,0,0.9756,2,低
2025-09,台中,C,C級,低危害,廠區,基本資料,工廠、日期、時間,33,27,27,0,0,0,0,1.0,0,低
2025-09,台中,C,C級,低危害,許可證,許可資訊,工程作業分級、申請時間、核准工作時間、工作許可證編號,33,27,26,1,0,0,0,0.963,2,低
2025-09,台中,C,C級,低危害,施工地點,場地關係人,施工部門、轄區部門、監造部門,33,33,32,1,0,0,0,0.9697,2,低
2025-09,台中,C,C級,低危害,包商,承攬商與人員資格,承攬商、工作人數、車輛車號、工地負責人、安衛人員、特殊作業主管,33,29,28,1,0,0,0,0.9655,2,低
2025-09,台中,C,C級,低危害,危害等級,作業等級,施工地點、工程案號、工作內容、許可工作項目、作業分級,33,33,32,1,0,0,0,0.9697,2,低
2025-09,台中,C,C級,低危害,危害等級,管線設備危害物,可燃性氣體、易燃液體、有害性氣體、化學藥劑、酸鹼、熱水蒸氣、空氣、其他,33,29,28,1,0,0,0,0.9655,2,低
2025-09,台中,C,C級,低危害,檢點與危害告知,簽發前安全檢點,是否安全檢點,33,29,28,1,0,0,0,0.9655,2,低
2025-09,台中,C,C級,低危害,檢點與危害告知,危害告知,是否危害告知,33,33,32,1,0,0,0,0.9697,2,低
2025-09,台中,C,C級,低危害,危害排除與隔離,環境危害排除,是否設備管線危害物排除,33,29,28,1,0,0,0,0.9655,2,低
2025-09,台中,C,C級,低危害,危害排除與隔離,隔離管制,設備管線是否加盲加鎖掛牌,33,29,28,1,0,1,0,0.9655,5,低
2025-09,台中,C,C級,低危害,環境測定,氣體偵測數值,可燃性氣體%、氧氣%、一氧化碳PPM、硫化氫PPM,33,31,30,1,0,0,0,0.9677,2,低
2025-09,台中,C,C級,低危害,環境測定,測定基準,可燃性氣體 < 20%LEL；氧氣>= 18%；一氧化碳<50 PPM；硫化氫<10 PPM,33,29,28,1,0,0,0,0.9655,2,低
2025-09,台中,C,C級,低危害,環境測定,測定頻率,上、下午施工前測定；A級或高風險作業需重複或連續測定；每小時/每兩小時紀錄表,33,30,29,1,0,0,0,0.9667,2,低
2025-09,台中,C,C級,低危害,防火防爆,消防設備,是否有消防設備,33,29,28,1,0,0,0,0.9655,2,低
2025-09,台中,C,C級,低危害,防火防爆,防爆安全工具,是否使用防爆電氣設備及安全工具,33,31,30,1,0,0,0,0.9677,2,低
2025-09,台中,C,C級,低危害,高處作業,防墜措施,設標準施工架、安全網、安全母索、安全帶,33,29,28,1,0,0,0,0.9655,2,低
2025-09,台中,C,C級,低危害,安全保護,個人防護具,是否有防護口罩、防毒面具、SCBA、防護手套、安全眼鏡、耳塞,33,32,31,1,0,0,0,0.9688,2,低
2025-09,台中,C,C級,低危害,警戒巡查,警戒標示,是否有警戒標示,33,28,27,1,0,0,0,0.9643,2,低
2025-09,台中,C,C級,低危害,警戒巡查,巡查會簽,是否轄區、監造、安衛人員或工地負責人巡查會簽,33,28,27,1,0,0,0,0.9643,2,低
2025-09,台中,C,C級,低危害,收工回簽,回簽收工確認,是否回簽時確認環境已整理並完成防護措施,33,27,26,1,0,0,0,0.963,2,低
2025-09,台中,C,C級,低危害,收工回簽,一般安全規定,是否遵守工安規定,33,30,29,1,0,0,0,0.9667,2,低
2025-09,台中,C,C級,低危害,收工回簽,現場紀錄,是否拍照,33,33,32,1,0,0,0,0.9697,2,低
2025-10,台中,A,A級,高危害,廠區,基本資料,工廠、日期、時間,16,15,15,0,0,0,0,1.0,0,低
2025-10,台中,A,A級,高危害,許可證,許可資訊,工程作業分級、申請時間、核准工作時間、工作許可證編號,16,14,14,0,0,0,0,1.0,0,低
2025-10,台中,A,A級,高危害,施工地點,場地關係人,施工部門、轄區部門、監造部門,16,16,16,0,0,0,0,1.0,0,低
2025-10,台中,A,A級,高危害,包商,承攬商與人員資格,承攬商、工作人數、車輛車號、工地負責人、安衛人員、特殊作業主管,16,13,12,1,0,0,0,0.9231,2,低
2025-10,台中,A,A級,高危害,危害等級,作業等級,施工地點、工程案號、工作內容、許可工作項目、作業分級,16,13,13,0,0,0,0,1.0,0,低
2025-10,台中,A,A級,高危害,危害等級,管線設備危害物,可燃性氣體、易燃液體、有害性氣體、化學藥劑、酸鹼、熱水蒸氣、空氣、其他,16,13,12,1,0,0,0,0.9231,2,低
2025-10,台中,A,A級,高危害,檢點與危害告知,簽發前安全檢點,是否安全檢點,16,15,15,0,0,0,0,1.0,0,低
2025-10,台中,A,A級,高危害,檢點與危害告知,危害告知,是否危害告知,16,16,15,1,0,0,0,0.9375,2,低
2025-10,台中,A,A級,高危害,危害排除與隔離,環境危害排除,是否設備管線危害物排除,16,13,12,1,0,0,0,0.9231,2,低
2025-10,台中,A,A級,高危害,危害排除與隔離,隔離管制,設備管線是否加盲加鎖掛牌,16,14,13,1,0,0,0,0.9286,2,低
2025-10,台中,A,A級,高危害,環境測定,氣體偵測數值,可燃性氣體%、氧氣%、一氧化碳PPM、硫化氫PPM,16,16,15,1,0,0,0,0.9375,2,低
2025-10,台中,A,A級,高危害,環境測定,測定基準,可燃性氣體 < 20%LEL；氧氣>= 18%；一氧化碳<50 PPM；硫化氫<10 PPM,16,16,15,1,0,0,0,0.9375,2,低
2025-10,台中,A,A級,高危害,環境測定,測定頻率,上、下午施工前測定；A級或高風險作業需重複或連續測定；每小時/每兩小時紀錄表,16,16,15,1,0,0,0,0.9375,2,低
2025-10,台中,A,A級,高危害,防火防爆,消防設備,是否有消防設備,16,14,13,1,0,1,0,0.9286,5,低
2025-10,台中,A,A級,高危害,防火防爆,防爆安全工具,是否使用防爆電氣設備及安全工具,16,16,15,1,0,0,0,0.9375,2,低
2025-10,台中,A,A級,高危害,高處作業,防墜措施,設標準施工架、安全網、安全母索、安全帶,16,15,14,1,0,0,0,0.9333,2,低
2025-10,台中,A,A級,高危害,安全保護,個人防護具,是否有防護口罩、防毒面具、SCBA、防護手套、安全眼鏡、耳塞,16,15,15,0,0,0,0,1.0,0,低
2025-10,台中,A,A級,高危害,警戒巡查,警戒標示,是否有警戒標示,16,15,15,0,0,0,0,1.0,0,低
2025-10,台中,A,A級,高危害,警戒巡查,巡查會簽,是否轄區、監造、安衛人員或工地負責人巡查會簽,16,15,14,1,0,0,0,0.9333,2,低
2025-10,台中,A,A級,高危害,收工回簽,回簽收工確認,是否回簽時確認環境已整理並完成防護措施,16,15,15,0,0,0,0,1.0,0,低
2025-10,台中,A,A級,高危害,收工回簽,一般安全規定,是否遵守工安規定,16,15,15,0,0,0,0,1.0,0,低
2025-10,台中,A,A級,高危害,收工回簽,現場紀錄,是否拍照,16,14,14,0,0,0,0,1.0,0,低
2025-10,台中,B,B級,中危害,廠區,基本資料,工廠、日期、時間,41,36,35,1,0,0,0,0.9722,2,低
2025-10,台中,B,B級,中危害,許可證,許可資訊,工程作業分級、申請時間、核准工作時間、工作許可證編號,41,38,37,1,0,0,0,0.9737,2,低
2025-10,台中,B,B級,中危害,施工地點,場地關係人,施工部門、轄區部門、監造部門,41,37,36,1,0,1,0,0.973,5,低
2025-10,台中,B,B級,中危害,包商,承攬商與人員資格,承攬商、工作人數、車輛車號、工地負責人、安衛人員、特殊作業主管,41,34,33,1,0,0,0,0.9706,2,低
2025-10,台中,B,B級,中危害,危害等級,作業等級,施工地點、工程案號、工作內容、許可工作項目、作業分級,41,39,38,1,0,0,0,0.9744,2,低
2025-10,台中,B,B級,中危害,危害等級,管線設備危害物,可燃性氣體、易燃液體、有害性氣體、化學藥劑、酸鹼、熱水蒸氣、空氣、其他,41,41,40,1,0,0,0,0.9756,2,低
2025-10,台中,B,B級,中危害,檢點與危害告知,簽發前安全檢點,是否安全檢點,41,36,35,1,0,0,0,0.9722,2,低
2025-10,台中,B,B級,中危害,檢點與危害告知,危害告知,是否危害告知,41,36,35,1,0,0,0,0.9722,2,低
2025-10,台中,B,B級,中危害,危害排除與隔離,環境危害排除,是否設備管線危害物排除,41,39,37,2,1,1,0,0.9487,16,中
2025-10,台中,B,B級,中危害,危害排除與隔離,隔離管制,設備管線是否加盲加鎖掛牌,41,38,36,2,1,1,0,0.9474,16,中
2025-10,台中,B,B級,中危害,環境測定,氣體偵測數值,可燃性氣體%、氧氣%、一氧化碳PPM、硫化氫PPM,41,36,35,1,0,0,0,0.9722,2,低
2025-10,台中,B,B級,中危害,環境測定,測定基準,可燃性氣體 < 20%LEL；氧氣>= 18%；一氧化碳<50 PPM；硫化氫<10 PPM,41,34,33,1,0,0,0,0.9706,2,低
2025-10,台中,B,B級,中危害,環境測定,測定頻率,上、下午施工前測定；A級或高風險作業需重複或連續測定；每小時/每兩小時紀錄表,41,37,36,1,0,0,0,0.973,2,低
2025-10,台中,B,B級,中危害,防火防爆,消防設備,是否有消防設備,41,35,34,1,0,0,0,0.9714,2,低
2025-10,台中,B,B級,中危害,防火防爆,防爆安全工具,是否使用防爆電氣設備及安全工具,41,38,37,1,0,0,0,0.9737,2,低
2025-10,台中,B,B級,中危害,高處作業,防墜措施,設標準施工架、安全網、安全母索、安全帶,41,38,37,1,0,0,0,0.9737,2,低
2025-10,台中,B,B級,中危害,安全保護,個人防護具,是否有防護口罩、防毒面具、SCBA、防護手套、安全眼鏡、耳塞,41,35,34,1,0,0,0,0.9714,2,低
2025-10,台中,B,B級,中危害,警戒巡查,警戒標示,是否有警戒標示,41,40,39,1,0,0,0,0.975,2,低
2025-10,台中,B,B級,中危害,警戒巡查,巡查會簽,是否轄區、監造、安衛人員或工地負責人巡查會簽,41,40,39,1,0,0,0,0.975,2,低
2025-10,台中,B,B級,中危害,收工回簽,回簽收工確認,是否回簽時確認環境已整理並完成防護措施,41,35,34,1,0,0,0,0.9714,2,低
2025-10,台中,B,B級,中危害,收工回簽,一般安全規定,是否遵守工安規定,41,37,36,1,0,0,0,0.973,2,低
2025-10,台中,B,B級,中危害,收工回簽,現場紀錄,是否拍照,41,34,33,1,0,0,0,0.9706,2,低
2025-10,台中,C,C級,低危害,廠區,基本資料,工廠、日期、時間,30,29,29,0,0,0,0,1.0,0,低
2025-10,台中,C,C級,低危害,許可證,許可資訊,工程作業分級、申請時間、核准工作時間、工作許可證編號,30,26,26,0,0,0,0,1.0,0,低
2025-10,台中,C,C級,低危害,施工地點,場地關係人,施工部門、轄區部門、監造部門,30,25,24,1,0,0,0,0.96,2,低
2025-10,台中,C,C級,低危害,包商,承攬商與人員資格,承攬商、工作人數、車輛車號、工地負責人、安衛人員、特殊作業主管,30,25,24,1,0,0,0,0.96,2,低
2025-10,台中,C,C級,低危害,危害等級,作業等級,施工地點、工程案號、工作內容、許可工作項目、作業分級,30,26,25,1,0,0,0,0.9615,2,低
2025-10,台中,C,C級,低危害,危害等級,管線設備危害物,可燃性氣體、易燃液體、有害性氣體、化學藥劑、酸鹼、熱水蒸氣、空氣、其他,30,29,28,1,0,0,0,0.9655,2,低
2025-10,台中,C,C級,低危害,檢點與危害告知,簽發前安全檢點,是否安全檢點,30,28,27,1,0,0,0,0.9643,2,低
2025-10,台中,C,C級,低危害,檢點與危害告知,危害告知,是否危害告知,30,27,26,1,0,0,0,0.963,2,低
2025-10,台中,C,C級,低危害,危害排除與隔離,環境危害排除,是否設備管線危害物排除,30,25,24,1,0,0,0,0.96,2,低
2025-10,台中,C,C級,低危害,危害排除與隔離,隔離管制,設備管線是否加盲加鎖掛牌,30,28,27,1,0,0,0,0.9643,2,低
2025-10,台中,C,C級,低危害,環境測定,氣體偵測數值,可燃性氣體%、氧氣%、一氧化碳PPM、硫化氫PPM,30,29,28,1,0,0,0,0.9655,2,低
2025-10,台中,C,C級,低危害,環境測定,測定基準,可燃性氣體 < 20%LEL；氧氣>= 18%；一氧化碳<50 PPM；硫化氫<10 PPM,30,27,26,1,0,0,0,0.963,2,低
2025-10,台中,C,C級,低危害,環境測定,測定頻率,上、下午施工前測定；A級或高風險作業需重複或連續測定；每小時/每兩小時紀錄表,30,25,24,1,0,0,0,0.96,2,低
2025-10,台中,C,C級,低危害,防火防爆,消防設備,是否有消防設備,30,27,26,1,0,0,0,0.963,2,低
2025-10,台中,C,C級,低危害,防火防爆,防爆安全工具,是否使用防爆電氣設備及安全工具,30,30,29,1,0,0,0,0.9667,2,低
2025-10,台中,C,C級,低危害,高處作業,防墜措施,設標準施工架、安全網、安全母索、安全帶,30,29,28,1,0,0,0,0.9655,2,低
2025-10,台中,C,C級,低危害,安全保護,個人防護具,是否有防護口罩、防毒面具、SCBA、防護手套、安全眼鏡、耳塞,30,28,27,1,0,0,0,0.9643,2,低
2025-10,台中,C,C級,低危害,警戒巡查,警戒標示,是否有警戒標示,30,27,27,0,0,0,0,1.0,0,低
2025-10,台中,C,C級,低危害,警戒巡查,巡查會簽,是否轄區、監造、安衛人員或工地負責人巡查會簽,30,25,25,0,0,0,0,1.0,0,低
2025-10,台中,C,C級,低危害,收工回簽,回簽收工確認,是否回簽時確認環境已整理並完成防護措施,30,27,26,1,0,0,0,0.963,2,低
2025-10,台中,C,C級,低危害,收工回簽,一般安全規定,是否遵守工安規定,30,29,28,1,0,0,0,0.9655,2,低
2025-10,台中,C,C級,低危害,收工回簽,現場紀錄,是否拍照,30,29,28,1,0,0,0,0.9655,2,低
2025-11,台中,A,A級,高危害,廠區,基本資料,工廠、日期、時間,24,24,23,1,0,0,0,0.9583,2,低
2025-11,台中,A,A級,高危害,許可證,許可資訊,工程作業分級、申請時間、核准工作時間、工作許可證編號,24,23,23,0,0,0,0,1.0,0,低
2025-11,台中,A,A級,高危害,施工地點,場地關係人,施工部門、轄區部門、監造部門,24,23,22,1,0,0,0,0.9565,2,低
2025-11,台中,A,A級,高危害,包商,承攬商與人員資格,承攬商、工作人數、車輛車號、工地負責人、安衛人員、特殊作業主管,24,21,20,1,0,0,0,0.9524,2,低
2025-11,台中,A,A級,高危害,危害等級,作業等級,施工地點、工程案號、工作內容、許可工作項目、作業分級,24,20,19,1,0,0,0,0.95,2,低
2025-11,台中,A,A級,高危害,危害等級,管線設備危害物,可燃性氣體、易燃液體、有害性氣體、化學藥劑、酸鹼、熱水蒸氣、空氣、其他,24,21,20,1,0,0,0,0.9524,2,低
2025-11,台中,A,A級,高危害,檢點與危害告知,簽發前安全檢點,是否安全檢點,24,24,23,1,0,0,0,0.9583,2,低
2025-11,台中,A,A級,高危害,檢點與危害告知,危害告知,是否危害告知,24,23,22,1,0,0,0,0.9565,2,低
2025-11,台中,A,A級,高危害,危害排除與隔離,環境危害排除,是否設備管線危害物排除,24,23,22,1,0,0,0,0.9565,2,低
2025-11,台中,A,A級,高危害,危害排除與隔離,隔離管制,設備管線是否加盲加鎖掛牌,24,22,21,1,0,0,0,0.9545,2,低
2025-11,台中,A,A級,高危害,環境測定,氣體偵測數值,可燃性氣體%、氧氣%、一氧化碳PPM、硫化氫PPM,24,23,21,2,1,1,0,0.913,16,中
2025-11,台中,A,A級,高危害,環境測定,測定基準,可燃性氣體 < 20%LEL；氧氣>= 18%；一氧化碳<50 PPM；硫化氫<10 PPM,24,22,21,1,0,0,0,0.9545,2,低
2025-11,台中,A,A級,高危害,環境測定,測定頻率,上、下午施工前測定；A級或高風險作業需重複或連續測定；每小時/每兩小時紀錄表,24,22,20,2,1,1,0,0.9091,16,中
2025-11,台中,A,A級,高危害,防火防爆,消防設備,是否有消防設備,24,21,20,1,0,0,0,0.9524,2,低
2025-11,台中,A,A級,高危害,防火防爆,防爆安全工具,是否使用防爆電氣設備及安全工具,24,20,19,1,0,0,0,0.95,2,低
2025-11,台中,A,A級,高危害,高處作業,防墜措施,設標準施工架、安全網、安全母索、安全帶,24,22,21,1,0,0,0,0.9545,2,低
2025-11,台中,A,A級,高危害,安全保護,個人防護具,是否有防護口罩、防毒面具、SCBA、防護手套、安全眼鏡、耳塞,24,24,23,1,0,0,0,0.9583,2,低
2025-11,台中,A,A級,高危害,警戒巡查,警戒標示,是否有警戒標示,24,22,21,1,0,0,0,0.9545,2,低
2025-11,台中,A,A級,高危害,警戒巡查,巡查會簽,是否轄區、監造、安衛人員或工地負責人巡查會簽,24,22,21,1,0,0,0,0.9545,2,低
2025-11,台中,A,A級,高危害,收工回簽,回簽收工確認,是否回簽時確認環境已整理並完成防護措施,24,23,22,1,0,0,0,0.9565,2,低
2025-11,台中,A,A級,高危害,收工回簽,一般安全規定,是否遵守工安規定,24,23,22,1,0,0,0,0.9565,2,低
2025-11,台中,A,A級,高危害,收工回簽,現場紀錄,是否拍照,24,21,20,1,0,0,0,0.9524,2,低
2025-11,台中,B,B級,中危害,廠區,基本資料,工廠、日期、時間,41,39,38,1,0,0,0,0.9744,2,低
2025-11,台中,B,B級,中危害,許可證,許可資訊,工程作業分級、申請時間、核准工作時間、工作許可證編號,41,34,33,1,0,0,0,0.9706,2,低
2025-11,台中,B,B級,中危害,施工地點,場地關係人,施工部門、轄區部門、監造部門,41,35,34,1,0,0,0,0.9714,2,低
2025-11,台中,B,B級,中危害,包商,承攬商與人員資格,承攬商、工作人數、車輛車號、工地負責人、安衛人員、特殊作業主管,41,36,35,1,0,0,0,0.9722,2,低
2025-11,台中,B,B級,中危害,危害等級,作業等級,施工地點、工程案號、工作內容、許可工作項目、作業分級,41,38,37,1,0,0,0,0.9737,2,低
2025-11,台中,B,B級,中危害,危害等級,管線設備危害物,可燃性氣體、易燃液體、有害性氣體、化學藥劑、酸鹼、熱水蒸氣、空氣、其他,41,35,34,1,0,0,0,0.9714,2,低
2025-11,台中,B,B級,中危害,檢點與危害告知,簽發前安全檢點,是否安全檢點,41,35,34,1,0,0,0,0.9714,2,低
2025-11,台中,B,B級,中危害,檢點與危害告知,危害告知,是否危害告知,41,36,35,1,0,0,0,0.9722,2,低
2025-11,台中,B,B級,中危害,危害排除與隔離,環境危害排除,是否設備管線危害物排除,41,35,34,1,0,0,0,0.9714,2,低
2025-11,台中,B,B級,中危害,危害排除與隔離,隔離管制,設備管線是否加盲加鎖掛牌,41,38,36,2,1,1,0,0.9474,16,中
2025-11,台中,B,B級,中危害,環境測定,氣體偵測數值,可燃性氣體%、氧氣%、一氧化碳PPM、硫化氫PPM,41,37,35,2,1,1,0,0.9459,16,中
2025-11,台中,B,B級,中危害,環境測定,測定基準,可燃性氣體 < 20%LEL；氧氣>= 18%；一氧化碳<50 PPM；硫化氫<10 PPM,41,39,37,2,1,1,0,0.9487,16,中
2025-11,台中,B,B級,中危害,環境測定,測定頻率,上、下午施工前測定；A級或高風險作業需重複或連續測定；每小時/每兩小時紀錄表,41,35,34,1,0,0,0,0.9714,2,低
2025-11,台中,B,B級,中危害,防火防爆,消防設備,是否有消防設備,41,39,37,2,1,1,0,0.9487,16,中
2025-11,台中,B,B級,中危害,防火防爆,防爆安全工具,是否使用防爆電氣設備及安全工具,41,38,37,1,0,0,0,0.9737,2,低
2025-11,台中,B,B級,中危害,高處作業,防墜措施,設標準施工架、安全網、安全母索、安全帶,41,34,33,1,0,0,0,0.9706,2,低
2025-11,台中,B,B級,中危害,安全保護,個人防護具,是否有防護口罩、防毒面具、SCBA、防護手套、安全眼鏡、耳塞,41,35,34,1,0,0,0,0.9714,2,低
2025-11,台中,B,B級,中危害,警戒巡查,警戒標示,是否有警戒標示,41,39,38,1,0,0,0,0.9744,2,低
2025-11,台中,B,B級,中危害,警戒巡查,巡查會簽,是否轄區、監造、安衛人員或工地負責人巡查會簽,41,39,38,1,0,0,0,0.9744,2,低
2025-11,台中,B,B級,中危害,收工回簽,回簽收工確認,是否回簽時確認環境已整理並完成防護措施,41,38,37,1,0,0,0,0.9737,2,低
2025-11,台中,B,B級,中危害,收工回簽,一般安全規定,是否遵守工安規定,41,38,37,1,0,0,0,0.9737,2,低
2025-11,台中,B,B級,中危害,收工回簽,現場紀錄,是否拍照,41,37,36,1,0,0,0,0.973,2,低
2025-11,台中,C,C級,低危害,廠區,基本資料,工廠、日期、時間,28,26,26,0,0,0,0,1.0,0,低
2025-11,台中,C,C級,低危害,許可證,許可資訊,工程作業分級、申請時間、核准工作時間、工作許可證編號,28,26,26,0,0,0,0,1.0,0,低
2025-11,台中,C,C級,低危害,施工地點,場地關係人,施工部門、轄區部門、監造部門,28,24,24,0,0,0,0,1.0,0,低
2025-11,台中,C,C級,低危害,包商,承攬商與人員資格,承攬商、工作人數、車輛車號、工地負責人、安衛人員、特殊作業主管,28,25,24,1,0,0,0,0.96,2,低
2025-11,台中,C,C級,低危害,危害等級,作業等級,施工地點、工程案號、工作內容、許可工作項目、作業分級,28,27,26,1,0,0,0,0.963,2,低
2025-11,台中,C,C級,低危害,危害等級,管線設備危害物,可燃性氣體、易燃液體、有害性氣體、化學藥劑、酸鹼、熱水蒸氣、空氣、其他,28,24,23,1,0,0,0,0.9583,2,低
2025-11,台中,C,C級,低危害,檢點與危害告知,簽發前安全檢點,是否安全檢點,28,25,25,0,0,0,0,1.0,0,低
2025-11,台中,C,C級,低危害,檢點與危害告知,危害告知,是否危害告知,28,24,23,1,0,0,0,0.9583,2,低
2025-11,台中,C,C級,低危害,危害排除與隔離,環境危害排除,是否設備管線危害物排除,28,25,24,1,0,1,0,0.96,5,低
2025-11,台中,C,C級,低危害,危害排除與隔離,隔離管制,設備管線是否加盲加鎖掛牌,28,25,24,1,0,0,0,0.96,2,低
2025-11,台中,C,C級,低危害,環境測定,氣體偵測數值,可燃性氣體%、氧氣%、一氧化碳PPM、硫化氫PPM,28,25,24,1,0,0,0,0.96,2,低
2025-11,台中,C,C級,低危害,環境測定,測定基準,可燃性氣體 < 20%LEL；氧氣>= 18%；一氧化碳<50 PPM；硫化氫<10 PPM,28,28,27,1,0,0,0,0.9643,2,低
2025-11,台中,C,C級,低危害,環境測定,測定頻率,上、下午施工前測定；A級或高風險作業需重複或連續測定；每小時/每兩小時紀錄表,28,27,26,1,0,0,0,0.963,2,低
2025-11,台中,C,C級,低危害,防火防爆,消防設備,是否有消防設備,28,25,24,1,0,0,0,0.96,2,低
2025-11,台中,C,C級,低危害,防火防爆,防爆安全工具,是否使用防爆電氣設備及安全工具,28,25,24,1,0,0,0,0.96,2,低
2025-11,台中,C,C級,低危害,高處作業,防墜措施,設標準施工架、安全網、安全母索、安全帶,28,27,26,1,0,0,0,0.963,2,低
2025-11,台中,C,C級,低危害,安全保護,個人防護具,是否有防護口罩、防毒面具、SCBA、防護手套、安全眼鏡、耳塞,28,27,27,0,0,0,0,1.0,0,低
2025-11,台中,C,C級,低危害,警戒巡查,警戒標示,是否有警戒標示,28,26,25,1,0,0,0,0.9615,2,低
2025-11,台中,C,C級,低危害,警戒巡查,巡查會簽,是否轄區、監造、安衛人員或工地負責人巡查會簽,28,27,26,1,0,0,0,0.963,2,低
2025-11,台中,C,C級,低危害,收工回簽,回簽收工確認,是否回簽時確認環境已整理並完成防護措施,28,23,22,1,0,0,0,0.9565,2,低
2025-11,台中,C,C級,低危害,收工回簽,一般安全規定,是否遵守工安規定,28,27,26,1,0,0,0,0.963,2,低
2025-11,台中,C,C級,低危害,收工回簽,現場紀錄,是否拍照,28,24,24,0,0,0,0,1.0,0,低
2025-12,台中,A,A級,高危害,廠區,基本資料,工廠、日期、時間,19,17,17,0,0,0,0,1.0,0,低
2025-12,台中,A,A級,高危害,許可證,許可資訊,工程作業分級、申請時間、核准工作時間、工作許可證編號,19,18,18,0,0,0,0,1.0,0,低
2025-12,台中,A,A級,高危害,施工地點,場地關係人,施工部門、轄區部門、監造部門,19,19,19,0,0,0,0,1.0,0,低
2025-12,台中,A,A級,高危害,包商,承攬商與人員資格,承攬商、工作人數、車輛車號、工地負責人、安衛人員、特殊作業主管,19,18,17,1,0,0,0,0.9444,2,低
2025-12,台中,A,A級,高危害,危害等級,作業等級,施工地點、工程案號、工作內容、許可工作項目、作業分級,19,18,17,1,0,0,0,0.9444,2,低
2025-12,台中,A,A級,高危害,危害等級,管線設備危害物,可燃性氣體、易燃液體、有害性氣體、化學藥劑、酸鹼、熱水蒸氣、空氣、其他,19,16,15,1,0,0,0,0.9375,2,低
2025-12,台中,A,A級,高危害,檢點與危害告知,簽發前安全檢點,是否安全檢點,19,18,17,1,0,0,0,0.9444,2,低
2025-12,台中,A,A級,高危害,檢點與危害告知,危害告知,是否危害告知,19,16,16,0,0,0,0,1.0,0,低
2025-12,台中,A,A級,高危害,危害排除與隔離,環境危害排除,是否設備管線危害物排除,19,18,17,1,0,1,0,0.9444,5,低
2025-12,台中,A,A級,高危害,危害排除與隔離,隔離管制,設備管線是否加盲加鎖掛牌,19,18,17,1,0,0,0,0.9444,2,低
2025-12,台中,A,A級,高危害,環境測定,氣體偵測數值,可燃性氣體%、氧氣%、一氧化碳PPM、硫化氫PPM,19,19,18,1,0,0,0,0.9474,2,低
2025-12,台中,A,A級,高危害,環境測定,測定基準,可燃性氣體 < 20%LEL；氧氣>= 18%；一氧化碳<50 PPM；硫化氫<10 PPM,19,17,16,1,0,0,0,0.9412,2,低
2025-12,台中,A,A級,高危害,環境測定,測定頻率,上、下午施工前測定；A級或高風險作業需重複或連續測定；每小時/每兩小時紀錄表,19,17,16,1,0,0,0,0.9412,2,低
2025-12,台中,A,A級,高危害,防火防爆,消防設備,是否有消防設備,19,16,15,1,0,0,0,0.9375,2,低
2025-12,台中,A,A級,高危害,防火防爆,防爆安全工具,是否使用防爆電氣設備及安全工具,19,16,15,1,0,0,0,0.9375,2,低
2025-12,台中,A,A級,高危害,高處作業,防墜措施,設標準施工架、安全網、安全母索、安全帶,19,17,16,1,0,0,0,0.9412,2,低
2025-12,台中,A,A級,高危害,安全保護,個人防護具,是否有防護口罩、防毒面具、SCBA、防護手套、安全眼鏡、耳塞,19,17,16,1,0,0,0,0.9412,2,低
2025-12,台中,A,A級,高危害,警戒巡查,警戒標示,是否有警戒標示,19,18,17,1,0,0,0,0.9444,2,低
2025-12,台中,A,A級,高危害,警戒巡查,巡查會簽,是否轄區、監造、安衛人員或工地負責人巡查會簽,19,19,18,1,0,0,0,0.9474,2,低
2025-12,台中,A,A級,高危害,收工回簽,回簽收工確認,是否回簽時確認環境已整理並完成防護措施,19,17,16,1,0,0,0,0.9412,2,低
2025-12,台中,A,A級,高危害,收工回簽,一般安全規定,是否遵守工安規定,19,16,15,1,0,0,0,0.9375,2,低
2025-12,台中,A,A級,高危害,收工回簽,現場紀錄,是否拍照,19,16,16,0,0,0,0,1.0,0,低
2025-12,台中,B,B級,中危害,廠區,基本資料,工廠、日期、時間,43,37,36,1,0,0,0,0.973,2,低
2025-12,台中,B,B級,中危害,許可證,許可資訊,工程作業分級、申請時間、核准工作時間、工作許可證編號,43,39,38,1,0,0,0,0.9744,2,低
2025-12,台中,B,B級,中危害,施工地點,場地關係人,施工部門、轄區部門、監造部門,43,40,39,1,0,0,0,0.975,2,低
2025-12,台中,B,B級,中危害,包商,承攬商與人員資格,承攬商、工作人數、車輛車號、工地負責人、安衛人員、特殊作業主管,43,38,37,1,0,0,0,0.9737,2,低
2025-12,台中,B,B級,中危害,危害等級,作業等級,施工地點、工程案號、工作內容、許可工作項目、作業分級,43,39,38,1,0,0,0,0.9744,2,低
2025-12,台中,B,B級,中危害,危害等級,管線設備危害物,可燃性氣體、易燃液體、有害性氣體、化學藥劑、酸鹼、熱水蒸氣、空氣、其他,43,37,36,1,0,0,0,0.973,2,低
2025-12,台中,B,B級,中危害,檢點與危害告知,簽發前安全檢點,是否安全檢點,43,40,39,1,0,0,0,0.975,2,低
2025-12,台中,B,B級,中危害,檢點與危害告知,危害告知,是否危害告知,43,41,40,1,0,0,0,0.9756,2,低
2025-12,台中,B,B級,中危害,危害排除與隔離,環境危害排除,是否設備管線危害物排除,43,39,38,1,0,1,0,0.9744,5,低
2025-12,台中,B,B級,中危害,危害排除與隔離,隔離管制,設備管線是否加盲加鎖掛牌,43,37,36,1,0,1,0,0.973,5,低
2025-12,台中,B,B級,中危害,環境測定,氣體偵測數值,可燃性氣體%、氧氣%、一氧化碳PPM、硫化氫PPM,43,36,35,1,0,0,0,0.9722,2,低
2025-12,台中,B,B級,中危害,環境測定,測定基準,可燃性氣體 < 20%LEL；氧氣>= 18%；一氧化碳<50 PPM；硫化氫<10 PPM,43,37,35,2,1,1,0,0.9459,16,中
2025-12,台中,B,B級,中危害,環境測定,測定頻率,上、下午施工前測定；A級或高風險作業需重複或連續測定；每小時/每兩小時紀錄表,43,41,40,1,0,0,0,0.9756,2,低
2025-12,台中,B,B級,中危害,防火防爆,消防設備,是否有消防設備,43,39,38,1,0,0,0,0.9744,2,低
2025-12,台中,B,B級,中危害,防火防爆,防爆安全工具,是否使用防爆電氣設備及安全工具,43,41,40,1,0,0,0,0.9756,2,低
2025-12,台中,B,B級,中危害,高處作業,防墜措施,設標準施工架、安全網、安全母索、安全帶,43,42,41,1,0,0,0,0.9762,2,低
2025-12,台中,B,B級,中危害,安全保護,個人防護具,是否有防護口罩、防毒面具、SCBA、防護手套、安全眼鏡、耳塞,43,43,42,1,0,0,0,0.9767,2,低
2025-12,台中,B,B級,中危害,警戒巡查,警戒標示,是否有警戒標示,43,38,37,1,0,0,0,0.9737,2,低
2025-12,台中,B,B級,中危害,警戒巡查,巡查會簽,是否轄區、監造、安衛人員或工地負責人巡查會簽,43,40,39,1,0,0,0,0.975,2,低
2025-12,台中,B,B級,中危害,收工回簽,回簽收工確認,是否回簽時確認環境已整理並完成防護措施,43,38,37,1,0,1,0,0.9737,5,低
2025-12,台中,B,B級,中危害,收工回簽,一般安全規定,是否遵守工安規定,43,43,42,1,0,0,0,0.9767,2,低
2025-12,台中,B,B級,中危害,收工回簽,現場紀錄,是否拍照,43,40,39,1,0,0,0,0.975,2,低
2025-12,台中,C,C級,低危害,廠區,基本資料,工廠、日期、時間,33,28,28,0,0,0,0,1.0,0,低
2025-12,台中,C,C級,低危害,許可證,許可資訊,工程作業分級、申請時間、核准工作時間、工作許可證編號,33,30,29,1,0,0,0,0.9667,2,低
2025-12,台中,C,C級,低危害,施工地點,場地關係人,施工部門、轄區部門、監造部門,33,28,27,1,0,0,0,0.9643,2,低
2025-12,台中,C,C級,低危害,包商,承攬商與人員資格,承攬商、工作人數、車輛車號、工地負責人、安衛人員、特殊作業主管,33,30,29,1,0,0,0,0.9667,2,低
2025-12,台中,C,C級,低危害,危害等級,作業等級,施工地點、工程案號、工作內容、許可工作項目、作業分級,33,30,29,1,0,0,0,0.9667,2,低
2025-12,台中,C,C級,低危害,危害等級,管線設備危害物,可燃性氣體、易燃液體、有害性氣體、化學藥劑、酸鹼、熱水蒸氣、空氣、其他,33,29,28,1,0,0,0,0.9655,2,低
2025-12,台中,C,C級,低危害,檢點與危害告知,簽發前安全檢點,是否安全檢點,33,32,31,1,0,0,0,0.9688,2,低
2025-12,台中,C,C級,低危害,檢點與危害告知,危害告知,是否危害告知,33,27,26,1,0,0,0,0.963,2,低
2025-12,台中,C,C級,低危害,危害排除與隔離,環境危害排除,是否設備管線危害物排除,33,30,29,1,0,0,0,0.9667,2,低
2025-12,台中,C,C級,低危害,危害排除與隔離,隔離管制,設備管線是否加盲加鎖掛牌,33,33,32,1,0,0,0,0.9697,2,低
2025-12,台中,C,C級,低危害,環境測定,氣體偵測數值,可燃性氣體%、氧氣%、一氧化碳PPM、硫化氫PPM,33,33,32,1,0,0,0,0.9697,2,低
2025-12,台中,C,C級,低危害,環境測定,測定基準,可燃性氣體 < 20%LEL；氧氣>= 18%；一氧化碳<50 PPM；硫化氫<10 PPM,33,28,27,1,0,0,0,0.9643,2,低
2025-12,台中,C,C級,低危害,環境測定,測定頻率,上、下午施工前測定；A級或高風險作業需重複或連續測定；每小時/每兩小時紀錄表,33,31,30,1,0,0,0,0.9677,2,低
2025-12,台中,C,C級,低危害,防火防爆,消防設備,是否有消防設備,33,31,30,1,0,0,0,0.9677,2,低
2025-12,台中,C,C級,低危害,防火防爆,防爆安全工具,是否使用防爆電氣設備及安全工具,33,30,29,1,0,0,0,0.9667,2,低
2025-12,台中,C,C級,低危害,高處作業,防墜措施,設標準施工架、安全網、安全母索、安全帶,33,32,31,1,0,0,0,0.9688,2,低
2025-12,台中,C,C級,低危害,安全保護,個人防護具,是否有防護口罩、防毒面具、SCBA、防護手套、安全眼鏡、耳塞,33,27,26,1,0,1,0,0.963,5,低
2025-12,台中,C,C級,低危害,警戒巡查,警戒標示,是否有警戒標示,33,28,27,1,0,1,0,0.9643,5,低
2025-12,台中,C,C級,低危害,警戒巡查,巡查會簽,是否轄區、監造、安衛人員或工地負責人巡查會簽,33,30,29,1,0,0,0,0.9667,2,低
2025-12,台中,C,C級,低危害,收工回簽,回簽收工確認,是否回簽時確認環境已整理並完成防護措施,33,29,29,0,0,0,0,1.0,0,低
2025-12,台中,C,C級,低危害,收工回簽,一般安全規定,是否遵守工安規定,33,33,32,1,0,0,0,0.9697,2,低
2025-12,台中,C,C級,低危害,收工回簽,現場紀錄,是否拍照,33,30,29,1,0,0,0,0.9667,2,低
2026-01,台中,A,A級,高危害,廠區,基本資料,工廠、日期、時間,20,18,18,0,0,0,0,1.0,0,低
2026-01,台中,A,A級,高危害,許可證,許可資訊,工程作業分級、申請時間、核准工作時間、工作許可證編號,20,19,19,0,0,0,0,1.0,0,低
2026-01,台中,A,A級,高危害,施工地點,場地關係人,施工部門、轄區部門、監造部門,20,16,16,0,0,0,0,1.0,0,低
2026-01,台中,A,A級,高危害,包商,承攬商與人員資格,承攬商、工作人數、車輛車號、工地負責人、安衛人員、特殊作業主管,20,17,16,1,0,1,0,0.9412,5,低
2026-01,台中,A,A級,高危害,危害等級,作業等級,施工地點、工程案號、工作內容、許可工作項目、作業分級,20,18,17,1,0,0,0,0.9444,2,低
2026-01,台中,A,A級,高危害,危害等級,管線設備危害物,可燃性氣體、易燃液體、有害性氣體、化學藥劑、酸鹼、熱水蒸氣、空氣、其他,20,18,17,1,0,0,0,0.9444,2,低
2026-01,台中,A,A級,高危害,檢點與危害告知,簽發前安全檢點,是否安全檢點,20,20,19,1,0,0,0,0.95,2,低
2026-01,台中,A,A級,高危害,檢點與危害告知,危害告知,是否危害告知,20,18,17,1,0,0,0,0.9444,2,低
2026-01,台中,A,A級,高危害,危害排除與隔離,環境危害排除,是否設備管線危害物排除,20,17,16,1,0,0,0,0.9412,2,低
2026-01,台中,A,A級,高危害,危害排除與隔離,隔離管制,設備管線是否加盲加鎖掛牌,20,18,17,1,0,0,0,0.9444,2,低
2026-01,台中,A,A級,高危害,環境測定,氣體偵測數值,可燃性氣體%、氧氣%、一氧化碳PPM、硫化氫PPM,20,17,16,1,0,0,0,0.9412,2,低
2026-01,台中,A,A級,高危害,環境測定,測定基準,可燃性氣體 < 20%LEL；氧氣>= 18%；一氧化碳<50 PPM；硫化氫<10 PPM,20,18,17,1,0,0,0,0.9444,2,低
2026-01,台中,A,A級,高危害,環境測定,測定頻率,上、下午施工前測定；A級或高風險作業需重複或連續測定；每小時/每兩小時紀錄表,20,18,17,1,0,0,0,0.9444,2,低
2026-01,台中,A,A級,高危害,防火防爆,消防設備,是否有消防設備,20,19,18,1,0,0,0,0.9474,2,低
2026-01,台中,A,A級,高危害,防火防爆,防爆安全工具,是否使用防爆電氣設備及安全工具,20,20,19,1,0,0,0,0.95,2,低
2026-01,台中,A,A級,高危害,高處作業,防墜措施,設標準施工架、安全網、安全母索、安全帶,20,17,16,1,0,0,0,0.9412,2,低
2026-01,台中,A,A級,高危害,安全保護,個人防護具,是否有防護口罩、防毒面具、SCBA、防護手套、安全眼鏡、耳塞,20,19,18,1,0,0,0,0.9474,2,低
2026-01,台中,A,A級,高危害,警戒巡查,警戒標示,是否有警戒標示,20,17,16,1,0,0,0,0.9412,2,低
2026-01,台中,A,A級,高危害,警戒巡查,巡查會簽,是否轄區、監造、安衛人員或工地負責人巡查會簽,20,19,18,1,0,1,0,0.9474,5,低
2026-01,台中,A,A級,高危害,收工回簽,回簽收工確認,是否回簽時確認環境已整理並完成防護措施,20,19,18,1,0,0,0,0.9474,2,低
2026-01,台中,A,A級,高危害,收工回簽,一般安全規定,是否遵守工安規定,20,20,20,0,0,0,0,1.0,0,低
2026-01,台中,A,A級,高危害,收工回簽,現場紀錄,是否拍照,20,19,18,1,0,0,0,0.9474,2,低
2026-01,台中,B,B級,中危害,廠區,基本資料,工廠、日期、時間,41,40,39,1,0,0,0,0.975,2,低
2026-01,台中,B,B級,中危害,許可證,許可資訊,工程作業分級、申請時間、核准工作時間、工作許可證編號,41,36,35,1,0,0,0,0.9722,2,低
2026-01,台中,B,B級,中危害,施工地點,場地關係人,施工部門、轄區部門、監造部門,41,38,37,1,0,0,0,0.9737,2,低
2026-01,台中,B,B級,中危害,包商,承攬商與人員資格,承攬商、工作人數、車輛車號、工地負責人、安衛人員、特殊作業主管,41,37,36,1,0,0,0,0.973,2,低
2026-01,台中,B,B級,中危害,危害等級,作業等級,施工地點、工程案號、工作內容、許可工作項目、作業分級,41,40,39,1,0,0,0,0.975,2,低
2026-01,台中,B,B級,中危害,危害等級,管線設備危害物,可燃性氣體、易燃液體、有害性氣體、化學藥劑、酸鹼、熱水蒸氣、空氣、其他,41,38,37,1,0,0,0,0.9737,2,低
2026-01,台中,B,B級,中危害,檢點與危害告知,簽發前安全檢點,是否安全檢點,41,41,40,1,0,0,0,0.9756,2,低
2026-01,台中,B,B級,中危害,檢點與危害告知,危害告知,是否危害告知,41,36,35,1,0,0,0,0.9722,2,低
2026-01,台中,B,B級,中危害,危害排除與隔離,環境危害排除,是否設備管線危害物排除,41,40,39,1,0,0,0,0.975,2,低
2026-01,台中,B,B級,中危害,危害排除與隔離,隔離管制,設備管線是否加盲加鎖掛牌,41,34,33,1,0,0,0,0.9706,2,低
2026-01,台中,B,B級,中危害,環境測定,氣體偵測數值,可燃性氣體%、氧氣%、一氧化碳PPM、硫化氫PPM,41,35,33,2,1,1,0,0.9429,16,中
2026-01,台中,B,B級,中危害,環境測定,測定基準,可燃性氣體 < 20%LEL；氧氣>= 18%；一氧化碳<50 PPM；硫化氫<10 PPM,41,40,39,1,0,1,0,0.975,5,低
2026-01,台中,B,B級,中危害,環境測定,測定頻率,上、下午施工前測定；A級或高風險作業需重複或連續測定；每小時/每兩小時紀錄表,41,39,37,2,1,1,0,0.9487,16,中
2026-01,台中,B,B級,中危害,防火防爆,消防設備,是否有消防設備,41,36,35,1,0,0,0,0.9722,2,低
2026-01,台中,B,B級,中危害,防火防爆,防爆安全工具,是否使用防爆電氣設備及安全工具,41,37,36,1,0,0,0,0.973,2,低
2026-01,台中,B,B級,中危害,高處作業,防墜措施,設標準施工架、安全網、安全母索、安全帶,41,39,38,1,0,1,0,0.9744,5,低
2026-01,台中,B,B級,中危害,安全保護,個人防護具,是否有防護口罩、防毒面具、SCBA、防護手套、安全眼鏡、耳塞,41,38,37,1,0,0,0,0.9737,2,低
2026-01,台中,B,B級,中危害,警戒巡查,警戒標示,是否有警戒標示,41,34,33,1,0,0,0,0.9706,2,低
2026-01,台中,B,B級,中危害,警戒巡查,巡查會簽,是否轄區、監造、安衛人員或工地負責人巡查會簽,41,36,35,1,0,0,0,0.9722,2,低
2026-01,台中,B,B級,中危害,收工回簽,回簽收工確認,是否回簽時確認環境已整理並完成防護措施,41,37,36,1,0,0,0,0.973,2,低
2026-01,台中,B,B級,中危害,收工回簽,一般安全規定,是否遵守工安規定,41,36,35,1,0,0,0,0.9722,2,低
2026-01,台中,B,B級,中危害,收工回簽,現場紀錄,是否拍照,41,38,37,1,0,1,0,0.9737,5,低
2026-01,台中,C,C級,低危害,廠區,基本資料,工廠、日期、時間,32,26,26,0,0,0,0,1.0,0,低
2026-01,台中,C,C級,低危害,許可證,許可資訊,工程作業分級、申請時間、核准工作時間、工作許可證編號,32,27,27,0,0,0,0,1.0,0,低
2026-01,台中,C,C級,低危害,施工地點,場地關係人,施工部門、轄區部門、監造部門,32,29,28,1,0,0,0,0.9655,2,低
2026-01,台中,C,C級,低危害,包商,承攬商與人員資格,承攬商、工作人數、車輛車號、工地負責人、安衛人員、特殊作業主管,32,32,31,1,0,0,0,0.9688,2,低
2026-01,台中,C,C級,低危害,危害等級,作業等級,施工地點、工程案號、工作內容、許可工作項目、作業分級,32,32,31,1,0,0,0,0.9688,2,低
2026-01,台中,C,C級,低危害,危害等級,管線設備危害物,可燃性氣體、易燃液體、有害性氣體、化學藥劑、酸鹼、熱水蒸氣、空氣、其他,32,28,27,1,0,0,0,0.9643,2,低
2026-01,台中,C,C級,低危害,檢點與危害告知,簽發前安全檢點,是否安全檢點,32,30,29,1,0,0,0,0.9667,2,低
2026-01,台中,C,C級,低危害,檢點與危害告知,危害告知,是否危害告知,32,27,27,0,0,0,0,1.0,0,低
2026-01,台中,C,C級,低危害,危害排除與隔離,環境危害排除,是否設備管線危害物排除,32,29,28,1,0,0,0,0.9655,2,低
2026-01,台中,C,C級,低危害,危害排除與隔離,隔離管制,設備管線是否加盲加鎖掛牌,32,31,30,1,0,0,0,0.9677,2,低
2026-01,台中,C,C級,低危害,環境測定,氣體偵測數值,可燃性氣體%、氧氣%、一氧化碳PPM、硫化氫PPM,32,29,28,1,0,0,0,0.9655,2,低
2026-01,台中,C,C級,低危害,環境測定,測定基準,可燃性氣體 < 20%LEL；氧氣>= 18%；一氧化碳<50 PPM；硫化氫<10 PPM,32,28,27,1,0,0,0,0.9643,2,低
2026-01,台中,C,C級,低危害,環境測定,測定頻率,上、下午施工前測定；A級或高風險作業需重複或連續測定；每小時/每兩小時紀錄表,32,27,26,1,0,0,0,0.963,2,低
2026-01,台中,C,C級,低危害,防火防爆,消防設備,是否有消防設備,32,28,27,1,0,0,0,0.9643,2,低
2026-01,台中,C,C級,低危害,防火防爆,防爆安全工具,是否使用防爆電氣設備及安全工具,32,26,25,1,0,0,0,0.9615,2,低
2026-01,台中,C,C級,低危害,高處作業,防墜措施,設標準施工架、安全網、安全母索、安全帶,32,28,27,1,0,0,0,0.9643,2,低
2026-01,台中,C,C級,低危害,安全保護,個人防護具,是否有防護口罩、防毒面具、SCBA、防護手套、安全眼鏡、耳塞,32,31,30,1,0,0,0,0.9677,2,低
2026-01,台中,C,C級,低危害,警戒巡查,警戒標示,是否有警戒標示,32,28,27,1,0,0,0,0.9643,2,低
2026-01,台中,C,C級,低危害,警戒巡查,巡查會簽,是否轄區、監造、安衛人員或工地負責人巡查會簽,32,31,30,1,0,0,0,0.9677,2,低
2026-01,台中,C,C級,低危害,收工回簽,回簽收工確認,是否回簽時確認環境已整理並完成防護措施,32,32,31,1,0,0,0,0.9688,2,低
2026-01,台中,C,C級,低危害,收工回簽,一般安全規定,是否遵守工安規定,32,31,30,1,0,0,0,0.9677,2,低
2026-01,台中,C,C級,低危害,收工回簽,現場紀錄,是否拍照,32,31,30,1,0,0,0,0.9677,2,低
2026-02,台中,A,A級,高危害,廠區,基本資料,工廠、日期、時間,24,20,20,0,0,0,0,1.0,0,低
2026-02,台中,A,A級,高危害,許可證,許可資訊,工程作業分級、申請時間、核准工作時間、工作許可證編號,24,21,20,1,0,0,0,0.9524,2,低
2026-02,台中,A,A級,高危害,施工地點,場地關係人,施工部門、轄區部門、監造部門,24,23,22,1,0,0,0,0.9565,2,低
2026-02,台中,A,A級,高危害,包商,承攬商與人員資格,承攬商、工作人數、車輛車號、工地負責人、安衛人員、特殊作業主管,24,21,20,1,0,0,0,0.9524,2,低
2026-02,台中,A,A級,高危害,危害等級,作業等級,施工地點、工程案號、工作內容、許可工作項目、作業分級,24,23,22,1,0,0,0,0.9565,2,低
2026-02,台中,A,A級,高危害,危害等級,管線設備危害物,可燃性氣體、易燃液體、有害性氣體、化學藥劑、酸鹼、熱水蒸氣、空氣、其他,24,24,23,1,0,0,0,0.9583,2,低
2026-02,台中,A,A級,高危害,檢點與危害告知,簽發前安全檢點,是否安全檢點,24,23,22,1,0,0,0,0.9565,2,低
2026-02,台中,A,A級,高危害,檢點與危害告知,危害告知,是否危害告知,24,23,22,1,0,0,0,0.9565,2,低
2026-02,台中,A,A級,高危害,危害排除與隔離,環境危害排除,是否設備管線危害物排除,24,24,23,1,0,1,0,0.9583,5,低
2026-02,台中,A,A級,高危害,危害排除與隔離,隔離管制,設備管線是否加盲加鎖掛牌,24,21,20,1,0,0,0,0.9524,2,低
2026-02,台中,A,A級,高危害,環境測定,氣體偵測數值,可燃性氣體%、氧氣%、一氧化碳PPM、硫化氫PPM,24,21,20,1,0,0,0,0.9524,2,低
2026-02,台中,A,A級,高危害,環境測定,測定基準,可燃性氣體 < 20%LEL；氧氣>= 18%；一氧化碳<50 PPM；硫化氫<10 PPM,24,23,22,1,0,0,0,0.9565,2,低
2026-02,台中,A,A級,高危害,環境測定,測定頻率,上、下午施工前測定；A級或高風險作業需重複或連續測定；每小時/每兩小時紀錄表,24,23,22,1,0,1,0,0.9565,5,低
2026-02,台中,A,A級,高危害,防火防爆,消防設備,是否有消防設備,24,23,22,1,0,0,0,0.9565,2,低
2026-02,台中,A,A級,高危害,防火防爆,防爆安全工具,是否使用防爆電氣設備及安全工具,24,22,21,1,0,0,0,0.9545,2,低
2026-02,台中,A,A級,高危害,高處作業,防墜措施,設標準施工架、安全網、安全母索、安全帶,24,21,20,1,0,0,0,0.9524,2,低
2026-02,台中,A,A級,高危害,安全保護,個人防護具,是否有防護口罩、防毒面具、SCBA、防護手套、安全眼鏡、耳塞,24,20,19,1,0,0,0,0.95,2,低
2026-02,台中,A,A級,高危害,警戒巡查,警戒標示,是否有警戒標示,24,20,19,1,0,0,0,0.95,2,低
2026-02,台中,A,A級,高危害,警戒巡查,巡查會簽,是否轄區、監造、安衛人員或工地負責人巡查會簽,24,23,22,1,0,0,0,0.9565,2,低
2026-02,台中,A,A級,高危害,收工回簽,回簽收工確認,是否回簽時確認環境已整理並完成防護措施,24,22,21,1,0,0,0,0.9545,2,低
2026-02,台中,A,A級,高危害,收工回簽,一般安全規定,是否遵守工安規定,24,20,19,1,0,0,0,0.95,2,低
2026-02,台中,A,A級,高危害,收工回簽,現場紀錄,是否拍照,24,24,23,1,0,0,0,0.9583,2,低
2026-02,台中,B,B級,中危害,廠區,基本資料,工廠、日期、時間,45,38,37,1,0,0,0,0.9737,2,低
2026-02,台中,B,B級,中危害,許可證,許可資訊,工程作業分級、申請時間、核准工作時間、工作許可證編號,45,43,42,1,0,0,0,0.9767,2,低
2026-02,台中,B,B級,中危害,施工地點,場地關係人,施工部門、轄區部門、監造部門,45,45,44,1,0,0,0,0.9778,2,低
2026-02,台中,B,B級,中危害,包商,承攬商與人員資格,承攬商、工作人數、車輛車號、工地負責人、安衛人員、特殊作業主管,45,39,38,1,0,0,0,0.9744,2,低
2026-02,台中,B,B級,中危害,危害等級,作業等級,施工地點、工程案號、工作內容、許可工作項目、作業分級,45,40,39,1,0,0,0,0.975,2,低
2026-02,台中,B,B級,中危害,危害等級,管線設備危害物,可燃性氣體、易燃液體、有害性氣體、化學藥劑、酸鹼、熱水蒸氣、空氣、其他,45,41,39,2,0,1,0,0.9512,7,低
2026-02,台中,B,B級,中危害,檢點與危害告知,簽發前安全檢點,是否安全檢點,45,37,36,1,0,0,0,0.973,2,低
2026-02,台中,B,B級,中危害,檢點與危害告知,危害告知,是否危害告知,45,41,40,1,0,0,0,0.9756,2,低
2026-02,台中,B,B級,中危害,危害排除與隔離,環境危害排除,是否設備管線危害物排除,45,45,44,1,0,0,0,0.9778,2,低
2026-02,台中,B,B級,中危害,危害排除與隔離,隔離管制,設備管線是否加盲加鎖掛牌,45,39,38,1,0,0,0,0.9744,2,低
2026-02,台中,B,B級,中危害,環境測定,氣體偵測數值,可燃性氣體%、氧氣%、一氧化碳PPM、硫化氫PPM,45,44,42,2,1,1,0,0.9545,16,中
2026-02,台中,B,B級,中危害,環境測定,測定基準,可燃性氣體 < 20%LEL；氧氣>= 18%；一氧化碳<50 PPM；硫化氫<10 PPM,45,42,41,1,0,0,0,0.9762,2,低
2026-02,台中,B,B級,中危害,環境測定,測定頻率,上、下午施工前測定；A級或高風險作業需重複或連續測定；每小時/每兩小時紀錄表,45,44,43,1,0,0,0,0.9773,2,低
2026-02,台中,B,B級,中危害,防火防爆,消防設備,是否有消防設備,45,44,43,1,0,0,0,0.9773,2,低
2026-02,台中,B,B級,中危害,防火防爆,防爆安全工具,是否使用防爆電氣設備及安全工具,45,44,42,2,1,0,0,0.9545,13,低
2026-02,台中,B,B級,中危害,高處作業,防墜措施,設標準施工架、安全網、安全母索、安全帶,45,44,42,2,1,0,0,0.9545,13,低
2026-02,台中,B,B級,中危害,安全保護,個人防護具,是否有防護口罩、防毒面具、SCBA、防護手套、安全眼鏡、耳塞,45,44,43,1,0,0,0,0.9773,2,低
2026-02,台中,B,B級,中危害,警戒巡查,警戒標示,是否有警戒標示,45,44,43,1,0,0,0,0.9773,2,低
2026-02,台中,B,B級,中危害,警戒巡查,巡查會簽,是否轄區、監造、安衛人員或工地負責人巡查會簽,45,44,42,2,0,1,0,0.9545,7,低
2026-02,台中,B,B級,中危害,收工回簽,回簽收工確認,是否回簽時確認環境已整理並完成防護措施,45,39,38,1,0,0,0,0.9744,2,低
2026-02,台中,B,B級,中危害,收工回簽,一般安全規定,是否遵守工安規定,45,41,40,1,0,0,0,0.9756,2,低
2026-02,台中,B,B級,中危害,收工回簽,現場紀錄,是否拍照,45,42,41,1,0,0,0,0.9762,2,低
2026-02,台中,C,C級,低危害,廠區,基本資料,工廠、日期、時間,32,30,30,0,0,0,0,1.0,0,低
2026-02,台中,C,C級,低危害,許可證,許可資訊,工程作業分級、申請時間、核准工作時間、工作許可證編號,32,30,29,1,0,0,0,0.9667,2,低
2026-02,台中,C,C級,低危害,施工地點,場地關係人,施工部門、轄區部門、監造部門,32,28,28,0,0,0,0,1.0,0,低
2026-02,台中,C,C級,低危害,包商,承攬商與人員資格,承攬商、工作人數、車輛車號、工地負責人、安衛人員、特殊作業主管,32,30,29,1,0,0,0,0.9667,2,低
2026-02,台中,C,C級,低危害,危害等級,作業等級,施工地點、工程案號、工作內容、許可工作項目、作業分級,32,27,26,1,0,1,0,0.963,5,低
2026-02,台中,C,C級,低危害,危害等級,管線設備危害物,可燃性氣體、易燃液體、有害性氣體、化學藥劑、酸鹼、熱水蒸氣、空氣、其他,32,30,29,1,0,0,0,0.9667,2,低
2026-02,台中,C,C級,低危害,檢點與危害告知,簽發前安全檢點,是否安全檢點,32,31,30,1,0,0,0,0.9677,2,低
2026-02,台中,C,C級,低危害,檢點與危害告知,危害告知,是否危害告知,32,27,26,1,0,0,0,0.963,2,低
2026-02,台中,C,C級,低危害,危害排除與隔離,環境危害排除,是否設備管線危害物排除,32,30,29,1,0,0,0,0.9667,2,低
2026-02,台中,C,C級,低危害,危害排除與隔離,隔離管制,設備管線是否加盲加鎖掛牌,32,32,31,1,0,0,0,0.9688,2,低
2026-02,台中,C,C級,低危害,環境測定,氣體偵測數值,可燃性氣體%、氧氣%、一氧化碳PPM、硫化氫PPM,32,28,27,1,0,0,0,0.9643,2,低
2026-02,台中,C,C級,低危害,環境測定,測定基準,可燃性氣體 < 20%LEL；氧氣>= 18%；一氧化碳<50 PPM；硫化氫<10 PPM,32,30,29,1,0,0,0,0.9667,2,低
2026-02,台中,C,C級,低危害,環境測定,測定頻率,上、下午施工前測定；A級或高風險作業需重複或連續測定；每小時/每兩小時紀錄表,32,31,30,1,0,0,0,0.9677,2,低
2026-02,台中,C,C級,低危害,防火防爆,消防設備,是否有消防設備,32,32,31,1,0,0,0,0.9688,2,低
2026-02,台中,C,C級,低危害,防火防爆,防爆安全工具,是否使用防爆電氣設備及安全工具,32,28,27,1,0,0,0,0.9643,2,低
2026-02,台中,C,C級,低危害,高處作業,防墜措施,設標準施工架、安全網、安全母索、安全帶,32,31,30,1,0,0,0,0.9677,2,低
2026-02,台中,C,C級,低危害,安全保護,個人防護具,是否有防護口罩、防毒面具、SCBA、防護手套、安全眼鏡、耳塞,32,31,30,1,0,0,0,0.9677,2,低
2026-02,台中,C,C級,低危害,警戒巡查,警戒標示,是否有警戒標示,32,28,27,1,0,1,0,0.9643,5,低
2026-02,台中,C,C級,低危害,警戒巡查,巡查會簽,是否轄區、監造、安衛人員或工地負責人巡查會簽,32,27,26,1,0,0,0,0.963,2,低
2026-02,台中,C,C級,低危害,收工回簽,回簽收工確認,是否回簽時確認環境已整理並完成防護措施,32,26,25,1,0,0,0,0.9615,2,低
2026-02,台中,C,C級,低危害,收工回簽,一般安全規定,是否遵守工安規定,32,29,28,1,0,0,0,0.9655,2,低
2026-02,台中,C,C級,低危害,收工回簽,現場紀錄,是否拍照,32,30,29,1,0,0,0,0.9667,2,低
2026-03,台中,A,A級,高危害,廠區,基本資料,工廠、日期、時間,20,18,18,0,0,0,0,1.0,0,低
2026-03,台中,A,A級,高危害,許可證,許可資訊,工程作業分級、申請時間、核准工作時間、工作許可證編號,20,19,18,1,0,0,0,0.9474,2,低
2026-03,台中,A,A級,高危害,施工地點,場地關係人,施工部門、轄區部門、監造部門,20,19,18,1,0,0,0,0.9474,2,低
2026-03,台中,A,A級,高危害,包商,承攬商與人員資格,承攬商、工作人數、車輛車號、工地負責人、安衛人員、特殊作業主管,20,17,16,1,0,1,0,0.9412,5,低
2026-03,台中,A,A級,高危害,危害等級,作業等級,施工地點、工程案號、工作內容、許可工作項目、作業分級,20,17,16,1,0,0,0,0.9412,2,低
2026-03,台中,A,A級,高危害,危害等級,管線設備危害物,可燃性氣體、易燃液體、有害性氣體、化學藥劑、酸鹼、熱水蒸氣、空氣、其他,20,17,16,1,0,0,0,0.9412,2,低
2026-03,台中,A,A級,高危害,檢點與危害告知,簽發前安全檢點,是否安全檢點,20,18,17,1,0,0,0,0.9444,2,低
2026-03,台中,A,A級,高危害,檢點與危害告知,危害告知,是否危害告知,20,19,18,1,0,0,0,0.9474,2,低
2026-03,台中,A,A級,高危害,危害排除與隔離,環境危害排除,是否設備管線危害物排除,20,16,15,1,0,0,0,0.9375,2,低
2026-03,台中,A,A級,高危害,危害排除與隔離,隔離管制,設備管線是否加盲加鎖掛牌,20,16,15,1,0,0,0,0.9375,2,低
2026-03,台中,A,A級,高危害,環境測定,氣體偵測數值,可燃性氣體%、氧氣%、一氧化碳PPM、硫化氫PPM,20,18,17,1,0,0,0,0.9444,2,低
2026-03,台中,A,A級,高危害,環境測定,測定基準,可燃性氣體 < 20%LEL；氧氣>= 18%；一氧化碳<50 PPM；硫化氫<10 PPM,20,17,16,1,0,0,0,0.9412,2,低
2026-03,台中,A,A級,高危害,環境測定,測定頻率,上、下午施工前測定；A級或高風險作業需重複或連續測定；每小時/每兩小時紀錄表,20,19,18,1,0,1,0,0.9474,5,低
2026-03,台中,A,A級,高危害,防火防爆,消防設備,是否有消防設備,20,19,18,1,0,0,0,0.9474,2,低
2026-03,台中,A,A級,高危害,防火防爆,防爆安全工具,是否使用防爆電氣設備及安全工具,20,18,17,1,0,0,0,0.9444,2,低
2026-03,台中,A,A級,高危害,高處作業,防墜措施,設標準施工架、安全網、安全母索、安全帶,20,19,18,1,0,0,0,0.9474,2,低
2026-03,台中,A,A級,高危害,安全保護,個人防護具,是否有防護口罩、防毒面具、SCBA、防護手套、安全眼鏡、耳塞,20,20,19,1,0,0,0,0.95,2,低
2026-03,台中,A,A級,高危害,警戒巡查,警戒標示,是否有警戒標示,20,20,19,1,0,0,0,0.95,2,低
2026-03,台中,A,A級,高危害,警戒巡查,巡查會簽,是否轄區、監造、安衛人員或工地負責人巡查會簽,20,20,19,1,0,0,0,0.95,2,低
2026-03,台中,A,A級,高危害,收工回簽,回簽收工確認,是否回簽時確認環境已整理並完成防護措施,20,17,17,0,0,0,0,1.0,0,低
2026-03,台中,A,A級,高危害,收工回簽,一般安全規定,是否遵守工安規定,20,19,19,0,0,0,0,1.0,0,低
2026-03,台中,A,A級,高危害,收工回簽,現場紀錄,是否拍照,20,19,18,1,0,0,0,0.9474,2,低
2026-03,台中,B,B級,中危害,廠區,基本資料,工廠、日期、時間,47,45,44,1,0,0,0,0.9778,2,低
2026-03,台中,B,B級,中危害,許可證,許可資訊,工程作業分級、申請時間、核准工作時間、工作許可證編號,47,40,39,1,0,0,0,0.975,2,低
2026-03,台中,B,B級,中危害,施工地點,場地關係人,施工部門、轄區部門、監造部門,47,40,39,1,0,0,0,0.975,2,低
2026-03,台中,B,B級,中危害,包商,承攬商與人員資格,承攬商、工作人數、車輛車號、工地負責人、安衛人員、特殊作業主管,47,39,38,1,0,0,0,0.9744,2,低
2026-03,台中,B,B級,中危害,危害等級,作業等級,施工地點、工程案號、工作內容、許可工作項目、作業分級,47,40,39,1,0,0,0,0.975,2,低
2026-03,台中,B,B級,中危害,危害等級,管線設備危害物,可燃性氣體、易燃液體、有害性氣體、化學藥劑、酸鹼、熱水蒸氣、空氣、其他,47,41,40,1,0,0,0,0.9756,2,低
2026-03,台中,B,B級,中危害,檢點與危害告知,簽發前安全檢點,是否安全檢點,47,42,41,1,0,0,0,0.9762,2,低
2026-03,台中,B,B級,中危害,檢點與危害告知,危害告知,是否危害告知,47,44,43,1,0,0,0,0.9773,2,低
2026-03,台中,B,B級,中危害,危害排除與隔離,環境危害排除,是否設備管線危害物排除,47,43,42,1,0,0,0,0.9767,2,低
2026-03,台中,B,B級,中危害,危害排除與隔離,隔離管制,設備管線是否加盲加鎖掛牌,47,40,38,2,1,1,0,0.95,16,中
2026-03,台中,B,B級,中危害,環境測定,氣體偵測數值,可燃性氣體%、氧氣%、一氧化碳PPM、硫化氫PPM,47,39,37,2,1,0,0,0.9487,13,低
2026-03,台中,B,B級,中危害,環境測定,測定基準,可燃性氣體 < 20%LEL；氧氣>= 18%；一氧化碳<50 PPM；硫化氫<10 PPM,47,42,41,1,0,0,0,0.9762,2,低
2026-03,台中,B,B級,中危害,環境測定,測定頻率,上、下午施工前測定；A級或高風險作業需重複或連續測定；每小時/每兩小時紀錄表,47,46,45,1,0,0,0,0.9783,2,低
2026-03,台中,B,B級,中危害,防火防爆,消防設備,是否有消防設備,47,41,40,1,0,0,0,0.9756,2,低
2026-03,台中,B,B級,中危害,防火防爆,防爆安全工具,是否使用防爆電氣設備及安全工具,47,41,40,1,0,0,0,0.9756,2,低
2026-03,台中,B,B級,中危害,高處作業,防墜措施,設標準施工架、安全網、安全母索、安全帶,47,42,41,1,0,0,0,0.9762,2,低
2026-03,台中,B,B級,中危害,安全保護,個人防護具,是否有防護口罩、防毒面具、SCBA、防護手套、安全眼鏡、耳塞,47,39,38,1,0,0,0,0.9744,2,低
2026-03,台中,B,B級,中危害,警戒巡查,警戒標示,是否有警戒標示,47,39,38,1,0,1,0,0.9744,5,低
2026-03,台中,B,B級,中危害,警戒巡查,巡查會簽,是否轄區、監造、安衛人員或工地負責人巡查會簽,47,39,38,1,0,0,0,0.9744,2,低
2026-03,台中,B,B級,中危害,收工回簽,回簽收工確認,是否回簽時確認環境已整理並完成防護措施,47,41,40,1,0,0,0,0.9756,2,低
2026-03,台中,B,B級,中危害,收工回簽,一般安全規定,是否遵守工安規定,47,39,38,1,0,0,0,0.9744,2,低
2026-03,台中,B,B級,中危害,收工回簽,現場紀錄,是否拍照,47,40,39,1,0,0,0,0.975,2,低
2026-03,台中,C,C級,低危害,廠區,基本資料,工廠、日期、時間,38,35,34,1,0,0,0,0.9714,2,低
2026-03,台中,C,C級,低危害,許可證,許可資訊,工程作業分級、申請時間、核准工作時間、工作許可證編號,38,34,34,0,0,0,0,1.0,0,低
2026-03,台中,C,C級,低危害,施工地點,場地關係人,施工部門、轄區部門、監造部門,38,32,32,0,0,0,0,1.0,0,低
2026-03,台中,C,C級,低危害,包商,承攬商與人員資格,承攬商、工作人數、車輛車號、工地負責人、安衛人員、特殊作業主管,38,37,36,1,0,0,0,0.973,2,低
2026-03,台中,C,C級,低危害,危害等級,作業等級,施工地點、工程案號、工作內容、許可工作項目、作業分級,38,38,37,1,0,0,0,0.9737,2,低
2026-03,台中,C,C級,低危害,危害等級,管線設備危害物,可燃性氣體、易燃液體、有害性氣體、化學藥劑、酸鹼、熱水蒸氣、空氣、其他,38,32,31,1,0,0,0,0.9688,2,低
2026-03,台中,C,C級,低危害,檢點與危害告知,簽發前安全檢點,是否安全檢點,38,32,31,1,0,0,0,0.9688,2,低
2026-03,台中,C,C級,低危害,檢點與危害告知,危害告知,是否危害告知,38,32,31,1,0,0,0,0.9688,2,低
2026-03,台中,C,C級,低危害,危害排除與隔離,環境危害排除,是否設備管線危害物排除,38,35,34,1,0,0,0,0.9714,2,低
2026-03,台中,C,C級,低危害,危害排除與隔離,隔離管制,設備管線是否加盲加鎖掛牌,38,35,34,1,0,0,0,0.9714,2,低
2026-03,台中,C,C級,低危害,環境測定,氣體偵測數值,可燃性氣體%、氧氣%、一氧化碳PPM、硫化氫PPM,38,36,35,1,0,0,0,0.9722,2,低
2026-03,台中,C,C級,低危害,環境測定,測定基準,可燃性氣體 < 20%LEL；氧氣>= 18%；一氧化碳<50 PPM；硫化氫<10 PPM,38,34,33,1,0,0,0,0.9706,2,低
2026-03,台中,C,C級,低危害,環境測定,測定頻率,上、下午施工前測定；A級或高風險作業需重複或連續測定；每小時/每兩小時紀錄表,38,31,30,1,0,0,0,0.9677,2,低
2026-03,台中,C,C級,低危害,防火防爆,消防設備,是否有消防設備,38,38,37,1,0,0,0,0.9737,2,低
2026-03,台中,C,C級,低危害,防火防爆,防爆安全工具,是否使用防爆電氣設備及安全工具,38,37,36,1,0,0,0,0.973,2,低
2026-03,台中,C,C級,低危害,高處作業,防墜措施,設標準施工架、安全網、安全母索、安全帶,38,32,31,1,0,0,0,0.9688,2,低
2026-03,台中,C,C級,低危害,安全保護,個人防護具,是否有防護口罩、防毒面具、SCBA、防護手套、安全眼鏡、耳塞,38,33,32,1,0,0,0,0.9697,2,低
2026-03,台中,C,C級,低危害,警戒巡查,警戒標示,是否有警戒標示,38,35,34,1,0,0,0,0.9714,2,低
2026-03,台中,C,C級,低危害,警戒巡查,巡查會簽,是否轄區、監造、安衛人員或工地負責人巡查會簽,38,33,32,1,0,0,0,0.9697,2,低
2026-03,台中,C,C級,低危害,收工回簽,回簽收工確認,是否回簽時確認環境已整理並完成防護措施,38,33,32,1,0,0,0,0.9697,2,低
2026-03,台中,C,C級,低危害,收工回簽,一般安全規定,是否遵守工安規定,38,33,32,1,0,0,0,0.9697,2,低
2026-03,台中,C,C級,低危害,收工回簽,現場紀錄,是否拍照,38,38,37,1,0,0,0,0.9737,2,低
2026-04,台中,A,A級,高危害,廠區,基本資料,工廠、日期、時間,24,23,23,0,0,0,0,1.0,0,低
2026-04,台中,A,A級,高危害,許可證,許可資訊,工程作業分級、申請時間、核准工作時間、工作許可證編號,24,20,20,0,0,0,0,1.0,0,低
2026-04,台中,A,A級,高危害,施工地點,場地關係人,施工部門、轄區部門、監造部門,24,21,20,1,0,0,0,0.9524,2,低
2026-04,台中,A,A級,高危害,包商,承攬商與人員資格,承攬商、工作人數、車輛車號、工地負責人、安衛人員、特殊作業主管,24,22,21,1,0,0,0,0.9545,2,低
2026-04,台中,A,A級,高危害,危害等級,作業等級,施工地點、工程案號、工作內容、許可工作項目、作業分級,24,21,20,1,0,0,0,0.9524,2,低
2026-04,台中,A,A級,高危害,危害等級,管線設備危害物,可燃性氣體、易燃液體、有害性氣體、化學藥劑、酸鹼、熱水蒸氣、空氣、其他,24,21,20,1,0,0,0,0.9524,2,低
2026-04,台中,A,A級,高危害,檢點與危害告知,簽發前安全檢點,是否安全檢點,24,21,20,1,0,0,0,0.9524,2,低
2026-04,台中,A,A級,高危害,檢點與危害告知,危害告知,是否危害告知,24,24,23,1,0,0,0,0.9583,2,低
2026-04,台中,A,A級,高危害,危害排除與隔離,環境危害排除,是否設備管線危害物排除,24,21,20,1,0,0,0,0.9524,2,低
2026-04,台中,A,A級,高危害,危害排除與隔離,隔離管制,設備管線是否加盲加鎖掛牌,24,21,20,1,0,0,0,0.9524,2,低
2026-04,台中,A,A級,高危害,環境測定,氣體偵測數值,可燃性氣體%、氧氣%、一氧化碳PPM、硫化氫PPM,24,21,20,1,0,0,0,0.9524,2,低
2026-04,台中,A,A級,高危害,環境測定,測定基準,可燃性氣體 < 20%LEL；氧氣>= 18%；一氧化碳<50 PPM；硫化氫<10 PPM,24,22,21,1,0,0,0,0.9545,2,低
2026-04,台中,A,A級,高危害,環境測定,測定頻率,上、下午施工前測定；A級或高風險作業需重複或連續測定；每小時/每兩小時紀錄表,24,20,19,1,0,0,0,0.95,2,低
2026-04,台中,A,A級,高危害,防火防爆,消防設備,是否有消防設備,24,22,21,1,0,0,0,0.9545,2,低
2026-04,台中,A,A級,高危害,防火防爆,防爆安全工具,是否使用防爆電氣設備及安全工具,24,21,20,1,0,0,0,0.9524,2,低
2026-04,台中,A,A級,高危害,高處作業,防墜措施,設標準施工架、安全網、安全母索、安全帶,24,20,19,1,0,0,0,0.95,2,低
2026-04,台中,A,A級,高危害,安全保護,個人防護具,是否有防護口罩、防毒面具、SCBA、防護手套、安全眼鏡、耳塞,24,21,20,1,0,0,0,0.9524,2,低
2026-04,台中,A,A級,高危害,警戒巡查,警戒標示,是否有警戒標示,24,22,21,1,0,0,0,0.9545,2,低
2026-04,台中,A,A級,高危害,警戒巡查,巡查會簽,是否轄區、監造、安衛人員或工地負責人巡查會簽,24,21,20,1,0,0,0,0.9524,2,低
2026-04,台中,A,A級,高危害,收工回簽,回簽收工確認,是否回簽時確認環境已整理並完成防護措施,24,21,20,1,0,0,0,0.9524,2,低
2026-04,台中,A,A級,高危害,收工回簽,一般安全規定,是否遵守工安規定,24,21,20,1,0,0,0,0.9524,2,低
2026-04,台中,A,A級,高危害,收工回簽,現場紀錄,是否拍照,24,21,20,1,0,0,0,0.9524,2,低
2026-04,台中,B,B級,中危害,廠區,基本資料,工廠、日期、時間,47,45,44,1,0,0,0,0.9778,2,低
2026-04,台中,B,B級,中危害,許可證,許可資訊,工程作業分級、申請時間、核准工作時間、工作許可證編號,47,46,45,1,0,0,0,0.9783,2,低
2026-04,台中,B,B級,中危害,施工地點,場地關係人,施工部門、轄區部門、監造部門,47,43,42,1,0,0,0,0.9767,2,低
2026-04,台中,B,B級,中危害,包商,承攬商與人員資格,承攬商、工作人數、車輛車號、工地負責人、安衛人員、特殊作業主管,47,44,43,1,0,0,0,0.9773,2,低
2026-04,台中,B,B級,中危害,危害等級,作業等級,施工地點、工程案號、工作內容、許可工作項目、作業分級,47,47,45,2,0,1,0,0.9574,7,低
2026-04,台中,B,B級,中危害,危害等級,管線設備危害物,可燃性氣體、易燃液體、有害性氣體、化學藥劑、酸鹼、熱水蒸氣、空氣、其他,47,39,38,1,0,0,0,0.9744,2,低
2026-04,台中,B,B級,中危害,檢點與危害告知,簽發前安全檢點,是否安全檢點,47,39,38,1,0,0,0,0.9744,2,低
2026-04,台中,B,B級,中危害,檢點與危害告知,危害告知,是否危害告知,47,46,45,1,0,0,0,0.9783,2,低
2026-04,台中,B,B級,中危害,危害排除與隔離,環境危害排除,是否設備管線危害物排除,47,42,40,2,1,1,0,0.9524,16,中
2026-04,台中,B,B級,中危害,危害排除與隔離,隔離管制,設備管線是否加盲加鎖掛牌,47,45,43,2,1,1,0,0.9556,16,中
2026-04,台中,B,B級,中危害,環境測定,氣體偵測數值,可燃性氣體%、氧氣%、一氧化碳PPM、硫化氫PPM,47,40,38,2,1,1,0,0.95,16,中
2026-04,台中,B,B級,中危害,環境測定,測定基準,可燃性氣體 < 20%LEL；氧氣>= 18%；一氧化碳<50 PPM；硫化氫<10 PPM,47,39,37,2,1,1,0,0.9487,16,中
2026-04,台中,B,B級,中危害,環境測定,測定頻率,上、下午施工前測定；A級或高風險作業需重複或連續測定；每小時/每兩小時紀錄表,47,43,41,2,1,1,0,0.9535,16,中
2026-04,台中,B,B級,中危害,防火防爆,消防設備,是否有消防設備,47,39,38,1,0,0,0,0.9744,2,低
2026-04,台中,B,B級,中危害,防火防爆,防爆安全工具,是否使用防爆電氣設備及安全工具,47,46,45,1,0,0,0,0.9783,2,低
2026-04,台中,B,B級,中危害,高處作業,防墜措施,設標準施工架、安全網、安全母索、安全帶,47,46,44,2,1,1,0,0.9565,16,中
2026-04,台中,B,B級,中危害,安全保護,個人防護具,是否有防護口罩、防毒面具、SCBA、防護手套、安全眼鏡、耳塞,47,44,43,1,0,0,0,0.9773,2,低
2026-04,台中,B,B級,中危害,警戒巡查,警戒標示,是否有警戒標示,47,41,40,1,0,0,0,0.9756,2,低
2026-04,台中,B,B級,中危害,警戒巡查,巡查會簽,是否轄區、監造、安衛人員或工地負責人巡查會簽,47,44,43,1,0,1,0,0.9773,5,低
2026-04,台中,B,B級,中危害,收工回簽,回簽收工確認,是否回簽時確認環境已整理並完成防護措施,47,42,41,1,0,0,0,0.9762,2,低
2026-04,台中,B,B級,中危害,收工回簽,一般安全規定,是否遵守工安規定,47,44,43,1,0,0,0,0.9773,2,低
2026-04,台中,B,B級,中危害,收工回簽,現場紀錄,是否拍照,47,45,44,1,0,0,0,0.9778,2,低
2026-04,台中,C,C級,低危害,廠區,基本資料,工廠、日期、時間,38,33,32,1,0,0,0,0.9697,2,低
2026-04,台中,C,C級,低危害,許可證,許可資訊,工程作業分級、申請時間、核准工作時間、工作許可證編號,38,33,32,1,0,0,0,0.9697,2,低
2026-04,台中,C,C級,低危害,施工地點,場地關係人,施工部門、轄區部門、監造部門,38,36,35,1,0,0,0,0.9722,2,低
2026-04,台中,C,C級,低危害,包商,承攬商與人員資格,承攬商、工作人數、車輛車號、工地負責人、安衛人員、特殊作業主管,38,37,36,1,0,0,0,0.973,2,低
2026-04,台中,C,C級,低危害,危害等級,作業等級,施工地點、工程案號、工作內容、許可工作項目、作業分級,38,32,31,1,0,0,0,0.9688,2,低
2026-04,台中,C,C級,低危害,危害等級,管線設備危害物,可燃性氣體、易燃液體、有害性氣體、化學藥劑、酸鹼、熱水蒸氣、空氣、其他,38,36,35,1,0,0,0,0.9722,2,低
2026-04,台中,C,C級,低危害,檢點與危害告知,簽發前安全檢點,是否安全檢點,38,32,31,1,0,0,0,0.9688,2,低
2026-04,台中,C,C級,低危害,檢點與危害告知,危害告知,是否危害告知,38,33,32,1,0,0,0,0.9697,2,低
2026-04,台中,C,C級,低危害,危害排除與隔離,環境危害排除,是否設備管線危害物排除,38,35,34,1,0,0,0,0.9714,2,低
2026-04,台中,C,C級,低危害,危害排除與隔離,隔離管制,設備管線是否加盲加鎖掛牌,38,32,31,1,0,1,0,0.9688,5,低
2026-04,台中,C,C級,低危害,環境測定,氣體偵測數值,可燃性氣體%、氧氣%、一氧化碳PPM、硫化氫PPM,38,33,32,1,0,0,0,0.9697,2,低
2026-04,台中,C,C級,低危害,環境測定,測定基準,可燃性氣體 < 20%LEL；氧氣>= 18%；一氧化碳<50 PPM；硫化氫<10 PPM,38,35,34,1,0,0,0,0.9714,2,低
2026-04,台中,C,C級,低危害,環境測定,測定頻率,上、下午施工前測定；A級或高風險作業需重複或連續測定；每小時/每兩小時紀錄表,38,34,33,1,0,0,0,0.9706,2,低
2026-04,台中,C,C級,低危害,防火防爆,消防設備,是否有消防設備,38,32,31,1,0,0,0,0.9688,2,低
2026-04,台中,C,C級,低危害,防火防爆,防爆安全工具,是否使用防爆電氣設備及安全工具,38,34,33,1,0,0,0,0.9706,2,低
2026-04,台中,C,C級,低危害,高處作業,防墜措施,設標準施工架、安全網、安全母索、安全帶,38,33,32,1,0,0,0,0.9697,2,低
2026-04,台中,C,C級,低危害,安全保護,個人防護具,是否有防護口罩、防毒面具、SCBA、防護手套、安全眼鏡、耳塞,38,34,33,1,0,0,0,0.9706,2,低
2026-04,台中,C,C級,低危害,警戒巡查,警戒標示,是否有警戒標示,38,35,34,1,0,0,0,0.9714,2,低
2026-04,台中,C,C級,低危害,警戒巡查,巡查會簽,是否轄區、監造、安衛人員或工地負責人巡查會簽,38,36,35,1,0,0,0,0.9722,2,低
2026-04,台中,C,C級,低危害,收工回簽,回簽收工確認,是否回簽時確認環境已整理並完成防護措施,38,36,35,1,0,0,0,0.9722,2,低
2026-04,台中,C,C級,低危害,收工回簽,一般安全規定,是否遵守工安規定,38,36,35,1,0,0,0,0.9722,2,低
2026-04,台中,C,C級,低危害,收工回簽,現場紀錄,是否拍照,38,33,32,1,0,0,0,0.9697,2,低
2026-05,台中,A,A級,高危害,廠區,基本資料,工廠、日期、時間,19,17,17,0,0,0,0,1.0,0,低
2026-05,台中,A,A級,高危害,許可證,許可資訊,工程作業分級、申請時間、核准工作時間、工作許可證編號,19,16,15,1,0,0,0,0.9375,2,低
2026-05,台中,A,A級,高危害,施工地點,場地關係人,施工部門、轄區部門、監造部門,19,17,17,0,0,0,0,1.0,0,低
2026-05,台中,A,A級,高危害,包商,承攬商與人員資格,承攬商、工作人數、車輛車號、工地負責人、安衛人員、特殊作業主管,19,18,17,1,0,0,0,0.9444,2,低
2026-05,台中,A,A級,高危害,危害等級,作業等級,施工地點、工程案號、工作內容、許可工作項目、作業分級,19,18,17,1,0,0,0,0.9444,2,低
2026-05,台中,A,A級,高危害,危害等級,管線設備危害物,可燃性氣體、易燃液體、有害性氣體、化學藥劑、酸鹼、熱水蒸氣、空氣、其他,19,18,17,1,0,0,0,0.9444,2,低
2026-05,台中,A,A級,高危害,檢點與危害告知,簽發前安全檢點,是否安全檢點,19,18,18,0,0,0,0,1.0,0,低
2026-05,台中,A,A級,高危害,檢點與危害告知,危害告知,是否危害告知,19,17,16,1,0,0,0,0.9412,2,低
2026-05,台中,A,A級,高危害,危害排除與隔離,環境危害排除,是否設備管線危害物排除,19,17,16,1,0,0,0,0.9412,2,低
2026-05,台中,A,A級,高危害,危害排除與隔離,隔離管制,設備管線是否加盲加鎖掛牌,19,19,18,1,0,0,0,0.9474,2,低
2026-05,台中,A,A級,高危害,環境測定,氣體偵測數值,可燃性氣體%、氧氣%、一氧化碳PPM、硫化氫PPM,19,17,16,1,0,0,0,0.9412,2,低
2026-05,台中,A,A級,高危害,環境測定,測定基準,可燃性氣體 < 20%LEL；氧氣>= 18%；一氧化碳<50 PPM；硫化氫<10 PPM,19,19,18,1,0,0,0,0.9474,2,低
2026-05,台中,A,A級,高危害,環境測定,測定頻率,上、下午施工前測定；A級或高風險作業需重複或連續測定；每小時/每兩小時紀錄表,19,18,17,1,0,0,0,0.9444,2,低
2026-05,台中,A,A級,高危害,防火防爆,消防設備,是否有消防設備,19,17,16,1,0,0,0,0.9412,2,低
2026-05,台中,A,A級,高危害,防火防爆,防爆安全工具,是否使用防爆電氣設備及安全工具,19,17,16,1,0,0,0,0.9412,2,低
2026-05,台中,A,A級,高危害,高處作業,防墜措施,設標準施工架、安全網、安全母索、安全帶,19,19,18,1,0,0,0,0.9474,2,低
2026-05,台中,A,A級,高危害,安全保護,個人防護具,是否有防護口罩、防毒面具、SCBA、防護手套、安全眼鏡、耳塞,19,19,18,1,0,0,0,0.9474,2,低
2026-05,台中,A,A級,高危害,警戒巡查,警戒標示,是否有警戒標示,19,18,17,1,0,0,0,0.9444,2,低
2026-05,台中,A,A級,高危害,警戒巡查,巡查會簽,是否轄區、監造、安衛人員或工地負責人巡查會簽,19,16,16,0,0,0,0,1.0,0,低
2026-05,台中,A,A級,高危害,收工回簽,回簽收工確認,是否回簽時確認環境已整理並完成防護措施,19,19,18,1,0,0,0,0.9474,2,低
2026-05,台中,A,A級,高危害,收工回簽,一般安全規定,是否遵守工安規定,19,18,17,1,0,0,0,0.9444,2,低
2026-05,台中,A,A級,高危害,收工回簽,現場紀錄,是否拍照,19,16,15,1,0,0,0,0.9375,2,低
2026-05,台中,B,B級,中危害,廠區,基本資料,工廠、日期、時間,44,36,35,1,0,1,0,0.9722,5,低
2026-05,台中,B,B級,中危害,許可證,許可資訊,工程作業分級、申請時間、核准工作時間、工作許可證編號,44,42,41,1,0,0,0,0.9762,2,低
2026-05,台中,B,B級,中危害,施工地點,場地關係人,施工部門、轄區部門、監造部門,44,40,39,1,0,0,0,0.975,2,低
2026-05,台中,B,B級,中危害,包商,承攬商與人員資格,承攬商、工作人數、車輛車號、工地負責人、安衛人員、特殊作業主管,44,42,41,1,0,0,0,0.9762,2,低
2026-05,台中,B,B級,中危害,危害等級,作業等級,施工地點、工程案號、工作內容、許可工作項目、作業分級,44,42,41,1,0,0,0,0.9762,2,低
2026-05,台中,B,B級,中危害,危害等級,管線設備危害物,可燃性氣體、易燃液體、有害性氣體、化學藥劑、酸鹼、熱水蒸氣、空氣、其他,44,44,43,1,0,0,0,0.9773,2,低
2026-05,台中,B,B級,中危害,檢點與危害告知,簽發前安全檢點,是否安全檢點,44,40,39,1,0,1,0,0.975,5,低
2026-05,台中,B,B級,中危害,檢點與危害告知,危害告知,是否危害告知,44,37,36,1,0,0,0,0.973,2,低
2026-05,台中,B,B級,中危害,危害排除與隔離,環境危害排除,是否設備管線危害物排除,44,39,37,2,1,1,0,0.9487,16,中
2026-05,台中,B,B級,中危害,危害排除與隔離,隔離管制,設備管線是否加盲加鎖掛牌,44,44,43,1,0,0,0,0.9773,2,低
2026-05,台中,B,B級,中危害,環境測定,氣體偵測數值,可燃性氣體%、氧氣%、一氧化碳PPM、硫化氫PPM,44,38,37,1,0,0,0,0.9737,2,低
2026-05,台中,B,B級,中危害,環境測定,測定基準,可燃性氣體 < 20%LEL；氧氣>= 18%；一氧化碳<50 PPM；硫化氫<10 PPM,44,40,38,2,1,1,0,0.95,16,中
2026-05,台中,B,B級,中危害,環境測定,測定頻率,上、下午施工前測定；A級或高風險作業需重複或連續測定；每小時/每兩小時紀錄表,44,39,38,1,0,0,0,0.9744,2,低
2026-05,台中,B,B級,中危害,防火防爆,消防設備,是否有消防設備,44,43,41,2,1,1,0,0.9535,16,中
2026-05,台中,B,B級,中危害,防火防爆,防爆安全工具,是否使用防爆電氣設備及安全工具,44,38,36,2,1,1,0,0.9474,16,中
2026-05,台中,B,B級,中危害,高處作業,防墜措施,設標準施工架、安全網、安全母索、安全帶,44,43,41,2,1,0,0,0.9535,13,低
2026-05,台中,B,B級,中危害,安全保護,個人防護具,是否有防護口罩、防毒面具、SCBA、防護手套、安全眼鏡、耳塞,44,43,42,1,0,0,0,0.9767,2,低
2026-05,台中,B,B級,中危害,警戒巡查,警戒標示,是否有警戒標示,44,42,41,1,0,0,0,0.9762,2,低
2026-05,台中,B,B級,中危害,警戒巡查,巡查會簽,是否轄區、監造、安衛人員或工地負責人巡查會簽,44,39,38,1,0,0,0,0.9744,2,低
2026-05,台中,B,B級,中危害,收工回簽,回簽收工確認,是否回簽時確認環境已整理並完成防護措施,44,43,42,1,0,0,0,0.9767,2,低
2026-05,台中,B,B級,中危害,收工回簽,一般安全規定,是否遵守工安規定,44,39,38,1,0,0,0,0.9744,2,低
2026-05,台中,B,B級,中危害,收工回簽,現場紀錄,是否拍照,44,37,36,1,0,0,0,0.973,2,低
2026-05,台中,C,C級,低危害,廠區,基本資料,工廠、日期、時間,35,30,30,0,0,0,0,1.0,0,低
2026-05,台中,C,C級,低危害,許可證,許可資訊,工程作業分級、申請時間、核准工作時間、工作許可證編號,35,34,33,1,0,0,0,0.9706,2,低
2026-05,台中,C,C級,低危害,施工地點,場地關係人,施工部門、轄區部門、監造部門,35,33,32,1,0,0,0,0.9697,2,低
2026-05,台中,C,C級,低危害,包商,承攬商與人員資格,承攬商、工作人數、車輛車號、工地負責人、安衛人員、特殊作業主管,35,31,30,1,0,0,0,0.9677,2,低
2026-05,台中,C,C級,低危害,危害等級,作業等級,施工地點、工程案號、工作內容、許可工作項目、作業分級,35,33,32,1,0,0,0,0.9697,2,低
2026-05,台中,C,C級,低危害,危害等級,管線設備危害物,可燃性氣體、易燃液體、有害性氣體、化學藥劑、酸鹼、熱水蒸氣、空氣、其他,35,32,31,1,0,0,0,0.9688,2,低
2026-05,台中,C,C級,低危害,檢點與危害告知,簽發前安全檢點,是否安全檢點,35,31,30,1,0,1,0,0.9677,5,低
2026-05,台中,C,C級,低危害,檢點與危害告知,危害告知,是否危害告知,35,32,31,1,0,0,0,0.9688,2,低
2026-05,台中,C,C級,低危害,危害排除與隔離,環境危害排除,是否設備管線危害物排除,35,33,32,1,0,0,0,0.9697,2,低
2026-05,台中,C,C級,低危害,危害排除與隔離,隔離管制,設備管線是否加盲加鎖掛牌,35,34,33,1,0,0,0,0.9706,2,低
2026-05,台中,C,C級,低危害,環境測定,氣體偵測數值,可燃性氣體%、氧氣%、一氧化碳PPM、硫化氫PPM,35,31,30,1,0,0,0,0.9677,2,低
2026-05,台中,C,C級,低危害,環境測定,測定基準,可燃性氣體 < 20%LEL；氧氣>= 18%；一氧化碳<50 PPM；硫化氫<10 PPM,35,29,28,1,0,0,0,0.9655,2,低
2026-05,台中,C,C級,低危害,環境測定,測定頻率,上、下午施工前測定；A級或高風險作業需重複或連續測定；每小時/每兩小時紀錄表,35,34,33,1,0,0,0,0.9706,2,低
2026-05,台中,C,C級,低危害,防火防爆,消防設備,是否有消防設備,35,32,31,1,0,0,0,0.9688,2,低
2026-05,台中,C,C級,低危害,防火防爆,防爆安全工具,是否使用防爆電氣設備及安全工具,35,33,32,1,0,0,0,0.9697,2,低
2026-05,台中,C,C級,低危害,高處作業,防墜措施,設標準施工架、安全網、安全母索、安全帶,35,33,32,1,0,0,0,0.9697,2,低
2026-05,台中,C,C級,低危害,安全保護,個人防護具,是否有防護口罩、防毒面具、SCBA、防護手套、安全眼鏡、耳塞,35,30,29,1,0,0,0,0.9667,2,低
2026-05,台中,C,C級,低危害,警戒巡查,警戒標示,是否有警戒標示,35,32,31,1,0,0,0,0.9688,2,低
2026-05,台中,C,C級,低危害,警戒巡查,巡查會簽,是否轄區、監造、安衛人員或工地負責人巡查會簽,35,32,31,1,0,0,0,0.9688,2,低
2026-05,台中,C,C級,低危害,收工回簽,回簽收工確認,是否回簽時確認環境已整理並完成防護措施,35,31,30,1,0,0,0,0.9677,2,低
2026-05,台中,C,C級,低危害,收工回簽,一般安全規定,是否遵守工安規定,35,34,33,1,0,0,0,0.9706,2,低
2026-05,台中,C,C級,低危害,收工回簽,現場紀錄,是否拍照,35,34,33,1,0,0,0,0.9706,2,低
2026-06,台中,A,A級,高危害,廠區,基本資料,工廠、日期、時間,21,20,20,0,0,0,0,1.0,0,低
2026-06,台中,A,A級,高危害,許可證,許可資訊,工程作業分級、申請時間、核准工作時間、工作許可證編號,21,20,20,0,0,0,0,1.0,0,低
2026-06,台中,A,A級,高危害,施工地點,場地關係人,施工部門、轄區部門、監造部門,21,18,18,0,0,0,0,1.0,0,低
2026-06,台中,A,A級,高危害,包商,承攬商與人員資格,承攬商、工作人數、車輛車號、工地負責人、安衛人員、特殊作業主管,21,19,18,1,0,0,0,0.9474,2,低
2026-06,台中,A,A級,高危害,危害等級,作業等級,施工地點、工程案號、工作內容、許可工作項目、作業分級,21,19,18,1,0,0,0,0.9474,2,低
2026-06,台中,A,A級,高危害,危害等級,管線設備危害物,可燃性氣體、易燃液體、有害性氣體、化學藥劑、酸鹼、熱水蒸氣、空氣、其他,21,18,17,1,0,0,0,0.9444,2,低
2026-06,台中,A,A級,高危害,檢點與危害告知,簽發前安全檢點,是否安全檢點,21,20,19,1,0,0,0,0.95,2,低
2026-06,台中,A,A級,高危害,檢點與危害告知,危害告知,是否危害告知,21,21,20,1,0,0,0,0.9524,2,低
2026-06,台中,A,A級,高危害,危害排除與隔離,環境危害排除,是否設備管線危害物排除,21,20,19,1,0,0,0,0.95,2,低
2026-06,台中,A,A級,高危害,危害排除與隔離,隔離管制,設備管線是否加盲加鎖掛牌,21,20,19,1,0,0,0,0.95,2,低
2026-06,台中,A,A級,高危害,環境測定,氣體偵測數值,可燃性氣體%、氧氣%、一氧化碳PPM、硫化氫PPM,21,20,19,1,0,0,0,0.95,2,低
2026-06,台中,A,A級,高危害,環境測定,測定基準,可燃性氣體 < 20%LEL；氧氣>= 18%；一氧化碳<50 PPM；硫化氫<10 PPM,21,17,16,1,0,0,0,0.9412,2,低
2026-06,台中,A,A級,高危害,環境測定,測定頻率,上、下午施工前測定；A級或高風險作業需重複或連續測定；每小時/每兩小時紀錄表,21,18,17,1,0,1,0,0.9444,5,低
2026-06,台中,A,A級,高危害,防火防爆,消防設備,是否有消防設備,21,19,18,1,0,0,0,0.9474,2,低
2026-06,台中,A,A級,高危害,防火防爆,防爆安全工具,是否使用防爆電氣設備及安全工具,21,20,19,1,0,0,0,0.95,2,低
2026-06,台中,A,A級,高危害,高處作業,防墜措施,設標準施工架、安全網、安全母索、安全帶,21,19,18,1,0,0,0,0.9474,2,低
2026-06,台中,A,A級,高危害,安全保護,個人防護具,是否有防護口罩、防毒面具、SCBA、防護手套、安全眼鏡、耳塞,21,21,20,1,0,0,0,0.9524,2,低
2026-06,台中,A,A級,高危害,警戒巡查,警戒標示,是否有警戒標示,21,17,16,1,0,0,0,0.9412,2,低
2026-06,台中,A,A級,高危害,警戒巡查,巡查會簽,是否轄區、監造、安衛人員或工地負責人巡查會簽,21,20,19,1,0,0,0,0.95,2,低
2026-06,台中,A,A級,高危害,收工回簽,回簽收工確認,是否回簽時確認環境已整理並完成防護措施,21,19,18,1,0,1,0,0.9474,5,低
2026-06,台中,A,A級,高危害,收工回簽,一般安全規定,是否遵守工安規定,21,19,18,1,0,0,0,0.9474,2,低
2026-06,台中,A,A級,高危害,收工回簽,現場紀錄,是否拍照,21,20,19,1,0,0,0,0.95,2,低
2026-06,台中,B,B級,中危害,廠區,基本資料,工廠、日期、時間,45,41,40,1,0,0,0,0.9756,2,低
2026-06,台中,B,B級,中危害,許可證,許可資訊,工程作業分級、申請時間、核准工作時間、工作許可證編號,45,41,40,1,0,0,0,0.9756,2,低
2026-06,台中,B,B級,中危害,施工地點,場地關係人,施工部門、轄區部門、監造部門,45,38,37,1,0,0,0,0.9737,2,低
2026-06,台中,B,B級,中危害,包商,承攬商與人員資格,承攬商、工作人數、車輛車號、工地負責人、安衛人員、特殊作業主管,45,39,38,1,0,0,0,0.9744,2,低
2026-06,台中,B,B級,中危害,危害等級,作業等級,施工地點、工程案號、工作內容、許可工作項目、作業分級,45,37,36,1,0,0,0,0.973,2,低
2026-06,台中,B,B級,中危害,危害等級,管線設備危害物,可燃性氣體、易燃液體、有害性氣體、化學藥劑、酸鹼、熱水蒸氣、空氣、其他,45,43,41,2,0,1,0,0.9535,7,低
2026-06,台中,B,B級,中危害,檢點與危害告知,簽發前安全檢點,是否安全檢點,45,42,41,1,0,0,0,0.9762,2,低
2026-06,台中,B,B級,中危害,檢點與危害告知,危害告知,是否危害告知,45,43,42,1,0,1,0,0.9767,5,低
2026-06,台中,B,B級,中危害,危害排除與隔離,環境危害排除,是否設備管線危害物排除,45,37,36,1,0,0,0,0.973,2,低
2026-06,台中,B,B級,中危害,危害排除與隔離,隔離管制,設備管線是否加盲加鎖掛牌,45,38,36,2,1,1,0,0.9474,16,中
2026-06,台中,B,B級,中危害,環境測定,氣體偵測數值,可燃性氣體%、氧氣%、一氧化碳PPM、硫化氫PPM,45,40,38,2,1,1,0,0.95,16,中
2026-06,台中,B,B級,中危害,環境測定,測定基準,可燃性氣體 < 20%LEL；氧氣>= 18%；一氧化碳<50 PPM；硫化氫<10 PPM,45,38,36,2,1,0,0,0.9474,13,低
2026-06,台中,B,B級,中危害,環境測定,測定頻率,上、下午施工前測定；A級或高風險作業需重複或連續測定；每小時/每兩小時紀錄表,45,40,38,2,1,1,0,0.95,16,中
2026-06,台中,B,B級,中危害,防火防爆,消防設備,是否有消防設備,45,37,36,1,0,0,0,0.973,2,低
2026-06,台中,B,B級,中危害,防火防爆,防爆安全工具,是否使用防爆電氣設備及安全工具,45,41,40,1,0,0,0,0.9756,2,低
2026-06,台中,B,B級,中危害,高處作業,防墜措施,設標準施工架、安全網、安全母索、安全帶,45,44,43,1,0,0,0,0.9773,2,低
2026-06,台中,B,B級,中危害,安全保護,個人防護具,是否有防護口罩、防毒面具、SCBA、防護手套、安全眼鏡、耳塞,45,44,42,2,0,1,0,0.9545,7,低
2026-06,台中,B,B級,中危害,警戒巡查,警戒標示,是否有警戒標示,45,37,36,1,0,0,0,0.973,2,低
2026-06,台中,B,B級,中危害,警戒巡查,巡查會簽,是否轄區、監造、安衛人員或工地負責人巡查會簽,45,37,36,1,0,0,0,0.973,2,低
2026-06,台中,B,B級,中危害,收工回簽,回簽收工確認,是否回簽時確認環境已整理並完成防護措施,45,44,43,1,0,0,0,0.9773,2,低
2026-06,台中,B,B級,中危害,收工回簽,一般安全規定,是否遵守工安規定,45,42,41,1,0,0,0,0.9762,2,低
2026-06,台中,B,B級,中危害,收工回簽,現場紀錄,是否拍照,45,38,37,1,0,0,0,0.9737,2,低
2026-06,台中,C,C級,低危害,廠區,基本資料,工廠、日期、時間,35,34,33,1,0,0,0,0.9706,2,低
2026-06,台中,C,C級,低危害,許可證,許可資訊,工程作業分級、申請時間、核准工作時間、工作許可證編號,35,34,33,1,0,0,0,0.9706,2,低
2026-06,台中,C,C級,低危害,施工地點,場地關係人,施工部門、轄區部門、監造部門,35,30,29,1,0,0,0,0.9667,2,低
2026-06,台中,C,C級,低危害,包商,承攬商與人員資格,承攬商、工作人數、車輛車號、工地負責人、安衛人員、特殊作業主管,35,34,33,1,0,0,0,0.9706,2,低
2026-06,台中,C,C級,低危害,危害等級,作業等級,施工地點、工程案號、工作內容、許可工作項目、作業分級,35,34,33,1,0,0,0,0.9706,2,低
2026-06,台中,C,C級,低危害,危害等級,管線設備危害物,可燃性氣體、易燃液體、有害性氣體、化學藥劑、酸鹼、熱水蒸氣、空氣、其他,35,29,28,1,0,0,0,0.9655,2,低
2026-06,台中,C,C級,低危害,檢點與危害告知,簽發前安全檢點,是否安全檢點,35,31,30,1,0,0,0,0.9677,2,低
2026-06,台中,C,C級,低危害,檢點與危害告知,危害告知,是否危害告知,35,30,29,1,0,0,0,0.9667,2,低
2026-06,台中,C,C級,低危害,危害排除與隔離,環境危害排除,是否設備管線危害物排除,35,33,32,1,0,0,0,0.9697,2,低
2026-06,台中,C,C級,低危害,危害排除與隔離,隔離管制,設備管線是否加盲加鎖掛牌,35,33,32,1,0,0,0,0.9697,2,低
2026-06,台中,C,C級,低危害,環境測定,氣體偵測數值,可燃性氣體%、氧氣%、一氧化碳PPM、硫化氫PPM,35,34,33,1,0,1,0,0.9706,5,低
2026-06,台中,C,C級,低危害,環境測定,測定基準,可燃性氣體 < 20%LEL；氧氣>= 18%；一氧化碳<50 PPM；硫化氫<10 PPM,35,30,29,1,0,1,0,0.9667,5,低
2026-06,台中,C,C級,低危害,環境測定,測定頻率,上、下午施工前測定；A級或高風險作業需重複或連續測定；每小時/每兩小時紀錄表,35,34,33,1,0,0,0,0.9706,2,低
2026-06,台中,C,C級,低危害,防火防爆,消防設備,是否有消防設備,35,35,34,1,0,0,0,0.9714,2,低
2026-06,台中,C,C級,低危害,防火防爆,防爆安全工具,是否使用防爆電氣設備及安全工具,35,29,28,1,0,0,0,0.9655,2,低
2026-06,台中,C,C級,低危害,高處作業,防墜措施,設標準施工架、安全網、安全母索、安全帶,35,30,29,1,0,0,0,0.9667,2,低
2026-06,台中,C,C級,低危害,安全保護,個人防護具,是否有防護口罩、防毒面具、SCBA、防護手套、安全眼鏡、耳塞,35,31,30,1,0,0,0,0.9677,2,低
2026-06,台中,C,C級,低危害,警戒巡查,警戒標示,是否有警戒標示,35,30,29,1,0,0,0,0.9667,2,低
2026-06,台中,C,C級,低危害,警戒巡查,巡查會簽,是否轄區、監造、安衛人員或工地負責人巡查會簽,35,31,30,1,0,1,0,0.9677,5,低
2026-06,台中,C,C級,低危害,收工回簽,回簽收工確認,是否回簽時確認環境已整理並完成防護措施,35,31,30,1,0,0,0,0.9677,2,低
2026-06,台中,C,C級,低危害,收工回簽,一般安全規定,是否遵守工安規定,35,35,34,1,0,0,0,0.9714,2,低
2026-06,台中,C,C級,低危害,收工回簽,現場紀錄,是否拍照,35,31,30,1,0,0,0,0.9677,2,低
2026-07,台中,A,A級,高危害,廠區,基本資料,工廠、日期、時間,19,16,16,0,0,0,0,1.0,0,低
2026-07,台中,A,A級,高危害,許可證,許可資訊,工程作業分級、申請時間、核准工作時間、工作許可證編號,19,16,16,0,0,0,0,1.0,0,低
2026-07,台中,A,A級,高危害,施工地點,場地關係人,施工部門、轄區部門、監造部門,19,17,17,0,0,0,0,1.0,0,低
2026-07,台中,A,A級,高危害,包商,承攬商與人員資格,承攬商、工作人數、車輛車號、工地負責人、安衛人員、特殊作業主管,19,16,15,1,0,0,0,0.9375,2,低
2026-07,台中,A,A級,高危害,危害等級,作業等級,施工地點、工程案號、工作內容、許可工作項目、作業分級,19,17,16,1,0,1,0,0.9412,5,低
2026-07,台中,A,A級,高危害,危害等級,管線設備危害物,可燃性氣體、易燃液體、有害性氣體、化學藥劑、酸鹼、熱水蒸氣、空氣、其他,19,17,16,1,0,0,0,0.9412,2,低
2026-07,台中,A,A級,高危害,檢點與危害告知,簽發前安全檢點,是否安全檢點,19,19,18,1,0,0,0,0.9474,2,低
2026-07,台中,A,A級,高危害,檢點與危害告知,危害告知,是否危害告知,19,17,16,1,0,0,0,0.9412,2,低
2026-07,台中,A,A級,高危害,危害排除與隔離,環境危害排除,是否設備管線危害物排除,19,17,16,1,0,0,0,0.9412,2,低
2026-07,台中,A,A級,高危害,危害排除與隔離,隔離管制,設備管線是否加盲加鎖掛牌,19,17,16,1,0,0,0,0.9412,2,低
2026-07,台中,A,A級,高危害,環境測定,氣體偵測數值,可燃性氣體%、氧氣%、一氧化碳PPM、硫化氫PPM,19,17,16,1,0,0,0,0.9412,2,低
2026-07,台中,A,A級,高危害,環境測定,測定基準,可燃性氣體 < 20%LEL；氧氣>= 18%；一氧化碳<50 PPM；硫化氫<10 PPM,19,17,16,1,0,0,0,0.9412,2,低
2026-07,台中,A,A級,高危害,環境測定,測定頻率,上、下午施工前測定；A級或高風險作業需重複或連續測定；每小時/每兩小時紀錄表,19,18,17,1,0,0,0,0.9444,2,低
2026-07,台中,A,A級,高危害,防火防爆,消防設備,是否有消防設備,19,16,15,1,0,0,0,0.9375,2,低
2026-07,台中,A,A級,高危害,防火防爆,防爆安全工具,是否使用防爆電氣設備及安全工具,19,16,15,1,0,0,0,0.9375,2,低
2026-07,台中,A,A級,高危害,高處作業,防墜措施,設標準施工架、安全網、安全母索、安全帶,19,16,15,1,0,0,0,0.9375,2,低
2026-07,台中,A,A級,高危害,安全保護,個人防護具,是否有防護口罩、防毒面具、SCBA、防護手套、安全眼鏡、耳塞,19,19,18,1,0,0,0,0.9474,2,低
2026-07,台中,A,A級,高危害,警戒巡查,警戒標示,是否有警戒標示,19,18,17,1,0,0,0,0.9444,2,低
2026-07,台中,A,A級,高危害,警戒巡查,巡查會簽,是否轄區、監造、安衛人員或工地負責人巡查會簽,19,17,16,1,0,0,0,0.9412,2,低
2026-07,台中,A,A級,高危害,收工回簽,回簽收工確認,是否回簽時確認環境已整理並完成防護措施,19,16,16,0,0,0,0,1.0,0,低
2026-07,台中,A,A級,高危害,收工回簽,一般安全規定,是否遵守工安規定,19,18,17,1,0,0,0,0.9444,2,低
2026-07,台中,A,A級,高危害,收工回簽,現場紀錄,是否拍照,19,18,17,1,0,0,0,0.9444,2,低
2026-07,台中,B,B級,中危害,廠區,基本資料,工廠、日期、時間,43,40,39,1,0,0,0,0.975,2,低
2026-07,台中,B,B級,中危害,許可證,許可資訊,工程作業分級、申請時間、核准工作時間、工作許可證編號,43,39,38,1,0,0,0,0.9744,2,低
2026-07,台中,B,B級,中危害,施工地點,場地關係人,施工部門、轄區部門、監造部門,43,41,40,1,0,0,0,0.9756,2,低
2026-07,台中,B,B級,中危害,包商,承攬商與人員資格,承攬商、工作人數、車輛車號、工地負責人、安衛人員、特殊作業主管,43,37,36,1,0,0,0,0.973,2,低
2026-07,台中,B,B級,中危害,危害等級,作業等級,施工地點、工程案號、工作內容、許可工作項目、作業分級,43,42,40,2,0,1,0,0.9524,7,低
2026-07,台中,B,B級,中危害,危害等級,管線設備危害物,可燃性氣體、易燃液體、有害性氣體、化學藥劑、酸鹼、熱水蒸氣、空氣、其他,43,41,40,1,0,0,0,0.9756,2,低
2026-07,台中,B,B級,中危害,檢點與危害告知,簽發前安全檢點,是否安全檢點,43,42,41,1,0,0,0,0.9762,2,低
2026-07,台中,B,B級,中危害,檢點與危害告知,危害告知,是否危害告知,43,36,35,1,0,0,0,0.9722,2,低
2026-07,台中,B,B級,中危害,危害排除與隔離,環境危害排除,是否設備管線危害物排除,43,36,35,1,0,0,0,0.9722,2,低
2026-07,台中,B,B級,中危害,危害排除與隔離,隔離管制,設備管線是否加盲加鎖掛牌,43,41,40,1,0,0,0,0.9756,2,低
2026-07,台中,B,B級,中危害,環境測定,氣體偵測數值,可燃性氣體%、氧氣%、一氧化碳PPM、硫化氫PPM,43,40,39,1,0,0,0,0.975,2,低
2026-07,台中,B,B級,中危害,環境測定,測定基準,可燃性氣體 < 20%LEL；氧氣>= 18%；一氧化碳<50 PPM；硫化氫<10 PPM,43,41,40,1,0,0,0,0.9756,2,低
2026-07,台中,B,B級,中危害,環境測定,測定頻率,上、下午施工前測定；A級或高風險作業需重複或連續測定；每小時/每兩小時紀錄表,43,36,34,2,1,1,0,0.9444,16,中
2026-07,台中,B,B級,中危害,防火防爆,消防設備,是否有消防設備,43,36,35,1,0,0,0,0.9722,2,低
2026-07,台中,B,B級,中危害,防火防爆,防爆安全工具,是否使用防爆電氣設備及安全工具,43,40,38,2,1,1,0,0.95,16,中
2026-07,台中,B,B級,中危害,高處作業,防墜措施,設標準施工架、安全網、安全母索、安全帶,43,42,40,2,1,1,0,0.9524,16,中
2026-07,台中,B,B級,中危害,安全保護,個人防護具,是否有防護口罩、防毒面具、SCBA、防護手套、安全眼鏡、耳塞,43,42,41,1,0,0,0,0.9762,2,低
2026-07,台中,B,B級,中危害,警戒巡查,警戒標示,是否有警戒標示,43,37,36,1,0,0,0,0.973,2,低
2026-07,台中,B,B級,中危害,警戒巡查,巡查會簽,是否轄區、監造、安衛人員或工地負責人巡查會簽,43,42,41,1,0,0,0,0.9762,2,低
2026-07,台中,B,B級,中危害,收工回簽,回簽收工確認,是否回簽時確認環境已整理並完成防護措施,43,41,40,1,0,0,0,0.9756,2,低
2026-07,台中,B,B級,中危害,收工回簽,一般安全規定,是否遵守工安規定,43,36,35,1,0,0,0,0.9722,2,低
2026-07,台中,B,B級,中危害,收工回簽,現場紀錄,是否拍照,43,40,39,1,0,0,0,0.975,2,低
2026-07,台中,C,C級,低危害,廠區,基本資料,工廠、日期、時間,30,25,25,0,0,0,0,1.0,0,低
2026-07,台中,C,C級,低危害,許可證,許可資訊,工程作業分級、申請時間、核准工作時間、工作許可證編號,30,27,26,1,0,0,0,0.963,2,低
2026-07,台中,C,C級,低危害,施工地點,場地關係人,施工部門、轄區部門、監造部門,30,29,29,0,0,0,0,1.0,0,低
2026-07,台中,C,C級,低危害,包商,承攬商與人員資格,承攬商、工作人數、車輛車號、工地負責人、安衛人員、特殊作業主管,30,27,26,1,0,0,0,0.963,2,低
2026-07,台中,C,C級,低危害,危害等級,作業等級,施工地點、工程案號、工作內容、許可工作項目、作業分級,30,27,26,1,0,0,0,0.963,2,低
2026-07,台中,C,C級,低危害,危害等級,管線設備危害物,可燃性氣體、易燃液體、有害性氣體、化學藥劑、酸鹼、熱水蒸氣、空氣、其他,30,30,29,1,0,0,0,0.9667,2,低
2026-07,台中,C,C級,低危害,檢點與危害告知,簽發前安全檢點,是否安全檢點,30,27,26,1,0,0,0,0.963,2,低
2026-07,台中,C,C級,低危害,檢點與危害告知,危害告知,是否危害告知,30,25,24,1,0,0,0,0.96,2,低
2026-07,台中,C,C級,低危害,危害排除與隔離,環境危害排除,是否設備管線危害物排除,30,26,25,1,0,0,0,0.9615,2,低
2026-07,台中,C,C級,低危害,危害排除與隔離,隔離管制,設備管線是否加盲加鎖掛牌,30,26,25,1,0,0,0,0.9615,2,低
2026-07,台中,C,C級,低危害,環境測定,氣體偵測數值,可燃性氣體%、氧氣%、一氧化碳PPM、硫化氫PPM,30,28,27,1,0,0,0,0.9643,2,低
2026-07,台中,C,C級,低危害,環境測定,測定基準,可燃性氣體 < 20%LEL；氧氣>= 18%；一氧化碳<50 PPM；硫化氫<10 PPM,30,28,27,1,0,1,0,0.9643,5,低
2026-07,台中,C,C級,低危害,環境測定,測定頻率,上、下午施工前測定；A級或高風險作業需重複或連續測定；每小時/每兩小時紀錄表,30,26,25,1,0,0,0,0.9615,2,低
2026-07,台中,C,C級,低危害,防火防爆,消防設備,是否有消防設備,30,28,27,1,0,0,0,0.9643,2,低
2026-07,台中,C,C級,低危害,防火防爆,防爆安全工具,是否使用防爆電氣設備及安全工具,30,28,27,1,0,1,0,0.9643,5,低
2026-07,台中,C,C級,低危害,高處作業,防墜措施,設標準施工架、安全網、安全母索、安全帶,30,27,26,1,0,0,0,0.963,2,低
2026-07,台中,C,C級,低危害,安全保護,個人防護具,是否有防護口罩、防毒面具、SCBA、防護手套、安全眼鏡、耳塞,30,26,25,1,0,0,0,0.9615,2,低
2026-07,台中,C,C級,低危害,警戒巡查,警戒標示,是否有警戒標示,30,26,25,1,0,0,0,0.9615,2,低
2026-07,台中,C,C級,低危害,警戒巡查,巡查會簽,是否轄區、監造、安衛人員或工地負責人巡查會簽,30,28,27,1,0,0,0,0.9643,2,低
2026-07,台中,C,C級,低危害,收工回簽,回簽收工確認,是否回簽時確認環境已整理並完成防護措施,30,28,28,0,0,0,0,1.0,0,低
2026-07,台中,C,C級,低危害,收工回簽,一般安全規定,是否遵守工安規定,30,30,29,1,0,0,0,0.9667,2,低
2026-07,台中,C,C級,低危害,收工回簽,現場紀錄,是否拍照,30,28,27,1,0,0,0,0.9643,2,低
2026-08,台中,A,A級,高危害,廠區,基本資料,工廠、日期、時間,16,15,15,0,0,0,0,1.0,0,低
2026-08,台中,A,A級,高危害,許可證,許可資訊,工程作業分級、申請時間、核准工作時間、工作許可證編號,16,14,14,0,0,0,0,1.0,0,低
2026-08,台中,A,A級,高危害,施工地點,場地關係人,施工部門、轄區部門、監造部門,16,14,14,0,0,0,0,1.0,0,低
2026-08,台中,A,A級,高危害,包商,承攬商與人員資格,承攬商、工作人數、車輛車號、工地負責人、安衛人員、特殊作業主管,16,14,13,1,0,0,0,0.9286,2,低
2026-08,台中,A,A級,高危害,危害等級,作業等級,施工地點、工程案號、工作內容、許可工作項目、作業分級,16,15,14,1,0,0,0,0.9333,2,低
2026-08,台中,A,A級,高危害,危害等級,管線設備危害物,可燃性氣體、易燃液體、有害性氣體、化學藥劑、酸鹼、熱水蒸氣、空氣、其他,16,15,15,0,0,0,0,1.0,0,低
2026-08,台中,A,A級,高危害,檢點與危害告知,簽發前安全檢點,是否安全檢點,16,16,15,1,0,0,0,0.9375,2,低
2026-08,台中,A,A級,高危害,檢點與危害告知,危害告知,是否危害告知,16,15,14,1,0,0,0,0.9333,2,低
2026-08,台中,A,A級,高危害,危害排除與隔離,環境危害排除,是否設備管線危害物排除,16,13,12,1,0,0,0,0.9231,2,低
2026-08,台中,A,A級,高危害,危害排除與隔離,隔離管制,設備管線是否加盲加鎖掛牌,16,14,13,1,0,0,0,0.9286,2,低
2026-08,台中,A,A級,高危害,環境測定,氣體偵測數值,可燃性氣體%、氧氣%、一氧化碳PPM、硫化氫PPM,16,13,12,1,0,0,0,0.9231,2,低
2026-08,台中,A,A級,高危害,環境測定,測定基準,可燃性氣體 < 20%LEL；氧氣>= 18%；一氧化碳<50 PPM；硫化氫<10 PPM,16,15,14,1,0,0,0,0.9333,2,低
2026-08,台中,A,A級,高危害,環境測定,測定頻率,上、下午施工前測定；A級或高風險作業需重複或連續測定；每小時/每兩小時紀錄表,16,15,14,1,0,0,0,0.9333,2,低
2026-08,台中,A,A級,高危害,防火防爆,消防設備,是否有消防設備,16,16,15,1,0,0,0,0.9375,2,低
2026-08,台中,A,A級,高危害,防火防爆,防爆安全工具,是否使用防爆電氣設備及安全工具,16,14,13,1,0,0,0,0.9286,2,低
2026-08,台中,A,A級,高危害,高處作業,防墜措施,設標準施工架、安全網、安全母索、安全帶,16,15,14,1,0,0,0,0.9333,2,低
2026-08,台中,A,A級,高危害,安全保護,個人防護具,是否有防護口罩、防毒面具、SCBA、防護手套、安全眼鏡、耳塞,16,13,13,0,0,0,0,1.0,0,低
2026-08,台中,A,A級,高危害,警戒巡查,警戒標示,是否有警戒標示,16,15,14,1,0,0,0,0.9333,2,低
2026-08,台中,A,A級,高危害,警戒巡查,巡查會簽,是否轄區、監造、安衛人員或工地負責人巡查會簽,16,14,14,0,0,0,0,1.0,0,低
2026-08,台中,A,A級,高危害,收工回簽,回簽收工確認,是否回簽時確認環境已整理並完成防護措施,16,14,14,0,0,0,0,1.0,0,低
2026-08,台中,A,A級,高危害,收工回簽,一般安全規定,是否遵守工安規定,16,14,14,0,0,0,0,1.0,0,低
2026-08,台中,A,A級,高危害,收工回簽,現場紀錄,是否拍照,16,15,15,0,0,0,0,1.0,0,低
2026-08,台中,B,B級,中危害,廠區,基本資料,工廠、日期、時間,37,34,33,1,0,0,0,0.9706,2,低
2026-08,台中,B,B級,中危害,許可證,許可資訊,工程作業分級、申請時間、核准工作時間、工作許可證編號,37,32,31,1,0,0,0,0.9688,2,低
2026-08,台中,B,B級,中危害,施工地點,場地關係人,施工部門、轄區部門、監造部門,37,34,33,1,0,0,0,0.9706,2,低
2026-08,台中,B,B級,中危害,包商,承攬商與人員資格,承攬商、工作人數、車輛車號、工地負責人、安衛人員、特殊作業主管,37,32,31,1,0,0,0,0.9688,2,低
2026-08,台中,B,B級,中危害,危害等級,作業等級,施工地點、工程案號、工作內容、許可工作項目、作業分級,37,36,35,1,0,0,0,0.9722,2,低
2026-08,台中,B,B級,中危害,危害等級,管線設備危害物,可燃性氣體、易燃液體、有害性氣體、化學藥劑、酸鹼、熱水蒸氣、空氣、其他,37,32,31,1,0,0,0,0.9688,2,低
2026-08,台中,B,B級,中危害,檢點與危害告知,簽發前安全檢點,是否安全檢點,37,32,31,1,0,0,0,0.9688,2,低
2026-08,台中,B,B級,中危害,檢點與危害告知,危害告知,是否危害告知,37,37,36,1,0,1,0,0.973,5,低
2026-08,台中,B,B級,中危害,危害排除與隔離,環境危害排除,是否設備管線危害物排除,37,31,30,1,0,0,0,0.9677,2,低
2026-08,台中,B,B級,中危害,危害排除與隔離,隔離管制,設備管線是否加盲加鎖掛牌,37,34,33,1,0,0,0,0.9706,2,低
2026-08,台中,B,B級,中危害,環境測定,氣體偵測數值,可燃性氣體%、氧氣%、一氧化碳PPM、硫化氫PPM,37,37,35,2,1,0,0,0.9459,13,低
2026-08,台中,B,B級,中危害,環境測定,測定基準,可燃性氣體 < 20%LEL；氧氣>= 18%；一氧化碳<50 PPM；硫化氫<10 PPM,37,31,30,1,0,0,0,0.9677,2,低
2026-08,台中,B,B級,中危害,環境測定,測定頻率,上、下午施工前測定；A級或高風險作業需重複或連續測定；每小時/每兩小時紀錄表,37,37,35,2,1,1,0,0.9459,16,中
2026-08,台中,B,B級,中危害,防火防爆,消防設備,是否有消防設備,37,31,30,1,0,0,0,0.9677,2,低
2026-08,台中,B,B級,中危害,防火防爆,防爆安全工具,是否使用防爆電氣設備及安全工具,37,33,32,1,0,0,0,0.9697,2,低
2026-08,台中,B,B級,中危害,高處作業,防墜措施,設標準施工架、安全網、安全母索、安全帶,37,33,32,1,0,0,0,0.9697,2,低
2026-08,台中,B,B級,中危害,安全保護,個人防護具,是否有防護口罩、防毒面具、SCBA、防護手套、安全眼鏡、耳塞,37,31,30,1,0,0,0,0.9677,2,低
2026-08,台中,B,B級,中危害,警戒巡查,警戒標示,是否有警戒標示,37,35,34,1,0,0,0,0.9714,2,低
2026-08,台中,B,B級,中危害,警戒巡查,巡查會簽,是否轄區、監造、安衛人員或工地負責人巡查會簽,37,34,33,1,0,0,0,0.9706,2,低
2026-08,台中,B,B級,中危害,收工回簽,回簽收工確認,是否回簽時確認環境已整理並完成防護措施,37,34,33,1,0,0,0,0.9706,2,低
2026-08,台中,B,B級,中危害,收工回簽,一般安全規定,是否遵守工安規定,37,33,32,1,0,0,0,0.9697,2,低
2026-08,台中,B,B級,中危害,收工回簽,現場紀錄,是否拍照,37,31,30,1,0,0,0,0.9677,2,低
2026-08,台中,C,C級,低危害,廠區,基本資料,工廠、日期、時間,34,32,32,0,0,0,0,1.0,0,低
2026-08,台中,C,C級,低危害,許可證,許可資訊,工程作業分級、申請時間、核准工作時間、工作許可證編號,34,34,33,1,0,0,0,0.9706,2,低
2026-08,台中,C,C級,低危害,施工地點,場地關係人,施工部門、轄區部門、監造部門,34,29,28,1,0,0,0,0.9655,2,低
2026-08,台中,C,C級,低危害,包商,承攬商與人員資格,承攬商、工作人數、車輛車號、工地負責人、安衛人員、特殊作業主管,34,31,30,1,0,0,0,0.9677,2,低
2026-08,台中,C,C級,低危害,危害等級,作業等級,施工地點、工程案號、工作內容、許可工作項目、作業分級,34,30,29,1,0,0,0,0.9667,2,低
2026-08,台中,C,C級,低危害,危害等級,管線設備危害物,可燃性氣體、易燃液體、有害性氣體、化學藥劑、酸鹼、熱水蒸氣、空氣、其他,34,33,32,1,0,0,0,0.9697,2,低
2026-08,台中,C,C級,低危害,檢點與危害告知,簽發前安全檢點,是否安全檢點,34,34,33,1,0,0,0,0.9706,2,低
2026-08,台中,C,C級,低危害,檢點與危害告知,危害告知,是否危害告知,34,32,31,1,0,0,0,0.9688,2,低
2026-08,台中,C,C級,低危害,危害排除與隔離,環境危害排除,是否設備管線危害物排除,34,33,32,1,0,0,0,0.9697,2,低
2026-08,台中,C,C級,低危害,危害排除與隔離,隔離管制,設備管線是否加盲加鎖掛牌,34,32,31,1,0,0,0,0.9688,2,低
2026-08,台中,C,C級,低危害,環境測定,氣體偵測數值,可燃性氣體%、氧氣%、一氧化碳PPM、硫化氫PPM,34,30,29,1,0,0,0,0.9667,2,低
2026-08,台中,C,C級,低危害,環境測定,測定基準,可燃性氣體 < 20%LEL；氧氣>= 18%；一氧化碳<50 PPM；硫化氫<10 PPM,34,33,32,1,0,0,0,0.9697,2,低
2026-08,台中,C,C級,低危害,環境測定,測定頻率,上、下午施工前測定；A級或高風險作業需重複或連續測定；每小時/每兩小時紀錄表,34,30,29,1,0,0,0,0.9667,2,低
2026-08,台中,C,C級,低危害,防火防爆,消防設備,是否有消防設備,34,28,27,1,0,0,0,0.9643,2,低
2026-08,台中,C,C級,低危害,防火防爆,防爆安全工具,是否使用防爆電氣設備及安全工具,34,32,31,1,0,0,0,0.9688,2,低
2026-08,台中,C,C級,低危害,高處作業,防墜措施,設標準施工架、安全網、安全母索、安全帶,34,32,31,1,0,0,0,0.9688,2,低
2026-08,台中,C,C級,低危害,安全保護,個人防護具,是否有防護口罩、防毒面具、SCBA、防護手套、安全眼鏡、耳塞,34,31,30,1,0,0,0,0.9677,2,低
2026-08,台中,C,C級,低危害,警戒巡查,警戒標示,是否有警戒標示,34,30,29,1,0,1,0,0.9667,5,低
2026-08,台中,C,C級,低危害,警戒巡查,巡查會簽,是否轄區、監造、安衛人員或工地負責人巡查會簽,34,33,32,1,0,0,0,0.9697,2,低
2026-08,台中,C,C級,低危害,收工回簽,回簽收工確認,是否回簽時確認環境已整理並完成防護措施,34,33,32,1,0,0,0,0.9697,2,低
2026-08,台中,C,C級,低危害,收工回簽,一般安全規定,是否遵守工安規定,34,29,28,1,0,0,0,0.9655,2,低
2026-08,台中,C,C級,低危害,收工回簽,現場紀錄,是否拍照,34,31,30,1,0,0,0,0.9677,2,低
2026-09,台中,A,A級,高危害,廠區,基本資料,工廠、日期、時間,23,22,22,0,0,0,0,1.0,0,低
2026-09,台中,A,A級,高危害,許可證,許可資訊,工程作業分級、申請時間、核准工作時間、工作許可證編號,23,22,21,1,0,0,0,0.9545,2,低
2026-09,台中,A,A級,高危害,施工地點,場地關係人,施工部門、轄區部門、監造部門,23,21,20,1,0,0,0,0.9524,2,低
2026-09,台中,A,A級,高危害,包商,承攬商與人員資格,承攬商、工作人數、車輛車號、工地負責人、安衛人員、特殊作業主管,23,20,19,1,0,1,0,0.95,5,低
2026-09,台中,A,A級,高危害,危害等級,作業等級,施工地點、工程案號、工作內容、許可工作項目、作業分級,23,22,21,1,0,0,0,0.9545,2,低
2026-09,台中,A,A級,高危害,危害等級,管線設備危害物,可燃性氣體、易燃液體、有害性氣體、化學藥劑、酸鹼、熱水蒸氣、空氣、其他,23,22,21,1,0,0,0,0.9545,2,低
2026-09,台中,A,A級,高危害,檢點與危害告知,簽發前安全檢點,是否安全檢點,23,20,19,1,0,0,0,0.95,2,低
2026-09,台中,A,A級,高危害,檢點與危害告知,危害告知,是否危害告知,23,21,20,1,0,0,0,0.9524,2,低
2026-09,台中,A,A級,高危害,危害排除與隔離,環境危害排除,是否設備管線危害物排除,23,22,21,1,0,0,0,0.9545,2,低
2026-09,台中,A,A級,高危害,危害排除與隔離,隔離管制,設備管線是否加盲加鎖掛牌,23,20,19,1,0,0,0,0.95,2,低
2026-09,台中,A,A級,高危害,環境測定,氣體偵測數值,可燃性氣體%、氧氣%、一氧化碳PPM、硫化氫PPM,23,20,19,1,0,0,0,0.95,2,低
2026-09,台中,A,A級,高危害,環境測定,測定基準,可燃性氣體 < 20%LEL；氧氣>= 18%；一氧化碳<50 PPM；硫化氫<10 PPM,23,21,20,1,0,0,0,0.9524,2,低
2026-09,台中,A,A級,高危害,環境測定,測定頻率,上、下午施工前測定；A級或高風險作業需重複或連續測定；每小時/每兩小時紀錄表,23,22,21,1,0,0,0,0.9545,2,低
2026-09,台中,A,A級,高危害,防火防爆,消防設備,是否有消防設備,23,19,18,1,0,0,0,0.9474,2,低
2026-09,台中,A,A級,高危害,防火防爆,防爆安全工具,是否使用防爆電氣設備及安全工具,23,22,21,1,0,0,0,0.9545,2,低
2026-09,台中,A,A級,高危害,高處作業,防墜措施,設標準施工架、安全網、安全母索、安全帶,23,22,21,1,0,0,0,0.9545,2,低
2026-09,台中,A,A級,高危害,安全保護,個人防護具,是否有防護口罩、防毒面具、SCBA、防護手套、安全眼鏡、耳塞,23,23,22,1,0,0,0,0.9565,2,低
2026-09,台中,A,A級,高危害,警戒巡查,警戒標示,是否有警戒標示,23,22,21,1,0,0,0,0.9545,2,低
2026-09,台中,A,A級,高危害,警戒巡查,巡查會簽,是否轄區、監造、安衛人員或工地負責人巡查會簽,23,21,20,1,0,1,0,0.9524,5,低
2026-09,台中,A,A級,高危害,收工回簽,回簽收工確認,是否回簽時確認環境已整理並完成防護措施,23,21,20,1,0,0,0,0.9524,2,低
2026-09,台中,A,A級,高危害,收工回簽,一般安全規定,是否遵守工安規定,23,19,18,1,0,0,0,0.9474,2,低
2026-09,台中,A,A級,高危害,收工回簽,現場紀錄,是否拍照,23,22,21,1,0,0,0,0.9545,2,低
2026-09,台中,B,B級,中危害,廠區,基本資料,工廠、日期、時間,41,34,33,1,0,0,0,0.9706,2,低
2026-09,台中,B,B級,中危害,許可證,許可資訊,工程作業分級、申請時間、核准工作時間、工作許可證編號,41,37,36,1,0,0,0,0.973,2,低
2026-09,台中,B,B級,中危害,施工地點,場地關係人,施工部門、轄區部門、監造部門,41,34,33,1,0,0,0,0.9706,2,低
2026-09,台中,B,B級,中危害,包商,承攬商與人員資格,承攬商、工作人數、車輛車號、工地負責人、安衛人員、特殊作業主管,41,40,39,1,0,0,0,0.975,2,低
2026-09,台中,B,B級,中危害,危害等級,作業等級,施工地點、工程案號、工作內容、許可工作項目、作業分級,41,34,33,1,0,0,0,0.9706,2,低
2026-09,台中,B,B級,中危害,危害等級,管線設備危害物,可燃性氣體、易燃液體、有害性氣體、化學藥劑、酸鹼、熱水蒸氣、空氣、其他,41,35,34,1,0,0,0,0.9714,2,低
2026-09,台中,B,B級,中危害,檢點與危害告知,簽發前安全檢點,是否安全檢點,41,34,33,1,0,0,0,0.9706,2,低
2026-09,台中,B,B級,中危害,檢點與危害告知,危害告知,是否危害告知,41,37,36,1,0,0,0,0.973,2,低
2026-09,台中,B,B級,中危害,危害排除與隔離,環境危害排除,是否設備管線危害物排除,41,35,34,1,0,0,0,0.9714,2,低
2026-09,台中,B,B級,中危害,危害排除與隔離,隔離管制,設備管線是否加盲加鎖掛牌,41,34,33,1,0,0,0,0.9706,2,低
2026-09,台中,B,B級,中危害,環境測定,氣體偵測數值,可燃性氣體%、氧氣%、一氧化碳PPM、硫化氫PPM,41,35,34,1,0,0,0,0.9714,2,低
2026-09,台中,B,B級,中危害,環境測定,測定基準,可燃性氣體 < 20%LEL；氧氣>= 18%；一氧化碳<50 PPM；硫化氫<10 PPM,41,34,32,2,1,1,0,0.9412,16,中
2026-09,台中,B,B級,中危害,環境測定,測定頻率,上、下午施工前測定；A級或高風險作業需重複或連續測定；每小時/每兩小時紀錄表,41,38,37,1,0,0,0,0.9737,2,低
2026-09,台中,B,B級,中危害,防火防爆,消防設備,是否有消防設備,41,39,38,1,0,0,0,0.9744,2,低
2026-09,台中,B,B級,中危害,防火防爆,防爆安全工具,是否使用防爆電氣設備及安全工具,41,34,33,1,0,0,0,0.9706,2,低
2026-09,台中,B,B級,中危害,高處作業,防墜措施,設標準施工架、安全網、安全母索、安全帶,41,37,36,1,0,0,0,0.973,2,低
2026-09,台中,B,B級,中危害,安全保護,個人防護具,是否有防護口罩、防毒面具、SCBA、防護手套、安全眼鏡、耳塞,41,37,36,1,0,0,0,0.973,2,低
2026-09,台中,B,B級,中危害,警戒巡查,警戒標示,是否有警戒標示,41,37,36,1,0,0,0,0.973,2,低
2026-09,台中,B,B級,中危害,警戒巡查,巡查會簽,是否轄區、監造、安衛人員或工地負責人巡查會簽,41,35,34,1,0,0,0,0.9714,2,低
2026-09,台中,B,B級,中危害,收工回簽,回簽收工確認,是否回簽時確認環境已整理並完成防護措施,41,38,37,1,0,0,0,0.9737,2,低
2026-09,台中,B,B級,中危害,收工回簽,一般安全規定,是否遵守工安規定,41,38,37,1,0,0,0,0.9737,2,低
2026-09,台中,B,B級,中危害,收工回簽,現場紀錄,是否拍照,41,36,35,1,0,0,0,0.9722,2,低
2026-09,台中,C,C級,低危害,廠區,基本資料,工廠、日期、時間,28,24,24,0,0,0,0,1.0,0,低
2026-09,台中,C,C級,低危害,許可證,許可資訊,工程作業分級、申請時間、核准工作時間、工作許可證編號,28,27,27,0,0,0,0,1.0,0,低
2026-09,台中,C,C級,低危害,施工地點,場地關係人,施工部門、轄區部門、監造部門,28,23,23,0,0,0,0,1.0,0,低
2026-09,台中,C,C級,低危害,包商,承攬商與人員資格,承攬商、工作人數、車輛車號、工地負責人、安衛人員、特殊作業主管,28,24,24,0,0,0,0,1.0,0,低
2026-09,台中,C,C級,低危害,危害等級,作業等級,施工地點、工程案號、工作內容、許可工作項目、作業分級,28,28,27,1,0,0,0,0.9643,2,低
2026-09,台中,C,C級,低危害,危害等級,管線設備危害物,可燃性氣體、易燃液體、有害性氣體、化學藥劑、酸鹼、熱水蒸氣、空氣、其他,28,28,27,1,0,0,0,0.9643,2,低
2026-09,台中,C,C級,低危害,檢點與危害告知,簽發前安全檢點,是否安全檢點,28,25,24,1,0,1,0,0.96,5,低
2026-09,台中,C,C級,低危害,檢點與危害告知,危害告知,是否危害告知,28,27,26,1,0,0,0,0.963,2,低
2026-09,台中,C,C級,低危害,危害排除與隔離,環境危害排除,是否設備管線危害物排除,28,26,25,1,0,0,0,0.9615,2,低
2026-09,台中,C,C級,低危害,危害排除與隔離,隔離管制,設備管線是否加盲加鎖掛牌,28,26,25,1,0,0,0,0.9615,2,低
2026-09,台中,C,C級,低危害,環境測定,氣體偵測數值,可燃性氣體%、氧氣%、一氧化碳PPM、硫化氫PPM,28,24,23,1,0,1,0,0.9583,5,低
2026-09,台中,C,C級,低危害,環境測定,測定基準,可燃性氣體 < 20%LEL；氧氣>= 18%；一氧化碳<50 PPM；硫化氫<10 PPM,28,26,25,1,0,0,0,0.9615,2,低
2026-09,台中,C,C級,低危害,環境測定,測定頻率,上、下午施工前測定；A級或高風險作業需重複或連續測定；每小時/每兩小時紀錄表,28,26,25,1,0,0,0,0.9615,2,低
2026-09,台中,C,C級,低危害,防火防爆,消防設備,是否有消防設備,28,24,23,1,0,0,0,0.9583,2,低
2026-09,台中,C,C級,低危害,防火防爆,防爆安全工具,是否使用防爆電氣設備及安全工具,28,26,25,1,0,0,0,0.9615,2,低
2026-09,台中,C,C級,低危害,高處作業,防墜措施,設標準施工架、安全網、安全母索、安全帶,28,24,23,1,0,0,0,0.9583,2,低
2026-09,台中,C,C級,低危害,安全保護,個人防護具,是否有防護口罩、防毒面具、SCBA、防護手套、安全眼鏡、耳塞,28,23,22,1,0,0,0,0.9565,2,低
2026-09,台中,C,C級,低危害,警戒巡查,警戒標示,是否有警戒標示,28,23,23,0,0,0,0,1.0,0,低
2026-09,台中,C,C級,低危害,警戒巡查,巡查會簽,是否轄區、監造、安衛人員或工地負責人巡查會簽,28,25,24,1,0,0,0,0.96,2,低
2026-09,台中,C,C級,低危害,收工回簽,回簽收工確認,是否回簽時確認環境已整理並完成防護措施,28,28,27,1,0,0,0,0.9643,2,低
2026-09,台中,C,C級,低危害,收工回簽,一般安全規定,是否遵守工安規定,28,25,24,1,0,0,0,0.96,2,低
2026-09,台中,C,C級,低危害,收工回簽,現場紀錄,是否拍照,28,26,26,0,0,0,0,1.0,0,低
2026-10,台中,A,A級,高危害,廠區,基本資料,工廠、日期、時間,18,16,16,0,0,0,0,1.0,0,低
2026-10,台中,A,A級,高危害,許可證,許可資訊,工程作業分級、申請時間、核准工作時間、工作許可證編號,18,15,15,0,0,0,0,1.0,0,低
2026-10,台中,A,A級,高危害,施工地點,場地關係人,施工部門、轄區部門、監造部門,18,15,15,0,0,0,0,1.0,0,低
2026-10,台中,A,A級,高危害,包商,承攬商與人員資格,承攬商、工作人數、車輛車號、工地負責人、安衛人員、特殊作業主管,18,15,14,1,0,0,0,0.9333,2,低
2026-10,台中,A,A級,高危害,危害等級,作業等級,施工地點、工程案號、工作內容、許可工作項目、作業分級,18,16,15,1,0,0,0,0.9375,2,低
2026-10,台中,A,A級,高危害,危害等級,管線設備危害物,可燃性氣體、易燃液體、有害性氣體、化學藥劑、酸鹼、熱水蒸氣、空氣、其他,18,18,17,1,0,0,0,0.9444,2,低
2026-10,台中,A,A級,高危害,檢點與危害告知,簽發前安全檢點,是否安全檢點,18,16,15,1,0,0,0,0.9375,2,低
2026-10,台中,A,A級,高危害,檢點與危害告知,危害告知,是否危害告知,18,16,16,0,0,0,0,1.0,0,低
2026-10,台中,A,A級,高危害,危害排除與隔離,環境危害排除,是否設備管線危害物排除,18,17,16,1,0,0,0,0.9412,2,低
2026-10,台中,A,A級,高危害,危害排除與隔離,隔離管制,設備管線是否加盲加鎖掛牌,18,16,15,1,0,0,0,0.9375,2,低
2026-10,台中,A,A級,高危害,環境測定,氣體偵測數值,可燃性氣體%、氧氣%、一氧化碳PPM、硫化氫PPM,18,17,16,1,0,0,0,0.9412,2,低
2026-10,台中,A,A級,高危害,環境測定,測定基準,可燃性氣體 < 20%LEL；氧氣>= 18%；一氧化碳<50 PPM；硫化氫<10 PPM,18,17,16,1,0,0,0,0.9412,2,低
2026-10,台中,A,A級,高危害,環境測定,測定頻率,上、下午施工前測定；A級或高風險作業需重複或連續測定；每小時/每兩小時紀錄表,18,16,15,1,0,0,0,0.9375,2,低
2026-10,台中,A,A級,高危害,防火防爆,消防設備,是否有消防設備,18,16,15,1,0,0,0,0.9375,2,低
2026-10,台中,A,A級,高危害,防火防爆,防爆安全工具,是否使用防爆電氣設備及安全工具,18,16,15,1,0,0,0,0.9375,2,低
2026-10,台中,A,A級,高危害,高處作業,防墜措施,設標準施工架、安全網、安全母索、安全帶,18,15,14,1,0,0,0,0.9333,2,低
2026-10,台中,A,A級,高危害,安全保護,個人防護具,是否有防護口罩、防毒面具、SCBA、防護手套、安全眼鏡、耳塞,18,17,16,1,0,0,0,0.9412,2,低
2026-10,台中,A,A級,高危害,警戒巡查,警戒標示,是否有警戒標示,18,16,15,1,0,0,0,0.9375,2,低
2026-10,台中,A,A級,高危害,警戒巡查,巡查會簽,是否轄區、監造、安衛人員或工地負責人巡查會簽,18,18,17,1,0,0,0,0.9444,2,低
2026-10,台中,A,A級,高危害,收工回簽,回簽收工確認,是否回簽時確認環境已整理並完成防護措施,18,15,15,0,0,0,0,1.0,0,低
2026-10,台中,A,A級,高危害,收工回簽,一般安全規定,是否遵守工安規定,18,16,15,1,0,0,0,0.9375,2,低
2026-10,台中,A,A級,高危害,收工回簽,現場紀錄,是否拍照,18,16,16,0,0,0,0,1.0,0,低
2026-10,台中,B,B級,中危害,廠區,基本資料,工廠、日期、時間,37,32,32,0,0,0,0,1.0,0,低
2026-10,台中,B,B級,中危害,許可證,許可資訊,工程作業分級、申請時間、核准工作時間、工作許可證編號,37,35,34,1,0,0,0,0.9714,2,低
2026-10,台中,B,B級,中危害,施工地點,場地關係人,施工部門、轄區部門、監造部門,37,34,33,1,0,0,0,0.9706,2,低
2026-10,台中,B,B級,中危害,包商,承攬商與人員資格,承攬商、工作人數、車輛車號、工地負責人、安衛人員、特殊作業主管,37,33,32,1,0,1,0,0.9697,5,低
2026-10,台中,B,B級,中危害,危害等級,作業等級,施工地點、工程案號、工作內容、許可工作項目、作業分級,37,32,31,1,0,0,0,0.9688,2,低
2026-10,台中,B,B級,中危害,危害等級,管線設備危害物,可燃性氣體、易燃液體、有害性氣體、化學藥劑、酸鹼、熱水蒸氣、空氣、其他,37,32,31,1,0,0,0,0.9688,2,低
2026-10,台中,B,B級,中危害,檢點與危害告知,簽發前安全檢點,是否安全檢點,37,36,35,1,0,0,0,0.9722,2,低
2026-10,台中,B,B級,中危害,檢點與危害告知,危害告知,是否危害告知,37,33,32,1,0,0,0,0.9697,2,低
2026-10,台中,B,B級,中危害,危害排除與隔離,環境危害排除,是否設備管線危害物排除,37,34,33,1,0,0,0,0.9706,2,低
2026-10,台中,B,B級,中危害,危害排除與隔離,隔離管制,設備管線是否加盲加鎖掛牌,37,32,31,1,0,0,0,0.9688,2,低
2026-10,台中,B,B級,中危害,環境測定,氣體偵測數值,可燃性氣體%、氧氣%、一氧化碳PPM、硫化氫PPM,37,37,36,1,0,0,0,0.973,2,低
2026-10,台中,B,B級,中危害,環境測定,測定基準,可燃性氣體 < 20%LEL；氧氣>= 18%；一氧化碳<50 PPM；硫化氫<10 PPM,37,32,31,1,0,0,0,0.9688,2,低
2026-10,台中,B,B級,中危害,環境測定,測定頻率,上、下午施工前測定；A級或高風險作業需重複或連續測定；每小時/每兩小時紀錄表,37,33,32,1,0,0,0,0.9697,2,低
2026-10,台中,B,B級,中危害,防火防爆,消防設備,是否有消防設備,37,31,30,1,0,0,0,0.9677,2,低
2026-10,台中,B,B級,中危害,防火防爆,防爆安全工具,是否使用防爆電氣設備及安全工具,37,32,31,1,0,0,0,0.9688,2,低
2026-10,台中,B,B級,中危害,高處作業,防墜措施,設標準施工架、安全網、安全母索、安全帶,37,33,32,1,0,0,0,0.9697,2,低
2026-10,台中,B,B級,中危害,安全保護,個人防護具,是否有防護口罩、防毒面具、SCBA、防護手套、安全眼鏡、耳塞,37,34,33,1,0,1,0,0.9706,5,低
2026-10,台中,B,B級,中危害,警戒巡查,警戒標示,是否有警戒標示,37,31,30,1,0,0,0,0.9677,2,低
2026-10,台中,B,B級,中危害,警戒巡查,巡查會簽,是否轄區、監造、安衛人員或工地負責人巡查會簽,37,33,32,1,0,0,0,0.9697,2,低
2026-10,台中,B,B級,中危害,收工回簽,回簽收工確認,是否回簽時確認環境已整理並完成防護措施,37,36,35,1,0,0,0,0.9722,2,低
2026-10,台中,B,B級,中危害,收工回簽,一般安全規定,是否遵守工安規定,37,33,32,1,0,0,0,0.9697,2,低
2026-10,台中,B,B級,中危害,收工回簽,現場紀錄,是否拍照,37,35,34,1,0,0,0,0.9714,2,低
2026-10,台中,C,C級,低危害,廠區,基本資料,工廠、日期、時間,28,23,23,0,0,0,0,1.0,0,低
2026-10,台中,C,C級,低危害,許可證,許可資訊,工程作業分級、申請時間、核准工作時間、工作許可證編號,28,25,24,1,0,0,0,0.96,2,低
2026-10,台中,C,C級,低危害,施工地點,場地關係人,施工部門、轄區部門、監造部門,28,26,25,1,0,0,0,0.9615,2,低
2026-10,台中,C,C級,低危害,包商,承攬商與人員資格,承攬商、工作人數、車輛車號、工地負責人、安衛人員、特殊作業主管,28,27,26,1,0,0,0,0.963,2,低
2026-10,台中,C,C級,低危害,危害等級,作業等級,施工地點、工程案號、工作內容、許可工作項目、作業分級,28,27,26,1,0,1,0,0.963,5,低
2026-10,台中,C,C級,低危害,危害等級,管線設備危害物,可燃性氣體、易燃液體、有害性氣體、化學藥劑、酸鹼、熱水蒸氣、空氣、其他,28,23,23,0,0,0,0,1.0,0,低
2026-10,台中,C,C級,低危害,檢點與危害告知,簽發前安全檢點,是否安全檢點,28,25,24,1,0,0,0,0.96,2,低
2026-10,台中,C,C級,低危害,檢點與危害告知,危害告知,是否危害告知,28,27,26,1,0,0,0,0.963,2,低
2026-10,台中,C,C級,低危害,危害排除與隔離,環境危害排除,是否設備管線危害物排除,28,24,23,1,0,0,0,0.9583,2,低
2026-10,台中,C,C級,低危害,危害排除與隔離,隔離管制,設備管線是否加盲加鎖掛牌,28,25,24,1,0,0,0,0.96,2,低
2026-10,台中,C,C級,低危害,環境測定,氣體偵測數值,可燃性氣體%、氧氣%、一氧化碳PPM、硫化氫PPM,28,26,25,1,0,0,0,0.9615,2,低
2026-10,台中,C,C級,低危害,環境測定,測定基準,可燃性氣體 < 20%LEL；氧氣>= 18%；一氧化碳<50 PPM；硫化氫<10 PPM,28,27,26,1,0,0,0,0.963,2,低
2026-10,台中,C,C級,低危害,環境測定,測定頻率,上、下午施工前測定；A級或高風險作業需重複或連續測定；每小時/每兩小時紀錄表,28,26,25,1,0,0,0,0.9615,2,低
2026-10,台中,C,C級,低危害,防火防爆,消防設備,是否有消防設備,28,27,26,1,0,0,0,0.963,2,低
2026-10,台中,C,C級,低危害,防火防爆,防爆安全工具,是否使用防爆電氣設備及安全工具,28,26,25,1,0,0,0,0.9615,2,低
2026-10,台中,C,C級,低危害,高處作業,防墜措施,設標準施工架、安全網、安全母索、安全帶,28,27,26,1,0,0,0,0.963,2,低
2026-10,台中,C,C級,低危害,安全保護,個人防護具,是否有防護口罩、防毒面具、SCBA、防護手套、安全眼鏡、耳塞,28,26,25,1,0,0,0,0.9615,2,低
2026-10,台中,C,C級,低危害,警戒巡查,警戒標示,是否有警戒標示,28,26,25,1,0,0,0,0.9615,2,低
2026-10,台中,C,C級,低危害,警戒巡查,巡查會簽,是否轄區、監造、安衛人員或工地負責人巡查會簽,28,24,23,1,0,0,0,0.9583,2,低
2026-10,台中,C,C級,低危害,收工回簽,回簽收工確認,是否回簽時確認環境已整理並完成防護措施,28,27,27,0,0,0,0,1.0,0,低
2026-10,台中,C,C級,低危害,收工回簽,一般安全規定,是否遵守工安規定,28,24,23,1,0,1,0,0.9583,5,低
2026-10,台中,C,C級,低危害,收工回簽,現場紀錄,是否拍照,28,25,24,1,0,0,0,0.96,2,低
2026-11,台中,A,A級,高危害,廠區,基本資料,工廠、日期、時間,20,19,19,0,0,0,0,1.0,0,低
2026-11,台中,A,A級,高危害,許可證,許可資訊,工程作業分級、申請時間、核准工作時間、工作許可證編號,20,19,19,0,0,0,0,1.0,0,低
2026-11,台中,A,A級,高危害,施工地點,場地關係人,施工部門、轄區部門、監造部門,20,19,18,1,0,0,0,0.9474,2,低
2026-11,台中,A,A級,高危害,包商,承攬商與人員資格,承攬商、工作人數、車輛車號、工地負責人、安衛人員、特殊作業主管,20,18,17,1,0,0,0,0.9444,2,低
2026-11,台中,A,A級,高危害,危害等級,作業等級,施工地點、工程案號、工作內容、許可工作項目、作業分級,20,17,16,1,0,0,0,0.9412,2,低
2026-11,台中,A,A級,高危害,危害等級,管線設備危害物,可燃性氣體、易燃液體、有害性氣體、化學藥劑、酸鹼、熱水蒸氣、空氣、其他,20,19,18,1,0,0,0,0.9474,2,低
2026-11,台中,A,A級,高危害,檢點與危害告知,簽發前安全檢點,是否安全檢點,20,17,16,1,0,1,0,0.9412,5,低
2026-11,台中,A,A級,高危害,檢點與危害告知,危害告知,是否危害告知,20,18,17,1,0,0,0,0.9444,2,低
2026-11,台中,A,A級,高危害,危害排除與隔離,環境危害排除,是否設備管線危害物排除,20,20,19,1,0,0,0,0.95,2,低
2026-11,台中,A,A級,高危害,危害排除與隔離,隔離管制,設備管線是否加盲加鎖掛牌,20,20,19,1,0,0,0,0.95,2,低
2026-11,台中,A,A級,高危害,環境測定,氣體偵測數值,可燃性氣體%、氧氣%、一氧化碳PPM、硫化氫PPM,20,18,17,1,0,0,0,0.9444,2,低
2026-11,台中,A,A級,高危害,環境測定,測定基準,可燃性氣體 < 20%LEL；氧氣>= 18%；一氧化碳<50 PPM；硫化氫<10 PPM,20,18,17,1,0,0,0,0.9444,2,低
2026-11,台中,A,A級,高危害,環境測定,測定頻率,上、下午施工前測定；A級或高風險作業需重複或連續測定；每小時/每兩小時紀錄表,20,18,17,1,0,0,0,0.9444,2,低
2026-11,台中,A,A級,高危害,防火防爆,消防設備,是否有消防設備,20,19,18,1,0,0,0,0.9474,2,低
2026-11,台中,A,A級,高危害,防火防爆,防爆安全工具,是否使用防爆電氣設備及安全工具,20,17,16,1,0,0,0,0.9412,2,低
2026-11,台中,A,A級,高危害,高處作業,防墜措施,設標準施工架、安全網、安全母索、安全帶,20,17,16,1,0,1,0,0.9412,5,低
2026-11,台中,A,A級,高危害,安全保護,個人防護具,是否有防護口罩、防毒面具、SCBA、防護手套、安全眼鏡、耳塞,20,19,18,1,0,0,0,0.9474,2,低
2026-11,台中,A,A級,高危害,警戒巡查,警戒標示,是否有警戒標示,20,18,17,1,0,0,0,0.9444,2,低
2026-11,台中,A,A級,高危害,警戒巡查,巡查會簽,是否轄區、監造、安衛人員或工地負責人巡查會簽,20,17,16,1,0,0,0,0.9412,2,低
2026-11,台中,A,A級,高危害,收工回簽,回簽收工確認,是否回簽時確認環境已整理並完成防護措施,20,20,19,1,0,0,0,0.95,2,低
2026-11,台中,A,A級,高危害,收工回簽,一般安全規定,是否遵守工安規定,20,17,16,1,0,0,0,0.9412,2,低
2026-11,台中,A,A級,高危害,收工回簽,現場紀錄,是否拍照,20,19,18,1,0,0,0,0.9474,2,低
2026-11,台中,B,B級,中危害,廠區,基本資料,工廠、日期、時間,38,31,31,0,0,0,0,1.0,0,低
2026-11,台中,B,B級,中危害,許可證,許可資訊,工程作業分級、申請時間、核准工作時間、工作許可證編號,38,35,34,1,0,1,0,0.9714,5,低
2026-11,台中,B,B級,中危害,施工地點,場地關係人,施工部門、轄區部門、監造部門,38,32,31,1,0,0,0,0.9688,2,低
2026-11,台中,B,B級,中危害,包商,承攬商與人員資格,承攬商、工作人數、車輛車號、工地負責人、安衛人員、特殊作業主管,38,38,37,1,0,0,0,0.9737,2,低
2026-11,台中,B,B級,中危害,危害等級,作業等級,施工地點、工程案號、工作內容、許可工作項目、作業分級,38,36,35,1,0,0,0,0.9722,2,低
2026-11,台中,B,B級,中危害,危害等級,管線設備危害物,可燃性氣體、易燃液體、有害性氣體、化學藥劑、酸鹼、熱水蒸氣、空氣、其他,38,32,31,1,0,0,0,0.9688,2,低
2026-11,台中,B,B級,中危害,檢點與危害告知,簽發前安全檢點,是否安全檢點,38,37,36,1,0,0,0,0.973,2,低
2026-11,台中,B,B級,中危害,檢點與危害告知,危害告知,是否危害告知,38,34,33,1,0,0,0,0.9706,2,低
2026-11,台中,B,B級,中危害,危害排除與隔離,環境危害排除,是否設備管線危害物排除,38,37,36,1,0,0,0,0.973,2,低
2026-11,台中,B,B級,中危害,危害排除與隔離,隔離管制,設備管線是否加盲加鎖掛牌,38,37,35,2,1,1,0,0.9459,16,中
2026-11,台中,B,B級,中危害,環境測定,氣體偵測數值,可燃性氣體%、氧氣%、一氧化碳PPM、硫化氫PPM,38,36,34,2,1,1,0,0.9444,16,中
2026-11,台中,B,B級,中危害,環境測定,測定基準,可燃性氣體 < 20%LEL；氧氣>= 18%；一氧化碳<50 PPM；硫化氫<10 PPM,38,37,36,1,0,0,0,0.973,2,低
2026-11,台中,B,B級,中危害,環境測定,測定頻率,上、下午施工前測定；A級或高風險作業需重複或連續測定；每小時/每兩小時紀錄表,38,33,32,1,0,0,0,0.9697,2,低
2026-11,台中,B,B級,中危害,防火防爆,消防設備,是否有消防設備,38,37,36,1,0,0,0,0.973,2,低
2026-11,台中,B,B級,中危害,防火防爆,防爆安全工具,是否使用防爆電氣設備及安全工具,38,36,35,1,0,0,0,0.9722,2,低
2026-11,台中,B,B級,中危害,高處作業,防墜措施,設標準施工架、安全網、安全母索、安全帶,38,35,34,1,0,0,0,0.9714,2,低
2026-11,台中,B,B級,中危害,安全保護,個人防護具,是否有防護口罩、防毒面具、SCBA、防護手套、安全眼鏡、耳塞,38,37,36,1,0,0,0,0.973,2,低
2026-11,台中,B,B級,中危害,警戒巡查,警戒標示,是否有警戒標示,38,36,35,1,0,0,0,0.9722,2,低
2026-11,台中,B,B級,中危害,警戒巡查,巡查會簽,是否轄區、監造、安衛人員或工地負責人巡查會簽,38,32,31,1,0,0,0,0.9688,2,低
2026-11,台中,B,B級,中危害,收工回簽,回簽收工確認,是否回簽時確認環境已整理並完成防護措施,38,34,33,1,0,0,0,0.9706,2,低
2026-11,台中,B,B級,中危害,收工回簽,一般安全規定,是否遵守工安規定,38,32,31,1,0,1,0,0.9688,5,低
2026-11,台中,B,B級,中危害,收工回簽,現場紀錄,是否拍照,38,36,35,1,0,0,0,0.9722,2,低
2026-11,台中,C,C級,低危害,廠區,基本資料,工廠、日期、時間,32,31,31,0,0,0,0,1.0,0,低
2026-11,台中,C,C級,低危害,許可證,許可資訊,工程作業分級、申請時間、核准工作時間、工作許可證編號,32,30,29,1,0,0,0,0.9667,2,低
2026-11,台中,C,C級,低危害,施工地點,場地關係人,施工部門、轄區部門、監造部門,32,29,28,1,0,0,0,0.9655,2,低
2026-11,台中,C,C級,低危害,包商,承攬商與人員資格,承攬商、工作人數、車輛車號、工地負責人、安衛人員、特殊作業主管,32,27,26,1,0,0,0,0.963,2,低
2026-11,台中,C,C級,低危害,危害等級,作業等級,施工地點、工程案號、工作內容、許可工作項目、作業分級,32,28,27,1,0,0,0,0.9643,2,低
2026-11,台中,C,C級,低危害,危害等級,管線設備危害物,可燃性氣體、易燃液體、有害性氣體、化學藥劑、酸鹼、熱水蒸氣、空氣、其他,32,28,27,1,0,0,0,0.9643,2,低
2026-11,台中,C,C級,低危害,檢點與危害告知,簽發前安全檢點,是否安全檢點,32,29,28,1,0,0,0,0.9655,2,低
2026-11,台中,C,C級,低危害,檢點與危害告知,危害告知,是否危害告知,32,32,31,1,0,0,0,0.9688,2,低
2026-11,台中,C,C級,低危害,危害排除與隔離,環境危害排除,是否設備管線危害物排除,32,29,28,1,0,0,0,0.9655,2,低
2026-11,台中,C,C級,低危害,危害排除與隔離,隔離管制,設備管線是否加盲加鎖掛牌,32,27,26,1,0,0,0,0.963,2,低
2026-11,台中,C,C級,低危害,環境測定,氣體偵測數值,可燃性氣體%、氧氣%、一氧化碳PPM、硫化氫PPM,32,30,29,1,0,0,0,0.9667,2,低
2026-11,台中,C,C級,低危害,環境測定,測定基準,可燃性氣體 < 20%LEL；氧氣>= 18%；一氧化碳<50 PPM；硫化氫<10 PPM,32,28,27,1,0,0,0,0.9643,2,低
2026-11,台中,C,C級,低危害,環境測定,測定頻率,上、下午施工前測定；A級或高風險作業需重複或連續測定；每小時/每兩小時紀錄表,32,29,28,1,0,0,0,0.9655,2,低
2026-11,台中,C,C級,低危害,防火防爆,消防設備,是否有消防設備,32,27,26,1,0,0,0,0.963,2,低
2026-11,台中,C,C級,低危害,防火防爆,防爆安全工具,是否使用防爆電氣設備及安全工具,32,27,26,1,0,0,0,0.963,2,低
2026-11,台中,C,C級,低危害,高處作業,防墜措施,設標準施工架、安全網、安全母索、安全帶,32,27,26,1,0,0,0,0.963,2,低
2026-11,台中,C,C級,低危害,安全保護,個人防護具,是否有防護口罩、防毒面具、SCBA、防護手套、安全眼鏡、耳塞,32,32,31,1,0,0,0,0.9688,2,低
2026-11,台中,C,C級,低危害,警戒巡查,警戒標示,是否有警戒標示,32,26,25,1,0,0,0,0.9615,2,低
2026-11,台中,C,C級,低危害,警戒巡查,巡查會簽,是否轄區、監造、安衛人員或工地負責人巡查會簽,32,30,29,1,0,0,0,0.9667,2,低
2026-11,台中,C,C級,低危害,收工回簽,回簽收工確認,是否回簽時確認環境已整理並完成防護措施,32,28,27,1,0,0,0,0.9643,2,低
2026-11,台中,C,C級,低危害,收工回簽,一般安全規定,是否遵守工安規定,32,29,28,1,0,1,0,0.9655,5,低
2026-11,台中,C,C級,低危害,收工回簽,現場紀錄,是否拍照,32,28,28,0,0,0,0,1.0,0,低
2026-12,台中,A,A級,高危害,廠區,基本資料,工廠、日期、時間,21,17,17,0,0,0,0,1.0,0,低
2026-12,台中,A,A級,高危害,許可證,許可資訊,工程作業分級、申請時間、核准工作時間、工作許可證編號,21,18,17,1,0,0,0,0.9444,2,低
2026-12,台中,A,A級,高危害,施工地點,場地關係人,施工部門、轄區部門、監造部門,21,21,21,0,0,0,0,1.0,0,低
2026-12,台中,A,A級,高危害,包商,承攬商與人員資格,承攬商、工作人數、車輛車號、工地負責人、安衛人員、特殊作業主管,21,17,16,1,0,0,0,0.9412,2,低
2026-12,台中,A,A級,高危害,危害等級,作業等級,施工地點、工程案號、工作內容、許可工作項目、作業分級,21,19,18,1,0,0,0,0.9474,2,低
2026-12,台中,A,A級,高危害,危害等級,管線設備危害物,可燃性氣體、易燃液體、有害性氣體、化學藥劑、酸鹼、熱水蒸氣、空氣、其他,21,19,18,1,0,0,0,0.9474,2,低
2026-12,台中,A,A級,高危害,檢點與危害告知,簽發前安全檢點,是否安全檢點,21,19,18,1,0,1,0,0.9474,5,低
2026-12,台中,A,A級,高危害,檢點與危害告知,危害告知,是否危害告知,21,18,18,0,0,0,0,1.0,0,低
2026-12,台中,A,A級,高危害,危害排除與隔離,環境危害排除,是否設備管線危害物排除,21,19,18,1,0,0,0,0.9474,2,低
2026-12,台中,A,A級,高危害,危害排除與隔離,隔離管制,設備管線是否加盲加鎖掛牌,21,19,18,1,0,0,0,0.9474,2,低
2026-12,台中,A,A級,高危害,環境測定,氣體偵測數值,可燃性氣體%、氧氣%、一氧化碳PPM、硫化氫PPM,21,19,18,1,0,0,0,0.9474,2,低
2026-12,台中,A,A級,高危害,環境測定,測定基準,可燃性氣體 < 20%LEL；氧氣>= 18%；一氧化碳<50 PPM；硫化氫<10 PPM,21,18,17,1,0,0,0,0.9444,2,低
2026-12,台中,A,A級,高危害,環境測定,測定頻率,上、下午施工前測定；A級或高風險作業需重複或連續測定；每小時/每兩小時紀錄表,21,20,19,1,0,0,0,0.95,2,低
2026-12,台中,A,A級,高危害,防火防爆,消防設備,是否有消防設備,21,20,19,1,0,0,0,0.95,2,低
2026-12,台中,A,A級,高危害,防火防爆,防爆安全工具,是否使用防爆電氣設備及安全工具,21,20,19,1,0,0,0,0.95,2,低
2026-12,台中,A,A級,高危害,高處作業,防墜措施,設標準施工架、安全網、安全母索、安全帶,21,20,19,1,0,0,0,0.95,2,低
2026-12,台中,A,A級,高危害,安全保護,個人防護具,是否有防護口罩、防毒面具、SCBA、防護手套、安全眼鏡、耳塞,21,20,19,1,0,0,0,0.95,2,低
2026-12,台中,A,A級,高危害,警戒巡查,警戒標示,是否有警戒標示,21,20,19,1,0,0,0,0.95,2,低
2026-12,台中,A,A級,高危害,警戒巡查,巡查會簽,是否轄區、監造、安衛人員或工地負責人巡查會簽,21,19,18,1,0,0,0,0.9474,2,低
2026-12,台中,A,A級,高危害,收工回簽,回簽收工確認,是否回簽時確認環境已整理並完成防護措施,21,20,19,1,0,0,0,0.95,2,低
2026-12,台中,A,A級,高危害,收工回簽,一般安全規定,是否遵守工安規定,21,20,19,1,0,0,0,0.95,2,低
2026-12,台中,A,A級,高危害,收工回簽,現場紀錄,是否拍照,21,20,19,1,0,0,0,0.95,2,低
2026-12,台中,B,B級,中危害,廠區,基本資料,工廠、日期、時間,41,38,37,1,0,0,0,0.9737,2,低
2026-12,台中,B,B級,中危害,許可證,許可資訊,工程作業分級、申請時間、核准工作時間、工作許可證編號,41,37,36,1,0,0,0,0.973,2,低
2026-12,台中,B,B級,中危害,施工地點,場地關係人,施工部門、轄區部門、監造部門,41,38,37,1,0,0,0,0.9737,2,低
2026-12,台中,B,B級,中危害,包商,承攬商與人員資格,承攬商、工作人數、車輛車號、工地負責人、安衛人員、特殊作業主管,41,40,39,1,0,0,0,0.975,2,低
2026-12,台中,B,B級,中危害,危害等級,作業等級,施工地點、工程案號、工作內容、許可工作項目、作業分級,41,38,37,1,0,0,0,0.9737,2,低
2026-12,台中,B,B級,中危害,危害等級,管線設備危害物,可燃性氣體、易燃液體、有害性氣體、化學藥劑、酸鹼、熱水蒸氣、空氣、其他,41,35,34,1,0,0,0,0.9714,2,低
2026-12,台中,B,B級,中危害,檢點與危害告知,簽發前安全檢點,是否安全檢點,41,37,36,1,0,0,0,0.973,2,低
2026-12,台中,B,B級,中危害,檢點與危害告知,危害告知,是否危害告知,41,41,40,1,0,0,0,0.9756,2,低
2026-12,台中,B,B級,中危害,危害排除與隔離,環境危害排除,是否設備管線危害物排除,41,37,36,1,0,0,0,0.973,2,低
2026-12,台中,B,B級,中危害,危害排除與隔離,隔離管制,設備管線是否加盲加鎖掛牌,41,38,37,1,0,0,0,0.9737,2,低
2026-12,台中,B,B級,中危害,環境測定,氣體偵測數值,可燃性氣體%、氧氣%、一氧化碳PPM、硫化氫PPM,41,38,36,2,1,0,0,0.9474,13,低
2026-12,台中,B,B級,中危害,環境測定,測定基準,可燃性氣體 < 20%LEL；氧氣>= 18%；一氧化碳<50 PPM；硫化氫<10 PPM,41,35,34,1,0,0,0,0.9714,2,低
2026-12,台中,B,B級,中危害,環境測定,測定頻率,上、下午施工前測定；A級或高風險作業需重複或連續測定；每小時/每兩小時紀錄表,41,34,33,1,0,0,0,0.9706,2,低
2026-12,台中,B,B級,中危害,防火防爆,消防設備,是否有消防設備,41,35,34,1,0,0,0,0.9714,2,低
2026-12,台中,B,B級,中危害,防火防爆,防爆安全工具,是否使用防爆電氣設備及安全工具,41,40,38,2,1,1,0,0.95,16,中
2026-12,台中,B,B級,中危害,高處作業,防墜措施,設標準施工架、安全網、安全母索、安全帶,41,39,38,1,0,0,0,0.9744,2,低
2026-12,台中,B,B級,中危害,安全保護,個人防護具,是否有防護口罩、防毒面具、SCBA、防護手套、安全眼鏡、耳塞,41,39,38,1,0,0,0,0.9744,2,低
2026-12,台中,B,B級,中危害,警戒巡查,警戒標示,是否有警戒標示,41,34,33,1,0,0,0,0.9706,2,低
2026-12,台中,B,B級,中危害,警戒巡查,巡查會簽,是否轄區、監造、安衛人員或工地負責人巡查會簽,41,38,37,1,0,0,0,0.9737,2,低
2026-12,台中,B,B級,中危害,收工回簽,回簽收工確認,是否回簽時確認環境已整理並完成防護措施,41,35,34,1,0,0,0,0.9714,2,低
2026-12,台中,B,B級,中危害,收工回簽,一般安全規定,是否遵守工安規定,41,37,36,1,0,0,0,0.973,2,低
2026-12,台中,B,B級,中危害,收工回簽,現場紀錄,是否拍照,41,34,33,1,0,0,0,0.9706,2,低
2026-12,台中,C,C級,低危害,廠區,基本資料,工廠、日期、時間,34,31,31,0,0,0,0,1.0,0,低
2026-12,台中,C,C級,低危害,許可證,許可資訊,工程作業分級、申請時間、核准工作時間、工作許可證編號,34,29,28,1,0,0,0,0.9655,2,低
2026-12,台中,C,C級,低危害,施工地點,場地關係人,施工部門、轄區部門、監造部門,34,30,29,1,0,0,0,0.9667,2,低
2026-12,台中,C,C級,低危害,包商,承攬商與人員資格,承攬商、工作人數、車輛車號、工地負責人、安衛人員、特殊作業主管,34,30,29,1,0,0,0,0.9667,2,低
2026-12,台中,C,C級,低危害,危害等級,作業等級,施工地點、工程案號、工作內容、許可工作項目、作業分級,34,30,29,1,0,0,0,0.9667,2,低
2026-12,台中,C,C級,低危害,危害等級,管線設備危害物,可燃性氣體、易燃液體、有害性氣體、化學藥劑、酸鹼、熱水蒸氣、空氣、其他,34,30,29,1,0,0,0,0.9667,2,低
2026-12,台中,C,C級,低危害,檢點與危害告知,簽發前安全檢點,是否安全檢點,34,32,31,1,0,0,0,0.9688,2,低
2026-12,台中,C,C級,低危害,檢點與危害告知,危害告知,是否危害告知,34,34,33,1,0,0,0,0.9706,2,低
2026-12,台中,C,C級,低危害,危害排除與隔離,環境危害排除,是否設備管線危害物排除,34,28,27,1,0,0,0,0.9643,2,低
2026-12,台中,C,C級,低危害,危害排除與隔離,隔離管制,設備管線是否加盲加鎖掛牌,34,33,32,1,0,1,0,0.9697,5,低
2026-12,台中,C,C級,低危害,環境測定,氣體偵測數值,可燃性氣體%、氧氣%、一氧化碳PPM、硫化氫PPM,34,32,31,1,0,0,0,0.9688,2,低
2026-12,台中,C,C級,低危害,環境測定,測定基準,可燃性氣體 < 20%LEL；氧氣>= 18%；一氧化碳<50 PPM；硫化氫<10 PPM,34,28,27,1,0,0,0,0.9643,2,低
2026-12,台中,C,C級,低危害,環境測定,測定頻率,上、下午施工前測定；A級或高風險作業需重複或連續測定；每小時/每兩小時紀錄表,34,31,30,1,0,0,0,0.9677,2,低
2026-12,台中,C,C級,低危害,防火防爆,消防設備,是否有消防設備,34,33,32,1,0,0,0,0.9697,2,低
2026-12,台中,C,C級,低危害,防火防爆,防爆安全工具,是否使用防爆電氣設備及安全工具,34,30,29,1,0,0,0,0.9667,2,低
2026-12,台中,C,C級,低危害,高處作業,防墜措施,設標準施工架、安全網、安全母索、安全帶,34,30,29,1,0,0,0,0.9667,2,低
2026-12,台中,C,C級,低危害,安全保護,個人防護具,是否有防護口罩、防毒面具、SCBA、防護手套、安全眼鏡、耳塞,34,33,32,1,0,0,0,0.9697,2,低
2026-12,台中,C,C級,低危害,警戒巡查,警戒標示,是否有警戒標示,34,28,27,1,0,0,0,0.9643,2,低
2026-12,台中,C,C級,低危害,警戒巡查,巡查會簽,是否轄區、監造、安衛人員或工地負責人巡查會簽,34,29,28,1,0,0,0,0.9655,2,低
2026-12,台中,C,C級,低危害,收工回簽,回簽收工確認,是否回簽時確認環境已整理並完成防護措施,34,33,32,1,0,0,0,0.9697,2,低
2026-12,台中,C,C級,低危害,收工回簽,一般安全規定,是否遵守工安規定,34,32,31,1,0,1,0,0.9688,5,低
2026-12,台中,C,C級,低危害,收工回簽,現場紀錄,是否拍照,34,32,31,1,0,0,0,0.9688,2,低
2024-01,嘉義,A,A級,高危害,廠區,基本資料,工廠、日期、時間,19,17,17,0,0,0,0,1.0,0,低
2024-01,嘉義,A,A級,高危害,許可證,許可資訊,工程作業分級、申請時間、核准工作時間、工作許可證編號,19,17,17,0,0,0,0,1.0,0,低
2024-01,嘉義,A,A級,高危害,施工地點,場地關係人,施工部門、轄區部門、監造部門,19,17,17,0,0,0,0,1.0,0,低
2024-01,嘉義,A,A級,高危害,包商,承攬商與人員資格,承攬商、工作人數、車輛車號、工地負責人、安衛人員、特殊作業主管,19,18,18,0,0,0,0,1.0,0,低
2024-01,嘉義,A,A級,高危害,危害等級,作業等級,施工地點、工程案號、工作內容、許可工作項目、作業分級,19,18,17,1,0,0,0,0.9444,2,低
2024-01,嘉義,A,A級,高危害,危害等級,管線設備危害物,可燃性氣體、易燃液體、有害性氣體、化學藥劑、酸鹼、熱水蒸氣、空氣、其他,19,16,16,0,0,0,0,1.0,0,低
2024-01,嘉義,A,A級,高危害,檢點與危害告知,簽發前安全檢點,是否安全檢點,19,17,16,1,0,0,0,0.9412,2,低
2024-01,嘉義,A,A級,高危害,檢點與危害告知,危害告知,是否危害告知,19,18,17,1,0,0,0,0.9444,2,低
2024-01,嘉義,A,A級,高危害,危害排除與隔離,環境危害排除,是否設備管線危害物排除,19,18,17,1,0,0,0,0.9444,2,低
2024-01,嘉義,A,A級,高危害,危害排除與隔離,隔離管制,設備管線是否加盲加鎖掛牌,19,18,17,1,0,0,0,0.9444,2,低
2024-01,嘉義,A,A級,高危害,環境測定,氣體偵測數值,可燃性氣體%、氧氣%、一氧化碳PPM、硫化氫PPM,19,16,15,1,0,0,0,0.9375,2,低
2024-01,嘉義,A,A級,高危害,環境測定,測定基準,可燃性氣體 < 20%LEL；氧氣>= 18%；一氧化碳<50 PPM；硫化氫<10 PPM,19,17,16,1,0,0,0,0.9412,2,低
2024-01,嘉義,A,A級,高危害,環境測定,測定頻率,上、下午施工前測定；A級或高風險作業需重複或連續測定；每小時/每兩小時紀錄表,19,18,17,1,0,0,0,0.9444,2,低
2024-01,嘉義,A,A級,高危害,防火防爆,消防設備,是否有消防設備,19,18,17,1,0,0,0,0.9444,2,低
2024-01,嘉義,A,A級,高危害,防火防爆,防爆安全工具,是否使用防爆電氣設備及安全工具,19,16,15,1,0,0,0,0.9375,2,低
2024-01,嘉義,A,A級,高危害,高處作業,防墜措施,設標準施工架、安全網、安全母索、安全帶,19,18,17,1,0,0,0,0.9444,2,低
2024-01,嘉義,A,A級,高危害,安全保護,個人防護具,是否有防護口罩、防毒面具、SCBA、防護手套、安全眼鏡、耳塞,19,16,15,1,0,0,0,0.9375,2,低
2024-01,嘉義,A,A級,高危害,警戒巡查,警戒標示,是否有警戒標示,19,16,16,0,0,0,0,1.0,0,低
2024-01,嘉義,A,A級,高危害,警戒巡查,巡查會簽,是否轄區、監造、安衛人員或工地負責人巡查會簽,19,18,17,1,0,0,0,0.9444,2,低
2024-01,嘉義,A,A級,高危害,收工回簽,回簽收工確認,是否回簽時確認環境已整理並完成防護措施,19,17,17,0,0,0,0,1.0,0,低
2024-01,嘉義,A,A級,高危害,收工回簽,一般安全規定,是否遵守工安規定,19,16,15,1,0,0,0,0.9375,2,低
2024-01,嘉義,A,A級,高危害,收工回簽,現場紀錄,是否拍照,19,18,18,0,0,0,0,1.0,0,低
2024-01,嘉義,B,B級,中危害,廠區,基本資料,工廠、日期、時間,35,30,29,1,0,0,0,0.9667,2,低
2024-01,嘉義,B,B級,中危害,許可證,許可資訊,工程作業分級、申請時間、核准工作時間、工作許可證編號,35,29,28,1,0,0,0,0.9655,2,低
2024-01,嘉義,B,B級,中危害,施工地點,場地關係人,施工部門、轄區部門、監造部門,35,34,33,1,0,0,0,0.9706,2,低
2024-01,嘉義,B,B級,中危害,包商,承攬商與人員資格,承攬商、工作人數、車輛車號、工地負責人、安衛人員、特殊作業主管,35,31,30,1,0,0,0,0.9677,2,低
2024-01,嘉義,B,B級,中危害,危害等級,作業等級,施工地點、工程案號、工作內容、許可工作項目、作業分級,35,32,31,1,0,0,0,0.9688,2,低
2024-01,嘉義,B,B級,中危害,危害等級,管線設備危害物,可燃性氣體、易燃液體、有害性氣體、化學藥劑、酸鹼、熱水蒸氣、空氣、其他,35,30,29,1,0,0,0,0.9667,2,低
2024-01,嘉義,B,B級,中危害,檢點與危害告知,簽發前安全檢點,是否安全檢點,35,32,31,1,0,0,0,0.9688,2,低
2024-01,嘉義,B,B級,中危害,檢點與危害告知,危害告知,是否危害告知,35,30,29,1,0,0,0,0.9667,2,低
2024-01,嘉義,B,B級,中危害,危害排除與隔離,環境危害排除,是否設備管線危害物排除,35,34,33,1,0,0,0,0.9706,2,低
2024-01,嘉義,B,B級,中危害,危害排除與隔離,隔離管制,設備管線是否加盲加鎖掛牌,35,33,32,1,0,0,0,0.9697,2,低
2024-01,嘉義,B,B級,中危害,環境測定,氣體偵測數值,可燃性氣體%、氧氣%、一氧化碳PPM、硫化氫PPM,35,33,32,1,0,0,0,0.9697,2,低
2024-01,嘉義,B,B級,中危害,環境測定,測定基準,可燃性氣體 < 20%LEL；氧氣>= 18%；一氧化碳<50 PPM；硫化氫<10 PPM,35,31,30,1,0,0,0,0.9677,2,低
2024-01,嘉義,B,B級,中危害,環境測定,測定頻率,上、下午施工前測定；A級或高風險作業需重複或連續測定；每小時/每兩小時紀錄表,35,32,31,1,0,0,0,0.9688,2,低
2024-01,嘉義,B,B級,中危害,防火防爆,消防設備,是否有消防設備,35,35,34,1,0,1,0,0.9714,5,低
2024-01,嘉義,B,B級,中危害,防火防爆,防爆安全工具,是否使用防爆電氣設備及安全工具,35,30,29,1,0,0,0,0.9667,2,低
2024-01,嘉義,B,B級,中危害,高處作業,防墜措施,設標準施工架、安全網、安全母索、安全帶,35,33,32,1,0,0,0,0.9697,2,低
2024-01,嘉義,B,B級,中危害,安全保護,個人防護具,是否有防護口罩、防毒面具、SCBA、防護手套、安全眼鏡、耳塞,35,34,33,1,0,0,0,0.9706,2,低
2024-01,嘉義,B,B級,中危害,警戒巡查,警戒標示,是否有警戒標示,35,33,32,1,0,0,0,0.9697,2,低
2024-01,嘉義,B,B級,中危害,警戒巡查,巡查會簽,是否轄區、監造、安衛人員或工地負責人巡查會簽,35,32,31,1,0,0,0,0.9688,2,低
2024-01,嘉義,B,B級,中危害,收工回簽,回簽收工確認,是否回簽時確認環境已整理並完成防護措施,35,31,30,1,0,0,0,0.9677,2,低
2024-01,嘉義,B,B級,中危害,收工回簽,一般安全規定,是否遵守工安規定,35,29,28,1,0,0,0,0.9655,2,低
2024-01,嘉義,B,B級,中危害,收工回簽,現場紀錄,是否拍照,35,33,32,1,0,0,0,0.9697,2,低
2024-01,嘉義,C,C級,低危害,廠區,基本資料,工廠、日期、時間,28,24,24,0,0,0,0,1.0,0,低
2024-01,嘉義,C,C級,低危害,許可證,許可資訊,工程作業分級、申請時間、核准工作時間、工作許可證編號,28,28,28,0,0,0,0,1.0,0,低
2024-01,嘉義,C,C級,低危害,施工地點,場地關係人,施工部門、轄區部門、監造部門,28,25,25,0,0,0,0,1.0,0,低
2024-01,嘉義,C,C級,低危害,包商,承攬商與人員資格,承攬商、工作人數、車輛車號、工地負責人、安衛人員、特殊作業主管,28,26,26,0,0,0,0,1.0,0,低
2024-01,嘉義,C,C級,低危害,危害等級,作業等級,施工地點、工程案號、工作內容、許可工作項目、作業分級,28,23,22,1,0,0,0,0.9565,2,低
2024-01,嘉義,C,C級,低危害,危害等級,管線設備危害物,可燃性氣體、易燃液體、有害性氣體、化學藥劑、酸鹼、熱水蒸氣、空氣、其他,28,25,25,0,0,0,0,1.0,0,低
2024-01,嘉義,C,C級,低危害,檢點與危害告知,簽發前安全檢點,是否安全檢點,28,25,25,0,0,0,0,1.0,0,低
2024-01,嘉義,C,C級,低危害,檢點與危害告知,危害告知,是否危害告知,28,26,26,0,0,0,0,1.0,0,低
2024-01,嘉義,C,C級,低危害,危害排除與隔離,環境危害排除,是否設備管線危害物排除,28,27,26,1,0,0,0,0.963,2,低
2024-01,嘉義,C,C級,低危害,危害排除與隔離,隔離管制,設備管線是否加盲加鎖掛牌,28,24,24,0,0,0,0,1.0,0,低
2024-01,嘉義,C,C級,低危害,環境測定,氣體偵測數值,可燃性氣體%、氧氣%、一氧化碳PPM、硫化氫PPM,28,25,24,1,0,0,0,0.96,2,低
2024-01,嘉義,C,C級,低危害,環境測定,測定基準,可燃性氣體 < 20%LEL；氧氣>= 18%；一氧化碳<50 PPM；硫化氫<10 PPM,28,28,27,1,0,0,0,0.9643,2,低
2024-01,嘉義,C,C級,低危害,環境測定,測定頻率,上、下午施工前測定；A級或高風險作業需重複或連續測定；每小時/每兩小時紀錄表,28,27,26,1,0,0,0,0.963,2,低
2024-01,嘉義,C,C級,低危害,防火防爆,消防設備,是否有消防設備,28,23,22,1,0,0,0,0.9565,2,低
2024-01,嘉義,C,C級,低危害,防火防爆,防爆安全工具,是否使用防爆電氣設備及安全工具,28,26,25,1,0,0,0,0.9615,2,低
2024-01,嘉義,C,C級,低危害,高處作業,防墜措施,設標準施工架、安全網、安全母索、安全帶,28,24,23,1,0,0,0,0.9583,2,低
2024-01,嘉義,C,C級,低危害,安全保護,個人防護具,是否有防護口罩、防毒面具、SCBA、防護手套、安全眼鏡、耳塞,28,25,24,1,0,0,0,0.96,2,低
2024-01,嘉義,C,C級,低危害,警戒巡查,警戒標示,是否有警戒標示,28,24,23,1,0,0,0,0.9583,2,低
2024-01,嘉義,C,C級,低危害,警戒巡查,巡查會簽,是否轄區、監造、安衛人員或工地負責人巡查會簽,28,25,25,0,0,0,0,1.0,0,低
2024-01,嘉義,C,C級,低危害,收工回簽,回簽收工確認,是否回簽時確認環境已整理並完成防護措施,28,24,24,0,0,0,0,1.0,0,低
2024-01,嘉義,C,C級,低危害,收工回簽,一般安全規定,是否遵守工安規定,28,27,27,0,0,0,0,1.0,0,低
2024-01,嘉義,C,C級,低危害,收工回簽,現場紀錄,是否拍照,28,26,25,1,0,0,0,0.9615,2,低
2024-02,嘉義,A,A級,高危害,廠區,基本資料,工廠、日期、時間,19,18,18,0,0,0,0,1.0,0,低
2024-02,嘉義,A,A級,高危害,許可證,許可資訊,工程作業分級、申請時間、核准工作時間、工作許可證編號,19,17,17,0,0,0,0,1.0,0,低
2024-02,嘉義,A,A級,高危害,施工地點,場地關係人,施工部門、轄區部門、監造部門,19,17,17,0,0,0,0,1.0,0,低
2024-02,嘉義,A,A級,高危害,包商,承攬商與人員資格,承攬商、工作人數、車輛車號、工地負責人、安衛人員、特殊作業主管,19,16,15,1,0,0,0,0.9375,2,低
2024-02,嘉義,A,A級,高危害,危害等級,作業等級,施工地點、工程案號、工作內容、許可工作項目、作業分級,19,17,17,0,0,0,0,1.0,0,低
2024-02,嘉義,A,A級,高危害,危害等級,管線設備危害物,可燃性氣體、易燃液體、有害性氣體、化學藥劑、酸鹼、熱水蒸氣、空氣、其他,19,16,16,0,0,0,0,1.0,0,低
2024-02,嘉義,A,A級,高危害,檢點與危害告知,簽發前安全檢點,是否安全檢點,19,18,17,1,0,0,0,0.9444,2,低
2024-02,嘉義,A,A級,高危害,檢點與危害告知,危害告知,是否危害告知,19,18,17,1,0,0,0,0.9444,2,低
2024-02,嘉義,A,A級,高危害,危害排除與隔離,環境危害排除,是否設備管線危害物排除,19,19,18,1,0,0,0,0.9474,2,低
2024-02,嘉義,A,A級,高危害,危害排除與隔離,隔離管制,設備管線是否加盲加鎖掛牌,19,16,15,1,0,0,0,0.9375,2,低
2024-02,嘉義,A,A級,高危害,環境測定,氣體偵測數值,可燃性氣體%、氧氣%、一氧化碳PPM、硫化氫PPM,19,17,16,1,0,0,0,0.9412,2,低
2024-02,嘉義,A,A級,高危害,環境測定,測定基準,可燃性氣體 < 20%LEL；氧氣>= 18%；一氧化碳<50 PPM；硫化氫<10 PPM,19,16,15,1,0,0,0,0.9375,2,低
2024-02,嘉義,A,A級,高危害,環境測定,測定頻率,上、下午施工前測定；A級或高風險作業需重複或連續測定；每小時/每兩小時紀錄表,19,18,17,1,0,0,0,0.9444,2,低
2024-02,嘉義,A,A級,高危害,防火防爆,消防設備,是否有消防設備,19,17,16,1,0,0,0,0.9412,2,低
2024-02,嘉義,A,A級,高危害,防火防爆,防爆安全工具,是否使用防爆電氣設備及安全工具,19,16,15,1,0,0,0,0.9375,2,低
2024-02,嘉義,A,A級,高危害,高處作業,防墜措施,設標準施工架、安全網、安全母索、安全帶,19,16,15,1,0,0,0,0.9375,2,低
2024-02,嘉義,A,A級,高危害,安全保護,個人防護具,是否有防護口罩、防毒面具、SCBA、防護手套、安全眼鏡、耳塞,19,16,16,0,0,0,0,1.0,0,低
2024-02,嘉義,A,A級,高危害,警戒巡查,警戒標示,是否有警戒標示,19,16,16,0,0,0,0,1.0,0,低
2024-02,嘉義,A,A級,高危害,警戒巡查,巡查會簽,是否轄區、監造、安衛人員或工地負責人巡查會簽,19,18,17,1,0,1,0,0.9444,5,低
2024-02,嘉義,A,A級,高危害,收工回簽,回簽收工確認,是否回簽時確認環境已整理並完成防護措施,19,16,16,0,0,0,0,1.0,0,低
2024-02,嘉義,A,A級,高危害,收工回簽,一般安全規定,是否遵守工安規定,19,18,17,1,0,0,0,0.9444,2,低
2024-02,嘉義,A,A級,高危害,收工回簽,現場紀錄,是否拍照,19,18,17,1,0,1,0,0.9444,5,低
2024-02,嘉義,B,B級,中危害,廠區,基本資料,工廠、日期、時間,39,39,38,1,0,0,0,0.9744,2,低
2024-02,嘉義,B,B級,中危害,許可證,許可資訊,工程作業分級、申請時間、核准工作時間、工作許可證編號,39,37,36,1,0,0,0,0.973,2,低
2024-02,嘉義,B,B級,中危害,施工地點,場地關係人,施工部門、轄區部門、監造部門,39,37,36,1,0,0,0,0.973,2,低
2024-02,嘉義,B,B級,中危害,包商,承攬商與人員資格,承攬商、工作人數、車輛車號、工地負責人、安衛人員、特殊作業主管,39,33,32,1,0,0,0,0.9697,2,低
2024-02,嘉義,B,B級,中危害,危害等級,作業等級,施工地點、工程案號、工作內容、許可工作項目、作業分級,39,35,34,1,0,0,0,0.9714,2,低
2024-02,嘉義,B,B級,中危害,危害等級,管線設備危害物,可燃性氣體、易燃液體、有害性氣體、化學藥劑、酸鹼、熱水蒸氣、空氣、其他,39,34,33,1,0,0,0,0.9706,2,低
2024-02,嘉義,B,B級,中危害,檢點與危害告知,簽發前安全檢點,是否安全檢點,39,38,37,1,0,0,0,0.9737,2,低
2024-02,嘉義,B,B級,中危害,檢點與危害告知,危害告知,是否危害告知,39,34,33,1,0,0,0,0.9706,2,低
2024-02,嘉義,B,B級,中危害,危害排除與隔離,環境危害排除,是否設備管線危害物排除,39,36,35,1,0,0,0,0.9722,2,低
2024-02,嘉義,B,B級,中危害,危害排除與隔離,隔離管制,設備管線是否加盲加鎖掛牌,39,35,34,1,0,0,0,0.9714,2,低
2024-02,嘉義,B,B級,中危害,環境測定,氣體偵測數值,可燃性氣體%、氧氣%、一氧化碳PPM、硫化氫PPM,39,36,35,1,0,0,0,0.9722,2,低
2024-02,嘉義,B,B級,中危害,環境測定,測定基準,可燃性氣體 < 20%LEL；氧氣>= 18%；一氧化碳<50 PPM；硫化氫<10 PPM,39,34,33,1,0,0,0,0.9706,2,低
2024-02,嘉義,B,B級,中危害,環境測定,測定頻率,上、下午施工前測定；A級或高風險作業需重複或連續測定；每小時/每兩小時紀錄表,39,36,35,1,0,0,0,0.9722,2,低
2024-02,嘉義,B,B級,中危害,防火防爆,消防設備,是否有消防設備,39,34,33,1,0,0,0,0.9706,2,低
2024-02,嘉義,B,B級,中危害,防火防爆,防爆安全工具,是否使用防爆電氣設備及安全工具,39,34,33,1,0,0,0,0.9706,2,低
2024-02,嘉義,B,B級,中危害,高處作業,防墜措施,設標準施工架、安全網、安全母索、安全帶,39,36,35,1,0,0,0,0.9722,2,低
2024-02,嘉義,B,B級,中危害,安全保護,個人防護具,是否有防護口罩、防毒面具、SCBA、防護手套、安全眼鏡、耳塞,39,32,31,1,0,0,0,0.9688,2,低
2024-02,嘉義,B,B級,中危害,警戒巡查,警戒標示,是否有警戒標示,39,33,32,1,0,0,0,0.9697,2,低
2024-02,嘉義,B,B級,中危害,警戒巡查,巡查會簽,是否轄區、監造、安衛人員或工地負責人巡查會簽,39,37,36,1,0,0,0,0.973,2,低
2024-02,嘉義,B,B級,中危害,收工回簽,回簽收工確認,是否回簽時確認環境已整理並完成防護措施,39,38,37,1,0,0,0,0.9737,2,低
2024-02,嘉義,B,B級,中危害,收工回簽,一般安全規定,是否遵守工安規定,39,34,33,1,0,0,0,0.9706,2,低
2024-02,嘉義,B,B級,中危害,收工回簽,現場紀錄,是否拍照,39,33,32,1,0,0,0,0.9697,2,低
2024-02,嘉義,C,C級,低危害,廠區,基本資料,工廠、日期、時間,31,26,26,0,0,0,0,1.0,0,低
2024-02,嘉義,C,C級,低危害,許可證,許可資訊,工程作業分級、申請時間、核准工作時間、工作許可證編號,31,26,26,0,0,0,0,1.0,0,低
2024-02,嘉義,C,C級,低危害,施工地點,場地關係人,施工部門、轄區部門、監造部門,31,26,26,0,0,0,0,1.0,0,低
2024-02,嘉義,C,C級,低危害,包商,承攬商與人員資格,承攬商、工作人數、車輛車號、工地負責人、安衛人員、特殊作業主管,31,27,26,1,0,0,0,0.963,2,低
2024-02,嘉義,C,C級,低危害,危害等級,作業等級,施工地點、工程案號、工作內容、許可工作項目、作業分級,31,29,28,1,0,0,0,0.9655,2,低
2024-02,嘉義,C,C級,低危害,危害等級,管線設備危害物,可燃性氣體、易燃液體、有害性氣體、化學藥劑、酸鹼、熱水蒸氣、空氣、其他,31,30,29,1,0,1,0,0.9667,5,低
2024-02,嘉義,C,C級,低危害,檢點與危害告知,簽發前安全檢點,是否安全檢點,31,30,29,1,0,0,0,0.9667,2,低
2024-02,嘉義,C,C級,低危害,檢點與危害告知,危害告知,是否危害告知,31,30,29,1,0,0,0,0.9667,2,低
2024-02,嘉義,C,C級,低危害,危害排除與隔離,環境危害排除,是否設備管線危害物排除,31,26,25,1,0,0,0,0.9615,2,低
2024-02,嘉義,C,C級,低危害,危害排除與隔離,隔離管制,設備管線是否加盲加鎖掛牌,31,29,28,1,0,0,0,0.9655,2,低
2024-02,嘉義,C,C級,低危害,環境測定,氣體偵測數值,可燃性氣體%、氧氣%、一氧化碳PPM、硫化氫PPM,31,30,29,1,0,0,0,0.9667,2,低
2024-02,嘉義,C,C級,低危害,環境測定,測定基準,可燃性氣體 < 20%LEL；氧氣>= 18%；一氧化碳<50 PPM；硫化氫<10 PPM,31,28,27,1,0,0,0,0.9643,2,低
2024-02,嘉義,C,C級,低危害,環境測定,測定頻率,上、下午施工前測定；A級或高風險作業需重複或連續測定；每小時/每兩小時紀錄表,31,29,28,1,0,0,0,0.9655,2,低
2024-02,嘉義,C,C級,低危害,防火防爆,消防設備,是否有消防設備,31,27,26,1,0,1,0,0.963,5,低
2024-02,嘉義,C,C級,低危害,防火防爆,防爆安全工具,是否使用防爆電氣設備及安全工具,31,30,29,1,0,0,0,0.9667,2,低
2024-02,嘉義,C,C級,低危害,高處作業,防墜措施,設標準施工架、安全網、安全母索、安全帶,31,29,28,1,0,1,0,0.9655,5,低
2024-02,嘉義,C,C級,低危害,安全保護,個人防護具,是否有防護口罩、防毒面具、SCBA、防護手套、安全眼鏡、耳塞,31,30,29,1,0,0,0,0.9667,2,低
2024-02,嘉義,C,C級,低危害,警戒巡查,警戒標示,是否有警戒標示,31,29,28,1,0,0,0,0.9655,2,低
2024-02,嘉義,C,C級,低危害,警戒巡查,巡查會簽,是否轄區、監造、安衛人員或工地負責人巡查會簽,31,27,26,1,0,0,0,0.963,2,低
2024-02,嘉義,C,C級,低危害,收工回簽,回簽收工確認,是否回簽時確認環境已整理並完成防護措施,31,31,30,1,0,0,0,0.9677,2,低
2024-02,嘉義,C,C級,低危害,收工回簽,一般安全規定,是否遵守工安規定,31,26,25,1,0,1,0,0.9615,5,低
2024-02,嘉義,C,C級,低危害,收工回簽,現場紀錄,是否拍照,31,27,26,1,0,0,0,0.963,2,低
2024-03,嘉義,A,A級,高危害,廠區,基本資料,工廠、日期、時間,23,22,22,0,0,0,0,1.0,0,低
2024-03,嘉義,A,A級,高危害,許可證,許可資訊,工程作業分級、申請時間、核准工作時間、工作許可證編號,23,22,21,1,0,1,0,0.9545,5,低
2024-03,嘉義,A,A級,高危害,施工地點,場地關係人,施工部門、轄區部門、監造部門,23,22,21,1,0,0,0,0.9545,2,低
2024-03,嘉義,A,A級,高危害,包商,承攬商與人員資格,承攬商、工作人數、車輛車號、工地負責人、安衛人員、特殊作業主管,23,22,21,1,0,0,0,0.9545,2,低
2024-03,嘉義,A,A級,高危害,危害等級,作業等級,施工地點、工程案號、工作內容、許可工作項目、作業分級,23,20,19,1,0,0,0,0.95,2,低
2024-03,嘉義,A,A級,高危害,危害等級,管線設備危害物,可燃性氣體、易燃液體、有害性氣體、化學藥劑、酸鹼、熱水蒸氣、空氣、其他,23,23,22,1,0,0,0,0.9565,2,低
2024-03,嘉義,A,A級,高危害,檢點與危害告知,簽發前安全檢點,是否安全檢點,23,19,18,1,0,1,0,0.9474,5,低
2024-03,嘉義,A,A級,高危害,檢點與危害告知,危害告知,是否危害告知,23,20,19,1,0,0,0,0.95,2,低
2024-03,嘉義,A,A級,高危害,危害排除與隔離,環境危害排除,是否設備管線危害物排除,23,23,22,1,0,0,0,0.9565,2,低
2024-03,嘉義,A,A級,高危害,危害排除與隔離,隔離管制,設備管線是否加盲加鎖掛牌,23,22,21,1,0,0,0,0.9545,2,低
2024-03,嘉義,A,A級,高危害,環境測定,氣體偵測數值,可燃性氣體%、氧氣%、一氧化碳PPM、硫化氫PPM,23,20,19,1,0,0,0,0.95,2,低
2024-03,嘉義,A,A級,高危害,環境測定,測定基準,可燃性氣體 < 20%LEL；氧氣>= 18%；一氧化碳<50 PPM；硫化氫<10 PPM,23,22,21,1,0,1,0,0.9545,5,低
2024-03,嘉義,A,A級,高危害,環境測定,測定頻率,上、下午施工前測定；A級或高風險作業需重複或連續測定；每小時/每兩小時紀錄表,23,20,19,1,0,0,0,0.95,2,低
2024-03,嘉義,A,A級,高危害,防火防爆,消防設備,是否有消防設備,23,21,20,1,0,0,0,0.9524,2,低
2024-03,嘉義,A,A級,高危害,防火防爆,防爆安全工具,是否使用防爆電氣設備及安全工具,23,22,21,1,0,1,0,0.9545,5,低
2024-03,嘉義,A,A級,高危害,高處作業,防墜措施,設標準施工架、安全網、安全母索、安全帶,23,21,20,1,0,0,0,0.9524,2,低
2024-03,嘉義,A,A級,高危害,安全保護,個人防護具,是否有防護口罩、防毒面具、SCBA、防護手套、安全眼鏡、耳塞,23,21,20,1,0,0,0,0.9524,2,低
2024-03,嘉義,A,A級,高危害,警戒巡查,警戒標示,是否有警戒標示,23,22,21,1,0,0,0,0.9545,2,低
2024-03,嘉義,A,A級,高危害,警戒巡查,巡查會簽,是否轄區、監造、安衛人員或工地負責人巡查會簽,23,23,22,1,0,0,0,0.9565,2,低
2024-03,嘉義,A,A級,高危害,收工回簽,回簽收工確認,是否回簽時確認環境已整理並完成防護措施,23,21,20,1,0,0,0,0.9524,2,低
2024-03,嘉義,A,A級,高危害,收工回簽,一般安全規定,是否遵守工安規定,23,22,21,1,0,0,0,0.9545,2,低
2024-03,嘉義,A,A級,高危害,收工回簽,現場紀錄,是否拍照,23,21,20,1,0,0,0,0.9524,2,低
2024-03,嘉義,B,B級,中危害,廠區,基本資料,工廠、日期、時間,38,31,30,1,0,0,0,0.9677,2,低
2024-03,嘉義,B,B級,中危害,許可證,許可資訊,工程作業分級、申請時間、核准工作時間、工作許可證編號,38,35,34,1,0,0,0,0.9714,2,低
2024-03,嘉義,B,B級,中危害,施工地點,場地關係人,施工部門、轄區部門、監造部門,38,32,31,1,0,0,0,0.9688,2,低
2024-03,嘉義,B,B級,中危害,包商,承攬商與人員資格,承攬商、工作人數、車輛車號、工地負責人、安衛人員、特殊作業主管,38,33,32,1,0,0,0,0.9697,2,低
2024-03,嘉義,B,B級,中危害,危害等級,作業等級,施工地點、工程案號、工作內容、許可工作項目、作業分級,38,35,34,1,0,0,0,0.9714,2,低
2024-03,嘉義,B,B級,中危害,危害等級,管線設備危害物,可燃性氣體、易燃液體、有害性氣體、化學藥劑、酸鹼、熱水蒸氣、空氣、其他,38,35,34,1,0,0,0,0.9714,2,低
2024-03,嘉義,B,B級,中危害,檢點與危害告知,簽發前安全檢點,是否安全檢點,38,35,34,1,0,0,0,0.9714,2,低
2024-03,嘉義,B,B級,中危害,檢點與危害告知,危害告知,是否危害告知,38,35,34,1,0,0,0,0.9714,2,低
2024-03,嘉義,B,B級,中危害,危害排除與隔離,環境危害排除,是否設備管線危害物排除,38,32,31,1,0,0,0,0.9688,2,低
2024-03,嘉義,B,B級,中危害,危害排除與隔離,隔離管制,設備管線是否加盲加鎖掛牌,38,32,31,1,0,0,0,0.9688,2,低
2024-03,嘉義,B,B級,中危害,環境測定,氣體偵測數值,可燃性氣體%、氧氣%、一氧化碳PPM、硫化氫PPM,38,32,31,1,0,0,0,0.9688,2,低
2024-03,嘉義,B,B級,中危害,環境測定,測定基準,可燃性氣體 < 20%LEL；氧氣>= 18%；一氧化碳<50 PPM；硫化氫<10 PPM,38,35,34,1,0,0,0,0.9714,2,低
2024-03,嘉義,B,B級,中危害,環境測定,測定頻率,上、下午施工前測定；A級或高風險作業需重複或連續測定；每小時/每兩小時紀錄表,38,31,30,1,0,0,0,0.9677,2,低
2024-03,嘉義,B,B級,中危害,防火防爆,消防設備,是否有消防設備,38,35,34,1,0,0,0,0.9714,2,低
2024-03,嘉義,B,B級,中危害,防火防爆,防爆安全工具,是否使用防爆電氣設備及安全工具,38,31,30,1,0,0,0,0.9677,2,低
2024-03,嘉義,B,B級,中危害,高處作業,防墜措施,設標準施工架、安全網、安全母索、安全帶,38,32,31,1,0,0,0,0.9688,2,低
2024-03,嘉義,B,B級,中危害,安全保護,個人防護具,是否有防護口罩、防毒面具、SCBA、防護手套、安全眼鏡、耳塞,38,34,33,1,0,0,0,0.9706,2,低
2024-03,嘉義,B,B級,中危害,警戒巡查,警戒標示,是否有警戒標示,38,36,35,1,0,0,0,0.9722,2,低
2024-03,嘉義,B,B級,中危害,警戒巡查,巡查會簽,是否轄區、監造、安衛人員或工地負責人巡查會簽,38,32,31,1,0,0,0,0.9688,2,低
2024-03,嘉義,B,B級,中危害,收工回簽,回簽收工確認,是否回簽時確認環境已整理並完成防護措施,38,36,35,1,0,0,0,0.9722,2,低
2024-03,嘉義,B,B級,中危害,收工回簽,一般安全規定,是否遵守工安規定,38,35,34,1,0,0,0,0.9714,2,低
2024-03,嘉義,B,B級,中危害,收工回簽,現場紀錄,是否拍照,38,34,33,1,0,0,0,0.9706,2,低
2024-03,嘉義,C,C級,低危害,廠區,基本資料,工廠、日期、時間,29,29,29,0,0,0,0,1.0,0,低
2024-03,嘉義,C,C級,低危害,許可證,許可資訊,工程作業分級、申請時間、核准工作時間、工作許可證編號,29,27,27,0,0,0,0,1.0,0,低
2024-03,嘉義,C,C級,低危害,施工地點,場地關係人,施工部門、轄區部門、監造部門,29,29,29,0,0,0,0,1.0,0,低
2024-03,嘉義,C,C級,低危害,包商,承攬商與人員資格,承攬商、工作人數、車輛車號、工地負責人、安衛人員、特殊作業主管,29,26,25,1,0,0,0,0.9615,2,低
2024-03,嘉義,C,C級,低危害,危害等級,作業等級,施工地點、工程案號、工作內容、許可工作項目、作業分級,29,28,28,0,0,0,0,1.0,0,低
2024-03,嘉義,C,C級,低危害,危害等級,管線設備危害物,可燃性氣體、易燃液體、有害性氣體、化學藥劑、酸鹼、熱水蒸氣、空氣、其他,29,26,25,1,0,0,0,0.9615,2,低
2024-03,嘉義,C,C級,低危害,檢點與危害告知,簽發前安全檢點,是否安全檢點,29,27,26,1,0,0,0,0.963,2,低
2024-03,嘉義,C,C級,低危害,檢點與危害告知,危害告知,是否危害告知,29,29,28,1,0,0,0,0.9655,2,低
2024-03,嘉義,C,C級,低危害,危害排除與隔離,環境危害排除,是否設備管線危害物排除,29,25,24,1,0,0,0,0.96,2,低
2024-03,嘉義,C,C級,低危害,危害排除與隔離,隔離管制,設備管線是否加盲加鎖掛牌,29,25,24,1,0,0,0,0.96,2,低
2024-03,嘉義,C,C級,低危害,環境測定,氣體偵測數值,可燃性氣體%、氧氣%、一氧化碳PPM、硫化氫PPM,29,24,23,1,0,0,0,0.9583,2,低
2024-03,嘉義,C,C級,低危害,環境測定,測定基準,可燃性氣體 < 20%LEL；氧氣>= 18%；一氧化碳<50 PPM；硫化氫<10 PPM,29,24,23,1,0,0,0,0.9583,2,低
2024-03,嘉義,C,C級,低危害,環境測定,測定頻率,上、下午施工前測定；A級或高風險作業需重複或連續測定；每小時/每兩小時紀錄表,29,29,28,1,0,0,0,0.9655,2,低
2024-03,嘉義,C,C級,低危害,防火防爆,消防設備,是否有消防設備,29,27,26,1,0,0,0,0.963,2,低
2024-03,嘉義,C,C級,低危害,防火防爆,防爆安全工具,是否使用防爆電氣設備及安全工具,29,25,24,1,0,0,0,0.96,2,低
2024-03,嘉義,C,C級,低危害,高處作業,防墜措施,設標準施工架、安全網、安全母索、安全帶,29,29,28,1,0,0,0,0.9655,2,低
2024-03,嘉義,C,C級,低危害,安全保護,個人防護具,是否有防護口罩、防毒面具、SCBA、防護手套、安全眼鏡、耳塞,29,26,25,1,0,0,0,0.9615,2,低
2024-03,嘉義,C,C級,低危害,警戒巡查,警戒標示,是否有警戒標示,29,27,27,0,0,0,0,1.0,0,低
2024-03,嘉義,C,C級,低危害,警戒巡查,巡查會簽,是否轄區、監造、安衛人員或工地負責人巡查會簽,29,27,26,1,0,0,0,0.963,2,低
2024-03,嘉義,C,C級,低危害,收工回簽,回簽收工確認,是否回簽時確認環境已整理並完成防護措施,29,28,27,1,0,0,0,0.9643,2,低
2024-03,嘉義,C,C級,低危害,收工回簽,一般安全規定,是否遵守工安規定,29,25,25,0,0,0,0,1.0,0,低
2024-03,嘉義,C,C級,低危害,收工回簽,現場紀錄,是否拍照,29,27,26,1,0,0,0,0.963,2,低
2024-04,嘉義,A,A級,高危害,廠區,基本資料,工廠、日期、時間,18,16,16,0,0,0,0,1.0,0,低
2024-04,嘉義,A,A級,高危害,許可證,許可資訊,工程作業分級、申請時間、核准工作時間、工作許可證編號,18,18,17,1,0,0,0,0.9444,2,低
2024-04,嘉義,A,A級,高危害,施工地點,場地關係人,施工部門、轄區部門、監造部門,18,16,16,0,0,0,0,1.0,0,低
2024-04,嘉義,A,A級,高危害,包商,承攬商與人員資格,承攬商、工作人數、車輛車號、工地負責人、安衛人員、特殊作業主管,18,17,17,0,0,0,0,1.0,0,低
2024-04,嘉義,A,A級,高危害,危害等級,作業等級,施工地點、工程案號、工作內容、許可工作項目、作業分級,18,17,16,1,0,0,0,0.9412,2,低
2024-04,嘉義,A,A級,高危害,危害等級,管線設備危害物,可燃性氣體、易燃液體、有害性氣體、化學藥劑、酸鹼、熱水蒸氣、空氣、其他,18,17,16,1,0,0,0,0.9412,2,低
2024-04,嘉義,A,A級,高危害,檢點與危害告知,簽發前安全檢點,是否安全檢點,18,16,16,0,0,0,0,1.0,0,低
2024-04,嘉義,A,A級,高危害,檢點與危害告知,危害告知,是否危害告知,18,17,16,1,0,0,0,0.9412,2,低
2024-04,嘉義,A,A級,高危害,危害排除與隔離,環境危害排除,是否設備管線危害物排除,18,16,15,1,0,0,0,0.9375,2,低
2024-04,嘉義,A,A級,高危害,危害排除與隔離,隔離管制,設備管線是否加盲加鎖掛牌,18,16,15,1,0,0,0,0.9375,2,低
2024-04,嘉義,A,A級,高危害,環境測定,氣體偵測數值,可燃性氣體%、氧氣%、一氧化碳PPM、硫化氫PPM,18,17,16,1,0,0,0,0.9412,2,低
2024-04,嘉義,A,A級,高危害,環境測定,測定基準,可燃性氣體 < 20%LEL；氧氣>= 18%；一氧化碳<50 PPM；硫化氫<10 PPM,18,16,15,1,0,0,0,0.9375,2,低
2024-04,嘉義,A,A級,高危害,環境測定,測定頻率,上、下午施工前測定；A級或高風險作業需重複或連續測定；每小時/每兩小時紀錄表,18,15,14,1,0,0,0,0.9333,2,低
2024-04,嘉義,A,A級,高危害,防火防爆,消防設備,是否有消防設備,18,16,15,1,0,0,0,0.9375,2,低
2024-04,嘉義,A,A級,高危害,防火防爆,防爆安全工具,是否使用防爆電氣設備及安全工具,18,16,15,1,0,0,0,0.9375,2,低
2024-04,嘉義,A,A級,高危害,高處作業,防墜措施,設標準施工架、安全網、安全母索、安全帶,18,16,15,1,0,1,0,0.9375,5,低
2024-04,嘉義,A,A級,高危害,安全保護,個人防護具,是否有防護口罩、防毒面具、SCBA、防護手套、安全眼鏡、耳塞,18,16,15,1,0,0,0,0.9375,2,低
2024-04,嘉義,A,A級,高危害,警戒巡查,警戒標示,是否有警戒標示,18,17,17,0,0,0,0,1.0,0,低
2024-04,嘉義,A,A級,高危害,警戒巡查,巡查會簽,是否轄區、監造、安衛人員或工地負責人巡查會簽,18,15,14,1,0,0,0,0.9333,2,低
2024-04,嘉義,A,A級,高危害,收工回簽,回簽收工確認,是否回簽時確認環境已整理並完成防護措施,18,17,16,1,0,1,0,0.9412,5,低
2024-04,嘉義,A,A級,高危害,收工回簽,一般安全規定,是否遵守工安規定,18,15,15,0,0,0,0,1.0,0,低
2024-04,嘉義,A,A級,高危害,收工回簽,現場紀錄,是否拍照,18,15,15,0,0,0,0,1.0,0,低
2024-04,嘉義,B,B級,中危害,廠區,基本資料,工廠、日期、時間,38,35,34,1,0,0,0,0.9714,2,低
2024-04,嘉義,B,B級,中危害,許可證,許可資訊,工程作業分級、申請時間、核准工作時間、工作許可證編號,38,34,33,1,0,0,0,0.9706,2,低
2024-04,嘉義,B,B級,中危害,施工地點,場地關係人,施工部門、轄區部門、監造部門,38,33,32,1,0,0,0,0.9697,2,低
2024-04,嘉義,B,B級,中危害,包商,承攬商與人員資格,承攬商、工作人數、車輛車號、工地負責人、安衛人員、特殊作業主管,38,33,32,1,0,0,0,0.9697,2,低
2024-04,嘉義,B,B級,中危害,危害等級,作業等級,施工地點、工程案號、工作內容、許可工作項目、作業分級,38,34,33,1,0,0,0,0.9706,2,低
2024-04,嘉義,B,B級,中危害,危害等級,管線設備危害物,可燃性氣體、易燃液體、有害性氣體、化學藥劑、酸鹼、熱水蒸氣、空氣、其他,38,35,34,1,0,0,0,0.9714,2,低
2024-04,嘉義,B,B級,中危害,檢點與危害告知,簽發前安全檢點,是否安全檢點,38,38,37,1,0,0,0,0.9737,2,低
2024-04,嘉義,B,B級,中危害,檢點與危害告知,危害告知,是否危害告知,38,34,33,1,0,0,0,0.9706,2,低
2024-04,嘉義,B,B級,中危害,危害排除與隔離,環境危害排除,是否設備管線危害物排除,38,37,36,1,0,0,0,0.973,2,低
2024-04,嘉義,B,B級,中危害,危害排除與隔離,隔離管制,設備管線是否加盲加鎖掛牌,38,34,33,1,0,0,0,0.9706,2,低
2024-04,嘉義,B,B級,中危害,環境測定,氣體偵測數值,可燃性氣體%、氧氣%、一氧化碳PPM、硫化氫PPM,38,36,35,1,0,0,0,0.9722,2,低
2024-04,嘉義,B,B級,中危害,環境測定,測定基準,可燃性氣體 < 20%LEL；氧氣>= 18%；一氧化碳<50 PPM；硫化氫<10 PPM,38,38,36,2,1,1,0,0.9474,16,中
2024-04,嘉義,B,B級,中危害,環境測定,測定頻率,上、下午施工前測定；A級或高風險作業需重複或連續測定；每小時/每兩小時紀錄表,38,33,32,1,0,0,0,0.9697,2,低
2024-04,嘉義,B,B級,中危害,防火防爆,消防設備,是否有消防設備,38,37,36,1,0,0,0,0.973,2,低
2024-04,嘉義,B,B級,中危害,防火防爆,防爆安全工具,是否使用防爆電氣設備及安全工具,38,34,33,1,0,0,0,0.9706,2,低
2024-04,嘉義,B,B級,中危害,高處作業,防墜措施,設標準施工架、安全網、安全母索、安全帶,38,36,35,1,0,0,0,0.9722,2,低
2024-04,嘉義,B,B級,中危害,安全保護,個人防護具,是否有防護口罩、防毒面具、SCBA、防護手套、安全眼鏡、耳塞,38,37,36,1,0,0,0,0.973,2,低
2024-04,嘉義,B,B級,中危害,警戒巡查,警戒標示,是否有警戒標示,38,35,34,1,0,0,0,0.9714,2,低
2024-04,嘉義,B,B級,中危害,警戒巡查,巡查會簽,是否轄區、監造、安衛人員或工地負責人巡查會簽,38,37,36,1,0,0,0,0.973,2,低
2024-04,嘉義,B,B級,中危害,收工回簽,回簽收工確認,是否回簽時確認環境已整理並完成防護措施,38,37,36,1,0,0,0,0.973,2,低
2024-04,嘉義,B,B級,中危害,收工回簽,一般安全規定,是否遵守工安規定,38,33,32,1,0,0,0,0.9697,2,低
2024-04,嘉義,B,B級,中危害,收工回簽,現場紀錄,是否拍照,38,33,32,1,0,0,0,0.9697,2,低
2024-04,嘉義,C,C級,低危害,廠區,基本資料,工廠、日期、時間,32,27,27,0,0,0,0,1.0,0,低
2024-04,嘉義,C,C級,低危害,許可證,許可資訊,工程作業分級、申請時間、核准工作時間、工作許可證編號,32,31,30,1,0,0,0,0.9677,2,低
2024-04,嘉義,C,C級,低危害,施工地點,場地關係人,施工部門、轄區部門、監造部門,32,29,28,1,0,0,0,0.9655,2,低
2024-04,嘉義,C,C級,低危害,包商,承攬商與人員資格,承攬商、工作人數、車輛車號、工地負責人、安衛人員、特殊作業主管,32,30,29,1,0,0,0,0.9667,2,低
2024-04,嘉義,C,C級,低危害,危害等級,作業等級,施工地點、工程案號、工作內容、許可工作項目、作業分級,32,29,28,1,0,0,0,0.9655,2,低
2024-04,嘉義,C,C級,低危害,危害等級,管線設備危害物,可燃性氣體、易燃液體、有害性氣體、化學藥劑、酸鹼、熱水蒸氣、空氣、其他,32,27,26,1,0,0,0,0.963,2,低
2024-04,嘉義,C,C級,低危害,檢點與危害告知,簽發前安全檢點,是否安全檢點,32,29,28,1,0,0,0,0.9655,2,低
2024-04,嘉義,C,C級,低危害,檢點與危害告知,危害告知,是否危害告知,32,29,28,1,0,0,0,0.9655,2,低
2024-04,嘉義,C,C級,低危害,危害排除與隔離,環境危害排除,是否設備管線危害物排除,32,31,30,1,0,0,0,0.9677,2,低
2024-04,嘉義,C,C級,低危害,危害排除與隔離,隔離管制,設備管線是否加盲加鎖掛牌,32,29,28,1,0,0,0,0.9655,2,低
2024-04,嘉義,C,C級,低危害,環境測定,氣體偵測數值,可燃性氣體%、氧氣%、一氧化碳PPM、硫化氫PPM,32,31,30,1,0,0,0,0.9677,2,低
2024-04,嘉義,C,C級,低危害,環境測定,測定基準,可燃性氣體 < 20%LEL；氧氣>= 18%；一氧化碳<50 PPM；硫化氫<10 PPM,32,32,31,1,0,0,0,0.9688,2,低
2024-04,嘉義,C,C級,低危害,環境測定,測定頻率,上、下午施工前測定；A級或高風險作業需重複或連續測定；每小時/每兩小時紀錄表,32,32,31,1,0,0,0,0.9688,2,低
2024-04,嘉義,C,C級,低危害,防火防爆,消防設備,是否有消防設備,32,28,27,1,0,0,0,0.9643,2,低
2024-04,嘉義,C,C級,低危害,防火防爆,防爆安全工具,是否使用防爆電氣設備及安全工具,32,29,28,1,0,0,0,0.9655,2,低
2024-04,嘉義,C,C級,低危害,高處作業,防墜措施,設標準施工架、安全網、安全母索、安全帶,32,29,28,1,0,0,0,0.9655,2,低
2024-04,嘉義,C,C級,低危害,安全保護,個人防護具,是否有防護口罩、防毒面具、SCBA、防護手套、安全眼鏡、耳塞,32,32,31,1,0,0,0,0.9688,2,低
2024-04,嘉義,C,C級,低危害,警戒巡查,警戒標示,是否有警戒標示,32,28,27,1,0,0,0,0.9643,2,低
2024-04,嘉義,C,C級,低危害,警戒巡查,巡查會簽,是否轄區、監造、安衛人員或工地負責人巡查會簽,32,31,30,1,0,0,0,0.9677,2,低
2024-04,嘉義,C,C級,低危害,收工回簽,回簽收工確認,是否回簽時確認環境已整理並完成防護措施,32,28,27,1,0,1,0,0.9643,5,低
2024-04,嘉義,C,C級,低危害,收工回簽,一般安全規定,是否遵守工安規定,32,32,32,0,0,0,0,1.0,0,低
2024-04,嘉義,C,C級,低危害,收工回簽,現場紀錄,是否拍照,32,30,29,1,0,0,0,0.9667,2,低
2024-05,嘉義,A,A級,高危害,廠區,基本資料,工廠、日期、時間,15,14,14,0,0,0,0,1.0,0,低
2024-05,嘉義,A,A級,高危害,許可證,許可資訊,工程作業分級、申請時間、核准工作時間、工作許可證編號,15,14,14,0,0,0,0,1.0,0,低
2024-05,嘉義,A,A級,高危害,施工地點,場地關係人,施工部門、轄區部門、監造部門,15,15,15,0,0,0,0,1.0,0,低
2024-05,嘉義,A,A級,高危害,包商,承攬商與人員資格,承攬商、工作人數、車輛車號、工地負責人、安衛人員、特殊作業主管,15,13,13,0,0,0,0,1.0,0,低
2024-05,嘉義,A,A級,高危害,危害等級,作業等級,施工地點、工程案號、工作內容、許可工作項目、作業分級,15,15,14,1,0,0,0,0.9333,2,低
2024-05,嘉義,A,A級,高危害,危害等級,管線設備危害物,可燃性氣體、易燃液體、有害性氣體、化學藥劑、酸鹼、熱水蒸氣、空氣、其他,15,13,13,0,0,0,0,1.0,0,低
2024-05,嘉義,A,A級,高危害,檢點與危害告知,簽發前安全檢點,是否安全檢點,15,15,15,0,0,0,0,1.0,0,低
2024-05,嘉義,A,A級,高危害,檢點與危害告知,危害告知,是否危害告知,15,14,14,0,0,0,0,1.0,0,低
2024-05,嘉義,A,A級,高危害,危害排除與隔離,環境危害排除,是否設備管線危害物排除,15,13,12,1,0,0,0,0.9231,2,低
2024-05,嘉義,A,A級,高危害,危害排除與隔離,隔離管制,設備管線是否加盲加鎖掛牌,15,15,14,1,0,0,0,0.9333,2,低
2024-05,嘉義,A,A級,高危害,環境測定,氣體偵測數值,可燃性氣體%、氧氣%、一氧化碳PPM、硫化氫PPM,15,13,12,1,0,0,0,0.9231,2,低
2024-05,嘉義,A,A級,高危害,環境測定,測定基準,可燃性氣體 < 20%LEL；氧氣>= 18%；一氧化碳<50 PPM；硫化氫<10 PPM,15,13,12,1,0,0,0,0.9231,2,低
2024-05,嘉義,A,A級,高危害,環境測定,測定頻率,上、下午施工前測定；A級或高風險作業需重複或連續測定；每小時/每兩小時紀錄表,15,13,12,1,0,0,0,0.9231,2,低
2024-05,嘉義,A,A級,高危害,防火防爆,消防設備,是否有消防設備,15,13,12,1,0,0,0,0.9231,2,低
2024-05,嘉義,A,A級,高危害,防火防爆,防爆安全工具,是否使用防爆電氣設備及安全工具,15,15,14,1,0,0,0,0.9333,2,低
2024-05,嘉義,A,A級,高危害,高處作業,防墜措施,設標準施工架、安全網、安全母索、安全帶,15,15,14,1,0,0,0,0.9333,2,低
2024-05,嘉義,A,A級,高危害,安全保護,個人防護具,是否有防護口罩、防毒面具、SCBA、防護手套、安全眼鏡、耳塞,15,13,13,0,0,0,0,1.0,0,低
2024-05,嘉義,A,A級,高危害,警戒巡查,警戒標示,是否有警戒標示,15,15,14,1,0,0,0,0.9333,2,低
2024-05,嘉義,A,A級,高危害,警戒巡查,巡查會簽,是否轄區、監造、安衛人員或工地負責人巡查會簽,15,12,12,0,0,0,0,1.0,0,低
2024-05,嘉義,A,A級,高危害,收工回簽,回簽收工確認,是否回簽時確認環境已整理並完成防護措施,15,15,15,0,0,0,0,1.0,0,低
2024-05,嘉義,A,A級,高危害,收工回簽,一般安全規定,是否遵守工安規定,15,13,13,0,0,0,0,1.0,0,低
2024-05,嘉義,A,A級,高危害,收工回簽,現場紀錄,是否拍照,15,13,13,0,0,0,0,1.0,0,低
2024-05,嘉義,B,B級,中危害,廠區,基本資料,工廠、日期、時間,40,38,37,1,0,0,0,0.9737,2,低
2024-05,嘉義,B,B級,中危害,許可證,許可資訊,工程作業分級、申請時間、核准工作時間、工作許可證編號,40,37,36,1,0,0,0,0.973,2,低
2024-05,嘉義,B,B級,中危害,施工地點,場地關係人,施工部門、轄區部門、監造部門,40,38,37,1,0,0,0,0.9737,2,低
2024-05,嘉義,B,B級,中危害,包商,承攬商與人員資格,承攬商、工作人數、車輛車號、工地負責人、安衛人員、特殊作業主管,40,34,33,1,0,0,0,0.9706,2,低
2024-05,嘉義,B,B級,中危害,危害等級,作業等級,施工地點、工程案號、工作內容、許可工作項目、作業分級,40,39,38,1,0,0,0,0.9744,2,低
2024-05,嘉義,B,B級,中危害,危害等級,管線設備危害物,可燃性氣體、易燃液體、有害性氣體、化學藥劑、酸鹼、熱水蒸氣、空氣、其他,40,39,38,1,0,0,0,0.9744,2,低
2024-05,嘉義,B,B級,中危害,檢點與危害告知,簽發前安全檢點,是否安全檢點,40,34,33,1,0,0,0,0.9706,2,低
2024-05,嘉義,B,B級,中危害,檢點與危害告知,危害告知,是否危害告知,40,33,32,1,0,0,0,0.9697,2,低
2024-05,嘉義,B,B級,中危害,危害排除與隔離,環境危害排除,是否設備管線危害物排除,40,39,38,1,0,1,0,0.9744,5,低
2024-05,嘉義,B,B級,中危害,危害排除與隔離,隔離管制,設備管線是否加盲加鎖掛牌,40,40,38,2,1,1,0,0.95,16,中
2024-05,嘉義,B,B級,中危害,環境測定,氣體偵測數值,可燃性氣體%、氧氣%、一氧化碳PPM、硫化氫PPM,40,33,32,1,0,0,0,0.9697,2,低
2024-05,嘉義,B,B級,中危害,環境測定,測定基準,可燃性氣體 < 20%LEL；氧氣>= 18%；一氧化碳<50 PPM；硫化氫<10 PPM,40,38,36,2,1,1,0,0.9474,16,中
2024-05,嘉義,B,B級,中危害,環境測定,測定頻率,上、下午施工前測定；A級或高風險作業需重複或連續測定；每小時/每兩小時紀錄表,40,35,34,1,0,0,0,0.9714,2,低
2024-05,嘉義,B,B級,中危害,防火防爆,消防設備,是否有消防設備,40,35,34,1,0,0,0,0.9714,2,低
2024-05,嘉義,B,B級,中危害,防火防爆,防爆安全工具,是否使用防爆電氣設備及安全工具,40,39,38,1,0,0,0,0.9744,2,低
2024-05,嘉義,B,B級,中危害,高處作業,防墜措施,設標準施工架、安全網、安全母索、安全帶,40,35,34,1,0,0,0,0.9714,2,低
2024-05,嘉義,B,B級,中危害,安全保護,個人防護具,是否有防護口罩、防毒面具、SCBA、防護手套、安全眼鏡、耳塞,40,34,33,1,0,0,0,0.9706,2,低
2024-05,嘉義,B,B級,中危害,警戒巡查,警戒標示,是否有警戒標示,40,37,36,1,0,0,0,0.973,2,低
2024-05,嘉義,B,B級,中危害,警戒巡查,巡查會簽,是否轄區、監造、安衛人員或工地負責人巡查會簽,40,33,32,1,0,0,0,0.9697,2,低
2024-05,嘉義,B,B級,中危害,收工回簽,回簽收工確認,是否回簽時確認環境已整理並完成防護措施,40,34,33,1,0,0,0,0.9706,2,低
2024-05,嘉義,B,B級,中危害,收工回簽,一般安全規定,是否遵守工安規定,40,36,35,1,0,0,0,0.9722,2,低
2024-05,嘉義,B,B級,中危害,收工回簽,現場紀錄,是否拍照,40,34,33,1,0,0,0,0.9706,2,低
2024-05,嘉義,C,C級,低危害,廠區,基本資料,工廠、日期、時間,29,28,28,0,0,0,0,1.0,0,低
2024-05,嘉義,C,C級,低危害,許可證,許可資訊,工程作業分級、申請時間、核准工作時間、工作許可證編號,29,27,27,0,0,0,0,1.0,0,低
2024-05,嘉義,C,C級,低危害,施工地點,場地關係人,施工部門、轄區部門、監造部門,29,24,24,0,0,0,0,1.0,0,低
2024-05,嘉義,C,C級,低危害,包商,承攬商與人員資格,承攬商、工作人數、車輛車號、工地負責人、安衛人員、特殊作業主管,29,27,27,0,0,0,0,1.0,0,低
2024-05,嘉義,C,C級,低危害,危害等級,作業等級,施工地點、工程案號、工作內容、許可工作項目、作業分級,29,24,23,1,0,0,0,0.9583,2,低
2024-05,嘉義,C,C級,低危害,危害等級,管線設備危害物,可燃性氣體、易燃液體、有害性氣體、化學藥劑、酸鹼、熱水蒸氣、空氣、其他,29,26,25,1,0,0,0,0.9615,2,低
2024-05,嘉義,C,C級,低危害,檢點與危害告知,簽發前安全檢點,是否安全檢點,29,29,29,0,0,0,0,1.0,0,低
2024-05,嘉義,C,C級,低危害,檢點與危害告知,危害告知,是否危害告知,29,28,27,1,0,0,0,0.9643,2,低
2024-05,嘉義,C,C級,低危害,危害排除與隔離,環境危害排除,是否設備管線危害物排除,29,25,24,1,0,0,0,0.96,2,低
2024-05,嘉義,C,C級,低危害,危害排除與隔離,隔離管制,設備管線是否加盲加鎖掛牌,29,27,26,1,0,0,0,0.963,2,低
2024-05,嘉義,C,C級,低危害,環境測定,氣體偵測數值,可燃性氣體%、氧氣%、一氧化碳PPM、硫化氫PPM,29,26,25,1,0,0,0,0.9615,2,低
2024-05,嘉義,C,C級,低危害,環境測定,測定基準,可燃性氣體 < 20%LEL；氧氣>= 18%；一氧化碳<50 PPM；硫化氫<10 PPM,29,27,26,1,0,0,0,0.963,2,低
2024-05,嘉義,C,C級,低危害,環境測定,測定頻率,上、下午施工前測定；A級或高風險作業需重複或連續測定；每小時/每兩小時紀錄表,29,28,27,1,0,0,0,0.9643,2,低
2024-05,嘉義,C,C級,低危害,防火防爆,消防設備,是否有消防設備,29,25,24,1,0,0,0,0.96,2,低
2024-05,嘉義,C,C級,低危害,防火防爆,防爆安全工具,是否使用防爆電氣設備及安全工具,29,26,25,1,0,0,0,0.9615,2,低
2024-05,嘉義,C,C級,低危害,高處作業,防墜措施,設標準施工架、安全網、安全母索、安全帶,29,26,25,1,0,1,0,0.9615,5,低
2024-05,嘉義,C,C級,低危害,安全保護,個人防護具,是否有防護口罩、防毒面具、SCBA、防護手套、安全眼鏡、耳塞,29,25,25,0,0,0,0,1.0,0,低
2024-05,嘉義,C,C級,低危害,警戒巡查,警戒標示,是否有警戒標示,29,27,26,1,0,0,0,0.963,2,低
2024-05,嘉義,C,C級,低危害,警戒巡查,巡查會簽,是否轄區、監造、安衛人員或工地負責人巡查會簽,29,25,24,1,0,0,0,0.96,2,低
2024-05,嘉義,C,C級,低危害,收工回簽,回簽收工確認,是否回簽時確認環境已整理並完成防護措施,29,25,24,1,0,0,0,0.96,2,低
2024-05,嘉義,C,C級,低危害,收工回簽,一般安全規定,是否遵守工安規定,29,26,25,1,0,0,0,0.9615,2,低
2024-05,嘉義,C,C級,低危害,收工回簽,現場紀錄,是否拍照,29,25,25,0,0,0,0,1.0,0,低
2024-06,嘉義,A,A級,高危害,廠區,基本資料,工廠、日期、時間,16,14,14,0,0,0,0,1.0,0,低
2024-06,嘉義,A,A級,高危害,許可證,許可資訊,工程作業分級、申請時間、核准工作時間、工作許可證編號,16,14,14,0,0,0,0,1.0,0,低
2024-06,嘉義,A,A級,高危害,施工地點,場地關係人,施工部門、轄區部門、監造部門,16,14,14,0,0,0,0,1.0,0,低
2024-06,嘉義,A,A級,高危害,包商,承攬商與人員資格,承攬商、工作人數、車輛車號、工地負責人、安衛人員、特殊作業主管,16,15,14,1,0,0,0,0.9333,2,低
2024-06,嘉義,A,A級,高危害,危害等級,作業等級,施工地點、工程案號、工作內容、許可工作項目、作業分級,16,14,13,1,0,0,0,0.9286,2,低
2024-06,嘉義,A,A級,高危害,危害等級,管線設備危害物,可燃性氣體、易燃液體、有害性氣體、化學藥劑、酸鹼、熱水蒸氣、空氣、其他,16,14,13,1,0,0,0,0.9286,2,低
2024-06,嘉義,A,A級,高危害,檢點與危害告知,簽發前安全檢點,是否安全檢點,16,14,14,0,0,0,0,1.0,0,低
2024-06,嘉義,A,A級,高危害,檢點與危害告知,危害告知,是否危害告知,16,14,14,0,0,0,0,1.0,0,低
2024-06,嘉義,A,A級,高危害,危害排除與隔離,環境危害排除,是否設備管線危害物排除,16,13,12,1,0,0,0,0.9231,2,低
2024-06,嘉義,A,A級,高危害,危害排除與隔離,隔離管制,設備管線是否加盲加鎖掛牌,16,14,13,1,0,0,0,0.9286,2,低
2024-06,嘉義,A,A級,高危害,環境測定,氣體偵測數值,可燃性氣體%、氧氣%、一氧化碳PPM、硫化氫PPM,16,14,13,1,0,0,0,0.9286,2,低
2024-06,嘉義,A,A級,高危害,環境測定,測定基準,可燃性氣體 < 20%LEL；氧氣>= 18%；一氧化碳<50 PPM；硫化氫<10 PPM,16,14,13,1,0,0,0,0.9286,2,低
2024-06,嘉義,A,A級,高危害,環境測定,測定頻率,上、下午施工前測定；A級或高風險作業需重複或連續測定；每小時/每兩小時紀錄表,16,14,13,1,0,0,0,0.9286,2,低
2024-06,嘉義,A,A級,高危害,防火防爆,消防設備,是否有消防設備,16,15,14,1,0,0,0,0.9333,2,低
2024-06,嘉義,A,A級,高危害,防火防爆,防爆安全工具,是否使用防爆電氣設備及安全工具,16,15,14,1,0,0,0,0.9333,2,低
2024-06,嘉義,A,A級,高危害,高處作業,防墜措施,設標準施工架、安全網、安全母索、安全帶,16,13,12,1,0,0,0,0.9231,2,低
2024-06,嘉義,A,A級,高危害,安全保護,個人防護具,是否有防護口罩、防毒面具、SCBA、防護手套、安全眼鏡、耳塞,16,16,15,1,0,0,0,0.9375,2,低
2024-06,嘉義,A,A級,高危害,警戒巡查,警戒標示,是否有警戒標示,16,15,14,1,0,0,0,0.9333,2,低
2024-06,嘉義,A,A級,高危害,警戒巡查,巡查會簽,是否轄區、監造、安衛人員或工地負責人巡查會簽,16,16,16,0,0,0,0,1.0,0,低
2024-06,嘉義,A,A級,高危害,收工回簽,回簽收工確認,是否回簽時確認環境已整理並完成防護措施,16,15,15,0,0,0,0,1.0,0,低
2024-06,嘉義,A,A級,高危害,收工回簽,一般安全規定,是否遵守工安規定,16,14,14,0,0,0,0,1.0,0,低
2024-06,嘉義,A,A級,高危害,收工回簽,現場紀錄,是否拍照,16,15,15,0,0,0,0,1.0,0,低
2024-06,嘉義,B,B級,中危害,廠區,基本資料,工廠、日期、時間,37,35,34,1,0,0,0,0.9714,2,低
2024-06,嘉義,B,B級,中危害,許可證,許可資訊,工程作業分級、申請時間、核准工作時間、工作許可證編號,37,33,32,1,0,0,0,0.9697,2,低
2024-06,嘉義,B,B級,中危害,施工地點,場地關係人,施工部門、轄區部門、監造部門,37,32,31,1,0,0,0,0.9688,2,低
2024-06,嘉義,B,B級,中危害,包商,承攬商與人員資格,承攬商、工作人數、車輛車號、工地負責人、安衛人員、特殊作業主管,37,35,34,1,0,0,0,0.9714,2,低
2024-06,嘉義,B,B級,中危害,危害等級,作業等級,施工地點、工程案號、工作內容、許可工作項目、作業分級,37,33,32,1,0,0,0,0.9697,2,低
2024-06,嘉義,B,B級,中危害,危害等級,管線設備危害物,可燃性氣體、易燃液體、有害性氣體、化學藥劑、酸鹼、熱水蒸氣、空氣、其他,37,34,33,1,0,0,0,0.9706,2,低
2024-06,嘉義,B,B級,中危害,檢點與危害告知,簽發前安全檢點,是否安全檢點,37,34,33,1,0,0,0,0.9706,2,低
2024-06,嘉義,B,B級,中危害,檢點與危害告知,危害告知,是否危害告知,37,31,30,1,0,0,0,0.9677,2,低
2024-06,嘉義,B,B級,中危害,危害排除與隔離,環境危害排除,是否設備管線危害物排除,37,30,29,1,0,0,0,0.9667,2,低
2024-06,嘉義,B,B級,中危害,危害排除與隔離,隔離管制,設備管線是否加盲加鎖掛牌,37,35,34,1,0,0,0,0.9714,2,低
2024-06,嘉義,B,B級,中危害,環境測定,氣體偵測數值,可燃性氣體%、氧氣%、一氧化碳PPM、硫化氫PPM,37,31,30,1,0,0,0,0.9677,2,低
2024-06,嘉義,B,B級,中危害,環境測定,測定基準,可燃性氣體 < 20%LEL；氧氣>= 18%；一氧化碳<50 PPM；硫化氫<10 PPM,37,36,34,2,1,0,0,0.9444,13,低
2024-06,嘉義,B,B級,中危害,環境測定,測定頻率,上、下午施工前測定；A級或高風險作業需重複或連續測定；每小時/每兩小時紀錄表,37,31,30,1,0,0,0,0.9677,2,低
2024-06,嘉義,B,B級,中危害,防火防爆,消防設備,是否有消防設備,37,31,30,1,0,1,0,0.9677,5,低
2024-06,嘉義,B,B級,中危害,防火防爆,防爆安全工具,是否使用防爆電氣設備及安全工具,37,31,30,1,0,0,0,0.9677,2,低
2024-06,嘉義,B,B級,中危害,高處作業,防墜措施,設標準施工架、安全網、安全母索、安全帶,37,34,33,1,0,0,0,0.9706,2,低
2024-06,嘉義,B,B級,中危害,安全保護,個人防護具,是否有防護口罩、防毒面具、SCBA、防護手套、安全眼鏡、耳塞,37,36,35,1,0,0,0,0.9722,2,低
2024-06,嘉義,B,B級,中危害,警戒巡查,警戒標示,是否有警戒標示,37,30,29,1,0,0,0,0.9667,2,低
2024-06,嘉義,B,B級,中危害,警戒巡查,巡查會簽,是否轄區、監造、安衛人員或工地負責人巡查會簽,37,35,34,1,0,0,0,0.9714,2,低
2024-06,嘉義,B,B級,中危害,收工回簽,回簽收工確認,是否回簽時確認環境已整理並完成防護措施,37,33,32,1,0,0,0,0.9697,2,低
2024-06,嘉義,B,B級,中危害,收工回簽,一般安全規定,是否遵守工安規定,37,34,33,1,0,0,0,0.9706,2,低
2024-06,嘉義,B,B級,中危害,收工回簽,現場紀錄,是否拍照,37,33,32,1,0,0,0,0.9697,2,低
2024-06,嘉義,C,C級,低危害,廠區,基本資料,工廠、日期、時間,24,21,21,0,0,0,0,1.0,0,低
2024-06,嘉義,C,C級,低危害,許可證,許可資訊,工程作業分級、申請時間、核准工作時間、工作許可證編號,24,21,21,0,0,0,0,1.0,0,低
2024-06,嘉義,C,C級,低危害,施工地點,場地關係人,施工部門、轄區部門、監造部門,24,24,24,0,0,0,0,1.0,0,低
2024-06,嘉義,C,C級,低危害,包商,承攬商與人員資格,承攬商、工作人數、車輛車號、工地負責人、安衛人員、特殊作業主管,24,20,20,0,0,0,0,1.0,0,低
2024-06,嘉義,C,C級,低危害,危害等級,作業等級,施工地點、工程案號、工作內容、許可工作項目、作業分級,24,21,20,1,0,0,0,0.9524,2,低
2024-06,嘉義,C,C級,低危害,危害等級,管線設備危害物,可燃性氣體、易燃液體、有害性氣體、化學藥劑、酸鹼、熱水蒸氣、空氣、其他,24,21,21,0,0,0,0,1.0,0,低
2024-06,嘉義,C,C級,低危害,檢點與危害告知,簽發前安全檢點,是否安全檢點,24,21,21,0,0,0,0,1.0,0,低
2024-06,嘉義,C,C級,低危害,檢點與危害告知,危害告知,是否危害告知,24,22,21,1,0,0,0,0.9545,2,低
2024-06,嘉義,C,C級,低危害,危害排除與隔離,環境危害排除,是否設備管線危害物排除,24,21,20,1,0,0,0,0.9524,2,低
2024-06,嘉義,C,C級,低危害,危害排除與隔離,隔離管制,設備管線是否加盲加鎖掛牌,24,23,22,1,0,0,0,0.9565,2,低
2024-06,嘉義,C,C級,低危害,環境測定,氣體偵測數值,可燃性氣體%、氧氣%、一氧化碳PPM、硫化氫PPM,24,20,19,1,0,1,0,0.95,5,低
2024-06,嘉義,C,C級,低危害,環境測定,測定基準,可燃性氣體 < 20%LEL；氧氣>= 18%；一氧化碳<50 PPM；硫化氫<10 PPM,24,22,21,1,0,0,0,0.9545,2,低
2024-06,嘉義,C,C級,低危害,環境測定,測定頻率,上、下午施工前測定；A級或高風險作業需重複或連續測定；每小時/每兩小時紀錄表,24,22,21,1,0,0,0,0.9545,2,低
2024-06,嘉義,C,C級,低危害,防火防爆,消防設備,是否有消防設備,24,20,19,1,0,0,0,0.95,2,低
2024-06,嘉義,C,C級,低危害,防火防爆,防爆安全工具,是否使用防爆電氣設備及安全工具,24,21,21,0,0,0,0,1.0,0,低
2024-06,嘉義,C,C級,低危害,高處作業,防墜措施,設標準施工架、安全網、安全母索、安全帶,24,21,20,1,0,0,0,0.9524,2,低
2024-06,嘉義,C,C級,低危害,安全保護,個人防護具,是否有防護口罩、防毒面具、SCBA、防護手套、安全眼鏡、耳塞,24,20,20,0,0,0,0,1.0,0,低
2024-06,嘉義,C,C級,低危害,警戒巡查,警戒標示,是否有警戒標示,24,20,20,0,0,0,0,1.0,0,低
2024-06,嘉義,C,C級,低危害,警戒巡查,巡查會簽,是否轄區、監造、安衛人員或工地負責人巡查會簽,24,20,20,0,0,0,0,1.0,0,低
2024-06,嘉義,C,C級,低危害,收工回簽,回簽收工確認,是否回簽時確認環境已整理並完成防護措施,24,21,21,0,0,0,0,1.0,0,低
2024-06,嘉義,C,C級,低危害,收工回簽,一般安全規定,是否遵守工安規定,24,21,21,0,0,0,0,1.0,0,低
2024-06,嘉義,C,C級,低危害,收工回簽,現場紀錄,是否拍照,24,24,24,0,0,0,0,1.0,0,低
2024-07,嘉義,A,A級,高危害,廠區,基本資料,工廠、日期、時間,19,16,16,0,0,0,0,1.0,0,低
2024-07,嘉義,A,A級,高危害,許可證,許可資訊,工程作業分級、申請時間、核准工作時間、工作許可證編號,19,17,17,0,0,0,0,1.0,0,低
2024-07,嘉義,A,A級,高危害,施工地點,場地關係人,施工部門、轄區部門、監造部門,19,16,16,0,0,0,0,1.0,0,低
2024-07,嘉義,A,A級,高危害,包商,承攬商與人員資格,承攬商、工作人數、車輛車號、工地負責人、安衛人員、特殊作業主管,19,16,16,0,0,0,0,1.0,0,低
2024-07,嘉義,A,A級,高危害,危害等級,作業等級,施工地點、工程案號、工作內容、許可工作項目、作業分級,19,16,15,1,0,0,0,0.9375,2,低
2024-07,嘉義,A,A級,高危害,危害等級,管線設備危害物,可燃性氣體、易燃液體、有害性氣體、化學藥劑、酸鹼、熱水蒸氣、空氣、其他,19,17,16,1,0,0,0,0.9412,2,低
2024-07,嘉義,A,A級,高危害,檢點與危害告知,簽發前安全檢點,是否安全檢點,19,16,15,1,0,0,0,0.9375,2,低
2024-07,嘉義,A,A級,高危害,檢點與危害告知,危害告知,是否危害告知,19,19,19,0,0,0,0,1.0,0,低
2024-07,嘉義,A,A級,高危害,危害排除與隔離,環境危害排除,是否設備管線危害物排除,19,19,18,1,0,0,0,0.9474,2,低
2024-07,嘉義,A,A級,高危害,危害排除與隔離,隔離管制,設備管線是否加盲加鎖掛牌,19,18,17,1,0,0,0,0.9444,2,低
2024-07,嘉義,A,A級,高危害,環境測定,氣體偵測數值,可燃性氣體%、氧氣%、一氧化碳PPM、硫化氫PPM,19,18,17,1,0,1,0,0.9444,5,低
2024-07,嘉義,A,A級,高危害,環境測定,測定基準,可燃性氣體 < 20%LEL；氧氣>= 18%；一氧化碳<50 PPM；硫化氫<10 PPM,19,18,17,1,0,0,0,0.9444,2,低
2024-07,嘉義,A,A級,高危害,環境測定,測定頻率,上、下午施工前測定；A級或高風險作業需重複或連續測定；每小時/每兩小時紀錄表,19,19,18,1,0,0,0,0.9474,2,低
2024-07,嘉義,A,A級,高危害,防火防爆,消防設備,是否有消防設備,19,16,15,1,0,0,0,0.9375,2,低
2024-07,嘉義,A,A級,高危害,防火防爆,防爆安全工具,是否使用防爆電氣設備及安全工具,19,16,15,1,0,0,0,0.9375,2,低
2024-07,嘉義,A,A級,高危害,高處作業,防墜措施,設標準施工架、安全網、安全母索、安全帶,19,18,17,1,0,0,0,0.9444,2,低
2024-07,嘉義,A,A級,高危害,安全保護,個人防護具,是否有防護口罩、防毒面具、SCBA、防護手套、安全眼鏡、耳塞,19,18,17,1,0,0,0,0.9444,2,低
2024-07,嘉義,A,A級,高危害,警戒巡查,警戒標示,是否有警戒標示,19,18,17,1,0,0,0,0.9444,2,低
2024-07,嘉義,A,A級,高危害,警戒巡查,巡查會簽,是否轄區、監造、安衛人員或工地負責人巡查會簽,19,18,17,1,0,0,0,0.9444,2,低
2024-07,嘉義,A,A級,高危害,收工回簽,回簽收工確認,是否回簽時確認環境已整理並完成防護措施,19,19,19,0,0,0,0,1.0,0,低
2024-07,嘉義,A,A級,高危害,收工回簽,一般安全規定,是否遵守工安規定,19,16,16,0,0,0,0,1.0,0,低
2024-07,嘉義,A,A級,高危害,收工回簽,現場紀錄,是否拍照,19,19,18,1,0,0,0,0.9474,2,低
2024-07,嘉義,B,B級,中危害,廠區,基本資料,工廠、日期、時間,30,30,29,1,0,0,0,0.9667,2,低
2024-07,嘉義,B,B級,中危害,許可證,許可資訊,工程作業分級、申請時間、核准工作時間、工作許可證編號,30,29,28,1,0,0,0,0.9655,2,低
2024-07,嘉義,B,B級,中危害,施工地點,場地關係人,施工部門、轄區部門、監造部門,30,27,27,0,0,0,0,1.0,0,低
2024-07,嘉義,B,B級,中危害,包商,承攬商與人員資格,承攬商、工作人數、車輛車號、工地負責人、安衛人員、特殊作業主管,30,29,28,1,0,0,0,0.9655,2,低
2024-07,嘉義,B,B級,中危害,危害等級,作業等級,施工地點、工程案號、工作內容、許可工作項目、作業分級,30,27,26,1,0,0,0,0.963,2,低
2024-07,嘉義,B,B級,中危害,危害等級,管線設備危害物,可燃性氣體、易燃液體、有害性氣體、化學藥劑、酸鹼、熱水蒸氣、空氣、其他,30,26,25,1,0,0,0,0.9615,2,低
2024-07,嘉義,B,B級,中危害,檢點與危害告知,簽發前安全檢點,是否安全檢點,30,30,29,1,0,0,0,0.9667,2,低
2024-07,嘉義,B,B級,中危害,檢點與危害告知,危害告知,是否危害告知,30,27,26,1,0,0,0,0.963,2,低
2024-07,嘉義,B,B級,中危害,危害排除與隔離,環境危害排除,是否設備管線危害物排除,30,30,29,1,0,0,0,0.9667,2,低
2024-07,嘉義,B,B級,中危害,危害排除與隔離,隔離管制,設備管線是否加盲加鎖掛牌,30,26,25,1,0,0,0,0.9615,2,低
2024-07,嘉義,B,B級,中危害,環境測定,氣體偵測數值,可燃性氣體%、氧氣%、一氧化碳PPM、硫化氫PPM,30,26,25,1,0,0,0,0.9615,2,低
2024-07,嘉義,B,B級,中危害,環境測定,測定基準,可燃性氣體 < 20%LEL；氧氣>= 18%；一氧化碳<50 PPM；硫化氫<10 PPM,30,27,26,1,0,0,0,0.963,2,低
2024-07,嘉義,B,B級,中危害,環境測定,測定頻率,上、下午施工前測定；A級或高風險作業需重複或連續測定；每小時/每兩小時紀錄表,30,29,28,1,0,0,0,0.9655,2,低
2024-07,嘉義,B,B級,中危害,防火防爆,消防設備,是否有消防設備,30,27,26,1,0,1,0,0.963,5,低
2024-07,嘉義,B,B級,中危害,防火防爆,防爆安全工具,是否使用防爆電氣設備及安全工具,30,26,25,1,0,0,0,0.9615,2,低
2024-07,嘉義,B,B級,中危害,高處作業,防墜措施,設標準施工架、安全網、安全母索、安全帶,30,28,27,1,0,0,0,0.9643,2,低
2024-07,嘉義,B,B級,中危害,安全保護,個人防護具,是否有防護口罩、防毒面具、SCBA、防護手套、安全眼鏡、耳塞,30,27,26,1,0,0,0,0.963,2,低
2024-07,嘉義,B,B級,中危害,警戒巡查,警戒標示,是否有警戒標示,30,29,28,1,0,0,0,0.9655,2,低
2024-07,嘉義,B,B級,中危害,警戒巡查,巡查會簽,是否轄區、監造、安衛人員或工地負責人巡查會簽,30,27,26,1,0,0,0,0.963,2,低
2024-07,嘉義,B,B級,中危害,收工回簽,回簽收工確認,是否回簽時確認環境已整理並完成防護措施,30,28,27,1,0,0,0,0.9643,2,低
2024-07,嘉義,B,B級,中危害,收工回簽,一般安全規定,是否遵守工安規定,30,27,26,1,0,0,0,0.963,2,低
2024-07,嘉義,B,B級,中危害,收工回簽,現場紀錄,是否拍照,30,26,25,1,0,0,0,0.9615,2,低
2024-07,嘉義,C,C級,低危害,廠區,基本資料,工廠、日期、時間,23,22,22,0,0,0,0,1.0,0,低
2024-07,嘉義,C,C級,低危害,許可證,許可資訊,工程作業分級、申請時間、核准工作時間、工作許可證編號,23,21,21,0,0,0,0,1.0,0,低
2024-07,嘉義,C,C級,低危害,施工地點,場地關係人,施工部門、轄區部門、監造部門,23,21,21,0,0,0,0,1.0,0,低
2024-07,嘉義,C,C級,低危害,包商,承攬商與人員資格,承攬商、工作人數、車輛車號、工地負責人、安衛人員、特殊作業主管,23,21,20,1,0,0,0,0.9524,2,低
2024-07,嘉義,C,C級,低危害,危害等級,作業等級,施工地點、工程案號、工作內容、許可工作項目、作業分級,23,22,21,1,0,0,0,0.9545,2,低
2024-07,嘉義,C,C級,低危害,危害等級,管線設備危害物,可燃性氣體、易燃液體、有害性氣體、化學藥劑、酸鹼、熱水蒸氣、空氣、其他,23,20,20,0,0,0,0,1.0,0,低
2024-07,嘉義,C,C級,低危害,檢點與危害告知,簽發前安全檢點,是否安全檢點,23,20,20,0,0,0,0,1.0,0,低
2024-07,嘉義,C,C級,低危害,檢點與危害告知,危害告知,是否危害告知,23,19,19,0,0,0,0,1.0,0,低
2024-07,嘉義,C,C級,低危害,危害排除與隔離,環境危害排除,是否設備管線危害物排除,23,20,19,1,0,0,0,0.95,2,低
2024-07,嘉義,C,C級,低危害,危害排除與隔離,隔離管制,設備管線是否加盲加鎖掛牌,23,21,20,1,0,0,0,0.9524,2,低
2024-07,嘉義,C,C級,低危害,環境測定,氣體偵測數值,可燃性氣體%、氧氣%、一氧化碳PPM、硫化氫PPM,23,23,22,1,0,0,0,0.9565,2,低
2024-07,嘉義,C,C級,低危害,環境測定,測定基準,可燃性氣體 < 20%LEL；氧氣>= 18%；一氧化碳<50 PPM；硫化氫<10 PPM,23,23,22,1,0,0,0,0.9565,2,低
2024-07,嘉義,C,C級,低危害,環境測定,測定頻率,上、下午施工前測定；A級或高風險作業需重複或連續測定；每小時/每兩小時紀錄表,23,20,19,1,0,0,0,0.95,2,低
2024-07,嘉義,C,C級,低危害,防火防爆,消防設備,是否有消防設備,23,22,22,0,0,0,0,1.0,0,低
2024-07,嘉義,C,C級,低危害,防火防爆,防爆安全工具,是否使用防爆電氣設備及安全工具,23,22,21,1,0,0,0,0.9545,2,低
2024-07,嘉義,C,C級,低危害,高處作業,防墜措施,設標準施工架、安全網、安全母索、安全帶,23,21,20,1,0,0,0,0.9524,2,低
2024-07,嘉義,C,C級,低危害,安全保護,個人防護具,是否有防護口罩、防毒面具、SCBA、防護手套、安全眼鏡、耳塞,23,19,18,1,0,1,0,0.9474,5,低
2024-07,嘉義,C,C級,低危害,警戒巡查,警戒標示,是否有警戒標示,23,22,21,1,0,0,0,0.9545,2,低
2024-07,嘉義,C,C級,低危害,警戒巡查,巡查會簽,是否轄區、監造、安衛人員或工地負責人巡查會簽,23,22,21,1,0,0,0,0.9545,2,低
2024-07,嘉義,C,C級,低危害,收工回簽,回簽收工確認,是否回簽時確認環境已整理並完成防護措施,23,19,19,0,0,0,0,1.0,0,低
2024-07,嘉義,C,C級,低危害,收工回簽,一般安全規定,是否遵守工安規定,23,21,21,0,0,0,0,1.0,0,低
2024-07,嘉義,C,C級,低危害,收工回簽,現場紀錄,是否拍照,23,20,20,0,0,0,0,1.0,0,低
2024-08,嘉義,A,A級,高危害,廠區,基本資料,工廠、日期、時間,14,13,13,0,0,0,0,1.0,0,低
2024-08,嘉義,A,A級,高危害,許可證,許可資訊,工程作業分級、申請時間、核准工作時間、工作許可證編號,14,13,13,0,0,0,0,1.0,0,低
2024-08,嘉義,A,A級,高危害,施工地點,場地關係人,施工部門、轄區部門、監造部門,14,12,12,0,0,0,0,1.0,0,低
2024-08,嘉義,A,A級,高危害,包商,承攬商與人員資格,承攬商、工作人數、車輛車號、工地負責人、安衛人員、特殊作業主管,14,13,13,0,0,0,0,1.0,0,低
2024-08,嘉義,A,A級,高危害,危害等級,作業等級,施工地點、工程案號、工作內容、許可工作項目、作業分級,14,13,13,0,0,0,0,1.0,0,低
2024-08,嘉義,A,A級,高危害,危害等級,管線設備危害物,可燃性氣體、易燃液體、有害性氣體、化學藥劑、酸鹼、熱水蒸氣、空氣、其他,14,12,12,0,0,0,0,1.0,0,低
2024-08,嘉義,A,A級,高危害,檢點與危害告知,簽發前安全檢點,是否安全檢點,14,13,13,0,0,0,0,1.0,0,低
2024-08,嘉義,A,A級,高危害,檢點與危害告知,危害告知,是否危害告知,14,12,12,0,0,0,0,1.0,0,低
2024-08,嘉義,A,A級,高危害,危害排除與隔離,環境危害排除,是否設備管線危害物排除,14,13,12,1,0,0,0,0.9231,2,低
2024-08,嘉義,A,A級,高危害,危害排除與隔離,隔離管制,設備管線是否加盲加鎖掛牌,14,13,12,1,0,0,0,0.9231,2,低
2024-08,嘉義,A,A級,高危害,環境測定,氣體偵測數值,可燃性氣體%、氧氣%、一氧化碳PPM、硫化氫PPM,14,13,12,1,0,0,0,0.9231,2,低
2024-08,嘉義,A,A級,高危害,環境測定,測定基準,可燃性氣體 < 20%LEL；氧氣>= 18%；一氧化碳<50 PPM；硫化氫<10 PPM,14,12,11,1,0,0,0,0.9167,2,低
2024-08,嘉義,A,A級,高危害,環境測定,測定頻率,上、下午施工前測定；A級或高風險作業需重複或連續測定；每小時/每兩小時紀錄表,14,13,12,1,0,1,0,0.9231,5,低
2024-08,嘉義,A,A級,高危害,防火防爆,消防設備,是否有消防設備,14,13,12,1,0,0,0,0.9231,2,低
2024-08,嘉義,A,A級,高危害,防火防爆,防爆安全工具,是否使用防爆電氣設備及安全工具,14,11,11,0,0,0,0,1.0,0,低
2024-08,嘉義,A,A級,高危害,高處作業,防墜措施,設標準施工架、安全網、安全母索、安全帶,14,12,12,0,0,0,0,1.0,0,低
2024-08,嘉義,A,A級,高危害,安全保護,個人防護具,是否有防護口罩、防毒面具、SCBA、防護手套、安全眼鏡、耳塞,14,13,13,0,0,0,0,1.0,0,低
2024-08,嘉義,A,A級,高危害,警戒巡查,警戒標示,是否有警戒標示,14,14,13,1,0,0,0,0.9286,2,低
2024-08,嘉義,A,A級,高危害,警戒巡查,巡查會簽,是否轄區、監造、安衛人員或工地負責人巡查會簽,14,13,13,0,0,0,0,1.0,0,低
2024-08,嘉義,A,A級,高危害,收工回簽,回簽收工確認,是否回簽時確認環境已整理並完成防護措施,14,13,13,0,0,0,0,1.0,0,低
2024-08,嘉義,A,A級,高危害,收工回簽,一般安全規定,是否遵守工安規定,14,14,14,0,0,0,0,1.0,0,低
2024-08,嘉義,A,A級,高危害,收工回簽,現場紀錄,是否拍照,14,13,13,0,0,0,0,1.0,0,低
2024-08,嘉義,B,B級,中危害,廠區,基本資料,工廠、日期、時間,36,36,35,1,0,0,0,0.9722,2,低
2024-08,嘉義,B,B級,中危害,許可證,許可資訊,工程作業分級、申請時間、核准工作時間、工作許可證編號,36,32,31,1,0,0,0,0.9688,2,低
2024-08,嘉義,B,B級,中危害,施工地點,場地關係人,施工部門、轄區部門、監造部門,36,33,32,1,0,0,0,0.9697,2,低
2024-08,嘉義,B,B級,中危害,包商,承攬商與人員資格,承攬商、工作人數、車輛車號、工地負責人、安衛人員、特殊作業主管,36,34,33,1,0,0,0,0.9706,2,低
2024-08,嘉義,B,B級,中危害,危害等級,作業等級,施工地點、工程案號、工作內容、許可工作項目、作業分級,36,33,32,1,0,0,0,0.9697,2,低
2024-08,嘉義,B,B級,中危害,危害等級,管線設備危害物,可燃性氣體、易燃液體、有害性氣體、化學藥劑、酸鹼、熱水蒸氣、空氣、其他,36,30,29,1,0,0,0,0.9667,2,低
2024-08,嘉義,B,B級,中危害,檢點與危害告知,簽發前安全檢點,是否安全檢點,36,33,32,1,0,0,0,0.9697,2,低
2024-08,嘉義,B,B級,中危害,檢點與危害告知,危害告知,是否危害告知,36,34,33,1,0,0,0,0.9706,2,低
2024-08,嘉義,B,B級,中危害,危害排除與隔離,環境危害排除,是否設備管線危害物排除,36,35,34,1,0,0,0,0.9714,2,低
2024-08,嘉義,B,B級,中危害,危害排除與隔離,隔離管制,設備管線是否加盲加鎖掛牌,36,31,30,1,0,0,0,0.9677,2,低
2024-08,嘉義,B,B級,中危害,環境測定,氣體偵測數值,可燃性氣體%、氧氣%、一氧化碳PPM、硫化氫PPM,36,30,29,1,0,0,0,0.9667,2,低
2024-08,嘉義,B,B級,中危害,環境測定,測定基準,可燃性氣體 < 20%LEL；氧氣>= 18%；一氧化碳<50 PPM；硫化氫<10 PPM,36,32,31,1,0,0,0,0.9688,2,低
2024-08,嘉義,B,B級,中危害,環境測定,測定頻率,上、下午施工前測定；A級或高風險作業需重複或連續測定；每小時/每兩小時紀錄表,36,32,31,1,0,0,0,0.9688,2,低
2024-08,嘉義,B,B級,中危害,防火防爆,消防設備,是否有消防設備,36,34,33,1,0,0,0,0.9706,2,低
2024-08,嘉義,B,B級,中危害,防火防爆,防爆安全工具,是否使用防爆電氣設備及安全工具,36,35,34,1,0,0,0,0.9714,2,低
2024-08,嘉義,B,B級,中危害,高處作業,防墜措施,設標準施工架、安全網、安全母索、安全帶,36,32,31,1,0,0,0,0.9688,2,低
2024-08,嘉義,B,B級,中危害,安全保護,個人防護具,是否有防護口罩、防毒面具、SCBA、防護手套、安全眼鏡、耳塞,36,30,29,1,0,0,0,0.9667,2,低
2024-08,嘉義,B,B級,中危害,警戒巡查,警戒標示,是否有警戒標示,36,32,31,1,0,0,0,0.9688,2,低
2024-08,嘉義,B,B級,中危害,警戒巡查,巡查會簽,是否轄區、監造、安衛人員或工地負責人巡查會簽,36,33,32,1,0,0,0,0.9697,2,低
2024-08,嘉義,B,B級,中危害,收工回簽,回簽收工確認,是否回簽時確認環境已整理並完成防護措施,36,35,34,1,0,1,0,0.9714,5,低
2024-08,嘉義,B,B級,中危害,收工回簽,一般安全規定,是否遵守工安規定,36,35,34,1,0,0,0,0.9714,2,低
2024-08,嘉義,B,B級,中危害,收工回簽,現場紀錄,是否拍照,36,34,33,1,0,0,0,0.9706,2,低
2024-08,嘉義,C,C級,低危害,廠區,基本資料,工廠、日期、時間,22,22,22,0,0,0,0,1.0,0,低
2024-08,嘉義,C,C級,低危害,許可證,許可資訊,工程作業分級、申請時間、核准工作時間、工作許可證編號,22,19,19,0,0,0,0,1.0,0,低
2024-08,嘉義,C,C級,低危害,施工地點,場地關係人,施工部門、轄區部門、監造部門,22,19,19,0,0,0,0,1.0,0,低
2024-08,嘉義,C,C級,低危害,包商,承攬商與人員資格,承攬商、工作人數、車輛車號、工地負責人、安衛人員、特殊作業主管,22,22,21,1,0,0,0,0.9545,2,低
2024-08,嘉義,C,C級,低危害,危害等級,作業等級,施工地點、工程案號、工作內容、許可工作項目、作業分級,22,18,18,0,0,0,0,1.0,0,低
2024-08,嘉義,C,C級,低危害,危害等級,管線設備危害物,可燃性氣體、易燃液體、有害性氣體、化學藥劑、酸鹼、熱水蒸氣、空氣、其他,22,21,21,0,0,0,0,1.0,0,低
2024-08,嘉義,C,C級,低危害,檢點與危害告知,簽發前安全檢點,是否安全檢點,22,21,20,1,0,0,0,0.9524,2,低
2024-08,嘉義,C,C級,低危害,檢點與危害告知,危害告知,是否危害告知,22,20,20,0,0,0,0,1.0,0,低
2024-08,嘉義,C,C級,低危害,危害排除與隔離,環境危害排除,是否設備管線危害物排除,22,22,21,1,0,0,0,0.9545,2,低
2024-08,嘉義,C,C級,低危害,危害排除與隔離,隔離管制,設備管線是否加盲加鎖掛牌,22,20,19,1,0,0,0,0.95,2,低
2024-08,嘉義,C,C級,低危害,環境測定,氣體偵測數值,可燃性氣體%、氧氣%、一氧化碳PPM、硫化氫PPM,22,19,19,0,0,0,0,1.0,0,低
2024-08,嘉義,C,C級,低危害,環境測定,測定基準,可燃性氣體 < 20%LEL；氧氣>= 18%；一氧化碳<50 PPM；硫化氫<10 PPM,22,20,19,1,0,0,0,0.95,2,低
2024-08,嘉義,C,C級,低危害,環境測定,測定頻率,上、下午施工前測定；A級或高風險作業需重複或連續測定；每小時/每兩小時紀錄表,22,18,18,0,0,0,0,1.0,0,低
2024-08,嘉義,C,C級,低危害,防火防爆,消防設備,是否有消防設備,22,22,21,1,0,0,0,0.9545,2,低
2024-08,嘉義,C,C級,低危害,防火防爆,防爆安全工具,是否使用防爆電氣設備及安全工具,22,19,18,1,0,0,0,0.9474,2,低
2024-08,嘉義,C,C級,低危害,高處作業,防墜措施,設標準施工架、安全網、安全母索、安全帶,22,19,19,0,0,0,0,1.0,0,低
2024-08,嘉義,C,C級,低危害,安全保護,個人防護具,是否有防護口罩、防毒面具、SCBA、防護手套、安全眼鏡、耳塞,22,21,20,1,0,0,0,0.9524,2,低
2024-08,嘉義,C,C級,低危害,警戒巡查,警戒標示,是否有警戒標示,22,19,19,0,0,0,0,1.0,0,低
2024-08,嘉義,C,C級,低危害,警戒巡查,巡查會簽,是否轄區、監造、安衛人員或工地負責人巡查會簽,22,19,19,0,0,0,0,1.0,0,低
2024-08,嘉義,C,C級,低危害,收工回簽,回簽收工確認,是否回簽時確認環境已整理並完成防護措施,22,22,22,0,0,0,0,1.0,0,低
2024-08,嘉義,C,C級,低危害,收工回簽,一般安全規定,是否遵守工安規定,22,20,20,0,0,0,0,1.0,0,低
2024-08,嘉義,C,C級,低危害,收工回簽,現場紀錄,是否拍照,22,19,19,0,0,0,0,1.0,0,低
2024-09,嘉義,A,A級,高危害,廠區,基本資料,工廠、日期、時間,14,12,12,0,0,0,0,1.0,0,低
2024-09,嘉義,A,A級,高危害,許可證,許可資訊,工程作業分級、申請時間、核准工作時間、工作許可證編號,14,12,12,0,0,0,0,1.0,0,低
2024-09,嘉義,A,A級,高危害,施工地點,場地關係人,施工部門、轄區部門、監造部門,14,13,13,0,0,0,0,1.0,0,低
2024-09,嘉義,A,A級,高危害,包商,承攬商與人員資格,承攬商、工作人數、車輛車號、工地負責人、安衛人員、特殊作業主管,14,12,12,0,0,0,0,1.0,0,低
2024-09,嘉義,A,A級,高危害,危害等級,作業等級,施工地點、工程案號、工作內容、許可工作項目、作業分級,14,12,12,0,0,0,0,1.0,0,低
2024-09,嘉義,A,A級,高危害,危害等級,管線設備危害物,可燃性氣體、易燃液體、有害性氣體、化學藥劑、酸鹼、熱水蒸氣、空氣、其他,14,14,13,1,0,0,0,0.9286,2,低
2024-09,嘉義,A,A級,高危害,檢點與危害告知,簽發前安全檢點,是否安全檢點,14,13,13,0,0,0,0,1.0,0,低
2024-09,嘉義,A,A級,高危害,檢點與危害告知,危害告知,是否危害告知,14,12,12,0,0,0,0,1.0,0,低
2024-09,嘉義,A,A級,高危害,危害排除與隔離,環境危害排除,是否設備管線危害物排除,14,14,13,1,0,0,0,0.9286,2,低
2024-09,嘉義,A,A級,高危害,危害排除與隔離,隔離管制,設備管線是否加盲加鎖掛牌,14,12,11,1,0,0,0,0.9167,2,低
2024-09,嘉義,A,A級,高危害,環境測定,氣體偵測數值,可燃性氣體%、氧氣%、一氧化碳PPM、硫化氫PPM,14,13,12,1,0,0,0,0.9231,2,低
2024-09,嘉義,A,A級,高危害,環境測定,測定基準,可燃性氣體 < 20%LEL；氧氣>= 18%；一氧化碳<50 PPM；硫化氫<10 PPM,14,12,11,1,0,0,0,0.9167,2,低
2024-09,嘉義,A,A級,高危害,環境測定,測定頻率,上、下午施工前測定；A級或高風險作業需重複或連續測定；每小時/每兩小時紀錄表,14,12,11,1,0,0,0,0.9167,2,低
2024-09,嘉義,A,A級,高危害,防火防爆,消防設備,是否有消防設備,14,14,13,1,0,0,0,0.9286,2,低
2024-09,嘉義,A,A級,高危害,防火防爆,防爆安全工具,是否使用防爆電氣設備及安全工具,14,12,11,1,0,0,0,0.9167,2,低
2024-09,嘉義,A,A級,高危害,高處作業,防墜措施,設標準施工架、安全網、安全母索、安全帶,14,13,12,1,0,0,0,0.9231,2,低
2024-09,嘉義,A,A級,高危害,安全保護,個人防護具,是否有防護口罩、防毒面具、SCBA、防護手套、安全眼鏡、耳塞,14,13,12,1,0,0,0,0.9231,2,低
2024-09,嘉義,A,A級,高危害,警戒巡查,警戒標示,是否有警戒標示,14,14,14,0,0,0,0,1.0,0,低
2024-09,嘉義,A,A級,高危害,警戒巡查,巡查會簽,是否轄區、監造、安衛人員或工地負責人巡查會簽,14,14,14,0,0,0,0,1.0,0,低
2024-09,嘉義,A,A級,高危害,收工回簽,回簽收工確認,是否回簽時確認環境已整理並完成防護措施,14,13,13,0,0,0,0,1.0,0,低
2024-09,嘉義,A,A級,高危害,收工回簽,一般安全規定,是否遵守工安規定,14,14,14,0,0,0,0,1.0,0,低
2024-09,嘉義,A,A級,高危害,收工回簽,現場紀錄,是否拍照,14,13,13,0,0,0,0,1.0,0,低
2024-09,嘉義,B,B級,中危害,廠區,基本資料,工廠、日期、時間,31,26,25,1,0,0,0,0.9615,2,低
2024-09,嘉義,B,B級,中危害,許可證,許可資訊,工程作業分級、申請時間、核准工作時間、工作許可證編號,31,27,26,1,0,1,0,0.963,5,低
2024-09,嘉義,B,B級,中危害,施工地點,場地關係人,施工部門、轄區部門、監造部門,31,26,25,1,0,0,0,0.9615,2,低
2024-09,嘉義,B,B級,中危害,包商,承攬商與人員資格,承攬商、工作人數、車輛車號、工地負責人、安衛人員、特殊作業主管,31,30,29,1,0,0,0,0.9667,2,低
2024-09,嘉義,B,B級,中危害,危害等級,作業等級,施工地點、工程案號、工作內容、許可工作項目、作業分級,31,29,28,1,0,0,0,0.9655,2,低
2024-09,嘉義,B,B級,中危害,危害等級,管線設備危害物,可燃性氣體、易燃液體、有害性氣體、化學藥劑、酸鹼、熱水蒸氣、空氣、其他,31,29,28,1,0,0,0,0.9655,2,低
2024-09,嘉義,B,B級,中危害,檢點與危害告知,簽發前安全檢點,是否安全檢點,31,31,30,1,0,0,0,0.9677,2,低
2024-09,嘉義,B,B級,中危害,檢點與危害告知,危害告知,是否危害告知,31,29,28,1,0,0,0,0.9655,2,低
2024-09,嘉義,B,B級,中危害,危害排除與隔離,環境危害排除,是否設備管線危害物排除,31,28,27,1,0,0,0,0.9643,2,低
2024-09,嘉義,B,B級,中危害,危害排除與隔離,隔離管制,設備管線是否加盲加鎖掛牌,31,27,26,1,0,1,0,0.963,5,低
2024-09,嘉義,B,B級,中危害,環境測定,氣體偵測數值,可燃性氣體%、氧氣%、一氧化碳PPM、硫化氫PPM,31,26,25,1,0,0,0,0.9615,2,低
2024-09,嘉義,B,B級,中危害,環境測定,測定基準,可燃性氣體 < 20%LEL；氧氣>= 18%；一氧化碳<50 PPM；硫化氫<10 PPM,31,30,29,1,0,0,0,0.9667,2,低
2024-09,嘉義,B,B級,中危害,環境測定,測定頻率,上、下午施工前測定；A級或高風險作業需重複或連續測定；每小時/每兩小時紀錄表,31,26,25,1,0,0,0,0.9615,2,低
2024-09,嘉義,B,B級,中危害,防火防爆,消防設備,是否有消防設備,31,31,30,1,0,0,0,0.9677,2,低
2024-09,嘉義,B,B級,中危害,防火防爆,防爆安全工具,是否使用防爆電氣設備及安全工具,31,31,30,1,0,1,0,0.9677,5,低
2024-09,嘉義,B,B級,中危害,高處作業,防墜措施,設標準施工架、安全網、安全母索、安全帶,31,29,28,1,0,1,0,0.9655,5,低
2024-09,嘉義,B,B級,中危害,安全保護,個人防護具,是否有防護口罩、防毒面具、SCBA、防護手套、安全眼鏡、耳塞,31,31,30,1,0,0,0,0.9677,2,低
2024-09,嘉義,B,B級,中危害,警戒巡查,警戒標示,是否有警戒標示,31,25,24,1,0,0,0,0.96,2,低
2024-09,嘉義,B,B級,中危害,警戒巡查,巡查會簽,是否轄區、監造、安衛人員或工地負責人巡查會簽,31,28,27,1,0,0,0,0.9643,2,低
2024-09,嘉義,B,B級,中危害,收工回簽,回簽收工確認,是否回簽時確認環境已整理並完成防護措施,31,26,25,1,0,0,0,0.9615,2,低
2024-09,嘉義,B,B級,中危害,收工回簽,一般安全規定,是否遵守工安規定,31,30,29,1,0,1,0,0.9667,5,低
2024-09,嘉義,B,B級,中危害,收工回簽,現場紀錄,是否拍照,31,26,25,1,0,0,0,0.9615,2,低
2024-09,嘉義,C,C級,低危害,廠區,基本資料,工廠、日期、時間,28,24,24,0,0,0,0,1.0,0,低
2024-09,嘉義,C,C級,低危害,許可證,許可資訊,工程作業分級、申請時間、核准工作時間、工作許可證編號,28,24,24,0,0,0,0,1.0,0,低
2024-09,嘉義,C,C級,低危害,施工地點,場地關係人,施工部門、轄區部門、監造部門,28,26,25,1,0,0,0,0.9615,2,低
2024-09,嘉義,C,C級,低危害,包商,承攬商與人員資格,承攬商、工作人數、車輛車號、工地負責人、安衛人員、特殊作業主管,28,25,24,1,0,0,0,0.96,2,低
2024-09,嘉義,C,C級,低危害,危害等級,作業等級,施工地點、工程案號、工作內容、許可工作項目、作業分級,28,24,23,1,0,0,0,0.9583,2,低
2024-09,嘉義,C,C級,低危害,危害等級,管線設備危害物,可燃性氣體、易燃液體、有害性氣體、化學藥劑、酸鹼、熱水蒸氣、空氣、其他,28,27,26,1,0,0,0,0.963,2,低
2024-09,嘉義,C,C級,低危害,檢點與危害告知,簽發前安全檢點,是否安全檢點,28,27,26,1,0,1,0,0.963,5,低
2024-09,嘉義,C,C級,低危害,檢點與危害告知,危害告知,是否危害告知,28,26,25,1,0,0,0,0.9615,2,低
2024-09,嘉義,C,C級,低危害,危害排除與隔離,環境危害排除,是否設備管線危害物排除,28,25,24,1,0,0,0,0.96,2,低
2024-09,嘉義,C,C級,低危害,危害排除與隔離,隔離管制,設備管線是否加盲加鎖掛牌,28,25,24,1,0,0,0,0.96,2,低
2024-09,嘉義,C,C級,低危害,環境測定,氣體偵測數值,可燃性氣體%、氧氣%、一氧化碳PPM、硫化氫PPM,28,25,24,1,0,0,0,0.96,2,低
2024-09,嘉義,C,C級,低危害,環境測定,測定基準,可燃性氣體 < 20%LEL；氧氣>= 18%；一氧化碳<50 PPM；硫化氫<10 PPM,28,26,25,1,0,0,0,0.9615,2,低
2024-09,嘉義,C,C級,低危害,環境測定,測定頻率,上、下午施工前測定；A級或高風險作業需重複或連續測定；每小時/每兩小時紀錄表,28,24,23,1,0,0,0,0.9583,2,低
2024-09,嘉義,C,C級,低危害,防火防爆,消防設備,是否有消防設備,28,24,23,1,0,0,0,0.9583,2,低
2024-09,嘉義,C,C級,低危害,防火防爆,防爆安全工具,是否使用防爆電氣設備及安全工具,28,24,23,1,0,0,0,0.9583,2,低
2024-09,嘉義,C,C級,低危害,高處作業,防墜措施,設標準施工架、安全網、安全母索、安全帶,28,23,22,1,0,0,0,0.9565,2,低
2024-09,嘉義,C,C級,低危害,安全保護,個人防護具,是否有防護口罩、防毒面具、SCBA、防護手套、安全眼鏡、耳塞,28,27,26,1,0,0,0,0.963,2,低
2024-09,嘉義,C,C級,低危害,警戒巡查,警戒標示,是否有警戒標示,28,24,23,1,0,0,0,0.9583,2,低
2024-09,嘉義,C,C級,低危害,警戒巡查,巡查會簽,是否轄區、監造、安衛人員或工地負責人巡查會簽,28,23,22,1,0,0,0,0.9565,2,低
2024-09,嘉義,C,C級,低危害,收工回簽,回簽收工確認,是否回簽時確認環境已整理並完成防護措施,28,25,24,1,0,0,0,0.96,2,低
2024-09,嘉義,C,C級,低危害,收工回簽,一般安全規定,是否遵守工安規定,28,24,24,0,0,0,0,1.0,0,低
2024-09,嘉義,C,C級,低危害,收工回簽,現場紀錄,是否拍照,28,26,26,0,0,0,0,1.0,0,低
2024-10,嘉義,A,A級,高危害,廠區,基本資料,工廠、日期、時間,15,13,13,0,0,0,0,1.0,0,低
2024-10,嘉義,A,A級,高危害,許可證,許可資訊,工程作業分級、申請時間、核准工作時間、工作許可證編號,15,12,12,0,0,0,0,1.0,0,低
2024-10,嘉義,A,A級,高危害,施工地點,場地關係人,施工部門、轄區部門、監造部門,15,14,14,0,0,0,0,1.0,0,低
2024-10,嘉義,A,A級,高危害,包商,承攬商與人員資格,承攬商、工作人數、車輛車號、工地負責人、安衛人員、特殊作業主管,15,13,12,1,0,0,0,0.9231,2,低
2024-10,嘉義,A,A級,高危害,危害等級,作業等級,施工地點、工程案號、工作內容、許可工作項目、作業分級,15,12,11,1,0,0,0,0.9167,2,低
2024-10,嘉義,A,A級,高危害,危害等級,管線設備危害物,可燃性氣體、易燃液體、有害性氣體、化學藥劑、酸鹼、熱水蒸氣、空氣、其他,15,13,12,1,0,0,0,0.9231,2,低
2024-10,嘉義,A,A級,高危害,檢點與危害告知,簽發前安全檢點,是否安全檢點,15,13,13,0,0,0,0,1.0,0,低
2024-10,嘉義,A,A級,高危害,檢點與危害告知,危害告知,是否危害告知,15,14,14,0,0,0,0,1.0,0,低
2024-10,嘉義,A,A級,高危害,危害排除與隔離,環境危害排除,是否設備管線危害物排除,15,14,13,1,0,0,0,0.9286,2,低
2024-10,嘉義,A,A級,高危害,危害排除與隔離,隔離管制,設備管線是否加盲加鎖掛牌,15,15,14,1,0,0,0,0.9333,2,低
2024-10,嘉義,A,A級,高危害,環境測定,氣體偵測數值,可燃性氣體%、氧氣%、一氧化碳PPM、硫化氫PPM,15,13,12,1,0,1,0,0.9231,5,低
2024-10,嘉義,A,A級,高危害,環境測定,測定基準,可燃性氣體 < 20%LEL；氧氣>= 18%；一氧化碳<50 PPM；硫化氫<10 PPM,15,15,14,1,0,0,0,0.9333,2,低
2024-10,嘉義,A,A級,高危害,環境測定,測定頻率,上、下午施工前測定；A級或高風險作業需重複或連續測定；每小時/每兩小時紀錄表,15,15,14,1,0,1,0,0.9333,5,低
2024-10,嘉義,A,A級,高危害,防火防爆,消防設備,是否有消防設備,15,13,12,1,0,1,0,0.9231,5,低
2024-10,嘉義,A,A級,高危害,防火防爆,防爆安全工具,是否使用防爆電氣設備及安全工具,15,13,12,1,0,1,0,0.9231,5,低
2024-10,嘉義,A,A級,高危害,高處作業,防墜措施,設標準施工架、安全網、安全母索、安全帶,15,14,13,1,0,0,0,0.9286,2,低
2024-10,嘉義,A,A級,高危害,安全保護,個人防護具,是否有防護口罩、防毒面具、SCBA、防護手套、安全眼鏡、耳塞,15,13,13,0,0,0,0,1.0,0,低
2024-10,嘉義,A,A級,高危害,警戒巡查,警戒標示,是否有警戒標示,15,15,15,0,0,0,0,1.0,0,低
2024-10,嘉義,A,A級,高危害,警戒巡查,巡查會簽,是否轄區、監造、安衛人員或工地負責人巡查會簽,15,13,13,0,0,0,0,1.0,0,低
2024-10,嘉義,A,A級,高危害,收工回簽,回簽收工確認,是否回簽時確認環境已整理並完成防護措施,15,13,13,0,0,0,0,1.0,0,低
2024-10,嘉義,A,A級,高危害,收工回簽,一般安全規定,是否遵守工安規定,15,13,13,0,0,0,0,1.0,0,低
2024-10,嘉義,A,A級,高危害,收工回簽,現場紀錄,是否拍照,15,14,14,0,0,0,0,1.0,0,低
2024-10,嘉義,B,B級,中危害,廠區,基本資料,工廠、日期、時間,35,30,29,1,0,0,0,0.9667,2,低
2024-10,嘉義,B,B級,中危害,許可證,許可資訊,工程作業分級、申請時間、核准工作時間、工作許可證編號,35,35,34,1,0,1,0,0.9714,5,低
2024-10,嘉義,B,B級,中危害,施工地點,場地關係人,施工部門、轄區部門、監造部門,35,35,34,1,0,1,0,0.9714,5,低
2024-10,嘉義,B,B級,中危害,包商,承攬商與人員資格,承攬商、工作人數、車輛車號、工地負責人、安衛人員、特殊作業主管,35,31,30,1,0,1,0,0.9677,5,低
2024-10,嘉義,B,B級,中危害,危害等級,作業等級,施工地點、工程案號、工作內容、許可工作項目、作業分級,35,31,30,1,0,0,0,0.9677,2,低
2024-10,嘉義,B,B級,中危害,危害等級,管線設備危害物,可燃性氣體、易燃液體、有害性氣體、化學藥劑、酸鹼、熱水蒸氣、空氣、其他,35,30,29,1,0,0,0,0.9667,2,低
2024-10,嘉義,B,B級,中危害,檢點與危害告知,簽發前安全檢點,是否安全檢點,35,30,29,1,0,0,0,0.9667,2,低
2024-10,嘉義,B,B級,中危害,檢點與危害告知,危害告知,是否危害告知,35,35,34,1,0,0,0,0.9714,2,低
2024-10,嘉義,B,B級,中危害,危害排除與隔離,環境危害排除,是否設備管線危害物排除,35,31,30,1,0,0,0,0.9677,2,低
2024-10,嘉義,B,B級,中危害,危害排除與隔離,隔離管制,設備管線是否加盲加鎖掛牌,35,33,32,1,0,1,0,0.9697,5,低
2024-10,嘉義,B,B級,中危害,環境測定,氣體偵測數值,可燃性氣體%、氧氣%、一氧化碳PPM、硫化氫PPM,35,34,33,1,0,0,0,0.9706,2,低
2024-10,嘉義,B,B級,中危害,環境測定,測定基準,可燃性氣體 < 20%LEL；氧氣>= 18%；一氧化碳<50 PPM；硫化氫<10 PPM,35,31,30,1,0,0,0,0.9677,2,低
2024-10,嘉義,B,B級,中危害,環境測定,測定頻率,上、下午施工前測定；A級或高風險作業需重複或連續測定；每小時/每兩小時紀錄表,35,29,28,1,0,0,0,0.9655,2,低
2024-10,嘉義,B,B級,中危害,防火防爆,消防設備,是否有消防設備,35,29,28,1,0,0,0,0.9655,2,低
2024-10,嘉義,B,B級,中危害,防火防爆,防爆安全工具,是否使用防爆電氣設備及安全工具,35,29,28,1,0,0,0,0.9655,2,低
2024-10,嘉義,B,B級,中危害,高處作業,防墜措施,設標準施工架、安全網、安全母索、安全帶,35,32,31,1,0,0,0,0.9688,2,低
2024-10,嘉義,B,B級,中危害,安全保護,個人防護具,是否有防護口罩、防毒面具、SCBA、防護手套、安全眼鏡、耳塞,35,31,30,1,0,0,0,0.9677,2,低
2024-10,嘉義,B,B級,中危害,警戒巡查,警戒標示,是否有警戒標示,35,33,32,1,0,0,0,0.9697,2,低
2024-10,嘉義,B,B級,中危害,警戒巡查,巡查會簽,是否轄區、監造、安衛人員或工地負責人巡查會簽,35,30,29,1,0,0,0,0.9667,2,低
2024-10,嘉義,B,B級,中危害,收工回簽,回簽收工確認,是否回簽時確認環境已整理並完成防護措施,35,32,31,1,0,0,0,0.9688,2,低
2024-10,嘉義,B,B級,中危害,收工回簽,一般安全規定,是否遵守工安規定,35,34,33,1,0,0,0,0.9706,2,低
2024-10,嘉義,B,B級,中危害,收工回簽,現場紀錄,是否拍照,35,34,33,1,0,0,0,0.9706,2,低
2024-10,嘉義,C,C級,低危害,廠區,基本資料,工廠、日期、時間,26,23,23,0,0,0,0,1.0,0,低
2024-10,嘉義,C,C級,低危害,許可證,許可資訊,工程作業分級、申請時間、核准工作時間、工作許可證編號,26,23,23,0,0,0,0,1.0,0,低
2024-10,嘉義,C,C級,低危害,施工地點,場地關係人,施工部門、轄區部門、監造部門,26,24,23,1,0,0,0,0.9583,2,低
2024-10,嘉義,C,C級,低危害,包商,承攬商與人員資格,承攬商、工作人數、車輛車號、工地負責人、安衛人員、特殊作業主管,26,24,23,1,0,0,0,0.9583,2,低
2024-10,嘉義,C,C級,低危害,危害等級,作業等級,施工地點、工程案號、工作內容、許可工作項目、作業分級,26,25,24,1,0,0,0,0.96,2,低
2024-10,嘉義,C,C級,低危害,危害等級,管線設備危害物,可燃性氣體、易燃液體、有害性氣體、化學藥劑、酸鹼、熱水蒸氣、空氣、其他,26,24,23,1,0,0,0,0.9583,2,低
2024-10,嘉義,C,C級,低危害,檢點與危害告知,簽發前安全檢點,是否安全檢點,26,24,24,0,0,0,0,1.0,0,低
2024-10,嘉義,C,C級,低危害,檢點與危害告知,危害告知,是否危害告知,26,22,21,1,0,0,0,0.9545,2,低
2024-10,嘉義,C,C級,低危害,危害排除與隔離,環境危害排除,是否設備管線危害物排除,26,25,24,1,0,0,0,0.96,2,低
2024-10,嘉義,C,C級,低危害,危害排除與隔離,隔離管制,設備管線是否加盲加鎖掛牌,26,22,21,1,0,0,0,0.9545,2,低
2024-10,嘉義,C,C級,低危害,環境測定,氣體偵測數值,可燃性氣體%、氧氣%、一氧化碳PPM、硫化氫PPM,26,25,24,1,0,0,0,0.96,2,低
2024-10,嘉義,C,C級,低危害,環境測定,測定基準,可燃性氣體 < 20%LEL；氧氣>= 18%；一氧化碳<50 PPM；硫化氫<10 PPM,26,26,25,1,0,0,0,0.9615,2,低
2024-10,嘉義,C,C級,低危害,環境測定,測定頻率,上、下午施工前測定；A級或高風險作業需重複或連續測定；每小時/每兩小時紀錄表,26,25,24,1,0,0,0,0.96,2,低
2024-10,嘉義,C,C級,低危害,防火防爆,消防設備,是否有消防設備,26,26,25,1,0,0,0,0.9615,2,低
2024-10,嘉義,C,C級,低危害,防火防爆,防爆安全工具,是否使用防爆電氣設備及安全工具,26,26,25,1,0,0,0,0.9615,2,低
2024-10,嘉義,C,C級,低危害,高處作業,防墜措施,設標準施工架、安全網、安全母索、安全帶,26,26,25,1,0,0,0,0.9615,2,低
2024-10,嘉義,C,C級,低危害,安全保護,個人防護具,是否有防護口罩、防毒面具、SCBA、防護手套、安全眼鏡、耳塞,26,22,21,1,0,0,0,0.9545,2,低
2024-10,嘉義,C,C級,低危害,警戒巡查,警戒標示,是否有警戒標示,26,25,24,1,0,0,0,0.96,2,低
2024-10,嘉義,C,C級,低危害,警戒巡查,巡查會簽,是否轄區、監造、安衛人員或工地負責人巡查會簽,26,24,24,0,0,0,0,1.0,0,低
2024-10,嘉義,C,C級,低危害,收工回簽,回簽收工確認,是否回簽時確認環境已整理並完成防護措施,26,25,25,0,0,0,0,1.0,0,低
2024-10,嘉義,C,C級,低危害,收工回簽,一般安全規定,是否遵守工安規定,26,25,24,1,0,0,0,0.96,2,低
2024-10,嘉義,C,C級,低危害,收工回簽,現場紀錄,是否拍照,26,25,24,1,0,0,0,0.96,2,低
2024-11,嘉義,A,A級,高危害,廠區,基本資料,工廠、日期、時間,15,15,15,0,0,0,0,1.0,0,低
2024-11,嘉義,A,A級,高危害,許可證,許可資訊,工程作業分級、申請時間、核准工作時間、工作許可證編號,15,15,15,0,0,0,0,1.0,0,低
2024-11,嘉義,A,A級,高危害,施工地點,場地關係人,施工部門、轄區部門、監造部門,15,12,12,0,0,0,0,1.0,0,低
2024-11,嘉義,A,A級,高危害,包商,承攬商與人員資格,承攬商、工作人數、車輛車號、工地負責人、安衛人員、特殊作業主管,15,14,14,0,0,0,0,1.0,0,低
2024-11,嘉義,A,A級,高危害,危害等級,作業等級,施工地點、工程案號、工作內容、許可工作項目、作業分級,15,14,14,0,0,0,0,1.0,0,低
2024-11,嘉義,A,A級,高危害,危害等級,管線設備危害物,可燃性氣體、易燃液體、有害性氣體、化學藥劑、酸鹼、熱水蒸氣、空氣、其他,15,14,13,1,0,0,0,0.9286,2,低
2024-11,嘉義,A,A級,高危害,檢點與危害告知,簽發前安全檢點,是否安全檢點,15,14,14,0,0,0,0,1.0,0,低
2024-11,嘉義,A,A級,高危害,檢點與危害告知,危害告知,是否危害告知,15,14,14,0,0,0,0,1.0,0,低
2024-11,嘉義,A,A級,高危害,危害排除與隔離,環境危害排除,是否設備管線危害物排除,15,13,12,1,0,0,0,0.9231,2,低
2024-11,嘉義,A,A級,高危害,危害排除與隔離,隔離管制,設備管線是否加盲加鎖掛牌,15,14,13,1,0,0,0,0.9286,2,低
2024-11,嘉義,A,A級,高危害,環境測定,氣體偵測數值,可燃性氣體%、氧氣%、一氧化碳PPM、硫化氫PPM,15,12,11,1,0,0,0,0.9167,2,低
2024-11,嘉義,A,A級,高危害,環境測定,測定基準,可燃性氣體 < 20%LEL；氧氣>= 18%；一氧化碳<50 PPM；硫化氫<10 PPM,15,14,13,1,0,0,0,0.9286,2,低
2024-11,嘉義,A,A級,高危害,環境測定,測定頻率,上、下午施工前測定；A級或高風險作業需重複或連續測定；每小時/每兩小時紀錄表,15,15,14,1,0,0,0,0.9333,2,低
2024-11,嘉義,A,A級,高危害,防火防爆,消防設備,是否有消防設備,15,13,12,1,0,0,0,0.9231,2,低
2024-11,嘉義,A,A級,高危害,防火防爆,防爆安全工具,是否使用防爆電氣設備及安全工具,15,14,13,1,0,0,0,0.9286,2,低
2024-11,嘉義,A,A級,高危害,高處作業,防墜措施,設標準施工架、安全網、安全母索、安全帶,15,14,13,1,0,0,0,0.9286,2,低
2024-11,嘉義,A,A級,高危害,安全保護,個人防護具,是否有防護口罩、防毒面具、SCBA、防護手套、安全眼鏡、耳塞,15,13,13,0,0,0,0,1.0,0,低
2024-11,嘉義,A,A級,高危害,警戒巡查,警戒標示,是否有警戒標示,15,13,13,0,0,0,0,1.0,0,低
2024-11,嘉義,A,A級,高危害,警戒巡查,巡查會簽,是否轄區、監造、安衛人員或工地負責人巡查會簽,15,13,13,0,0,0,0,1.0,0,低
2024-11,嘉義,A,A級,高危害,收工回簽,回簽收工確認,是否回簽時確認環境已整理並完成防護措施,15,13,13,0,0,0,0,1.0,0,低
2024-11,嘉義,A,A級,高危害,收工回簽,一般安全規定,是否遵守工安規定,15,14,14,0,0,0,0,1.0,0,低
2024-11,嘉義,A,A級,高危害,收工回簽,現場紀錄,是否拍照,15,15,15,0,0,0,0,1.0,0,低
2024-11,嘉義,B,B級,中危害,廠區,基本資料,工廠、日期、時間,33,31,30,1,0,0,0,0.9677,2,低
2024-11,嘉義,B,B級,中危害,許可證,許可資訊,工程作業分級、申請時間、核准工作時間、工作許可證編號,33,30,29,1,0,0,0,0.9667,2,低
2024-11,嘉義,B,B級,中危害,施工地點,場地關係人,施工部門、轄區部門、監造部門,33,29,28,1,0,0,0,0.9655,2,低
2024-11,嘉義,B,B級,中危害,包商,承攬商與人員資格,承攬商、工作人數、車輛車號、工地負責人、安衛人員、特殊作業主管,33,27,26,1,0,0,0,0.963,2,低
2024-11,嘉義,B,B級,中危害,危害等級,作業等級,施工地點、工程案號、工作內容、許可工作項目、作業分級,33,31,30,1,0,0,0,0.9677,2,低
2024-11,嘉義,B,B級,中危害,危害等級,管線設備危害物,可燃性氣體、易燃液體、有害性氣體、化學藥劑、酸鹼、熱水蒸氣、空氣、其他,33,29,28,1,0,0,0,0.9655,2,低
2024-11,嘉義,B,B級,中危害,檢點與危害告知,簽發前安全檢點,是否安全檢點,33,32,31,1,0,0,0,0.9688,2,低
2024-11,嘉義,B,B級,中危害,檢點與危害告知,危害告知,是否危害告知,33,29,28,1,0,0,0,0.9655,2,低
2024-11,嘉義,B,B級,中危害,危害排除與隔離,環境危害排除,是否設備管線危害物排除,33,28,27,1,0,0,0,0.9643,2,低
2024-11,嘉義,B,B級,中危害,危害排除與隔離,隔離管制,設備管線是否加盲加鎖掛牌,33,30,29,1,0,0,0,0.9667,2,低
2024-11,嘉義,B,B級,中危害,環境測定,氣體偵測數值,可燃性氣體%、氧氣%、一氧化碳PPM、硫化氫PPM,33,30,29,1,0,0,0,0.9667,2,低
2024-11,嘉義,B,B級,中危害,環境測定,測定基準,可燃性氣體 < 20%LEL；氧氣>= 18%；一氧化碳<50 PPM；硫化氫<10 PPM,33,31,30,1,0,0,0,0.9677,2,低
2024-11,嘉義,B,B級,中危害,環境測定,測定頻率,上、下午施工前測定；A級或高風險作業需重複或連續測定；每小時/每兩小時紀錄表,33,31,30,1,0,0,0,0.9677,2,低
2024-11,嘉義,B,B級,中危害,防火防爆,消防設備,是否有消防設備,33,29,28,1,0,0,0,0.9655,2,低
2024-11,嘉義,B,B級,中危害,防火防爆,防爆安全工具,是否使用防爆電氣設備及安全工具,33,29,28,1,0,0,0,0.9655,2,低
2024-11,嘉義,B,B級,中危害,高處作業,防墜措施,設標準施工架、安全網、安全母索、安全帶,33,30,29,1,0,0,0,0.9667,2,低
2024-11,嘉義,B,B級,中危害,安全保護,個人防護具,是否有防護口罩、防毒面具、SCBA、防護手套、安全眼鏡、耳塞,33,31,30,1,0,0,0,0.9677,2,低
2024-11,嘉義,B,B級,中危害,警戒巡查,警戒標示,是否有警戒標示,33,32,31,1,0,0,0,0.9688,2,低
2024-11,嘉義,B,B級,中危害,警戒巡查,巡查會簽,是否轄區、監造、安衛人員或工地負責人巡查會簽,33,30,29,1,0,0,0,0.9667,2,低
2024-11,嘉義,B,B級,中危害,收工回簽,回簽收工確認,是否回簽時確認環境已整理並完成防護措施,33,31,30,1,0,0,0,0.9677,2,低
2024-11,嘉義,B,B級,中危害,收工回簽,一般安全規定,是否遵守工安規定,33,31,30,1,0,0,0,0.9677,2,低
2024-11,嘉義,B,B級,中危害,收工回簽,現場紀錄,是否拍照,33,30,29,1,0,0,0,0.9667,2,低
2024-11,嘉義,C,C級,低危害,廠區,基本資料,工廠、日期、時間,28,25,25,0,0,0,0,1.0,0,低
2024-11,嘉義,C,C級,低危害,許可證,許可資訊,工程作業分級、申請時間、核准工作時間、工作許可證編號,28,27,27,0,0,0,0,1.0,0,低
2024-11,嘉義,C,C級,低危害,施工地點,場地關係人,施工部門、轄區部門、監造部門,28,24,23,1,0,0,0,0.9583,2,低
2024-11,嘉義,C,C級,低危害,包商,承攬商與人員資格,承攬商、工作人數、車輛車號、工地負責人、安衛人員、特殊作業主管,28,27,27,0,0,0,0,1.0,0,低
2024-11,嘉義,C,C級,低危害,危害等級,作業等級,施工地點、工程案號、工作內容、許可工作項目、作業分級,28,26,25,1,0,1,0,0.9615,5,低
2024-11,嘉義,C,C級,低危害,危害等級,管線設備危害物,可燃性氣體、易燃液體、有害性氣體、化學藥劑、酸鹼、熱水蒸氣、空氣、其他,28,27,26,1,0,0,0,0.963,2,低
2024-11,嘉義,C,C級,低危害,檢點與危害告知,簽發前安全檢點,是否安全檢點,28,26,25,1,0,0,0,0.9615,2,低
2024-11,嘉義,C,C級,低危害,檢點與危害告知,危害告知,是否危害告知,28,23,23,0,0,0,0,1.0,0,低
2024-11,嘉義,C,C級,低危害,危害排除與隔離,環境危害排除,是否設備管線危害物排除,28,24,23,1,0,0,0,0.9583,2,低
2024-11,嘉義,C,C級,低危害,危害排除與隔離,隔離管制,設備管線是否加盲加鎖掛牌,28,24,23,1,0,0,0,0.9583,2,低
2024-11,嘉義,C,C級,低危害,環境測定,氣體偵測數值,可燃性氣體%、氧氣%、一氧化碳PPM、硫化氫PPM,28,24,23,1,0,0,0,0.9583,2,低
2024-11,嘉義,C,C級,低危害,環境測定,測定基準,可燃性氣體 < 20%LEL；氧氣>= 18%；一氧化碳<50 PPM；硫化氫<10 PPM,28,27,26,1,0,0,0,0.963,2,低
2024-11,嘉義,C,C級,低危害,環境測定,測定頻率,上、下午施工前測定；A級或高風險作業需重複或連續測定；每小時/每兩小時紀錄表,28,24,23,1,0,0,0,0.9583,2,低
2024-11,嘉義,C,C級,低危害,防火防爆,消防設備,是否有消防設備,28,26,25,1,0,1,0,0.9615,5,低
2024-11,嘉義,C,C級,低危害,防火防爆,防爆安全工具,是否使用防爆電氣設備及安全工具,28,27,26,1,0,0,0,0.963,2,低
2024-11,嘉義,C,C級,低危害,高處作業,防墜措施,設標準施工架、安全網、安全母索、安全帶,28,26,25,1,0,0,0,0.9615,2,低
2024-11,嘉義,C,C級,低危害,安全保護,個人防護具,是否有防護口罩、防毒面具、SCBA、防護手套、安全眼鏡、耳塞,28,27,26,1,0,0,0,0.963,2,低
2024-11,嘉義,C,C級,低危害,警戒巡查,警戒標示,是否有警戒標示,28,24,23,1,0,0,0,0.9583,2,低
2024-11,嘉義,C,C級,低危害,警戒巡查,巡查會簽,是否轄區、監造、安衛人員或工地負責人巡查會簽,28,24,23,1,0,0,0,0.9583,2,低
2024-11,嘉義,C,C級,低危害,收工回簽,回簽收工確認,是否回簽時確認環境已整理並完成防護措施,28,27,26,1,0,0,0,0.963,2,低
2024-11,嘉義,C,C級,低危害,收工回簽,一般安全規定,是否遵守工安規定,28,27,26,1,0,0,0,0.963,2,低
2024-11,嘉義,C,C級,低危害,收工回簽,現場紀錄,是否拍照,28,26,26,0,0,0,0,1.0,0,低
2024-12,嘉義,A,A級,高危害,廠區,基本資料,工廠、日期、時間,21,20,20,0,0,0,0,1.0,0,低
2024-12,嘉義,A,A級,高危害,許可證,許可資訊,工程作業分級、申請時間、核准工作時間、工作許可證編號,21,20,19,1,0,0,0,0.95,2,低
2024-12,嘉義,A,A級,高危害,施工地點,場地關係人,施工部門、轄區部門、監造部門,21,20,19,1,0,0,0,0.95,2,低
2024-12,嘉義,A,A級,高危害,包商,承攬商與人員資格,承攬商、工作人數、車輛車號、工地負責人、安衛人員、特殊作業主管,21,18,17,1,0,0,0,0.9444,2,低
2024-12,嘉義,A,A級,高危害,危害等級,作業等級,施工地點、工程案號、工作內容、許可工作項目、作業分級,21,18,17,1,0,0,0,0.9444,2,低
2024-12,嘉義,A,A級,高危害,危害等級,管線設備危害物,可燃性氣體、易燃液體、有害性氣體、化學藥劑、酸鹼、熱水蒸氣、空氣、其他,21,20,19,1,0,0,0,0.95,2,低
2024-12,嘉義,A,A級,高危害,檢點與危害告知,簽發前安全檢點,是否安全檢點,21,20,19,1,0,0,0,0.95,2,低
2024-12,嘉義,A,A級,高危害,檢點與危害告知,危害告知,是否危害告知,21,19,18,1,0,0,0,0.9474,2,低
2024-12,嘉義,A,A級,高危害,危害排除與隔離,環境危害排除,是否設備管線危害物排除,21,19,18,1,0,0,0,0.9474,2,低
2024-12,嘉義,A,A級,高危害,危害排除與隔離,隔離管制,設備管線是否加盲加鎖掛牌,21,20,19,1,0,0,0,0.95,2,低
2024-12,嘉義,A,A級,高危害,環境測定,氣體偵測數值,可燃性氣體%、氧氣%、一氧化碳PPM、硫化氫PPM,21,18,17,1,0,0,0,0.9444,2,低
2024-12,嘉義,A,A級,高危害,環境測定,測定基準,可燃性氣體 < 20%LEL；氧氣>= 18%；一氧化碳<50 PPM；硫化氫<10 PPM,21,19,18,1,0,0,0,0.9474,2,低
2024-12,嘉義,A,A級,高危害,環境測定,測定頻率,上、下午施工前測定；A級或高風險作業需重複或連續測定；每小時/每兩小時紀錄表,21,20,19,1,0,0,0,0.95,2,低
2024-12,嘉義,A,A級,高危害,防火防爆,消防設備,是否有消防設備,21,18,17,1,0,0,0,0.9444,2,低
2024-12,嘉義,A,A級,高危害,防火防爆,防爆安全工具,是否使用防爆電氣設備及安全工具,21,19,18,1,0,0,0,0.9474,2,低
2024-12,嘉義,A,A級,高危害,高處作業,防墜措施,設標準施工架、安全網、安全母索、安全帶,21,17,16,1,0,0,0,0.9412,2,低
2024-12,嘉義,A,A級,高危害,安全保護,個人防護具,是否有防護口罩、防毒面具、SCBA、防護手套、安全眼鏡、耳塞,21,21,20,1,0,0,0,0.9524,2,低
2024-12,嘉義,A,A級,高危害,警戒巡查,警戒標示,是否有警戒標示,21,20,19,1,0,0,0,0.95,2,低
2024-12,嘉義,A,A級,高危害,警戒巡查,巡查會簽,是否轄區、監造、安衛人員或工地負責人巡查會簽,21,18,17,1,0,0,0,0.9444,2,低
2024-12,嘉義,A,A級,高危害,收工回簽,回簽收工確認,是否回簽時確認環境已整理並完成防護措施,21,17,17,0,0,0,0,1.0,0,低
2024-12,嘉義,A,A級,高危害,收工回簽,一般安全規定,是否遵守工安規定,21,21,20,1,0,0,0,0.9524,2,低
2024-12,嘉義,A,A級,高危害,收工回簽,現場紀錄,是否拍照,21,20,19,1,0,0,0,0.95,2,低
2024-12,嘉義,B,B級,中危害,廠區,基本資料,工廠、日期、時間,33,31,30,1,0,0,0,0.9677,2,低
2024-12,嘉義,B,B級,中危害,許可證,許可資訊,工程作業分級、申請時間、核准工作時間、工作許可證編號,33,31,30,1,0,1,0,0.9677,5,低
2024-12,嘉義,B,B級,中危害,施工地點,場地關係人,施工部門、轄區部門、監造部門,33,27,26,1,0,0,0,0.963,2,低
2024-12,嘉義,B,B級,中危害,包商,承攬商與人員資格,承攬商、工作人數、車輛車號、工地負責人、安衛人員、特殊作業主管,33,29,28,1,0,0,0,0.9655,2,低
2024-12,嘉義,B,B級,中危害,危害等級,作業等級,施工地點、工程案號、工作內容、許可工作項目、作業分級,33,28,27,1,0,0,0,0.9643,2,低
2024-12,嘉義,B,B級,中危害,危害等級,管線設備危害物,可燃性氣體、易燃液體、有害性氣體、化學藥劑、酸鹼、熱水蒸氣、空氣、其他,33,31,30,1,0,1,0,0.9677,5,低
2024-12,嘉義,B,B級,中危害,檢點與危害告知,簽發前安全檢點,是否安全檢點,33,32,31,1,0,0,0,0.9688,2,低
2024-12,嘉義,B,B級,中危害,檢點與危害告知,危害告知,是否危害告知,33,31,30,1,0,0,0,0.9677,2,低
2024-12,嘉義,B,B級,中危害,危害排除與隔離,環境危害排除,是否設備管線危害物排除,33,31,30,1,0,0,0,0.9677,2,低
2024-12,嘉義,B,B級,中危害,危害排除與隔離,隔離管制,設備管線是否加盲加鎖掛牌,33,30,29,1,0,0,0,0.9667,2,低
2024-12,嘉義,B,B級,中危害,環境測定,氣體偵測數值,可燃性氣體%、氧氣%、一氧化碳PPM、硫化氫PPM,33,31,30,1,0,0,0,0.9677,2,低
2024-12,嘉義,B,B級,中危害,環境測定,測定基準,可燃性氣體 < 20%LEL；氧氣>= 18%；一氧化碳<50 PPM；硫化氫<10 PPM,33,33,32,1,0,0,0,0.9697,2,低
2024-12,嘉義,B,B級,中危害,環境測定,測定頻率,上、下午施工前測定；A級或高風險作業需重複或連續測定；每小時/每兩小時紀錄表,33,28,27,1,0,0,0,0.9643,2,低
2024-12,嘉義,B,B級,中危害,防火防爆,消防設備,是否有消防設備,33,30,29,1,0,0,0,0.9667,2,低
2024-12,嘉義,B,B級,中危害,防火防爆,防爆安全工具,是否使用防爆電氣設備及安全工具,33,28,27,1,0,0,0,0.9643,2,低
2024-12,嘉義,B,B級,中危害,高處作業,防墜措施,設標準施工架、安全網、安全母索、安全帶,33,30,29,1,0,0,0,0.9667,2,低
2024-12,嘉義,B,B級,中危害,安全保護,個人防護具,是否有防護口罩、防毒面具、SCBA、防護手套、安全眼鏡、耳塞,33,28,27,1,0,0,0,0.9643,2,低
2024-12,嘉義,B,B級,中危害,警戒巡查,警戒標示,是否有警戒標示,33,28,27,1,0,0,0,0.9643,2,低
2024-12,嘉義,B,B級,中危害,警戒巡查,巡查會簽,是否轄區、監造、安衛人員或工地負責人巡查會簽,33,30,29,1,0,0,0,0.9667,2,低
2024-12,嘉義,B,B級,中危害,收工回簽,回簽收工確認,是否回簽時確認環境已整理並完成防護措施,33,31,30,1,0,0,0,0.9677,2,低
2024-12,嘉義,B,B級,中危害,收工回簽,一般安全規定,是否遵守工安規定,33,32,31,1,0,1,0,0.9688,5,低
2024-12,嘉義,B,B級,中危害,收工回簽,現場紀錄,是否拍照,33,30,29,1,0,0,0,0.9667,2,低
2024-12,嘉義,C,C級,低危害,廠區,基本資料,工廠、日期、時間,29,29,29,0,0,0,0,1.0,0,低
2024-12,嘉義,C,C級,低危害,許可證,許可資訊,工程作業分級、申請時間、核准工作時間、工作許可證編號,29,26,26,0,0,0,0,1.0,0,低
2024-12,嘉義,C,C級,低危害,施工地點,場地關係人,施工部門、轄區部門、監造部門,29,24,24,0,0,0,0,1.0,0,低
2024-12,嘉義,C,C級,低危害,包商,承攬商與人員資格,承攬商、工作人數、車輛車號、工地負責人、安衛人員、特殊作業主管,29,28,27,1,0,0,0,0.9643,2,低
2024-12,嘉義,C,C級,低危害,危害等級,作業等級,施工地點、工程案號、工作內容、許可工作項目、作業分級,29,25,25,0,0,0,0,1.0,0,低
2024-12,嘉義,C,C級,低危害,危害等級,管線設備危害物,可燃性氣體、易燃液體、有害性氣體、化學藥劑、酸鹼、熱水蒸氣、空氣、其他,29,27,26,1,0,0,0,0.963,2,低
2024-12,嘉義,C,C級,低危害,檢點與危害告知,簽發前安全檢點,是否安全檢點,29,25,24,1,0,0,0,0.96,2,低
2024-12,嘉義,C,C級,低危害,檢點與危害告知,危害告知,是否危害告知,29,27,26,1,0,0,0,0.963,2,低
2024-12,嘉義,C,C級,低危害,危害排除與隔離,環境危害排除,是否設備管線危害物排除,29,28,27,1,0,0,0,0.9643,2,低
2024-12,嘉義,C,C級,低危害,危害排除與隔離,隔離管制,設備管線是否加盲加鎖掛牌,29,26,25,1,0,0,0,0.9615,2,低
2024-12,嘉義,C,C級,低危害,環境測定,氣體偵測數值,可燃性氣體%、氧氣%、一氧化碳PPM、硫化氫PPM,29,24,23,1,0,0,0,0.9583,2,低
2024-12,嘉義,C,C級,低危害,環境測定,測定基準,可燃性氣體 < 20%LEL；氧氣>= 18%；一氧化碳<50 PPM；硫化氫<10 PPM,29,24,23,1,0,0,0,0.9583,2,低
2024-12,嘉義,C,C級,低危害,環境測定,測定頻率,上、下午施工前測定；A級或高風險作業需重複或連續測定；每小時/每兩小時紀錄表,29,24,23,1,0,0,0,0.9583,2,低
2024-12,嘉義,C,C級,低危害,防火防爆,消防設備,是否有消防設備,29,29,28,1,0,0,0,0.9655,2,低
2024-12,嘉義,C,C級,低危害,防火防爆,防爆安全工具,是否使用防爆電氣設備及安全工具,29,28,27,1,0,0,0,0.9643,2,低
2024-12,嘉義,C,C級,低危害,高處作業,防墜措施,設標準施工架、安全網、安全母索、安全帶,29,26,25,1,0,0,0,0.9615,2,低
2024-12,嘉義,C,C級,低危害,安全保護,個人防護具,是否有防護口罩、防毒面具、SCBA、防護手套、安全眼鏡、耳塞,29,26,25,1,0,0,0,0.9615,2,低
2024-12,嘉義,C,C級,低危害,警戒巡查,警戒標示,是否有警戒標示,29,27,26,1,0,0,0,0.963,2,低
2024-12,嘉義,C,C級,低危害,警戒巡查,巡查會簽,是否轄區、監造、安衛人員或工地負責人巡查會簽,29,28,27,1,0,0,0,0.9643,2,低
2024-12,嘉義,C,C級,低危害,收工回簽,回簽收工確認,是否回簽時確認環境已整理並完成防護措施,29,27,26,1,0,0,0,0.963,2,低
2024-12,嘉義,C,C級,低危害,收工回簽,一般安全規定,是否遵守工安規定,29,27,26,1,0,0,0,0.963,2,低
2024-12,嘉義,C,C級,低危害,收工回簽,現場紀錄,是否拍照,29,24,24,0,0,0,0,1.0,0,低
2025-01,嘉義,A,A級,高危害,廠區,基本資料,工廠、日期、時間,15,14,14,0,0,0,0,1.0,0,低
2025-01,嘉義,A,A級,高危害,許可證,許可資訊,工程作業分級、申請時間、核准工作時間、工作許可證編號,15,13,13,0,0,0,0,1.0,0,低
2025-01,嘉義,A,A級,高危害,施工地點,場地關係人,施工部門、轄區部門、監造部門,15,13,13,0,0,0,0,1.0,0,低
2025-01,嘉義,A,A級,高危害,包商,承攬商與人員資格,承攬商、工作人數、車輛車號、工地負責人、安衛人員、特殊作業主管,15,14,13,1,0,0,0,0.9286,2,低
2025-01,嘉義,A,A級,高危害,危害等級,作業等級,施工地點、工程案號、工作內容、許可工作項目、作業分級,15,15,14,1,0,0,0,0.9333,2,低
2025-01,嘉義,A,A級,高危害,危害等級,管線設備危害物,可燃性氣體、易燃液體、有害性氣體、化學藥劑、酸鹼、熱水蒸氣、空氣、其他,15,14,13,1,0,0,0,0.9286,2,低
2025-01,嘉義,A,A級,高危害,檢點與危害告知,簽發前安全檢點,是否安全檢點,15,14,14,0,0,0,0,1.0,0,低
2025-01,嘉義,A,A級,高危害,檢點與危害告知,危害告知,是否危害告知,15,12,12,0,0,0,0,1.0,0,低
2025-01,嘉義,A,A級,高危害,危害排除與隔離,環境危害排除,是否設備管線危害物排除,15,13,12,1,0,0,0,0.9231,2,低
2025-01,嘉義,A,A級,高危害,危害排除與隔離,隔離管制,設備管線是否加盲加鎖掛牌,15,15,14,1,0,0,0,0.9333,2,低
2025-01,嘉義,A,A級,高危害,環境測定,氣體偵測數值,可燃性氣體%、氧氣%、一氧化碳PPM、硫化氫PPM,15,13,12,1,0,0,0,0.9231,2,低
2025-01,嘉義,A,A級,高危害,環境測定,測定基準,可燃性氣體 < 20%LEL；氧氣>= 18%；一氧化碳<50 PPM；硫化氫<10 PPM,15,13,12,1,0,0,0,0.9231,2,低
2025-01,嘉義,A,A級,高危害,環境測定,測定頻率,上、下午施工前測定；A級或高風險作業需重複或連續測定；每小時/每兩小時紀錄表,15,12,11,1,0,0,0,0.9167,2,低
2025-01,嘉義,A,A級,高危害,防火防爆,消防設備,是否有消防設備,15,14,13,1,0,0,0,0.9286,2,低
2025-01,嘉義,A,A級,高危害,防火防爆,防爆安全工具,是否使用防爆電氣設備及安全工具,15,14,13,1,0,0,0,0.9286,2,低
2025-01,嘉義,A,A級,高危害,高處作業,防墜措施,設標準施工架、安全網、安全母索、安全帶,15,13,12,1,0,0,0,0.9231,2,低
2025-01,嘉義,A,A級,高危害,安全保護,個人防護具,是否有防護口罩、防毒面具、SCBA、防護手套、安全眼鏡、耳塞,15,13,13,0,0,0,0,1.0,0,低
2025-01,嘉義,A,A級,高危害,警戒巡查,警戒標示,是否有警戒標示,15,14,14,0,0,0,0,1.0,0,低
2025-01,嘉義,A,A級,高危害,警戒巡查,巡查會簽,是否轄區、監造、安衛人員或工地負責人巡查會簽,15,13,13,0,0,0,0,1.0,0,低
2025-01,嘉義,A,A級,高危害,收工回簽,回簽收工確認,是否回簽時確認環境已整理並完成防護措施,15,14,14,0,0,0,0,1.0,0,低
2025-01,嘉義,A,A級,高危害,收工回簽,一般安全規定,是否遵守工安規定,15,13,13,0,0,0,0,1.0,0,低
2025-01,嘉義,A,A級,高危害,收工回簽,現場紀錄,是否拍照,15,14,14,0,0,0,0,1.0,0,低
2025-01,嘉義,B,B級,中危害,廠區,基本資料,工廠、日期、時間,36,34,33,1,0,0,0,0.9706,2,低
2025-01,嘉義,B,B級,中危害,許可證,許可資訊,工程作業分級、申請時間、核准工作時間、工作許可證編號,36,35,34,1,0,0,0,0.9714,2,低
2025-01,嘉義,B,B級,中危害,施工地點,場地關係人,施工部門、轄區部門、監造部門,36,30,29,1,0,1,0,0.9667,5,低
2025-01,嘉義,B,B級,中危害,包商,承攬商與人員資格,承攬商、工作人數、車輛車號、工地負責人、安衛人員、特殊作業主管,36,33,32,1,0,0,0,0.9697,2,低
2025-01,嘉義,B,B級,中危害,危害等級,作業等級,施工地點、工程案號、工作內容、許可工作項目、作業分級,36,35,34,1,0,0,0,0.9714,2,低
2025-01,嘉義,B,B級,中危害,危害等級,管線設備危害物,可燃性氣體、易燃液體、有害性氣體、化學藥劑、酸鹼、熱水蒸氣、空氣、其他,36,32,31,1,0,0,0,0.9688,2,低
2025-01,嘉義,B,B級,中危害,檢點與危害告知,簽發前安全檢點,是否安全檢點,36,32,31,1,0,0,0,0.9688,2,低
2025-01,嘉義,B,B級,中危害,檢點與危害告知,危害告知,是否危害告知,36,36,35,1,0,0,0,0.9722,2,低
2025-01,嘉義,B,B級,中危害,危害排除與隔離,環境危害排除,是否設備管線危害物排除,36,31,30,1,0,0,0,0.9677,2,低
2025-01,嘉義,B,B級,中危害,危害排除與隔離,隔離管制,設備管線是否加盲加鎖掛牌,36,30,29,1,0,0,0,0.9667,2,低
2025-01,嘉義,B,B級,中危害,環境測定,氣體偵測數值,可燃性氣體%、氧氣%、一氧化碳PPM、硫化氫PPM,36,35,34,1,0,0,0,0.9714,2,低
2025-01,嘉義,B,B級,中危害,環境測定,測定基準,可燃性氣體 < 20%LEL；氧氣>= 18%；一氧化碳<50 PPM；硫化氫<10 PPM,36,33,32,1,0,0,0,0.9697,2,低
2025-01,嘉義,B,B級,中危害,環境測定,測定頻率,上、下午施工前測定；A級或高風險作業需重複或連續測定；每小時/每兩小時紀錄表,36,34,33,1,0,0,0,0.9706,2,低
2025-01,嘉義,B,B級,中危害,防火防爆,消防設備,是否有消防設備,36,32,31,1,0,0,0,0.9688,2,低
2025-01,嘉義,B,B級,中危害,防火防爆,防爆安全工具,是否使用防爆電氣設備及安全工具,36,35,34,1,0,0,0,0.9714,2,低
2025-01,嘉義,B,B級,中危害,高處作業,防墜措施,設標準施工架、安全網、安全母索、安全帶,36,36,35,1,0,0,0,0.9722,2,低
2025-01,嘉義,B,B級,中危害,安全保護,個人防護具,是否有防護口罩、防毒面具、SCBA、防護手套、安全眼鏡、耳塞,36,32,31,1,0,0,0,0.9688,2,低
2025-01,嘉義,B,B級,中危害,警戒巡查,警戒標示,是否有警戒標示,36,36,35,1,0,0,0,0.9722,2,低
2025-01,嘉義,B,B級,中危害,警戒巡查,巡查會簽,是否轄區、監造、安衛人員或工地負責人巡查會簽,36,36,35,1,0,0,0,0.9722,2,低
2025-01,嘉義,B,B級,中危害,收工回簽,回簽收工確認,是否回簽時確認環境已整理並完成防護措施,36,34,33,1,0,0,0,0.9706,2,低
2025-01,嘉義,B,B級,中危害,收工回簽,一般安全規定,是否遵守工安規定,36,30,29,1,0,0,0,0.9667,2,低
2025-01,嘉義,B,B級,中危害,收工回簽,現場紀錄,是否拍照,36,35,34,1,0,0,0,0.9714,2,低
2025-01,嘉義,C,C級,低危害,廠區,基本資料,工廠、日期、時間,25,23,23,0,0,0,0,1.0,0,低
2025-01,嘉義,C,C級,低危害,許可證,許可資訊,工程作業分級、申請時間、核准工作時間、工作許可證編號,25,22,22,0,0,0,0,1.0,0,低
2025-01,嘉義,C,C級,低危害,施工地點,場地關係人,施工部門、轄區部門、監造部門,25,21,21,0,0,0,0,1.0,0,低
2025-01,嘉義,C,C級,低危害,包商,承攬商與人員資格,承攬商、工作人數、車輛車號、工地負責人、安衛人員、特殊作業主管,25,21,21,0,0,0,0,1.0,0,低
2025-01,嘉義,C,C級,低危害,危害等級,作業等級,施工地點、工程案號、工作內容、許可工作項目、作業分級,25,24,24,0,0,0,0,1.0,0,低
2025-01,嘉義,C,C級,低危害,危害等級,管線設備危害物,可燃性氣體、易燃液體、有害性氣體、化學藥劑、酸鹼、熱水蒸氣、空氣、其他,25,22,21,1,0,0,0,0.9545,2,低
2025-01,嘉義,C,C級,低危害,檢點與危害告知,簽發前安全檢點,是否安全檢點,25,23,23,0,0,0,0,1.0,0,低
2025-01,嘉義,C,C級,低危害,檢點與危害告知,危害告知,是否危害告知,25,24,23,1,0,0,0,0.9583,2,低
2025-01,嘉義,C,C級,低危害,危害排除與隔離,環境危害排除,是否設備管線危害物排除,25,22,21,1,0,0,0,0.9545,2,低
2025-01,嘉義,C,C級,低危害,危害排除與隔離,隔離管制,設備管線是否加盲加鎖掛牌,25,22,21,1,0,0,0,0.9545,2,低
2025-01,嘉義,C,C級,低危害,環境測定,氣體偵測數值,可燃性氣體%、氧氣%、一氧化碳PPM、硫化氫PPM,25,24,23,1,0,1,0,0.9583,5,低
2025-01,嘉義,C,C級,低危害,環境測定,測定基準,可燃性氣體 < 20%LEL；氧氣>= 18%；一氧化碳<50 PPM；硫化氫<10 PPM,25,22,21,1,0,0,0,0.9545,2,低
2025-01,嘉義,C,C級,低危害,環境測定,測定頻率,上、下午施工前測定；A級或高風險作業需重複或連續測定；每小時/每兩小時紀錄表,25,25,24,1,0,0,0,0.96,2,低
2025-01,嘉義,C,C級,低危害,防火防爆,消防設備,是否有消防設備,25,25,24,1,0,0,0,0.96,2,低
2025-01,嘉義,C,C級,低危害,防火防爆,防爆安全工具,是否使用防爆電氣設備及安全工具,25,21,20,1,0,0,0,0.9524,2,低
2025-01,嘉義,C,C級,低危害,高處作業,防墜措施,設標準施工架、安全網、安全母索、安全帶,25,23,22,1,0,0,0,0.9565,2,低
2025-01,嘉義,C,C級,低危害,安全保護,個人防護具,是否有防護口罩、防毒面具、SCBA、防護手套、安全眼鏡、耳塞,25,21,20,1,0,0,0,0.9524,2,低
2025-01,嘉義,C,C級,低危害,警戒巡查,警戒標示,是否有警戒標示,25,22,21,1,0,0,0,0.9545,2,低
2025-01,嘉義,C,C級,低危害,警戒巡查,巡查會簽,是否轄區、監造、安衛人員或工地負責人巡查會簽,25,21,21,0,0,0,0,1.0,0,低
2025-01,嘉義,C,C級,低危害,收工回簽,回簽收工確認,是否回簽時確認環境已整理並完成防護措施,25,21,21,0,0,0,0,1.0,0,低
2025-01,嘉義,C,C級,低危害,收工回簽,一般安全規定,是否遵守工安規定,25,25,25,0,0,0,0,1.0,0,低
2025-01,嘉義,C,C級,低危害,收工回簽,現場紀錄,是否拍照,25,23,23,0,0,0,0,1.0,0,低
2025-02,嘉義,A,A級,高危害,廠區,基本資料,工廠、日期、時間,23,19,19,0,0,0,0,1.0,0,低
2025-02,嘉義,A,A級,高危害,許可證,許可資訊,工程作業分級、申請時間、核准工作時間、工作許可證編號,23,21,20,1,0,0,0,0.9524,2,低
2025-02,嘉義,A,A級,高危害,施工地點,場地關係人,施工部門、轄區部門、監造部門,23,20,19,1,0,0,0,0.95,2,低
2025-02,嘉義,A,A級,高危害,包商,承攬商與人員資格,承攬商、工作人數、車輛車號、工地負責人、安衛人員、特殊作業主管,23,21,20,1,0,0,0,0.9524,2,低
2025-02,嘉義,A,A級,高危害,危害等級,作業等級,施工地點、工程案號、工作內容、許可工作項目、作業分級,23,19,18,1,0,0,0,0.9474,2,低
2025-02,嘉義,A,A級,高危害,危害等級,管線設備危害物,可燃性氣體、易燃液體、有害性氣體、化學藥劑、酸鹼、熱水蒸氣、空氣、其他,23,19,18,1,0,0,0,0.9474,2,低
2025-02,嘉義,A,A級,高危害,檢點與危害告知,簽發前安全檢點,是否安全檢點,23,23,22,1,0,0,0,0.9565,2,低
2025-02,嘉義,A,A級,高危害,檢點與危害告知,危害告知,是否危害告知,23,22,21,1,0,0,0,0.9545,2,低
2025-02,嘉義,A,A級,高危害,危害排除與隔離,環境危害排除,是否設備管線危害物排除,23,19,18,1,0,1,0,0.9474,5,低
2025-02,嘉義,A,A級,高危害,危害排除與隔離,隔離管制,設備管線是否加盲加鎖掛牌,23,21,20,1,0,0,0,0.9524,2,低
2025-02,嘉義,A,A級,高危害,環境測定,氣體偵測數值,可燃性氣體%、氧氣%、一氧化碳PPM、硫化氫PPM,23,19,18,1,0,0,0,0.9474,2,低
2025-02,嘉義,A,A級,高危害,環境測定,測定基準,可燃性氣體 < 20%LEL；氧氣>= 18%；一氧化碳<50 PPM；硫化氫<10 PPM,23,23,22,1,0,0,0,0.9565,2,低
2025-02,嘉義,A,A級,高危害,環境測定,測定頻率,上、下午施工前測定；A級或高風險作業需重複或連續測定；每小時/每兩小時紀錄表,23,20,19,1,0,0,0,0.95,2,低
2025-02,嘉義,A,A級,高危害,防火防爆,消防設備,是否有消防設備,23,21,20,1,0,0,0,0.9524,2,低
2025-02,嘉義,A,A級,高危害,防火防爆,防爆安全工具,是否使用防爆電氣設備及安全工具,23,23,22,1,0,0,0,0.9565,2,低
2025-02,嘉義,A,A級,高危害,高處作業,防墜措施,設標準施工架、安全網、安全母索、安全帶,23,19,18,1,0,0,0,0.9474,2,低
2025-02,嘉義,A,A級,高危害,安全保護,個人防護具,是否有防護口罩、防毒面具、SCBA、防護手套、安全眼鏡、耳塞,23,20,19,1,0,0,0,0.95,2,低
2025-02,嘉義,A,A級,高危害,警戒巡查,警戒標示,是否有警戒標示,23,21,20,1,0,0,0,0.9524,2,低
2025-02,嘉義,A,A級,高危害,警戒巡查,巡查會簽,是否轄區、監造、安衛人員或工地負責人巡查會簽,23,21,20,1,0,0,0,0.9524,2,低
2025-02,嘉義,A,A級,高危害,收工回簽,回簽收工確認,是否回簽時確認環境已整理並完成防護措施,23,23,22,1,0,0,0,0.9565,2,低
2025-02,嘉義,A,A級,高危害,收工回簽,一般安全規定,是否遵守工安規定,23,21,21,0,0,0,0,1.0,0,低
2025-02,嘉義,A,A級,高危害,收工回簽,現場紀錄,是否拍照,23,20,19,1,0,0,0,0.95,2,低
2025-02,嘉義,B,B級,中危害,廠區,基本資料,工廠、日期、時間,40,39,38,1,0,1,0,0.9744,5,低
2025-02,嘉義,B,B級,中危害,許可證,許可資訊,工程作業分級、申請時間、核准工作時間、工作許可證編號,40,38,37,1,0,0,0,0.9737,2,低
2025-02,嘉義,B,B級,中危害,施工地點,場地關係人,施工部門、轄區部門、監造部門,40,34,33,1,0,0,0,0.9706,2,低
2025-02,嘉義,B,B級,中危害,包商,承攬商與人員資格,承攬商、工作人數、車輛車號、工地負責人、安衛人員、特殊作業主管,40,37,36,1,0,0,0,0.973,2,低
2025-02,嘉義,B,B級,中危害,危害等級,作業等級,施工地點、工程案號、工作內容、許可工作項目、作業分級,40,33,32,1,0,0,0,0.9697,2,低
2025-02,嘉義,B,B級,中危害,危害等級,管線設備危害物,可燃性氣體、易燃液體、有害性氣體、化學藥劑、酸鹼、熱水蒸氣、空氣、其他,40,33,32,1,0,0,0,0.9697,2,低
2025-02,嘉義,B,B級,中危害,檢點與危害告知,簽發前安全檢點,是否安全檢點,40,38,37,1,0,0,0,0.9737,2,低
2025-02,嘉義,B,B級,中危害,檢點與危害告知,危害告知,是否危害告知,40,33,32,1,0,0,0,0.9697,2,低
2025-02,嘉義,B,B級,中危害,危害排除與隔離,環境危害排除,是否設備管線危害物排除,40,37,36,1,0,0,0,0.973,2,低
2025-02,嘉義,B,B級,中危害,危害排除與隔離,隔離管制,設備管線是否加盲加鎖掛牌,40,35,34,1,0,0,0,0.9714,2,低
2025-02,嘉義,B,B級,中危害,環境測定,氣體偵測數值,可燃性氣體%、氧氣%、一氧化碳PPM、硫化氫PPM,40,40,38,2,1,1,0,0.95,16,中
2025-02,嘉義,B,B級,中危害,環境測定,測定基準,可燃性氣體 < 20%LEL；氧氣>= 18%；一氧化碳<50 PPM；硫化氫<10 PPM,40,33,32,1,0,0,0,0.9697,2,低
2025-02,嘉義,B,B級,中危害,環境測定,測定頻率,上、下午施工前測定；A級或高風險作業需重複或連續測定；每小時/每兩小時紀錄表,40,36,35,1,0,0,0,0.9722,2,低
2025-02,嘉義,B,B級,中危害,防火防爆,消防設備,是否有消防設備,40,38,37,1,0,0,0,0.9737,2,低
2025-02,嘉義,B,B級,中危害,防火防爆,防爆安全工具,是否使用防爆電氣設備及安全工具,40,34,33,1,0,0,0,0.9706,2,低
2025-02,嘉義,B,B級,中危害,高處作業,防墜措施,設標準施工架、安全網、安全母索、安全帶,40,35,34,1,0,0,0,0.9714,2,低
2025-02,嘉義,B,B級,中危害,安全保護,個人防護具,是否有防護口罩、防毒面具、SCBA、防護手套、安全眼鏡、耳塞,40,39,38,1,0,0,0,0.9744,2,低
2025-02,嘉義,B,B級,中危害,警戒巡查,警戒標示,是否有警戒標示,40,36,35,1,0,0,0,0.9722,2,低
2025-02,嘉義,B,B級,中危害,警戒巡查,巡查會簽,是否轄區、監造、安衛人員或工地負責人巡查會簽,40,35,34,1,0,0,0,0.9714,2,低
2025-02,嘉義,B,B級,中危害,收工回簽,回簽收工確認,是否回簽時確認環境已整理並完成防護措施,40,40,39,1,0,0,0,0.975,2,低
2025-02,嘉義,B,B級,中危害,收工回簽,一般安全規定,是否遵守工安規定,40,36,35,1,0,0,0,0.9722,2,低
2025-02,嘉義,B,B級,中危害,收工回簽,現場紀錄,是否拍照,40,38,37,1,0,0,0,0.9737,2,低
2025-02,嘉義,C,C級,低危害,廠區,基本資料,工廠、日期、時間,33,32,32,0,0,0,0,1.0,0,低
2025-02,嘉義,C,C級,低危害,許可證,許可資訊,工程作業分級、申請時間、核准工作時間、工作許可證編號,33,29,29,0,0,0,0,1.0,0,低
2025-02,嘉義,C,C級,低危害,施工地點,場地關係人,施工部門、轄區部門、監造部門,33,27,27,0,0,0,0,1.0,0,低
2025-02,嘉義,C,C級,低危害,包商,承攬商與人員資格,承攬商、工作人數、車輛車號、工地負責人、安衛人員、特殊作業主管,33,31,30,1,0,0,0,0.9677,2,低
2025-02,嘉義,C,C級,低危害,危害等級,作業等級,施工地點、工程案號、工作內容、許可工作項目、作業分級,33,31,30,1,0,1,0,0.9677,5,低
2025-02,嘉義,C,C級,低危害,危害等級,管線設備危害物,可燃性氣體、易燃液體、有害性氣體、化學藥劑、酸鹼、熱水蒸氣、空氣、其他,33,28,27,1,0,0,0,0.9643,2,低
2025-02,嘉義,C,C級,低危害,檢點與危害告知,簽發前安全檢點,是否安全檢點,33,31,30,1,0,0,0,0.9677,2,低
2025-02,嘉義,C,C級,低危害,檢點與危害告知,危害告知,是否危害告知,33,28,27,1,0,0,0,0.9643,2,低
2025-02,嘉義,C,C級,低危害,危害排除與隔離,環境危害排除,是否設備管線危害物排除,33,32,31,1,0,0,0,0.9688,2,低
2025-02,嘉義,C,C級,低危害,危害排除與隔離,隔離管制,設備管線是否加盲加鎖掛牌,33,33,32,1,0,0,0,0.9697,2,低
2025-02,嘉義,C,C級,低危害,環境測定,氣體偵測數值,可燃性氣體%、氧氣%、一氧化碳PPM、硫化氫PPM,33,32,31,1,0,0,0,0.9688,2,低
2025-02,嘉義,C,C級,低危害,環境測定,測定基準,可燃性氣體 < 20%LEL；氧氣>= 18%；一氧化碳<50 PPM；硫化氫<10 PPM,33,32,31,1,0,0,0,0.9688,2,低
2025-02,嘉義,C,C級,低危害,環境測定,測定頻率,上、下午施工前測定；A級或高風險作業需重複或連續測定；每小時/每兩小時紀錄表,33,32,31,1,0,0,0,0.9688,2,低
2025-02,嘉義,C,C級,低危害,防火防爆,消防設備,是否有消防設備,33,29,28,1,0,0,0,0.9655,2,低
2025-02,嘉義,C,C級,低危害,防火防爆,防爆安全工具,是否使用防爆電氣設備及安全工具,33,30,29,1,0,0,0,0.9667,2,低
2025-02,嘉義,C,C級,低危害,高處作業,防墜措施,設標準施工架、安全網、安全母索、安全帶,33,29,28,1,0,0,0,0.9655,2,低
2025-02,嘉義,C,C級,低危害,安全保護,個人防護具,是否有防護口罩、防毒面具、SCBA、防護手套、安全眼鏡、耳塞,33,28,27,1,0,0,0,0.9643,2,低
2025-02,嘉義,C,C級,低危害,警戒巡查,警戒標示,是否有警戒標示,33,29,28,1,0,0,0,0.9655,2,低
2025-02,嘉義,C,C級,低危害,警戒巡查,巡查會簽,是否轄區、監造、安衛人員或工地負責人巡查會簽,33,30,29,1,0,0,0,0.9667,2,低
2025-02,嘉義,C,C級,低危害,收工回簽,回簽收工確認,是否回簽時確認環境已整理並完成防護措施,33,29,28,1,0,0,0,0.9655,2,低
2025-02,嘉義,C,C級,低危害,收工回簽,一般安全規定,是否遵守工安規定,33,27,27,0,0,0,0,1.0,0,低
2025-02,嘉義,C,C級,低危害,收工回簽,現場紀錄,是否拍照,33,30,29,1,0,0,0,0.9667,2,低
2025-03,嘉義,A,A級,高危害,廠區,基本資料,工廠、日期、時間,19,17,17,0,0,0,0,1.0,0,低
2025-03,嘉義,A,A級,高危害,許可證,許可資訊,工程作業分級、申請時間、核准工作時間、工作許可證編號,19,17,17,0,0,0,0,1.0,0,低
2025-03,嘉義,A,A級,高危害,施工地點,場地關係人,施工部門、轄區部門、監造部門,19,16,16,0,0,0,0,1.0,0,低
2025-03,嘉義,A,A級,高危害,包商,承攬商與人員資格,承攬商、工作人數、車輛車號、工地負責人、安衛人員、特殊作業主管,19,17,16,1,0,0,0,0.9412,2,低
2025-03,嘉義,A,A級,高危害,危害等級,作業等級,施工地點、工程案號、工作內容、許可工作項目、作業分級,19,17,16,1,0,0,0,0.9412,2,低
2025-03,嘉義,A,A級,高危害,危害等級,管線設備危害物,可燃性氣體、易燃液體、有害性氣體、化學藥劑、酸鹼、熱水蒸氣、空氣、其他,19,17,16,1,0,0,0,0.9412,2,低
2025-03,嘉義,A,A級,高危害,檢點與危害告知,簽發前安全檢點,是否安全檢點,19,16,16,0,0,0,0,1.0,0,低
2025-03,嘉義,A,A級,高危害,檢點與危害告知,危害告知,是否危害告知,19,17,17,0,0,0,0,1.0,0,低
2025-03,嘉義,A,A級,高危害,危害排除與隔離,環境危害排除,是否設備管線危害物排除,19,16,15,1,0,0,0,0.9375,2,低
2025-03,嘉義,A,A級,高危害,危害排除與隔離,隔離管制,設備管線是否加盲加鎖掛牌,19,18,17,1,0,0,0,0.9444,2,低
2025-03,嘉義,A,A級,高危害,環境測定,氣體偵測數值,可燃性氣體%、氧氣%、一氧化碳PPM、硫化氫PPM,19,17,16,1,0,0,0,0.9412,2,低
2025-03,嘉義,A,A級,高危害,環境測定,測定基準,可燃性氣體 < 20%LEL；氧氣>= 18%；一氧化碳<50 PPM；硫化氫<10 PPM,19,17,16,1,0,0,0,0.9412,2,低
2025-03,嘉義,A,A級,高危害,環境測定,測定頻率,上、下午施工前測定；A級或高風險作業需重複或連續測定；每小時/每兩小時紀錄表,19,18,17,1,0,0,0,0.9444,2,低
2025-03,嘉義,A,A級,高危害,防火防爆,消防設備,是否有消防設備,19,17,16,1,0,0,0,0.9412,2,低
2025-03,嘉義,A,A級,高危害,防火防爆,防爆安全工具,是否使用防爆電氣設備及安全工具,19,16,15,1,0,0,0,0.9375,2,低
2025-03,嘉義,A,A級,高危害,高處作業,防墜措施,設標準施工架、安全網、安全母索、安全帶,19,16,15,1,0,0,0,0.9375,2,低
2025-03,嘉義,A,A級,高危害,安全保護,個人防護具,是否有防護口罩、防毒面具、SCBA、防護手套、安全眼鏡、耳塞,19,17,17,0,0,0,0,1.0,0,低
2025-03,嘉義,A,A級,高危害,警戒巡查,警戒標示,是否有警戒標示,19,19,18,1,0,0,0,0.9474,2,低
2025-03,嘉義,A,A級,高危害,警戒巡查,巡查會簽,是否轄區、監造、安衛人員或工地負責人巡查會簽,19,17,17,0,0,0,0,1.0,0,低
2025-03,嘉義,A,A級,高危害,收工回簽,回簽收工確認,是否回簽時確認環境已整理並完成防護措施,19,19,18,1,0,0,0,0.9474,2,低
2025-03,嘉義,A,A級,高危害,收工回簽,一般安全規定,是否遵守工安規定,19,16,16,0,0,0,0,1.0,0,低
2025-03,嘉義,A,A級,高危害,收工回簽,現場紀錄,是否拍照,19,16,16,0,0,0,0,1.0,0,低
2025-03,嘉義,B,B級,中危害,廠區,基本資料,工廠、日期、時間,39,32,31,1,0,0,0,0.9688,2,低
2025-03,嘉義,B,B級,中危害,許可證,許可資訊,工程作業分級、申請時間、核准工作時間、工作許可證編號,39,32,31,1,0,0,0,0.9688,2,低
2025-03,嘉義,B,B級,中危害,施工地點,場地關係人,施工部門、轄區部門、監造部門,39,36,35,1,0,0,0,0.9722,2,低
2025-03,嘉義,B,B級,中危害,包商,承攬商與人員資格,承攬商、工作人數、車輛車號、工地負責人、安衛人員、特殊作業主管,39,33,32,1,0,0,0,0.9697,2,低
2025-03,嘉義,B,B級,中危害,危害等級,作業等級,施工地點、工程案號、工作內容、許可工作項目、作業分級,39,32,31,1,0,1,0,0.9688,5,低
2025-03,嘉義,B,B級,中危害,危害等級,管線設備危害物,可燃性氣體、易燃液體、有害性氣體、化學藥劑、酸鹼、熱水蒸氣、空氣、其他,39,35,34,1,0,0,0,0.9714,2,低
2025-03,嘉義,B,B級,中危害,檢點與危害告知,簽發前安全檢點,是否安全檢點,39,33,32,1,0,0,0,0.9697,2,低
2025-03,嘉義,B,B級,中危害,檢點與危害告知,危害告知,是否危害告知,39,34,33,1,0,0,0,0.9706,2,低
2025-03,嘉義,B,B級,中危害,危害排除與隔離,環境危害排除,是否設備管線危害物排除,39,34,33,1,0,0,0,0.9706,2,低
2025-03,嘉義,B,B級,中危害,危害排除與隔離,隔離管制,設備管線是否加盲加鎖掛牌,39,32,31,1,0,0,0,0.9688,2,低
2025-03,嘉義,B,B級,中危害,環境測定,氣體偵測數值,可燃性氣體%、氧氣%、一氧化碳PPM、硫化氫PPM,39,34,33,1,0,0,0,0.9706,2,低
2025-03,嘉義,B,B級,中危害,環境測定,測定基準,可燃性氣體 < 20%LEL；氧氣>= 18%；一氧化碳<50 PPM；硫化氫<10 PPM,39,33,32,1,0,0,0,0.9697,2,低
2025-03,嘉義,B,B級,中危害,環境測定,測定頻率,上、下午施工前測定；A級或高風險作業需重複或連續測定；每小時/每兩小時紀錄表,39,35,34,1,0,0,0,0.9714,2,低
2025-03,嘉義,B,B級,中危害,防火防爆,消防設備,是否有消防設備,39,34,33,1,0,0,0,0.9706,2,低
2025-03,嘉義,B,B級,中危害,防火防爆,防爆安全工具,是否使用防爆電氣設備及安全工具,39,35,34,1,0,0,0,0.9714,2,低
2025-03,嘉義,B,B級,中危害,高處作業,防墜措施,設標準施工架、安全網、安全母索、安全帶,39,39,38,1,0,0,0,0.9744,2,低
2025-03,嘉義,B,B級,中危害,安全保護,個人防護具,是否有防護口罩、防毒面具、SCBA、防護手套、安全眼鏡、耳塞,39,38,37,1,0,0,0,0.9737,2,低
2025-03,嘉義,B,B級,中危害,警戒巡查,警戒標示,是否有警戒標示,39,39,38,1,0,0,0,0.9744,2,低
2025-03,嘉義,B,B級,中危害,警戒巡查,巡查會簽,是否轄區、監造、安衛人員或工地負責人巡查會簽,39,35,34,1,0,0,0,0.9714,2,低
2025-03,嘉義,B,B級,中危害,收工回簽,回簽收工確認,是否回簽時確認環境已整理並完成防護措施,39,37,36,1,0,0,0,0.973,2,低
2025-03,嘉義,B,B級,中危害,收工回簽,一般安全規定,是否遵守工安規定,39,36,35,1,0,0,0,0.9722,2,低
2025-03,嘉義,B,B級,中危害,收工回簽,現場紀錄,是否拍照,39,32,31,1,0,0,0,0.9688,2,低
2025-03,嘉義,C,C級,低危害,廠區,基本資料,工廠、日期、時間,28,25,25,0,0,0,0,1.0,0,低
2025-03,嘉義,C,C級,低危害,許可證,許可資訊,工程作業分級、申請時間、核准工作時間、工作許可證編號,28,23,23,0,0,0,0,1.0,0,低
2025-03,嘉義,C,C級,低危害,施工地點,場地關係人,施工部門、轄區部門、監造部門,28,23,23,0,0,0,0,1.0,0,低
2025-03,嘉義,C,C級,低危害,包商,承攬商與人員資格,承攬商、工作人數、車輛車號、工地負責人、安衛人員、特殊作業主管,28,24,23,1,0,0,0,0.9583,2,低
2025-03,嘉義,C,C級,低危害,危害等級,作業等級,施工地點、工程案號、工作內容、許可工作項目、作業分級,28,26,25,1,0,0,0,0.9615,2,低
2025-03,嘉義,C,C級,低危害,危害等級,管線設備危害物,可燃性氣體、易燃液體、有害性氣體、化學藥劑、酸鹼、熱水蒸氣、空氣、其他,28,24,23,1,0,0,0,0.9583,2,低
2025-03,嘉義,C,C級,低危害,檢點與危害告知,簽發前安全檢點,是否安全檢點,28,25,25,0,0,0,0,1.0,0,低
2025-03,嘉義,C,C級,低危害,檢點與危害告知,危害告知,是否危害告知,28,24,24,0,0,0,0,1.0,0,低
2025-03,嘉義,C,C級,低危害,危害排除與隔離,環境危害排除,是否設備管線危害物排除,28,24,23,1,0,0,0,0.9583,2,低
2025-03,嘉義,C,C級,低危害,危害排除與隔離,隔離管制,設備管線是否加盲加鎖掛牌,28,26,25,1,0,0,0,0.9615,2,低
2025-03,嘉義,C,C級,低危害,環境測定,氣體偵測數值,可燃性氣體%、氧氣%、一氧化碳PPM、硫化氫PPM,28,28,27,1,0,0,0,0.9643,2,低
2025-03,嘉義,C,C級,低危害,環境測定,測定基準,可燃性氣體 < 20%LEL；氧氣>= 18%；一氧化碳<50 PPM；硫化氫<10 PPM,28,27,26,1,0,0,0,0.963,2,低
2025-03,嘉義,C,C級,低危害,環境測定,測定頻率,上、下午施工前測定；A級或高風險作業需重複或連續測定；每小時/每兩小時紀錄表,28,23,22,1,0,0,0,0.9565,2,低
2025-03,嘉義,C,C級,低危害,防火防爆,消防設備,是否有消防設備,28,25,24,1,0,0,0,0.96,2,低
2025-03,嘉義,C,C級,低危害,防火防爆,防爆安全工具,是否使用防爆電氣設備及安全工具,28,23,22,1,0,0,0,0.9565,2,低
2025-03,嘉義,C,C級,低危害,高處作業,防墜措施,設標準施工架、安全網、安全母索、安全帶,28,24,23,1,0,0,0,0.9583,2,低
2025-03,嘉義,C,C級,低危害,安全保護,個人防護具,是否有防護口罩、防毒面具、SCBA、防護手套、安全眼鏡、耳塞,28,26,26,0,0,0,0,1.0,0,低
2025-03,嘉義,C,C級,低危害,警戒巡查,警戒標示,是否有警戒標示,28,26,25,1,0,0,0,0.9615,2,低
2025-03,嘉義,C,C級,低危害,警戒巡查,巡查會簽,是否轄區、監造、安衛人員或工地負責人巡查會簽,28,27,26,1,0,0,0,0.963,2,低
2025-03,嘉義,C,C級,低危害,收工回簽,回簽收工確認,是否回簽時確認環境已整理並完成防護措施,28,26,26,0,0,0,0,1.0,0,低
2025-03,嘉義,C,C級,低危害,收工回簽,一般安全規定,是否遵守工安規定,28,27,26,1,0,0,0,0.963,2,低
2025-03,嘉義,C,C級,低危害,收工回簽,現場紀錄,是否拍照,28,23,23,0,0,0,0,1.0,0,低
2025-04,嘉義,A,A級,高危害,廠區,基本資料,工廠、日期、時間,17,14,14,0,0,0,0,1.0,0,低
2025-04,嘉義,A,A級,高危害,許可證,許可資訊,工程作業分級、申請時間、核准工作時間、工作許可證編號,17,15,15,0,0,0,0,1.0,0,低
2025-04,嘉義,A,A級,高危害,施工地點,場地關係人,施工部門、轄區部門、監造部門,17,16,16,0,0,0,0,1.0,0,低
2025-04,嘉義,A,A級,高危害,包商,承攬商與人員資格,承攬商、工作人數、車輛車號、工地負責人、安衛人員、特殊作業主管,17,16,15,1,0,0,0,0.9375,2,低
2025-04,嘉義,A,A級,高危害,危害等級,作業等級,施工地點、工程案號、工作內容、許可工作項目、作業分級,17,17,16,1,0,0,0,0.9412,2,低
2025-04,嘉義,A,A級,高危害,危害等級,管線設備危害物,可燃性氣體、易燃液體、有害性氣體、化學藥劑、酸鹼、熱水蒸氣、空氣、其他,17,16,15,1,0,0,0,0.9375,2,低
2025-04,嘉義,A,A級,高危害,檢點與危害告知,簽發前安全檢點,是否安全檢點,17,17,16,1,0,0,0,0.9412,2,低
2025-04,嘉義,A,A級,高危害,檢點與危害告知,危害告知,是否危害告知,17,14,14,0,0,0,0,1.0,0,低
2025-04,嘉義,A,A級,高危害,危害排除與隔離,環境危害排除,是否設備管線危害物排除,17,16,15,1,0,0,0,0.9375,2,低
2025-04,嘉義,A,A級,高危害,危害排除與隔離,隔離管制,設備管線是否加盲加鎖掛牌,17,14,13,1,0,0,0,0.9286,2,低
2025-04,嘉義,A,A級,高危害,環境測定,氣體偵測數值,可燃性氣體%、氧氣%、一氧化碳PPM、硫化氫PPM,17,15,14,1,0,0,0,0.9333,2,低
2025-04,嘉義,A,A級,高危害,環境測定,測定基準,可燃性氣體 < 20%LEL；氧氣>= 18%；一氧化碳<50 PPM；硫化氫<10 PPM,17,16,15,1,0,0,0,0.9375,2,低
2025-04,嘉義,A,A級,高危害,環境測定,測定頻率,上、下午施工前測定；A級或高風險作業需重複或連續測定；每小時/每兩小時紀錄表,17,16,15,1,0,0,0,0.9375,2,低
2025-04,嘉義,A,A級,高危害,防火防爆,消防設備,是否有消防設備,17,16,15,1,0,0,0,0.9375,2,低
2025-04,嘉義,A,A級,高危害,防火防爆,防爆安全工具,是否使用防爆電氣設備及安全工具,17,15,14,1,0,0,0,0.9333,2,低
2025-04,嘉義,A,A級,高危害,高處作業,防墜措施,設標準施工架、安全網、安全母索、安全帶,17,16,15,1,0,0,0,0.9375,2,低
2025-04,嘉義,A,A級,高危害,安全保護,個人防護具,是否有防護口罩、防毒面具、SCBA、防護手套、安全眼鏡、耳塞,17,15,14,1,0,0,0,0.9333,2,低
2025-04,嘉義,A,A級,高危害,警戒巡查,警戒標示,是否有警戒標示,17,15,14,1,0,0,0,0.9333,2,低
2025-04,嘉義,A,A級,高危害,警戒巡查,巡查會簽,是否轄區、監造、安衛人員或工地負責人巡查會簽,17,15,15,0,0,0,0,1.0,0,低
2025-04,嘉義,A,A級,高危害,收工回簽,回簽收工確認,是否回簽時確認環境已整理並完成防護措施,17,16,15,1,0,0,0,0.9375,2,低
2025-04,嘉義,A,A級,高危害,收工回簽,一般安全規定,是否遵守工安規定,17,17,16,1,0,0,0,0.9412,2,低
2025-04,嘉義,A,A級,高危害,收工回簽,現場紀錄,是否拍照,17,17,17,0,0,0,0,1.0,0,低
2025-04,嘉義,B,B級,中危害,廠區,基本資料,工廠、日期、時間,36,31,30,1,0,0,0,0.9677,2,低
2025-04,嘉義,B,B級,中危害,許可證,許可資訊,工程作業分級、申請時間、核准工作時間、工作許可證編號,36,34,33,1,0,0,0,0.9706,2,低
2025-04,嘉義,B,B級,中危害,施工地點,場地關係人,施工部門、轄區部門、監造部門,36,30,29,1,0,0,0,0.9667,2,低
2025-04,嘉義,B,B級,中危害,包商,承攬商與人員資格,承攬商、工作人數、車輛車號、工地負責人、安衛人員、特殊作業主管,36,32,31,1,0,1,0,0.9688,5,低
2025-04,嘉義,B,B級,中危害,危害等級,作業等級,施工地點、工程案號、工作內容、許可工作項目、作業分級,36,31,30,1,0,0,0,0.9677,2,低
2025-04,嘉義,B,B級,中危害,危害等級,管線設備危害物,可燃性氣體、易燃液體、有害性氣體、化學藥劑、酸鹼、熱水蒸氣、空氣、其他,36,35,34,1,0,1,0,0.9714,5,低
2025-04,嘉義,B,B級,中危害,檢點與危害告知,簽發前安全檢點,是否安全檢點,36,34,33,1,0,0,0,0.9706,2,低
2025-04,嘉義,B,B級,中危害,檢點與危害告知,危害告知,是否危害告知,36,33,32,1,0,0,0,0.9697,2,低
2025-04,嘉義,B,B級,中危害,危害排除與隔離,環境危害排除,是否設備管線危害物排除,36,33,32,1,0,0,0,0.9697,2,低
2025-04,嘉義,B,B級,中危害,危害排除與隔離,隔離管制,設備管線是否加盲加鎖掛牌,36,31,30,1,0,0,0,0.9677,2,低
2025-04,嘉義,B,B級,中危害,環境測定,氣體偵測數值,可燃性氣體%、氧氣%、一氧化碳PPM、硫化氫PPM,36,31,30,1,0,0,0,0.9677,2,低
2025-04,嘉義,B,B級,中危害,環境測定,測定基準,可燃性氣體 < 20%LEL；氧氣>= 18%；一氧化碳<50 PPM；硫化氫<10 PPM,36,33,32,1,0,0,0,0.9697,2,低
2025-04,嘉義,B,B級,中危害,環境測定,測定頻率,上、下午施工前測定；A級或高風險作業需重複或連續測定；每小時/每兩小時紀錄表,36,33,32,1,0,0,0,0.9697,2,低
2025-04,嘉義,B,B級,中危害,防火防爆,消防設備,是否有消防設備,36,31,30,1,0,0,0,0.9677,2,低
2025-04,嘉義,B,B級,中危害,防火防爆,防爆安全工具,是否使用防爆電氣設備及安全工具,36,33,32,1,0,0,0,0.9697,2,低
2025-04,嘉義,B,B級,中危害,高處作業,防墜措施,設標準施工架、安全網、安全母索、安全帶,36,33,32,1,0,0,0,0.9697,2,低
2025-04,嘉義,B,B級,中危害,安全保護,個人防護具,是否有防護口罩、防毒面具、SCBA、防護手套、安全眼鏡、耳塞,36,33,32,1,0,0,0,0.9697,2,低
2025-04,嘉義,B,B級,中危害,警戒巡查,警戒標示,是否有警戒標示,36,33,32,1,0,0,0,0.9697,2,低
2025-04,嘉義,B,B級,中危害,警戒巡查,巡查會簽,是否轄區、監造、安衛人員或工地負責人巡查會簽,36,33,32,1,0,0,0,0.9697,2,低
2025-04,嘉義,B,B級,中危害,收工回簽,回簽收工確認,是否回簽時確認環境已整理並完成防護措施,36,35,34,1,0,0,0,0.9714,2,低
2025-04,嘉義,B,B級,中危害,收工回簽,一般安全規定,是否遵守工安規定,36,32,31,1,0,0,0,0.9688,2,低
2025-04,嘉義,B,B級,中危害,收工回簽,現場紀錄,是否拍照,36,30,29,1,0,0,0,0.9667,2,低
2025-04,嘉義,C,C級,低危害,廠區,基本資料,工廠、日期、時間,28,25,25,0,0,0,0,1.0,0,低
2025-04,嘉義,C,C級,低危害,許可證,許可資訊,工程作業分級、申請時間、核准工作時間、工作許可證編號,28,24,24,0,0,0,0,1.0,0,低
2025-04,嘉義,C,C級,低危害,施工地點,場地關係人,施工部門、轄區部門、監造部門,28,23,23,0,0,0,0,1.0,0,低
2025-04,嘉義,C,C級,低危害,包商,承攬商與人員資格,承攬商、工作人數、車輛車號、工地負責人、安衛人員、特殊作業主管,28,25,24,1,0,1,0,0.96,5,低
2025-04,嘉義,C,C級,低危害,危害等級,作業等級,施工地點、工程案號、工作內容、許可工作項目、作業分級,28,23,22,1,0,0,0,0.9565,2,低
2025-04,嘉義,C,C級,低危害,危害等級,管線設備危害物,可燃性氣體、易燃液體、有害性氣體、化學藥劑、酸鹼、熱水蒸氣、空氣、其他,28,24,24,0,0,0,0,1.0,0,低
2025-04,嘉義,C,C級,低危害,檢點與危害告知,簽發前安全檢點,是否安全檢點,28,24,24,0,0,0,0,1.0,0,低
2025-04,嘉義,C,C級,低危害,檢點與危害告知,危害告知,是否危害告知,28,26,25,1,0,0,0,0.9615,2,低
2025-04,嘉義,C,C級,低危害,危害排除與隔離,環境危害排除,是否設備管線危害物排除,28,26,25,1,0,0,0,0.9615,2,低
2025-04,嘉義,C,C級,低危害,危害排除與隔離,隔離管制,設備管線是否加盲加鎖掛牌,28,25,24,1,0,0,0,0.96,2,低
2025-04,嘉義,C,C級,低危害,環境測定,氣體偵測數值,可燃性氣體%、氧氣%、一氧化碳PPM、硫化氫PPM,28,24,23,1,0,0,0,0.9583,2,低
2025-04,嘉義,C,C級,低危害,環境測定,測定基準,可燃性氣體 < 20%LEL；氧氣>= 18%；一氧化碳<50 PPM；硫化氫<10 PPM,28,26,25,1,0,0,0,0.9615,2,低
2025-04,嘉義,C,C級,低危害,環境測定,測定頻率,上、下午施工前測定；A級或高風險作業需重複或連續測定；每小時/每兩小時紀錄表,28,23,22,1,0,0,0,0.9565,2,低
2025-04,嘉義,C,C級,低危害,防火防爆,消防設備,是否有消防設備,28,23,22,1,0,0,0,0.9565,2,低
2025-04,嘉義,C,C級,低危害,防火防爆,防爆安全工具,是否使用防爆電氣設備及安全工具,28,25,24,1,0,0,0,0.96,2,低
2025-04,嘉義,C,C級,低危害,高處作業,防墜措施,設標準施工架、安全網、安全母索、安全帶,28,23,22,1,0,0,0,0.9565,2,低
2025-04,嘉義,C,C級,低危害,安全保護,個人防護具,是否有防護口罩、防毒面具、SCBA、防護手套、安全眼鏡、耳塞,28,26,26,0,0,0,0,1.0,0,低
2025-04,嘉義,C,C級,低危害,警戒巡查,警戒標示,是否有警戒標示,28,26,25,1,0,0,0,0.9615,2,低
2025-04,嘉義,C,C級,低危害,警戒巡查,巡查會簽,是否轄區、監造、安衛人員或工地負責人巡查會簽,28,28,27,1,0,0,0,0.9643,2,低
2025-04,嘉義,C,C級,低危害,收工回簽,回簽收工確認,是否回簽時確認環境已整理並完成防護措施,28,28,28,0,0,0,0,1.0,0,低
2025-04,嘉義,C,C級,低危害,收工回簽,一般安全規定,是否遵守工安規定,28,27,27,0,0,0,0,1.0,0,低
2025-04,嘉義,C,C級,低危害,收工回簽,現場紀錄,是否拍照,28,26,26,0,0,0,0,1.0,0,低
2025-05,嘉義,A,A級,高危害,廠區,基本資料,工廠、日期、時間,16,14,14,0,0,0,0,1.0,0,低
2025-05,嘉義,A,A級,高危害,許可證,許可資訊,工程作業分級、申請時間、核准工作時間、工作許可證編號,16,13,13,0,0,0,0,1.0,0,低
2025-05,嘉義,A,A級,高危害,施工地點,場地關係人,施工部門、轄區部門、監造部門,16,15,15,0,0,0,0,1.0,0,低
2025-05,嘉義,A,A級,高危害,包商,承攬商與人員資格,承攬商、工作人數、車輛車號、工地負責人、安衛人員、特殊作業主管,16,15,15,0,0,0,0,1.0,0,低
2025-05,嘉義,A,A級,高危害,危害等級,作業等級,施工地點、工程案號、工作內容、許可工作項目、作業分級,16,16,15,1,0,0,0,0.9375,2,低
2025-05,嘉義,A,A級,高危害,危害等級,管線設備危害物,可燃性氣體、易燃液體、有害性氣體、化學藥劑、酸鹼、熱水蒸氣、空氣、其他,16,16,16,0,0,0,0,1.0,0,低
2025-05,嘉義,A,A級,高危害,檢點與危害告知,簽發前安全檢點,是否安全檢點,16,16,16,0,0,0,0,1.0,0,低
2025-05,嘉義,A,A級,高危害,檢點與危害告知,危害告知,是否危害告知,16,15,15,0,0,0,0,1.0,0,低
2025-05,嘉義,A,A級,高危害,危害排除與隔離,環境危害排除,是否設備管線危害物排除,16,15,14,1,0,0,0,0.9333,2,低
2025-05,嘉義,A,A級,高危害,危害排除與隔離,隔離管制,設備管線是否加盲加鎖掛牌,16,15,14,1,0,0,0,0.9333,2,低
2025-05,嘉義,A,A級,高危害,環境測定,氣體偵測數值,可燃性氣體%、氧氣%、一氧化碳PPM、硫化氫PPM,16,16,15,1,0,0,0,0.9375,2,低
2025-05,嘉義,A,A級,高危害,環境測定,測定基準,可燃性氣體 < 20%LEL；氧氣>= 18%；一氧化碳<50 PPM；硫化氫<10 PPM,16,15,14,1,0,0,0,0.9333,2,低
2025-05,嘉義,A,A級,高危害,環境測定,測定頻率,上、下午施工前測定；A級或高風險作業需重複或連續測定；每小時/每兩小時紀錄表,16,16,15,1,0,0,0,0.9375,2,低
2025-05,嘉義,A,A級,高危害,防火防爆,消防設備,是否有消防設備,16,15,14,1,0,0,0,0.9333,2,低
2025-05,嘉義,A,A級,高危害,防火防爆,防爆安全工具,是否使用防爆電氣設備及安全工具,16,16,15,1,0,0,0,0.9375,2,低
2025-05,嘉義,A,A級,高危害,高處作業,防墜措施,設標準施工架、安全網、安全母索、安全帶,16,15,14,1,0,0,0,0.9333,2,低
2025-05,嘉義,A,A級,高危害,安全保護,個人防護具,是否有防護口罩、防毒面具、SCBA、防護手套、安全眼鏡、耳塞,16,15,15,0,0,0,0,1.0,0,低
2025-05,嘉義,A,A級,高危害,警戒巡查,警戒標示,是否有警戒標示,16,14,14,0,0,0,0,1.0,0,低
2025-05,嘉義,A,A級,高危害,警戒巡查,巡查會簽,是否轄區、監造、安衛人員或工地負責人巡查會簽,16,14,13,1,0,0,0,0.9286,2,低
2025-05,嘉義,A,A級,高危害,收工回簽,回簽收工確認,是否回簽時確認環境已整理並完成防護措施,16,14,14,0,0,0,0,1.0,0,低
2025-05,嘉義,A,A級,高危害,收工回簽,一般安全規定,是否遵守工安規定,16,15,15,0,0,0,0,1.0,0,低
2025-05,嘉義,A,A級,高危害,收工回簽,現場紀錄,是否拍照,16,15,14,1,0,0,0,0.9333,2,低
2025-05,嘉義,B,B級,中危害,廠區,基本資料,工廠、日期、時間,36,35,34,1,0,0,0,0.9714,2,低
2025-05,嘉義,B,B級,中危害,許可證,許可資訊,工程作業分級、申請時間、核准工作時間、工作許可證編號,36,33,32,1,0,0,0,0.9697,2,低
2025-05,嘉義,B,B級,中危害,施工地點,場地關係人,施工部門、轄區部門、監造部門,36,35,34,1,0,0,0,0.9714,2,低
2025-05,嘉義,B,B級,中危害,包商,承攬商與人員資格,承攬商、工作人數、車輛車號、工地負責人、安衛人員、特殊作業主管,36,33,32,1,0,0,0,0.9697,2,低
2025-05,嘉義,B,B級,中危害,危害等級,作業等級,施工地點、工程案號、工作內容、許可工作項目、作業分級,36,31,30,1,0,0,0,0.9677,2,低
2025-05,嘉義,B,B級,中危害,危害等級,管線設備危害物,可燃性氣體、易燃液體、有害性氣體、化學藥劑、酸鹼、熱水蒸氣、空氣、其他,36,35,34,1,0,0,0,0.9714,2,低
2025-05,嘉義,B,B級,中危害,檢點與危害告知,簽發前安全檢點,是否安全檢點,36,36,35,1,0,0,0,0.9722,2,低
2025-05,嘉義,B,B級,中危害,檢點與危害告知,危害告知,是否危害告知,36,31,30,1,0,0,0,0.9677,2,低
2025-05,嘉義,B,B級,中危害,危害排除與隔離,環境危害排除,是否設備管線危害物排除,36,35,34,1,0,0,0,0.9714,2,低
2025-05,嘉義,B,B級,中危害,危害排除與隔離,隔離管制,設備管線是否加盲加鎖掛牌,36,35,34,1,0,0,0,0.9714,2,低
2025-05,嘉義,B,B級,中危害,環境測定,氣體偵測數值,可燃性氣體%、氧氣%、一氧化碳PPM、硫化氫PPM,36,32,31,1,0,0,0,0.9688,2,低
2025-05,嘉義,B,B級,中危害,環境測定,測定基準,可燃性氣體 < 20%LEL；氧氣>= 18%；一氧化碳<50 PPM；硫化氫<10 PPM,36,36,35,1,0,0,0,0.9722,2,低
2025-05,嘉義,B,B級,中危害,環境測定,測定頻率,上、下午施工前測定；A級或高風險作業需重複或連續測定；每小時/每兩小時紀錄表,36,34,33,1,0,1,0,0.9706,5,低
2025-05,嘉義,B,B級,中危害,防火防爆,消防設備,是否有消防設備,36,31,30,1,0,0,0,0.9677,2,低
2025-05,嘉義,B,B級,中危害,防火防爆,防爆安全工具,是否使用防爆電氣設備及安全工具,36,35,34,1,0,0,0,0.9714,2,低
2025-05,嘉義,B,B級,中危害,高處作業,防墜措施,設標準施工架、安全網、安全母索、安全帶,36,31,30,1,0,0,0,0.9677,2,低
2025-05,嘉義,B,B級,中危害,安全保護,個人防護具,是否有防護口罩、防毒面具、SCBA、防護手套、安全眼鏡、耳塞,36,34,33,1,0,0,0,0.9706,2,低
2025-05,嘉義,B,B級,中危害,警戒巡查,警戒標示,是否有警戒標示,36,33,32,1,0,0,0,0.9697,2,低
2025-05,嘉義,B,B級,中危害,警戒巡查,巡查會簽,是否轄區、監造、安衛人員或工地負責人巡查會簽,36,35,34,1,0,0,0,0.9714,2,低
2025-05,嘉義,B,B級,中危害,收工回簽,回簽收工確認,是否回簽時確認環境已整理並完成防護措施,36,35,34,1,0,0,0,0.9714,2,低
2025-05,嘉義,B,B級,中危害,收工回簽,一般安全規定,是否遵守工安規定,36,32,31,1,0,1,0,0.9688,5,低
2025-05,嘉義,B,B級,中危害,收工回簽,現場紀錄,是否拍照,36,34,33,1,0,0,0,0.9706,2,低
2025-05,嘉義,C,C級,低危害,廠區,基本資料,工廠、日期、時間,30,29,29,0,0,0,0,1.0,0,低
2025-05,嘉義,C,C級,低危害,許可證,許可資訊,工程作業分級、申請時間、核准工作時間、工作許可證編號,30,25,25,0,0,0,0,1.0,0,低
2025-05,嘉義,C,C級,低危害,施工地點,場地關係人,施工部門、轄區部門、監造部門,30,25,25,0,0,0,0,1.0,0,低
2025-05,嘉義,C,C級,低危害,包商,承攬商與人員資格,承攬商、工作人數、車輛車號、工地負責人、安衛人員、特殊作業主管,30,29,28,1,0,0,0,0.9655,2,低
2025-05,嘉義,C,C級,低危害,危害等級,作業等級,施工地點、工程案號、工作內容、許可工作項目、作業分級,30,26,25,1,0,0,0,0.9615,2,低
2025-05,嘉義,C,C級,低危害,危害等級,管線設備危害物,可燃性氣體、易燃液體、有害性氣體、化學藥劑、酸鹼、熱水蒸氣、空氣、其他,30,28,27,1,0,0,0,0.9643,2,低
2025-05,嘉義,C,C級,低危害,檢點與危害告知,簽發前安全檢點,是否安全檢點,30,28,27,1,0,0,0,0.9643,2,低
2025-05,嘉義,C,C級,低危害,檢點與危害告知,危害告知,是否危害告知,30,30,29,1,0,0,0,0.9667,2,低
2025-05,嘉義,C,C級,低危害,危害排除與隔離,環境危害排除,是否設備管線危害物排除,30,26,25,1,0,1,0,0.9615,5,低
2025-05,嘉義,C,C級,低危害,危害排除與隔離,隔離管制,設備管線是否加盲加鎖掛牌,30,25,24,1,0,0,0,0.96,2,低
2025-05,嘉義,C,C級,低危害,環境測定,氣體偵測數值,可燃性氣體%、氧氣%、一氧化碳PPM、硫化氫PPM,30,26,25,1,0,0,0,0.9615,2,低
2025-05,嘉義,C,C級,低危害,環境測定,測定基準,可燃性氣體 < 20%LEL；氧氣>= 18%；一氧化碳<50 PPM；硫化氫<10 PPM,30,26,25,1,0,0,0,0.9615,2,低
2025-05,嘉義,C,C級,低危害,環境測定,測定頻率,上、下午施工前測定；A級或高風險作業需重複或連續測定；每小時/每兩小時紀錄表,30,26,25,1,0,0,0,0.9615,2,低
2025-05,嘉義,C,C級,低危害,防火防爆,消防設備,是否有消防設備,30,28,27,1,0,0,0,0.9643,2,低
2025-05,嘉義,C,C級,低危害,防火防爆,防爆安全工具,是否使用防爆電氣設備及安全工具,30,28,27,1,0,0,0,0.9643,2,低
2025-05,嘉義,C,C級,低危害,高處作業,防墜措施,設標準施工架、安全網、安全母索、安全帶,30,25,24,1,0,0,0,0.96,2,低
2025-05,嘉義,C,C級,低危害,安全保護,個人防護具,是否有防護口罩、防毒面具、SCBA、防護手套、安全眼鏡、耳塞,30,27,26,1,0,0,0,0.963,2,低
2025-05,嘉義,C,C級,低危害,警戒巡查,警戒標示,是否有警戒標示,30,28,27,1,0,1,0,0.9643,5,低
2025-05,嘉義,C,C級,低危害,警戒巡查,巡查會簽,是否轄區、監造、安衛人員或工地負責人巡查會簽,30,27,27,0,0,0,0,1.0,0,低
2025-05,嘉義,C,C級,低危害,收工回簽,回簽收工確認,是否回簽時確認環境已整理並完成防護措施,30,26,26,0,0,0,0,1.0,0,低
2025-05,嘉義,C,C級,低危害,收工回簽,一般安全規定,是否遵守工安規定,30,25,25,0,0,0,0,1.0,0,低
2025-05,嘉義,C,C級,低危害,收工回簽,現場紀錄,是否拍照,30,26,26,0,0,0,0,1.0,0,低
2025-06,嘉義,A,A級,高危害,廠區,基本資料,工廠、日期、時間,19,17,17,0,0,0,0,1.0,0,低
2025-06,嘉義,A,A級,高危害,許可證,許可資訊,工程作業分級、申請時間、核准工作時間、工作許可證編號,19,16,16,0,0,0,0,1.0,0,低
2025-06,嘉義,A,A級,高危害,施工地點,場地關係人,施工部門、轄區部門、監造部門,19,17,16,1,0,0,0,0.9412,2,低
2025-06,嘉義,A,A級,高危害,包商,承攬商與人員資格,承攬商、工作人數、車輛車號、工地負責人、安衛人員、特殊作業主管,19,18,17,1,0,1,0,0.9444,5,低
2025-06,嘉義,A,A級,高危害,危害等級,作業等級,施工地點、工程案號、工作內容、許可工作項目、作業分級,19,17,16,1,0,1,0,0.9412,5,低
2025-06,嘉義,A,A級,高危害,危害等級,管線設備危害物,可燃性氣體、易燃液體、有害性氣體、化學藥劑、酸鹼、熱水蒸氣、空氣、其他,19,17,17,0,0,0,0,1.0,0,低
2025-06,嘉義,A,A級,高危害,檢點與危害告知,簽發前安全檢點,是否安全檢點,19,16,16,0,0,0,0,1.0,0,低
2025-06,嘉義,A,A級,高危害,檢點與危害告知,危害告知,是否危害告知,19,16,16,0,0,0,0,1.0,0,低
2025-06,嘉義,A,A級,高危害,危害排除與隔離,環境危害排除,是否設備管線危害物排除,19,17,16,1,0,0,0,0.9412,2,低
2025-06,嘉義,A,A級,高危害,危害排除與隔離,隔離管制,設備管線是否加盲加鎖掛牌,19,19,18,1,0,0,0,0.9474,2,低
2025-06,嘉義,A,A級,高危害,環境測定,氣體偵測數值,可燃性氣體%、氧氣%、一氧化碳PPM、硫化氫PPM,19,18,17,1,0,0,0,0.9444,2,低
2025-06,嘉義,A,A級,高危害,環境測定,測定基準,可燃性氣體 < 20%LEL；氧氣>= 18%；一氧化碳<50 PPM；硫化氫<10 PPM,19,18,17,1,0,0,0,0.9444,2,低
2025-06,嘉義,A,A級,高危害,環境測定,測定頻率,上、下午施工前測定；A級或高風險作業需重複或連續測定；每小時/每兩小時紀錄表,19,17,16,1,0,0,0,0.9412,2,低
2025-06,嘉義,A,A級,高危害,防火防爆,消防設備,是否有消防設備,19,19,18,1,0,1,0,0.9474,5,低
2025-06,嘉義,A,A級,高危害,防火防爆,防爆安全工具,是否使用防爆電氣設備及安全工具,19,18,17,1,0,0,0,0.9444,2,低
2025-06,嘉義,A,A級,高危害,高處作業,防墜措施,設標準施工架、安全網、安全母索、安全帶,19,17,16,1,0,0,0,0.9412,2,低
2025-06,嘉義,A,A級,高危害,安全保護,個人防護具,是否有防護口罩、防毒面具、SCBA、防護手套、安全眼鏡、耳塞,19,18,18,0,0,0,0,1.0,0,低
2025-06,嘉義,A,A級,高危害,警戒巡查,警戒標示,是否有警戒標示,19,17,16,1,0,0,0,0.9412,2,低
2025-06,嘉義,A,A級,高危害,警戒巡查,巡查會簽,是否轄區、監造、安衛人員或工地負責人巡查會簽,19,18,18,0,0,0,0,1.0,0,低
2025-06,嘉義,A,A級,高危害,收工回簽,回簽收工確認,是否回簽時確認環境已整理並完成防護措施,19,18,17,1,0,0,0,0.9444,2,低
2025-06,嘉義,A,A級,高危害,收工回簽,一般安全規定,是否遵守工安規定,19,17,16,1,0,1,0,0.9412,5,低
2025-06,嘉義,A,A級,高危害,收工回簽,現場紀錄,是否拍照,19,17,17,0,0,0,0,1.0,0,低
2025-06,嘉義,B,B級,中危害,廠區,基本資料,工廠、日期、時間,38,33,32,1,0,0,0,0.9697,2,低
2025-06,嘉義,B,B級,中危害,許可證,許可資訊,工程作業分級、申請時間、核准工作時間、工作許可證編號,38,35,34,1,0,1,0,0.9714,5,低
2025-06,嘉義,B,B級,中危害,施工地點,場地關係人,施工部門、轄區部門、監造部門,38,32,31,1,0,0,0,0.9688,2,低
2025-06,嘉義,B,B級,中危害,包商,承攬商與人員資格,承攬商、工作人數、車輛車號、工地負責人、安衛人員、特殊作業主管,38,35,34,1,0,0,0,0.9714,2,低
2025-06,嘉義,B,B級,中危害,危害等級,作業等級,施工地點、工程案號、工作內容、許可工作項目、作業分級,38,37,36,1,0,0,0,0.973,2,低
2025-06,嘉義,B,B級,中危害,危害等級,管線設備危害物,可燃性氣體、易燃液體、有害性氣體、化學藥劑、酸鹼、熱水蒸氣、空氣、其他,38,34,33,1,0,0,0,0.9706,2,低
2025-06,嘉義,B,B級,中危害,檢點與危害告知,簽發前安全檢點,是否安全檢點,38,34,33,1,0,0,0,0.9706,2,低
2025-06,嘉義,B,B級,中危害,檢點與危害告知,危害告知,是否危害告知,38,38,37,1,0,0,0,0.9737,2,低
2025-06,嘉義,B,B級,中危害,危害排除與隔離,環境危害排除,是否設備管線危害物排除,38,34,33,1,0,0,0,0.9706,2,低
2025-06,嘉義,B,B級,中危害,危害排除與隔離,隔離管制,設備管線是否加盲加鎖掛牌,38,37,36,1,0,0,0,0.973,2,低
2025-06,嘉義,B,B級,中危害,環境測定,氣體偵測數值,可燃性氣體%、氧氣%、一氧化碳PPM、硫化氫PPM,38,37,36,1,0,0,0,0.973,2,低
2025-06,嘉義,B,B級,中危害,環境測定,測定基準,可燃性氣體 < 20%LEL；氧氣>= 18%；一氧化碳<50 PPM；硫化氫<10 PPM,38,33,32,1,0,0,0,0.9697,2,低
2025-06,嘉義,B,B級,中危害,環境測定,測定頻率,上、下午施工前測定；A級或高風險作業需重複或連續測定；每小時/每兩小時紀錄表,38,37,36,1,0,0,0,0.973,2,低
2025-06,嘉義,B,B級,中危害,防火防爆,消防設備,是否有消防設備,38,35,34,1,0,0,0,0.9714,2,低
2025-06,嘉義,B,B級,中危害,防火防爆,防爆安全工具,是否使用防爆電氣設備及安全工具,38,37,36,1,0,0,0,0.973,2,低
2025-06,嘉義,B,B級,中危害,高處作業,防墜措施,設標準施工架、安全網、安全母索、安全帶,38,37,36,1,0,0,0,0.973,2,低
2025-06,嘉義,B,B級,中危害,安全保護,個人防護具,是否有防護口罩、防毒面具、SCBA、防護手套、安全眼鏡、耳塞,38,38,37,1,0,0,0,0.9737,2,低
2025-06,嘉義,B,B級,中危害,警戒巡查,警戒標示,是否有警戒標示,38,35,34,1,0,0,0,0.9714,2,低
2025-06,嘉義,B,B級,中危害,警戒巡查,巡查會簽,是否轄區、監造、安衛人員或工地負責人巡查會簽,38,38,37,1,0,0,0,0.9737,2,低
2025-06,嘉義,B,B級,中危害,收工回簽,回簽收工確認,是否回簽時確認環境已整理並完成防護措施,38,37,36,1,0,0,0,0.973,2,低
2025-06,嘉義,B,B級,中危害,收工回簽,一般安全規定,是否遵守工安規定,38,33,32,1,0,0,0,0.9697,2,低
2025-06,嘉義,B,B級,中危害,收工回簽,現場紀錄,是否拍照,38,36,35,1,0,0,0,0.9722,2,低
2025-06,嘉義,C,C級,低危害,廠區,基本資料,工廠、日期、時間,25,22,22,0,0,0,0,1.0,0,低
2025-06,嘉義,C,C級,低危害,許可證,許可資訊,工程作業分級、申請時間、核准工作時間、工作許可證編號,25,24,24,0,0,0,0,1.0,0,低
2025-06,嘉義,C,C級,低危害,施工地點,場地關係人,施工部門、轄區部門、監造部門,25,24,24,0,0,0,0,1.0,0,低
2025-06,嘉義,C,C級,低危害,包商,承攬商與人員資格,承攬商、工作人數、車輛車號、工地負責人、安衛人員、特殊作業主管,25,22,22,0,0,0,0,1.0,0,低
2025-06,嘉義,C,C級,低危害,危害等級,作業等級,施工地點、工程案號、工作內容、許可工作項目、作業分級,25,25,25,0,0,0,0,1.0,0,低
2025-06,嘉義,C,C級,低危害,危害等級,管線設備危害物,可燃性氣體、易燃液體、有害性氣體、化學藥劑、酸鹼、熱水蒸氣、空氣、其他,25,25,24,1,0,0,0,0.96,2,低
2025-06,嘉義,C,C級,低危害,檢點與危害告知,簽發前安全檢點,是否安全檢點,25,21,21,0,0,0,0,1.0,0,低
2025-06,嘉義,C,C級,低危害,檢點與危害告知,危害告知,是否危害告知,25,24,23,1,0,0,0,0.9583,2,低
2025-06,嘉義,C,C級,低危害,危害排除與隔離,環境危害排除,是否設備管線危害物排除,25,23,22,1,0,0,0,0.9565,2,低
2025-06,嘉義,C,C級,低危害,危害排除與隔離,隔離管制,設備管線是否加盲加鎖掛牌,25,24,23,1,0,0,0,0.9583,2,低
2025-06,嘉義,C,C級,低危害,環境測定,氣體偵測數值,可燃性氣體%、氧氣%、一氧化碳PPM、硫化氫PPM,25,22,21,1,0,0,0,0.9545,2,低
2025-06,嘉義,C,C級,低危害,環境測定,測定基準,可燃性氣體 < 20%LEL；氧氣>= 18%；一氧化碳<50 PPM；硫化氫<10 PPM,25,22,21,1,0,0,0,0.9545,2,低
2025-06,嘉義,C,C級,低危害,環境測定,測定頻率,上、下午施工前測定；A級或高風險作業需重複或連續測定；每小時/每兩小時紀錄表,25,23,22,1,0,0,0,0.9565,2,低
2025-06,嘉義,C,C級,低危害,防火防爆,消防設備,是否有消防設備,25,22,21,1,0,0,0,0.9545,2,低
2025-06,嘉義,C,C級,低危害,防火防爆,防爆安全工具,是否使用防爆電氣設備及安全工具,25,25,24,1,0,0,0,0.96,2,低
2025-06,嘉義,C,C級,低危害,高處作業,防墜措施,設標準施工架、安全網、安全母索、安全帶,25,25,24,1,0,0,0,0.96,2,低
2025-06,嘉義,C,C級,低危害,安全保護,個人防護具,是否有防護口罩、防毒面具、SCBA、防護手套、安全眼鏡、耳塞,25,22,22,0,0,0,0,1.0,0,低
2025-06,嘉義,C,C級,低危害,警戒巡查,警戒標示,是否有警戒標示,25,24,24,0,0,0,0,1.0,0,低
2025-06,嘉義,C,C級,低危害,警戒巡查,巡查會簽,是否轄區、監造、安衛人員或工地負責人巡查會簽,25,21,21,0,0,0,0,1.0,0,低
2025-06,嘉義,C,C級,低危害,收工回簽,回簽收工確認,是否回簽時確認環境已整理並完成防護措施,25,21,21,0,0,0,0,1.0,0,低
2025-06,嘉義,C,C級,低危害,收工回簽,一般安全規定,是否遵守工安規定,25,23,22,1,0,0,0,0.9565,2,低
2025-06,嘉義,C,C級,低危害,收工回簽,現場紀錄,是否拍照,25,25,25,0,0,0,0,1.0,0,低
2025-07,嘉義,A,A級,高危害,廠區,基本資料,工廠、日期、時間,20,20,20,0,0,0,0,1.0,0,低
2025-07,嘉義,A,A級,高危害,許可證,許可資訊,工程作業分級、申請時間、核准工作時間、工作許可證編號,20,20,20,0,0,0,0,1.0,0,低
2025-07,嘉義,A,A級,高危害,施工地點,場地關係人,施工部門、轄區部門、監造部門,20,18,18,0,0,0,0,1.0,0,低
2025-07,嘉義,A,A級,高危害,包商,承攬商與人員資格,承攬商、工作人數、車輛車號、工地負責人、安衛人員、特殊作業主管,20,19,18,1,0,0,0,0.9474,2,低
2025-07,嘉義,A,A級,高危害,危害等級,作業等級,施工地點、工程案號、工作內容、許可工作項目、作業分級,20,17,17,0,0,0,0,1.0,0,低
2025-07,嘉義,A,A級,高危害,危害等級,管線設備危害物,可燃性氣體、易燃液體、有害性氣體、化學藥劑、酸鹼、熱水蒸氣、空氣、其他,20,17,16,1,0,0,0,0.9412,2,低
2025-07,嘉義,A,A級,高危害,檢點與危害告知,簽發前安全檢點,是否安全檢點,20,19,18,1,0,0,0,0.9474,2,低
2025-07,嘉義,A,A級,高危害,檢點與危害告知,危害告知,是否危害告知,20,20,19,1,0,0,0,0.95,2,低
2025-07,嘉義,A,A級,高危害,危害排除與隔離,環境危害排除,是否設備管線危害物排除,20,18,17,1,0,0,0,0.9444,2,低
2025-07,嘉義,A,A級,高危害,危害排除與隔離,隔離管制,設備管線是否加盲加鎖掛牌,20,17,16,1,0,0,0,0.9412,2,低
2025-07,嘉義,A,A級,高危害,環境測定,氣體偵測數值,可燃性氣體%、氧氣%、一氧化碳PPM、硫化氫PPM,20,17,16,1,0,0,0,0.9412,2,低
2025-07,嘉義,A,A級,高危害,環境測定,測定基準,可燃性氣體 < 20%LEL；氧氣>= 18%；一氧化碳<50 PPM；硫化氫<10 PPM,20,18,17,1,0,0,0,0.9444,2,低
2025-07,嘉義,A,A級,高危害,環境測定,測定頻率,上、下午施工前測定；A級或高風險作業需重複或連續測定；每小時/每兩小時紀錄表,20,18,17,1,0,0,0,0.9444,2,低
2025-07,嘉義,A,A級,高危害,防火防爆,消防設備,是否有消防設備,20,19,18,1,0,0,0,0.9474,2,低
2025-07,嘉義,A,A級,高危害,防火防爆,防爆安全工具,是否使用防爆電氣設備及安全工具,20,17,16,1,0,0,0,0.9412,2,低
2025-07,嘉義,A,A級,高危害,高處作業,防墜措施,設標準施工架、安全網、安全母索、安全帶,20,19,18,1,0,0,0,0.9474,2,低
2025-07,嘉義,A,A級,高危害,安全保護,個人防護具,是否有防護口罩、防毒面具、SCBA、防護手套、安全眼鏡、耳塞,20,18,18,0,0,0,0,1.0,0,低
2025-07,嘉義,A,A級,高危害,警戒巡查,警戒標示,是否有警戒標示,20,19,19,0,0,0,0,1.0,0,低
2025-07,嘉義,A,A級,高危害,警戒巡查,巡查會簽,是否轄區、監造、安衛人員或工地負責人巡查會簽,20,17,16,1,0,0,0,0.9412,2,低
2025-07,嘉義,A,A級,高危害,收工回簽,回簽收工確認,是否回簽時確認環境已整理並完成防護措施,20,18,17,1,0,0,0,0.9444,2,低
2025-07,嘉義,A,A級,高危害,收工回簽,一般安全規定,是否遵守工安規定,20,17,17,0,0,0,0,1.0,0,低
2025-07,嘉義,A,A級,高危害,收工回簽,現場紀錄,是否拍照,20,19,19,0,0,0,0,1.0,0,低
2025-07,嘉義,B,B級,中危害,廠區,基本資料,工廠、日期、時間,34,33,32,1,0,0,0,0.9697,2,低
2025-07,嘉義,B,B級,中危害,許可證,許可資訊,工程作業分級、申請時間、核准工作時間、工作許可證編號,34,33,32,1,0,0,0,0.9697,2,低
2025-07,嘉義,B,B級,中危害,施工地點,場地關係人,施工部門、轄區部門、監造部門,34,28,27,1,0,0,0,0.9643,2,低
2025-07,嘉義,B,B級,中危害,包商,承攬商與人員資格,承攬商、工作人數、車輛車號、工地負責人、安衛人員、特殊作業主管,34,33,32,1,0,0,0,0.9697,2,低
2025-07,嘉義,B,B級,中危害,危害等級,作業等級,施工地點、工程案號、工作內容、許可工作項目、作業分級,34,29,28,1,0,1,0,0.9655,5,低
2025-07,嘉義,B,B級,中危害,危害等級,管線設備危害物,可燃性氣體、易燃液體、有害性氣體、化學藥劑、酸鹼、熱水蒸氣、空氣、其他,34,33,32,1,0,0,0,0.9697,2,低
2025-07,嘉義,B,B級,中危害,檢點與危害告知,簽發前安全檢點,是否安全檢點,34,33,32,1,0,0,0,0.9697,2,低
2025-07,嘉義,B,B級,中危害,檢點與危害告知,危害告知,是否危害告知,34,28,27,1,0,0,0,0.9643,2,低
2025-07,嘉義,B,B級,中危害,危害排除與隔離,環境危害排除,是否設備管線危害物排除,34,30,29,1,0,0,0,0.9667,2,低
2025-07,嘉義,B,B級,中危害,危害排除與隔離,隔離管制,設備管線是否加盲加鎖掛牌,34,29,28,1,0,0,0,0.9655,2,低
2025-07,嘉義,B,B級,中危害,環境測定,氣體偵測數值,可燃性氣體%、氧氣%、一氧化碳PPM、硫化氫PPM,34,33,32,1,0,0,0,0.9697,2,低
2025-07,嘉義,B,B級,中危害,環境測定,測定基準,可燃性氣體 < 20%LEL；氧氣>= 18%；一氧化碳<50 PPM；硫化氫<10 PPM,34,29,28,1,0,1,0,0.9655,5,低
2025-07,嘉義,B,B級,中危害,環境測定,測定頻率,上、下午施工前測定；A級或高風險作業需重複或連續測定；每小時/每兩小時紀錄表,34,32,31,1,0,0,0,0.9688,2,低
2025-07,嘉義,B,B級,中危害,防火防爆,消防設備,是否有消防設備,34,32,31,1,0,1,0,0.9688,5,低
2025-07,嘉義,B,B級,中危害,防火防爆,防爆安全工具,是否使用防爆電氣設備及安全工具,34,33,32,1,0,0,0,0.9697,2,低
2025-07,嘉義,B,B級,中危害,高處作業,防墜措施,設標準施工架、安全網、安全母索、安全帶,34,34,33,1,0,0,0,0.9706,2,低
2025-07,嘉義,B,B級,中危害,安全保護,個人防護具,是否有防護口罩、防毒面具、SCBA、防護手套、安全眼鏡、耳塞,34,28,27,1,0,0,0,0.9643,2,低
2025-07,嘉義,B,B級,中危害,警戒巡查,警戒標示,是否有警戒標示,34,34,33,1,0,0,0,0.9706,2,低
2025-07,嘉義,B,B級,中危害,警戒巡查,巡查會簽,是否轄區、監造、安衛人員或工地負責人巡查會簽,34,29,28,1,0,0,0,0.9655,2,低
2025-07,嘉義,B,B級,中危害,收工回簽,回簽收工確認,是否回簽時確認環境已整理並完成防護措施,34,29,28,1,0,0,0,0.9655,2,低
2025-07,嘉義,B,B級,中危害,收工回簽,一般安全規定,是否遵守工安規定,34,29,28,1,0,0,0,0.9655,2,低
2025-07,嘉義,B,B級,中危害,收工回簽,現場紀錄,是否拍照,34,28,27,1,0,0,0,0.9643,2,低
2025-07,嘉義,C,C級,低危害,廠區,基本資料,工廠、日期、時間,27,22,22,0,0,0,0,1.0,0,低
2025-07,嘉義,C,C級,低危害,許可證,許可資訊,工程作業分級、申請時間、核准工作時間、工作許可證編號,27,26,26,0,0,0,0,1.0,0,低
2025-07,嘉義,C,C級,低危害,施工地點,場地關係人,施工部門、轄區部門、監造部門,27,26,26,0,0,0,0,1.0,0,低
2025-07,嘉義,C,C級,低危害,包商,承攬商與人員資格,承攬商、工作人數、車輛車號、工地負責人、安衛人員、特殊作業主管,27,23,22,1,0,0,0,0.9565,2,低
2025-07,嘉義,C,C級,低危害,危害等級,作業等級,施工地點、工程案號、工作內容、許可工作項目、作業分級,27,24,23,1,0,1,0,0.9583,5,低
2025-07,嘉義,C,C級,低危害,危害等級,管線設備危害物,可燃性氣體、易燃液體、有害性氣體、化學藥劑、酸鹼、熱水蒸氣、空氣、其他,27,25,24,1,0,0,0,0.96,2,低
2025-07,嘉義,C,C級,低危害,檢點與危害告知,簽發前安全檢點,是否安全檢點,27,26,25,1,0,0,0,0.9615,2,低
2025-07,嘉義,C,C級,低危害,檢點與危害告知,危害告知,是否危害告知,27,23,23,0,0,0,0,1.0,0,低
2025-07,嘉義,C,C級,低危害,危害排除與隔離,環境危害排除,是否設備管線危害物排除,27,25,24,1,0,0,0,0.96,2,低
2025-07,嘉義,C,C級,低危害,危害排除與隔離,隔離管制,設備管線是否加盲加鎖掛牌,27,23,22,1,0,0,0,0.9565,2,低
2025-07,嘉義,C,C級,低危害,環境測定,氣體偵測數值,可燃性氣體%、氧氣%、一氧化碳PPM、硫化氫PPM,27,26,25,1,0,0,0,0.9615,2,低
2025-07,嘉義,C,C級,低危害,環境測定,測定基準,可燃性氣體 < 20%LEL；氧氣>= 18%；一氧化碳<50 PPM；硫化氫<10 PPM,27,24,23,1,0,0,0,0.9583,2,低
2025-07,嘉義,C,C級,低危害,環境測定,測定頻率,上、下午施工前測定；A級或高風險作業需重複或連續測定；每小時/每兩小時紀錄表,27,25,24,1,0,0,0,0.96,2,低
2025-07,嘉義,C,C級,低危害,防火防爆,消防設備,是否有消防設備,27,23,22,1,0,0,0,0.9565,2,低
2025-07,嘉義,C,C級,低危害,防火防爆,防爆安全工具,是否使用防爆電氣設備及安全工具,27,25,24,1,0,0,0,0.96,2,低
2025-07,嘉義,C,C級,低危害,高處作業,防墜措施,設標準施工架、安全網、安全母索、安全帶,27,26,25,1,0,0,0,0.9615,2,低
2025-07,嘉義,C,C級,低危害,安全保護,個人防護具,是否有防護口罩、防毒面具、SCBA、防護手套、安全眼鏡、耳塞,27,25,24,1,0,0,0,0.96,2,低
2025-07,嘉義,C,C級,低危害,警戒巡查,警戒標示,是否有警戒標示,27,26,26,0,0,0,0,1.0,0,低
2025-07,嘉義,C,C級,低危害,警戒巡查,巡查會簽,是否轄區、監造、安衛人員或工地負責人巡查會簽,27,26,25,1,0,0,0,0.9615,2,低
2025-07,嘉義,C,C級,低危害,收工回簽,回簽收工確認,是否回簽時確認環境已整理並完成防護措施,27,26,25,1,0,0,0,0.9615,2,低
2025-07,嘉義,C,C級,低危害,收工回簽,一般安全規定,是否遵守工安規定,27,25,25,0,0,0,0,1.0,0,低
2025-07,嘉義,C,C級,低危害,收工回簽,現場紀錄,是否拍照,27,27,26,1,0,0,0,0.963,2,低
2025-08,嘉義,A,A級,高危害,廠區,基本資料,工廠、日期、時間,16,15,15,0,0,0,0,1.0,0,低
2025-08,嘉義,A,A級,高危害,許可證,許可資訊,工程作業分級、申請時間、核准工作時間、工作許可證編號,16,15,15,0,0,0,0,1.0,0,低
2025-08,嘉義,A,A級,高危害,施工地點,場地關係人,施工部門、轄區部門、監造部門,16,15,15,0,0,0,0,1.0,0,低
2025-08,嘉義,A,A級,高危害,包商,承攬商與人員資格,承攬商、工作人數、車輛車號、工地負責人、安衛人員、特殊作業主管,16,15,15,0,0,0,0,1.0,0,低
2025-08,嘉義,A,A級,高危害,危害等級,作業等級,施工地點、工程案號、工作內容、許可工作項目、作業分級,16,15,14,1,0,0,0,0.9333,2,低
2025-08,嘉義,A,A級,高危害,危害等級,管線設備危害物,可燃性氣體、易燃液體、有害性氣體、化學藥劑、酸鹼、熱水蒸氣、空氣、其他,16,15,14,1,0,0,0,0.9333,2,低
2025-08,嘉義,A,A級,高危害,檢點與危害告知,簽發前安全檢點,是否安全檢點,16,15,15,0,0,0,0,1.0,0,低
2025-08,嘉義,A,A級,高危害,檢點與危害告知,危害告知,是否危害告知,16,16,15,1,0,0,0,0.9375,2,低
2025-08,嘉義,A,A級,高危害,危害排除與隔離,環境危害排除,是否設備管線危害物排除,16,14,13,1,0,0,0,0.9286,2,低
2025-08,嘉義,A,A級,高危害,危害排除與隔離,隔離管制,設備管線是否加盲加鎖掛牌,16,13,12,1,0,0,0,0.9231,2,低
2025-08,嘉義,A,A級,高危害,環境測定,氣體偵測數值,可燃性氣體%、氧氣%、一氧化碳PPM、硫化氫PPM,16,13,12,1,0,0,0,0.9231,2,低
2025-08,嘉義,A,A級,高危害,環境測定,測定基準,可燃性氣體 < 20%LEL；氧氣>= 18%；一氧化碳<50 PPM；硫化氫<10 PPM,16,15,14,1,0,0,0,0.9333,2,低
2025-08,嘉義,A,A級,高危害,環境測定,測定頻率,上、下午施工前測定；A級或高風險作業需重複或連續測定；每小時/每兩小時紀錄表,16,16,15,1,0,0,0,0.9375,2,低
2025-08,嘉義,A,A級,高危害,防火防爆,消防設備,是否有消防設備,16,14,13,1,0,0,0,0.9286,2,低
2025-08,嘉義,A,A級,高危害,防火防爆,防爆安全工具,是否使用防爆電氣設備及安全工具,16,14,13,1,0,0,0,0.9286,2,低
2025-08,嘉義,A,A級,高危害,高處作業,防墜措施,設標準施工架、安全網、安全母索、安全帶,16,13,13,0,0,0,0,1.0,0,低
2025-08,嘉義,A,A級,高危害,安全保護,個人防護具,是否有防護口罩、防毒面具、SCBA、防護手套、安全眼鏡、耳塞,16,16,15,1,0,0,0,0.9375,2,低
2025-08,嘉義,A,A級,高危害,警戒巡查,警戒標示,是否有警戒標示,16,15,14,1,0,0,0,0.9333,2,低
2025-08,嘉義,A,A級,高危害,警戒巡查,巡查會簽,是否轄區、監造、安衛人員或工地負責人巡查會簽,16,14,14,0,0,0,0,1.0,0,低
2025-08,嘉義,A,A級,高危害,收工回簽,回簽收工確認,是否回簽時確認環境已整理並完成防護措施,16,15,15,0,0,0,0,1.0,0,低
2025-08,嘉義,A,A級,高危害,收工回簽,一般安全規定,是否遵守工安規定,16,16,16,0,0,0,0,1.0,0,低
2025-08,嘉義,A,A級,高危害,收工回簽,現場紀錄,是否拍照,16,13,13,0,0,0,0,1.0,0,低
2025-08,嘉義,B,B級,中危害,廠區,基本資料,工廠、日期、時間,33,33,32,1,0,0,0,0.9697,2,低
2025-08,嘉義,B,B級,中危害,許可證,許可資訊,工程作業分級、申請時間、核准工作時間、工作許可證編號,33,30,30,0,0,0,0,1.0,0,低
2025-08,嘉義,B,B級,中危害,施工地點,場地關係人,施工部門、轄區部門、監造部門,33,27,26,1,0,0,0,0.963,2,低
2025-08,嘉義,B,B級,中危害,包商,承攬商與人員資格,承攬商、工作人數、車輛車號、工地負責人、安衛人員、特殊作業主管,33,27,26,1,0,1,0,0.963,5,低
2025-08,嘉義,B,B級,中危害,危害等級,作業等級,施工地點、工程案號、工作內容、許可工作項目、作業分級,33,30,29,1,0,0,0,0.9667,2,低
2025-08,嘉義,B,B級,中危害,危害等級,管線設備危害物,可燃性氣體、易燃液體、有害性氣體、化學藥劑、酸鹼、熱水蒸氣、空氣、其他,33,30,29,1,0,0,0,0.9667,2,低
2025-08,嘉義,B,B級,中危害,檢點與危害告知,簽發前安全檢點,是否安全檢點,33,29,28,1,0,0,0,0.9655,2,低
2025-08,嘉義,B,B級,中危害,檢點與危害告知,危害告知,是否危害告知,33,28,27,1,0,0,0,0.9643,2,低
2025-08,嘉義,B,B級,中危害,危害排除與隔離,環境危害排除,是否設備管線危害物排除,33,31,30,1,0,0,0,0.9677,2,低
2025-08,嘉義,B,B級,中危害,危害排除與隔離,隔離管制,設備管線是否加盲加鎖掛牌,33,32,31,1,0,0,0,0.9688,2,低
2025-08,嘉義,B,B級,中危害,環境測定,氣體偵測數值,可燃性氣體%、氧氣%、一氧化碳PPM、硫化氫PPM,33,27,26,1,0,0,0,0.963,2,低
2025-08,嘉義,B,B級,中危害,環境測定,測定基準,可燃性氣體 < 20%LEL；氧氣>= 18%；一氧化碳<50 PPM；硫化氫<10 PPM,33,27,26,1,0,0,0,0.963,2,低
2025-08,嘉義,B,B級,中危害,環境測定,測定頻率,上、下午施工前測定；A級或高風險作業需重複或連續測定；每小時/每兩小時紀錄表,33,32,31,1,0,0,0,0.9688,2,低
2025-08,嘉義,B,B級,中危害,防火防爆,消防設備,是否有消防設備,33,32,31,1,0,0,0,0.9688,2,低
2025-08,嘉義,B,B級,中危害,防火防爆,防爆安全工具,是否使用防爆電氣設備及安全工具,33,30,29,1,0,0,0,0.9667,2,低
2025-08,嘉義,B,B級,中危害,高處作業,防墜措施,設標準施工架、安全網、安全母索、安全帶,33,28,27,1,0,0,0,0.9643,2,低
2025-08,嘉義,B,B級,中危害,安全保護,個人防護具,是否有防護口罩、防毒面具、SCBA、防護手套、安全眼鏡、耳塞,33,32,31,1,0,0,0,0.9688,2,低
2025-08,嘉義,B,B級,中危害,警戒巡查,警戒標示,是否有警戒標示,33,31,30,1,0,0,0,0.9677,2,低
2025-08,嘉義,B,B級,中危害,警戒巡查,巡查會簽,是否轄區、監造、安衛人員或工地負責人巡查會簽,33,31,30,1,0,0,0,0.9677,2,低
2025-08,嘉義,B,B級,中危害,收工回簽,回簽收工確認,是否回簽時確認環境已整理並完成防護措施,33,30,29,1,0,0,0,0.9667,2,低
2025-08,嘉義,B,B級,中危害,收工回簽,一般安全規定,是否遵守工安規定,33,28,27,1,0,0,0,0.9643,2,低
2025-08,嘉義,B,B級,中危害,收工回簽,現場紀錄,是否拍照,33,30,29,1,0,0,0,0.9667,2,低
2025-08,嘉義,C,C級,低危害,廠區,基本資料,工廠、日期、時間,22,21,21,0,0,0,0,1.0,0,低
2025-08,嘉義,C,C級,低危害,許可證,許可資訊,工程作業分級、申請時間、核准工作時間、工作許可證編號,22,20,20,0,0,0,0,1.0,0,低
2025-08,嘉義,C,C級,低危害,施工地點,場地關係人,施工部門、轄區部門、監造部門,22,22,22,0,0,0,0,1.0,0,低
2025-08,嘉義,C,C級,低危害,包商,承攬商與人員資格,承攬商、工作人數、車輛車號、工地負責人、安衛人員、特殊作業主管,22,19,19,0,0,0,0,1.0,0,低
2025-08,嘉義,C,C級,低危害,危害等級,作業等級,施工地點、工程案號、工作內容、許可工作項目、作業分級,22,20,20,0,0,0,0,1.0,0,低
2025-08,嘉義,C,C級,低危害,危害等級,管線設備危害物,可燃性氣體、易燃液體、有害性氣體、化學藥劑、酸鹼、熱水蒸氣、空氣、其他,22,20,20,0,0,0,0,1.0,0,低
2025-08,嘉義,C,C級,低危害,檢點與危害告知,簽發前安全檢點,是否安全檢點,22,18,18,0,0,0,0,1.0,0,低
2025-08,嘉義,C,C級,低危害,檢點與危害告知,危害告知,是否危害告知,22,21,21,0,0,0,0,1.0,0,低
2025-08,嘉義,C,C級,低危害,危害排除與隔離,環境危害排除,是否設備管線危害物排除,22,21,20,1,0,0,0,0.9524,2,低
2025-08,嘉義,C,C級,低危害,危害排除與隔離,隔離管制,設備管線是否加盲加鎖掛牌,22,21,20,1,0,0,0,0.9524,2,低
2025-08,嘉義,C,C級,低危害,環境測定,氣體偵測數值,可燃性氣體%、氧氣%、一氧化碳PPM、硫化氫PPM,22,18,17,1,0,0,0,0.9444,2,低
2025-08,嘉義,C,C級,低危害,環境測定,測定基準,可燃性氣體 < 20%LEL；氧氣>= 18%；一氧化碳<50 PPM；硫化氫<10 PPM,22,21,21,0,0,0,0,1.0,0,低
2025-08,嘉義,C,C級,低危害,環境測定,測定頻率,上、下午施工前測定；A級或高風險作業需重複或連續測定；每小時/每兩小時紀錄表,22,19,18,1,0,0,0,0.9474,2,低
2025-08,嘉義,C,C級,低危害,防火防爆,消防設備,是否有消防設備,22,20,20,0,0,0,0,1.0,0,低
2025-08,嘉義,C,C級,低危害,防火防爆,防爆安全工具,是否使用防爆電氣設備及安全工具,22,18,17,1,0,0,0,0.9444,2,低
2025-08,嘉義,C,C級,低危害,高處作業,防墜措施,設標準施工架、安全網、安全母索、安全帶,22,18,18,0,0,0,0,1.0,0,低
2025-08,嘉義,C,C級,低危害,安全保護,個人防護具,是否有防護口罩、防毒面具、SCBA、防護手套、安全眼鏡、耳塞,22,22,22,0,0,0,0,1.0,0,低
2025-08,嘉義,C,C級,低危害,警戒巡查,警戒標示,是否有警戒標示,22,20,20,0,0,0,0,1.0,0,低
2025-08,嘉義,C,C級,低危害,警戒巡查,巡查會簽,是否轄區、監造、安衛人員或工地負責人巡查會簽,22,21,20,1,0,0,0,0.9524,2,低
2025-08,嘉義,C,C級,低危害,收工回簽,回簽收工確認,是否回簽時確認環境已整理並完成防護措施,22,22,21,1,0,0,0,0.9545,2,低
2025-08,嘉義,C,C級,低危害,收工回簽,一般安全規定,是否遵守工安規定,22,18,18,0,0,0,0,1.0,0,低
2025-08,嘉義,C,C級,低危害,收工回簽,現場紀錄,是否拍照,22,21,21,0,0,0,0,1.0,0,低
2025-09,嘉義,A,A級,高危害,廠區,基本資料,工廠、日期、時間,16,13,13,0,0,0,0,1.0,0,低
2025-09,嘉義,A,A級,高危害,許可證,許可資訊,工程作業分級、申請時間、核准工作時間、工作許可證編號,16,13,13,0,0,0,0,1.0,0,低
2025-09,嘉義,A,A級,高危害,施工地點,場地關係人,施工部門、轄區部門、監造部門,16,16,16,0,0,0,0,1.0,0,低
2025-09,嘉義,A,A級,高危害,包商,承攬商與人員資格,承攬商、工作人數、車輛車號、工地負責人、安衛人員、特殊作業主管,16,14,14,0,0,0,0,1.0,0,低
2025-09,嘉義,A,A級,高危害,危害等級,作業等級,施工地點、工程案號、工作內容、許可工作項目、作業分級,16,15,14,1,0,0,0,0.9333,2,低
2025-09,嘉義,A,A級,高危害,危害等級,管線設備危害物,可燃性氣體、易燃液體、有害性氣體、化學藥劑、酸鹼、熱水蒸氣、空氣、其他,16,16,15,1,0,0,0,0.9375,2,低
2025-09,嘉義,A,A級,高危害,檢點與危害告知,簽發前安全檢點,是否安全檢點,16,13,13,0,0,0,0,1.0,0,低
2025-09,嘉義,A,A級,高危害,檢點與危害告知,危害告知,是否危害告知,16,15,14,1,0,0,0,0.9333,2,低
2025-09,嘉義,A,A級,高危害,危害排除與隔離,環境危害排除,是否設備管線危害物排除,16,16,15,1,0,0,0,0.9375,2,低
2025-09,嘉義,A,A級,高危害,危害排除與隔離,隔離管制,設備管線是否加盲加鎖掛牌,16,15,14,1,0,0,0,0.9333,2,低
2025-09,嘉義,A,A級,高危害,環境測定,氣體偵測數值,可燃性氣體%、氧氣%、一氧化碳PPM、硫化氫PPM,16,14,13,1,0,0,0,0.9286,2,低
2025-09,嘉義,A,A級,高危害,環境測定,測定基準,可燃性氣體 < 20%LEL；氧氣>= 18%；一氧化碳<50 PPM；硫化氫<10 PPM,16,15,14,1,0,0,0,0.9333,2,低
2025-09,嘉義,A,A級,高危害,環境測定,測定頻率,上、下午施工前測定；A級或高風險作業需重複或連續測定；每小時/每兩小時紀錄表,16,14,13,1,0,0,0,0.9286,2,低
2025-09,嘉義,A,A級,高危害,防火防爆,消防設備,是否有消防設備,16,15,14,1,0,0,0,0.9333,2,低
2025-09,嘉義,A,A級,高危害,防火防爆,防爆安全工具,是否使用防爆電氣設備及安全工具,16,16,15,1,0,0,0,0.9375,2,低
2025-09,嘉義,A,A級,高危害,高處作業,防墜措施,設標準施工架、安全網、安全母索、安全帶,16,15,14,1,0,0,0,0.9333,2,低
2025-09,嘉義,A,A級,高危害,安全保護,個人防護具,是否有防護口罩、防毒面具、SCBA、防護手套、安全眼鏡、耳塞,16,15,15,0,0,0,0,1.0,0,低
2025-09,嘉義,A,A級,高危害,警戒巡查,警戒標示,是否有警戒標示,16,14,13,1,0,0,0,0.9286,2,低
2025-09,嘉義,A,A級,高危害,警戒巡查,巡查會簽,是否轄區、監造、安衛人員或工地負責人巡查會簽,16,16,15,1,0,0,0,0.9375,2,低
2025-09,嘉義,A,A級,高危害,收工回簽,回簽收工確認,是否回簽時確認環境已整理並完成防護措施,16,15,15,0,0,0,0,1.0,0,低
2025-09,嘉義,A,A級,高危害,收工回簽,一般安全規定,是否遵守工安規定,16,16,16,0,0,0,0,1.0,0,低
2025-09,嘉義,A,A級,高危害,收工回簽,現場紀錄,是否拍照,16,14,14,0,0,0,0,1.0,0,低
2025-09,嘉義,B,B級,中危害,廠區,基本資料,工廠、日期、時間,34,28,27,1,0,0,0,0.9643,2,低
2025-09,嘉義,B,B級,中危害,許可證,許可資訊,工程作業分級、申請時間、核准工作時間、工作許可證編號,34,30,29,1,0,0,0,0.9667,2,低
2025-09,嘉義,B,B級,中危害,施工地點,場地關係人,施工部門、轄區部門、監造部門,34,32,31,1,0,0,0,0.9688,2,低
2025-09,嘉義,B,B級,中危害,包商,承攬商與人員資格,承攬商、工作人數、車輛車號、工地負責人、安衛人員、特殊作業主管,34,32,31,1,0,1,0,0.9688,5,低
2025-09,嘉義,B,B級,中危害,危害等級,作業等級,施工地點、工程案號、工作內容、許可工作項目、作業分級,34,31,30,1,0,0,0,0.9677,2,低
2025-09,嘉義,B,B級,中危害,危害等級,管線設備危害物,可燃性氣體、易燃液體、有害性氣體、化學藥劑、酸鹼、熱水蒸氣、空氣、其他,34,32,31,1,0,0,0,0.9688,2,低
2025-09,嘉義,B,B級,中危害,檢點與危害告知,簽發前安全檢點,是否安全檢點,34,28,27,1,0,1,0,0.9643,5,低
2025-09,嘉義,B,B級,中危害,檢點與危害告知,危害告知,是否危害告知,34,32,31,1,0,0,0,0.9688,2,低
2025-09,嘉義,B,B級,中危害,危害排除與隔離,環境危害排除,是否設備管線危害物排除,34,31,30,1,0,0,0,0.9677,2,低
2025-09,嘉義,B,B級,中危害,危害排除與隔離,隔離管制,設備管線是否加盲加鎖掛牌,34,29,28,1,0,0,0,0.9655,2,低
2025-09,嘉義,B,B級,中危害,環境測定,氣體偵測數值,可燃性氣體%、氧氣%、一氧化碳PPM、硫化氫PPM,34,29,28,1,0,0,0,0.9655,2,低
2025-09,嘉義,B,B級,中危害,環境測定,測定基準,可燃性氣體 < 20%LEL；氧氣>= 18%；一氧化碳<50 PPM；硫化氫<10 PPM,34,31,30,1,0,0,0,0.9677,2,低
2025-09,嘉義,B,B級,中危害,環境測定,測定頻率,上、下午施工前測定；A級或高風險作業需重複或連續測定；每小時/每兩小時紀錄表,34,33,32,1,0,0,0,0.9697,2,低
2025-09,嘉義,B,B級,中危害,防火防爆,消防設備,是否有消防設備,34,29,28,1,0,0,0,0.9655,2,低
2025-09,嘉義,B,B級,中危害,防火防爆,防爆安全工具,是否使用防爆電氣設備及安全工具,34,29,28,1,0,0,0,0.9655,2,低
2025-09,嘉義,B,B級,中危害,高處作業,防墜措施,設標準施工架、安全網、安全母索、安全帶,34,30,29,1,0,0,0,0.9667,2,低
2025-09,嘉義,B,B級,中危害,安全保護,個人防護具,是否有防護口罩、防毒面具、SCBA、防護手套、安全眼鏡、耳塞,34,31,30,1,0,0,0,0.9677,2,低
2025-09,嘉義,B,B級,中危害,警戒巡查,警戒標示,是否有警戒標示,34,33,32,1,0,0,0,0.9697,2,低
2025-09,嘉義,B,B級,中危害,警戒巡查,巡查會簽,是否轄區、監造、安衛人員或工地負責人巡查會簽,34,33,32,1,0,0,0,0.9697,2,低
2025-09,嘉義,B,B級,中危害,收工回簽,回簽收工確認,是否回簽時確認環境已整理並完成防護措施,34,31,30,1,0,0,0,0.9677,2,低
2025-09,嘉義,B,B級,中危害,收工回簽,一般安全規定,是否遵守工安規定,34,30,29,1,0,0,0,0.9667,2,低
2025-09,嘉義,B,B級,中危害,收工回簽,現場紀錄,是否拍照,34,30,29,1,0,0,0,0.9667,2,低
2025-09,嘉義,C,C級,低危害,廠區,基本資料,工廠、日期、時間,26,22,22,0,0,0,0,1.0,0,低
2025-09,嘉義,C,C級,低危害,許可證,許可資訊,工程作業分級、申請時間、核准工作時間、工作許可證編號,26,24,24,0,0,0,0,1.0,0,低
2025-09,嘉義,C,C級,低危害,施工地點,場地關係人,施工部門、轄區部門、監造部門,26,25,25,0,0,0,0,1.0,0,低
2025-09,嘉義,C,C級,低危害,包商,承攬商與人員資格,承攬商、工作人數、車輛車號、工地負責人、安衛人員、特殊作業主管,26,23,23,0,0,0,0,1.0,0,低
2025-09,嘉義,C,C級,低危害,危害等級,作業等級,施工地點、工程案號、工作內容、許可工作項目、作業分級,26,23,22,1,0,0,0,0.9565,2,低
2025-09,嘉義,C,C級,低危害,危害等級,管線設備危害物,可燃性氣體、易燃液體、有害性氣體、化學藥劑、酸鹼、熱水蒸氣、空氣、其他,26,24,23,1,0,0,0,0.9583,2,低
2025-09,嘉義,C,C級,低危害,檢點與危害告知,簽發前安全檢點,是否安全檢點,26,25,25,0,0,0,0,1.0,0,低
2025-09,嘉義,C,C級,低危害,檢點與危害告知,危害告知,是否危害告知,26,26,25,1,0,0,0,0.9615,2,低
2025-09,嘉義,C,C級,低危害,危害排除與隔離,環境危害排除,是否設備管線危害物排除,26,24,23,1,0,0,0,0.9583,2,低
2025-09,嘉義,C,C級,低危害,危害排除與隔離,隔離管制,設備管線是否加盲加鎖掛牌,26,24,23,1,0,0,0,0.9583,2,低
2025-09,嘉義,C,C級,低危害,環境測定,氣體偵測數值,可燃性氣體%、氧氣%、一氧化碳PPM、硫化氫PPM,26,25,24,1,0,0,0,0.96,2,低
2025-09,嘉義,C,C級,低危害,環境測定,測定基準,可燃性氣體 < 20%LEL；氧氣>= 18%；一氧化碳<50 PPM；硫化氫<10 PPM,26,23,22,1,0,0,0,0.9565,2,低
2025-09,嘉義,C,C級,低危害,環境測定,測定頻率,上、下午施工前測定；A級或高風險作業需重複或連續測定；每小時/每兩小時紀錄表,26,22,22,0,0,0,0,1.0,0,低
2025-09,嘉義,C,C級,低危害,防火防爆,消防設備,是否有消防設備,26,21,21,0,0,0,0,1.0,0,低
2025-09,嘉義,C,C級,低危害,防火防爆,防爆安全工具,是否使用防爆電氣設備及安全工具,26,24,23,1,0,0,0,0.9583,2,低
2025-09,嘉義,C,C級,低危害,高處作業,防墜措施,設標準施工架、安全網、安全母索、安全帶,26,25,24,1,0,0,0,0.96,2,低
2025-09,嘉義,C,C級,低危害,安全保護,個人防護具,是否有防護口罩、防毒面具、SCBA、防護手套、安全眼鏡、耳塞,26,25,24,1,0,0,0,0.96,2,低
2025-09,嘉義,C,C級,低危害,警戒巡查,警戒標示,是否有警戒標示,26,22,22,0,0,0,0,1.0,0,低
2025-09,嘉義,C,C級,低危害,警戒巡查,巡查會簽,是否轄區、監造、安衛人員或工地負責人巡查會簽,26,22,21,1,0,0,0,0.9545,2,低
2025-09,嘉義,C,C級,低危害,收工回簽,回簽收工確認,是否回簽時確認環境已整理並完成防護措施,26,23,23,0,0,0,0,1.0,0,低
2025-09,嘉義,C,C級,低危害,收工回簽,一般安全規定,是否遵守工安規定,26,25,25,0,0,0,0,1.0,0,低
2025-09,嘉義,C,C級,低危害,收工回簽,現場紀錄,是否拍照,26,23,22,1,0,0,0,0.9565,2,低
2025-10,嘉義,A,A級,高危害,廠區,基本資料,工廠、日期、時間,18,16,16,0,0,0,0,1.0,0,低
2025-10,嘉義,A,A級,高危害,許可證,許可資訊,工程作業分級、申請時間、核准工作時間、工作許可證編號,18,17,17,0,0,0,0,1.0,0,低
2025-10,嘉義,A,A級,高危害,施工地點,場地關係人,施工部門、轄區部門、監造部門,18,17,17,0,0,0,0,1.0,0,低
2025-10,嘉義,A,A級,高危害,包商,承攬商與人員資格,承攬商、工作人數、車輛車號、工地負責人、安衛人員、特殊作業主管,18,15,15,0,0,0,0,1.0,0,低
2025-10,嘉義,A,A級,高危害,危害等級,作業等級,施工地點、工程案號、工作內容、許可工作項目、作業分級,18,15,14,1,0,0,0,0.9333,2,低
2025-10,嘉義,A,A級,高危害,危害等級,管線設備危害物,可燃性氣體、易燃液體、有害性氣體、化學藥劑、酸鹼、熱水蒸氣、空氣、其他,18,16,15,1,0,0,0,0.9375,2,低
2025-10,嘉義,A,A級,高危害,檢點與危害告知,簽發前安全檢點,是否安全檢點,18,17,17,0,0,0,0,1.0,0,低
2025-10,嘉義,A,A級,高危害,檢點與危害告知,危害告知,是否危害告知,18,16,15,1,0,0,0,0.9375,2,低
2025-10,嘉義,A,A級,高危害,危害排除與隔離,環境危害排除,是否設備管線危害物排除,18,16,15,1,0,0,0,0.9375,2,低
2025-10,嘉義,A,A級,高危害,危害排除與隔離,隔離管制,設備管線是否加盲加鎖掛牌,18,17,16,1,0,0,0,0.9412,2,低
2025-10,嘉義,A,A級,高危害,環境測定,氣體偵測數值,可燃性氣體%、氧氣%、一氧化碳PPM、硫化氫PPM,18,17,16,1,0,0,0,0.9412,2,低
2025-10,嘉義,A,A級,高危害,環境測定,測定基準,可燃性氣體 < 20%LEL；氧氣>= 18%；一氧化碳<50 PPM；硫化氫<10 PPM,18,15,14,1,0,0,0,0.9333,2,低
2025-10,嘉義,A,A級,高危害,環境測定,測定頻率,上、下午施工前測定；A級或高風險作業需重複或連續測定；每小時/每兩小時紀錄表,18,16,15,1,0,1,0,0.9375,5,低
2025-10,嘉義,A,A級,高危害,防火防爆,消防設備,是否有消防設備,18,16,15,1,0,0,0,0.9375,2,低
2025-10,嘉義,A,A級,高危害,防火防爆,防爆安全工具,是否使用防爆電氣設備及安全工具,18,16,15,1,0,0,0,0.9375,2,低
2025-10,嘉義,A,A級,高危害,高處作業,防墜措施,設標準施工架、安全網、安全母索、安全帶,18,17,16,1,0,0,0,0.9412,2,低
2025-10,嘉義,A,A級,高危害,安全保護,個人防護具,是否有防護口罩、防毒面具、SCBA、防護手套、安全眼鏡、耳塞,18,16,15,1,0,0,0,0.9375,2,低
2025-10,嘉義,A,A級,高危害,警戒巡查,警戒標示,是否有警戒標示,18,15,14,1,0,0,0,0.9333,2,低
2025-10,嘉義,A,A級,高危害,警戒巡查,巡查會簽,是否轄區、監造、安衛人員或工地負責人巡查會簽,18,17,17,0,0,0,0,1.0,0,低
2025-10,嘉義,A,A級,高危害,收工回簽,回簽收工確認,是否回簽時確認環境已整理並完成防護措施,18,15,15,0,0,0,0,1.0,0,低
2025-10,嘉義,A,A級,高危害,收工回簽,一般安全規定,是否遵守工安規定,18,16,16,0,0,0,0,1.0,0,低
2025-10,嘉義,A,A級,高危害,收工回簽,現場紀錄,是否拍照,18,15,15,0,0,0,0,1.0,0,低
2025-10,嘉義,B,B級,中危害,廠區,基本資料,工廠、日期、時間,33,28,28,0,0,0,0,1.0,0,低
2025-10,嘉義,B,B級,中危害,許可證,許可資訊,工程作業分級、申請時間、核准工作時間、工作許可證編號,33,32,31,1,0,0,0,0.9688,2,低
2025-10,嘉義,B,B級,中危害,施工地點,場地關係人,施工部門、轄區部門、監造部門,33,28,28,0,0,0,0,1.0,0,低
2025-10,嘉義,B,B級,中危害,包商,承攬商與人員資格,承攬商、工作人數、車輛車號、工地負責人、安衛人員、特殊作業主管,33,32,31,1,0,0,0,0.9688,2,低
2025-10,嘉義,B,B級,中危害,危害等級,作業等級,施工地點、工程案號、工作內容、許可工作項目、作業分級,33,30,29,1,0,0,0,0.9667,2,低
2025-10,嘉義,B,B級,中危害,危害等級,管線設備危害物,可燃性氣體、易燃液體、有害性氣體、化學藥劑、酸鹼、熱水蒸氣、空氣、其他,33,31,30,1,0,0,0,0.9677,2,低
2025-10,嘉義,B,B級,中危害,檢點與危害告知,簽發前安全檢點,是否安全檢點,33,31,30,1,0,0,0,0.9677,2,低
2025-10,嘉義,B,B級,中危害,檢點與危害告知,危害告知,是否危害告知,33,31,30,1,0,0,0,0.9677,2,低
2025-10,嘉義,B,B級,中危害,危害排除與隔離,環境危害排除,是否設備管線危害物排除,33,30,29,1,0,0,0,0.9667,2,低
2025-10,嘉義,B,B級,中危害,危害排除與隔離,隔離管制,設備管線是否加盲加鎖掛牌,33,30,29,1,0,0,0,0.9667,2,低
2025-10,嘉義,B,B級,中危害,環境測定,氣體偵測數值,可燃性氣體%、氧氣%、一氧化碳PPM、硫化氫PPM,33,29,28,1,0,0,0,0.9655,2,低
2025-10,嘉義,B,B級,中危害,環境測定,測定基準,可燃性氣體 < 20%LEL；氧氣>= 18%；一氧化碳<50 PPM；硫化氫<10 PPM,33,30,29,1,0,0,0,0.9667,2,低
2025-10,嘉義,B,B級,中危害,環境測定,測定頻率,上、下午施工前測定；A級或高風險作業需重複或連續測定；每小時/每兩小時紀錄表,33,30,29,1,0,0,0,0.9667,2,低
2025-10,嘉義,B,B級,中危害,防火防爆,消防設備,是否有消防設備,33,31,30,1,0,0,0,0.9677,2,低
2025-10,嘉義,B,B級,中危害,防火防爆,防爆安全工具,是否使用防爆電氣設備及安全工具,33,31,30,1,0,0,0,0.9677,2,低
2025-10,嘉義,B,B級,中危害,高處作業,防墜措施,設標準施工架、安全網、安全母索、安全帶,33,29,28,1,0,0,0,0.9655,2,低
2025-10,嘉義,B,B級,中危害,安全保護,個人防護具,是否有防護口罩、防毒面具、SCBA、防護手套、安全眼鏡、耳塞,33,28,27,1,0,0,0,0.9643,2,低
2025-10,嘉義,B,B級,中危害,警戒巡查,警戒標示,是否有警戒標示,33,31,30,1,0,0,0,0.9677,2,低
2025-10,嘉義,B,B級,中危害,警戒巡查,巡查會簽,是否轄區、監造、安衛人員或工地負責人巡查會簽,33,31,30,1,0,0,0,0.9677,2,低
2025-10,嘉義,B,B級,中危害,收工回簽,回簽收工確認,是否回簽時確認環境已整理並完成防護措施,33,28,27,1,0,0,0,0.9643,2,低
2025-10,嘉義,B,B級,中危害,收工回簽,一般安全規定,是否遵守工安規定,33,29,28,1,0,0,0,0.9655,2,低
2025-10,嘉義,B,B級,中危害,收工回簽,現場紀錄,是否拍照,33,29,28,1,0,0,0,0.9655,2,低
2025-10,嘉義,C,C級,低危害,廠區,基本資料,工廠、日期、時間,24,20,20,0,0,0,0,1.0,0,低
2025-10,嘉義,C,C級,低危害,許可證,許可資訊,工程作業分級、申請時間、核准工作時間、工作許可證編號,24,20,20,0,0,0,0,1.0,0,低
2025-10,嘉義,C,C級,低危害,施工地點,場地關係人,施工部門、轄區部門、監造部門,24,23,23,0,0,0,0,1.0,0,低
2025-10,嘉義,C,C級,低危害,包商,承攬商與人員資格,承攬商、工作人數、車輛車號、工地負責人、安衛人員、特殊作業主管,24,21,20,1,0,1,0,0.9524,5,低
2025-10,嘉義,C,C級,低危害,危害等級,作業等級,施工地點、工程案號、工作內容、許可工作項目、作業分級,24,20,20,0,0,0,0,1.0,0,低
2025-10,嘉義,C,C級,低危害,危害等級,管線設備危害物,可燃性氣體、易燃液體、有害性氣體、化學藥劑、酸鹼、熱水蒸氣、空氣、其他,24,20,19,1,0,0,0,0.95,2,低
2025-10,嘉義,C,C級,低危害,檢點與危害告知,簽發前安全檢點,是否安全檢點,24,24,24,0,0,0,0,1.0,0,低
2025-10,嘉義,C,C級,低危害,檢點與危害告知,危害告知,是否危害告知,24,22,22,0,0,0,0,1.0,0,低
2025-10,嘉義,C,C級,低危害,危害排除與隔離,環境危害排除,是否設備管線危害物排除,24,20,19,1,0,0,0,0.95,2,低
2025-10,嘉義,C,C級,低危害,危害排除與隔離,隔離管制,設備管線是否加盲加鎖掛牌,24,21,20,1,0,0,0,0.9524,2,低
2025-10,嘉義,C,C級,低危害,環境測定,氣體偵測數值,可燃性氣體%、氧氣%、一氧化碳PPM、硫化氫PPM,24,24,23,1,0,0,0,0.9583,2,低
2025-10,嘉義,C,C級,低危害,環境測定,測定基準,可燃性氣體 < 20%LEL；氧氣>= 18%；一氧化碳<50 PPM；硫化氫<10 PPM,24,22,21,1,0,0,0,0.9545,2,低
2025-10,嘉義,C,C級,低危害,環境測定,測定頻率,上、下午施工前測定；A級或高風險作業需重複或連續測定；每小時/每兩小時紀錄表,24,23,22,1,0,0,0,0.9565,2,低
2025-10,嘉義,C,C級,低危害,防火防爆,消防設備,是否有消防設備,24,24,23,1,0,0,0,0.9583,2,低
2025-10,嘉義,C,C級,低危害,防火防爆,防爆安全工具,是否使用防爆電氣設備及安全工具,24,22,21,1,0,0,0,0.9545,2,低
2025-10,嘉義,C,C級,低危害,高處作業,防墜措施,設標準施工架、安全網、安全母索、安全帶,24,21,20,1,0,0,0,0.9524,2,低
2025-10,嘉義,C,C級,低危害,安全保護,個人防護具,是否有防護口罩、防毒面具、SCBA、防護手套、安全眼鏡、耳塞,24,22,22,0,0,0,0,1.0,0,低
2025-10,嘉義,C,C級,低危害,警戒巡查,警戒標示,是否有警戒標示,24,22,22,0,0,0,0,1.0,0,低
2025-10,嘉義,C,C級,低危害,警戒巡查,巡查會簽,是否轄區、監造、安衛人員或工地負責人巡查會簽,24,20,20,0,0,0,0,1.0,0,低
2025-10,嘉義,C,C級,低危害,收工回簽,回簽收工確認,是否回簽時確認環境已整理並完成防護措施,24,24,24,0,0,0,0,1.0,0,低
2025-10,嘉義,C,C級,低危害,收工回簽,一般安全規定,是否遵守工安規定,24,22,22,0,0,0,0,1.0,0,低
2025-10,嘉義,C,C級,低危害,收工回簽,現場紀錄,是否拍照,24,22,21,1,0,0,0,0.9545,2,低
2025-11,嘉義,A,A級,高危害,廠區,基本資料,工廠、日期、時間,19,17,17,0,0,0,0,1.0,0,低
2025-11,嘉義,A,A級,高危害,許可證,許可資訊,工程作業分級、申請時間、核准工作時間、工作許可證編號,19,17,17,0,0,0,0,1.0,0,低
2025-11,嘉義,A,A級,高危害,施工地點,場地關係人,施工部門、轄區部門、監造部門,19,18,18,0,0,0,0,1.0,0,低
2025-11,嘉義,A,A級,高危害,包商,承攬商與人員資格,承攬商、工作人數、車輛車號、工地負責人、安衛人員、特殊作業主管,19,17,17,0,0,0,0,1.0,0,低
2025-11,嘉義,A,A級,高危害,危害等級,作業等級,施工地點、工程案號、工作內容、許可工作項目、作業分級,19,16,15,1,0,0,0,0.9375,2,低
2025-11,嘉義,A,A級,高危害,危害等級,管線設備危害物,可燃性氣體、易燃液體、有害性氣體、化學藥劑、酸鹼、熱水蒸氣、空氣、其他,19,19,18,1,0,0,0,0.9474,2,低
2025-11,嘉義,A,A級,高危害,檢點與危害告知,簽發前安全檢點,是否安全檢點,19,17,16,1,0,0,0,0.9412,2,低
2025-11,嘉義,A,A級,高危害,檢點與危害告知,危害告知,是否危害告知,19,18,17,1,0,0,0,0.9444,2,低
2025-11,嘉義,A,A級,高危害,危害排除與隔離,環境危害排除,是否設備管線危害物排除,19,16,15,1,0,0,0,0.9375,2,低
2025-11,嘉義,A,A級,高危害,危害排除與隔離,隔離管制,設備管線是否加盲加鎖掛牌,19,17,16,1,0,0,0,0.9412,2,低
2025-11,嘉義,A,A級,高危害,環境測定,氣體偵測數值,可燃性氣體%、氧氣%、一氧化碳PPM、硫化氫PPM,19,18,17,1,0,0,0,0.9444,2,低
2025-11,嘉義,A,A級,高危害,環境測定,測定基準,可燃性氣體 < 20%LEL；氧氣>= 18%；一氧化碳<50 PPM；硫化氫<10 PPM,19,19,18,1,0,0,0,0.9474,2,低
2025-11,嘉義,A,A級,高危害,環境測定,測定頻率,上、下午施工前測定；A級或高風險作業需重複或連續測定；每小時/每兩小時紀錄表,19,18,17,1,0,0,0,0.9444,2,低
2025-11,嘉義,A,A級,高危害,防火防爆,消防設備,是否有消防設備,19,17,16,1,0,0,0,0.9412,2,低
2025-11,嘉義,A,A級,高危害,防火防爆,防爆安全工具,是否使用防爆電氣設備及安全工具,19,17,16,1,0,0,0,0.9412,2,低
2025-11,嘉義,A,A級,高危害,高處作業,防墜措施,設標準施工架、安全網、安全母索、安全帶,19,18,17,1,0,0,0,0.9444,2,低
2025-11,嘉義,A,A級,高危害,安全保護,個人防護具,是否有防護口罩、防毒面具、SCBA、防護手套、安全眼鏡、耳塞,19,16,16,0,0,0,0,1.0,0,低
2025-11,嘉義,A,A級,高危害,警戒巡查,警戒標示,是否有警戒標示,19,17,16,1,0,0,0,0.9412,2,低
2025-11,嘉義,A,A級,高危害,警戒巡查,巡查會簽,是否轄區、監造、安衛人員或工地負責人巡查會簽,19,18,17,1,0,0,0,0.9444,2,低
2025-11,嘉義,A,A級,高危害,收工回簽,回簽收工確認,是否回簽時確認環境已整理並完成防護措施,19,17,17,0,0,0,0,1.0,0,低
2025-11,嘉義,A,A級,高危害,收工回簽,一般安全規定,是否遵守工安規定,19,18,18,0,0,0,0,1.0,0,低
2025-11,嘉義,A,A級,高危害,收工回簽,現場紀錄,是否拍照,19,19,19,0,0,0,0,1.0,0,低
2025-11,嘉義,B,B級,中危害,廠區,基本資料,工廠、日期、時間,37,36,35,1,0,0,0,0.9722,2,低
2025-11,嘉義,B,B級,中危害,許可證,許可資訊,工程作業分級、申請時間、核准工作時間、工作許可證編號,37,35,34,1,0,0,0,0.9714,2,低
2025-11,嘉義,B,B級,中危害,施工地點,場地關係人,施工部門、轄區部門、監造部門,37,33,32,1,0,0,0,0.9697,2,低
2025-11,嘉義,B,B級,中危害,包商,承攬商與人員資格,承攬商、工作人數、車輛車號、工地負責人、安衛人員、特殊作業主管,37,36,35,1,0,0,0,0.9722,2,低
2025-11,嘉義,B,B級,中危害,危害等級,作業等級,施工地點、工程案號、工作內容、許可工作項目、作業分級,37,31,30,1,0,0,0,0.9677,2,低
2025-11,嘉義,B,B級,中危害,危害等級,管線設備危害物,可燃性氣體、易燃液體、有害性氣體、化學藥劑、酸鹼、熱水蒸氣、空氣、其他,37,32,31,1,0,0,0,0.9688,2,低
2025-11,嘉義,B,B級,中危害,檢點與危害告知,簽發前安全檢點,是否安全檢點,37,32,31,1,0,0,0,0.9688,2,低
2025-11,嘉義,B,B級,中危害,檢點與危害告知,危害告知,是否危害告知,37,32,31,1,0,0,0,0.9688,2,低
2025-11,嘉義,B,B級,中危害,危害排除與隔離,環境危害排除,是否設備管線危害物排除,37,35,34,1,0,0,0,0.9714,2,低
2025-11,嘉義,B,B級,中危害,危害排除與隔離,隔離管制,設備管線是否加盲加鎖掛牌,37,31,30,1,0,0,0,0.9677,2,低
2025-11,嘉義,B,B級,中危害,環境測定,氣體偵測數值,可燃性氣體%、氧氣%、一氧化碳PPM、硫化氫PPM,37,37,36,1,0,0,0,0.973,2,低
2025-11,嘉義,B,B級,中危害,環境測定,測定基準,可燃性氣體 < 20%LEL；氧氣>= 18%；一氧化碳<50 PPM；硫化氫<10 PPM,37,37,36,1,0,0,0,0.973,2,低
2025-11,嘉義,B,B級,中危害,環境測定,測定頻率,上、下午施工前測定；A級或高風險作業需重複或連續測定；每小時/每兩小時紀錄表,37,35,34,1,0,0,0,0.9714,2,低
2025-11,嘉義,B,B級,中危害,防火防爆,消防設備,是否有消防設備,37,31,30,1,0,0,0,0.9677,2,低
2025-11,嘉義,B,B級,中危害,防火防爆,防爆安全工具,是否使用防爆電氣設備及安全工具,37,34,33,1,0,0,0,0.9706,2,低
2025-11,嘉義,B,B級,中危害,高處作業,防墜措施,設標準施工架、安全網、安全母索、安全帶,37,31,30,1,0,0,0,0.9677,2,低
2025-11,嘉義,B,B級,中危害,安全保護,個人防護具,是否有防護口罩、防毒面具、SCBA、防護手套、安全眼鏡、耳塞,37,31,30,1,0,1,0,0.9677,5,低
2025-11,嘉義,B,B級,中危害,警戒巡查,警戒標示,是否有警戒標示,37,30,29,1,0,1,0,0.9667,5,低
2025-11,嘉義,B,B級,中危害,警戒巡查,巡查會簽,是否轄區、監造、安衛人員或工地負責人巡查會簽,37,36,35,1,0,0,0,0.9722,2,低
2025-11,嘉義,B,B級,中危害,收工回簽,回簽收工確認,是否回簽時確認環境已整理並完成防護措施,37,35,34,1,0,0,0,0.9714,2,低
2025-11,嘉義,B,B級,中危害,收工回簽,一般安全規定,是否遵守工安規定,37,33,32,1,0,0,0,0.9697,2,低
2025-11,嘉義,B,B級,中危害,收工回簽,現場紀錄,是否拍照,37,36,35,1,0,0,0,0.9722,2,低
2025-11,嘉義,C,C級,低危害,廠區,基本資料,工廠、日期、時間,23,21,21,0,0,0,0,1.0,0,低
2025-11,嘉義,C,C級,低危害,許可證,許可資訊,工程作業分級、申請時間、核准工作時間、工作許可證編號,23,21,21,0,0,0,0,1.0,0,低
2025-11,嘉義,C,C級,低危害,施工地點,場地關係人,施工部門、轄區部門、監造部門,23,21,21,0,0,0,0,1.0,0,低
2025-11,嘉義,C,C級,低危害,包商,承攬商與人員資格,承攬商、工作人數、車輛車號、工地負責人、安衛人員、特殊作業主管,23,21,20,1,0,0,0,0.9524,2,低
2025-11,嘉義,C,C級,低危害,危害等級,作業等級,施工地點、工程案號、工作內容、許可工作項目、作業分級,23,22,22,0,0,0,0,1.0,0,低
2025-11,嘉義,C,C級,低危害,危害等級,管線設備危害物,可燃性氣體、易燃液體、有害性氣體、化學藥劑、酸鹼、熱水蒸氣、空氣、其他,23,22,22,0,0,0,0,1.0,0,低
2025-11,嘉義,C,C級,低危害,檢點與危害告知,簽發前安全檢點,是否安全檢點,23,22,22,0,0,0,0,1.0,0,低
2025-11,嘉義,C,C級,低危害,檢點與危害告知,危害告知,是否危害告知,23,19,19,0,0,0,0,1.0,0,低
2025-11,嘉義,C,C級,低危害,危害排除與隔離,環境危害排除,是否設備管線危害物排除,23,21,20,1,0,0,0,0.9524,2,低
2025-11,嘉義,C,C級,低危害,危害排除與隔離,隔離管制,設備管線是否加盲加鎖掛牌,23,23,22,1,0,0,0,0.9565,2,低
2025-11,嘉義,C,C級,低危害,環境測定,氣體偵測數值,可燃性氣體%、氧氣%、一氧化碳PPM、硫化氫PPM,23,21,20,1,0,0,0,0.9524,2,低
2025-11,嘉義,C,C級,低危害,環境測定,測定基準,可燃性氣體 < 20%LEL；氧氣>= 18%；一氧化碳<50 PPM；硫化氫<10 PPM,23,20,20,0,0,0,0,1.0,0,低
2025-11,嘉義,C,C級,低危害,環境測定,測定頻率,上、下午施工前測定；A級或高風險作業需重複或連續測定；每小時/每兩小時紀錄表,23,22,21,1,0,0,0,0.9545,2,低
2025-11,嘉義,C,C級,低危害,防火防爆,消防設備,是否有消防設備,23,21,20,1,0,0,0,0.9524,2,低
2025-11,嘉義,C,C級,低危害,防火防爆,防爆安全工具,是否使用防爆電氣設備及安全工具,23,21,20,1,0,0,0,0.9524,2,低
2025-11,嘉義,C,C級,低危害,高處作業,防墜措施,設標準施工架、安全網、安全母索、安全帶,23,20,20,0,0,0,0,1.0,0,低
2025-11,嘉義,C,C級,低危害,安全保護,個人防護具,是否有防護口罩、防毒面具、SCBA、防護手套、安全眼鏡、耳塞,23,22,22,0,0,0,0,1.0,0,低
2025-11,嘉義,C,C級,低危害,警戒巡查,警戒標示,是否有警戒標示,23,19,19,0,0,0,0,1.0,0,低
2025-11,嘉義,C,C級,低危害,警戒巡查,巡查會簽,是否轄區、監造、安衛人員或工地負責人巡查會簽,23,21,21,0,0,0,0,1.0,0,低
2025-11,嘉義,C,C級,低危害,收工回簽,回簽收工確認,是否回簽時確認環境已整理並完成防護措施,23,20,20,0,0,0,0,1.0,0,低
2025-11,嘉義,C,C級,低危害,收工回簽,一般安全規定,是否遵守工安規定,23,21,21,0,0,0,0,1.0,0,低
2025-11,嘉義,C,C級,低危害,收工回簽,現場紀錄,是否拍照,23,20,20,0,0,0,0,1.0,0,低
2025-12,嘉義,A,A級,高危害,廠區,基本資料,工廠、日期、時間,14,13,13,0,0,0,0,1.0,0,低
2025-12,嘉義,A,A級,高危害,許可證,許可資訊,工程作業分級、申請時間、核准工作時間、工作許可證編號,14,12,12,0,0,0,0,1.0,0,低
2025-12,嘉義,A,A級,高危害,施工地點,場地關係人,施工部門、轄區部門、監造部門,14,13,13,0,0,0,0,1.0,0,低
2025-12,嘉義,A,A級,高危害,包商,承攬商與人員資格,承攬商、工作人數、車輛車號、工地負責人、安衛人員、特殊作業主管,14,12,12,0,0,0,0,1.0,0,低
2025-12,嘉義,A,A級,高危害,危害等級,作業等級,施工地點、工程案號、工作內容、許可工作項目、作業分級,14,13,13,0,0,0,0,1.0,0,低
2025-12,嘉義,A,A級,高危害,危害等級,管線設備危害物,可燃性氣體、易燃液體、有害性氣體、化學藥劑、酸鹼、熱水蒸氣、空氣、其他,14,12,12,0,0,0,0,1.0,0,低
2025-12,嘉義,A,A級,高危害,檢點與危害告知,簽發前安全檢點,是否安全檢點,14,13,13,0,0,0,0,1.0,0,低
2025-12,嘉義,A,A級,高危害,檢點與危害告知,危害告知,是否危害告知,14,12,12,0,0,0,0,1.0,0,低
2025-12,嘉義,A,A級,高危害,危害排除與隔離,環境危害排除,是否設備管線危害物排除,14,12,11,1,0,0,0,0.9167,2,低
2025-12,嘉義,A,A級,高危害,危害排除與隔離,隔離管制,設備管線是否加盲加鎖掛牌,14,12,11,1,0,0,0,0.9167,2,低
2025-12,嘉義,A,A級,高危害,環境測定,氣體偵測數值,可燃性氣體%、氧氣%、一氧化碳PPM、硫化氫PPM,14,12,11,1,0,0,0,0.9167,2,低
2025-12,嘉義,A,A級,高危害,環境測定,測定基準,可燃性氣體 < 20%LEL；氧氣>= 18%；一氧化碳<50 PPM；硫化氫<10 PPM,14,13,12,1,0,0,0,0.9231,2,低
2025-12,嘉義,A,A級,高危害,環境測定,測定頻率,上、下午施工前測定；A級或高風險作業需重複或連續測定；每小時/每兩小時紀錄表,14,12,11,1,0,0,0,0.9167,2,低
2025-12,嘉義,A,A級,高危害,防火防爆,消防設備,是否有消防設備,14,12,11,1,0,0,0,0.9167,2,低
2025-12,嘉義,A,A級,高危害,防火防爆,防爆安全工具,是否使用防爆電氣設備及安全工具,14,14,13,1,0,0,0,0.9286,2,低
2025-12,嘉義,A,A級,高危害,高處作業,防墜措施,設標準施工架、安全網、安全母索、安全帶,14,13,12,1,0,0,0,0.9231,2,低
2025-12,嘉義,A,A級,高危害,安全保護,個人防護具,是否有防護口罩、防毒面具、SCBA、防護手套、安全眼鏡、耳塞,14,14,13,1,0,0,0,0.9286,2,低
2025-12,嘉義,A,A級,高危害,警戒巡查,警戒標示,是否有警戒標示,14,13,13,0,0,0,0,1.0,0,低
2025-12,嘉義,A,A級,高危害,警戒巡查,巡查會簽,是否轄區、監造、安衛人員或工地負責人巡查會簽,14,12,12,0,0,0,0,1.0,0,低
2025-12,嘉義,A,A級,高危害,收工回簽,回簽收工確認,是否回簽時確認環境已整理並完成防護措施,14,12,12,0,0,0,0,1.0,0,低
2025-12,嘉義,A,A級,高危害,收工回簽,一般安全規定,是否遵守工安規定,14,12,12,0,0,0,0,1.0,0,低
2025-12,嘉義,A,A級,高危害,收工回簽,現場紀錄,是否拍照,14,13,13,0,0,0,0,1.0,0,低
2025-12,嘉義,B,B級,中危害,廠區,基本資料,工廠、日期、時間,37,36,35,1,0,0,0,0.9722,2,低
2025-12,嘉義,B,B級,中危害,許可證,許可資訊,工程作業分級、申請時間、核准工作時間、工作許可證編號,37,31,30,1,0,0,0,0.9677,2,低
2025-12,嘉義,B,B級,中危害,施工地點,場地關係人,施工部門、轄區部門、監造部門,37,31,30,1,0,0,0,0.9677,2,低
2025-12,嘉義,B,B級,中危害,包商,承攬商與人員資格,承攬商、工作人數、車輛車號、工地負責人、安衛人員、特殊作業主管,37,37,36,1,0,0,0,0.973,2,低
2025-12,嘉義,B,B級,中危害,危害等級,作業等級,施工地點、工程案號、工作內容、許可工作項目、作業分級,37,37,36,1,0,0,0,0.973,2,低
2025-12,嘉義,B,B級,中危害,危害等級,管線設備危害物,可燃性氣體、易燃液體、有害性氣體、化學藥劑、酸鹼、熱水蒸氣、空氣、其他,37,33,32,1,0,0,0,0.9697,2,低
2025-12,嘉義,B,B級,中危害,檢點與危害告知,簽發前安全檢點,是否安全檢點,37,32,31,1,0,0,0,0.9688,2,低
2025-12,嘉義,B,B級,中危害,檢點與危害告知,危害告知,是否危害告知,37,31,30,1,0,0,0,0.9677,2,低
2025-12,嘉義,B,B級,中危害,危害排除與隔離,環境危害排除,是否設備管線危害物排除,37,36,35,1,0,0,0,0.9722,2,低
2025-12,嘉義,B,B級,中危害,危害排除與隔離,隔離管制,設備管線是否加盲加鎖掛牌,37,34,33,1,0,0,0,0.9706,2,低
2025-12,嘉義,B,B級,中危害,環境測定,氣體偵測數值,可燃性氣體%、氧氣%、一氧化碳PPM、硫化氫PPM,37,31,30,1,0,0,0,0.9677,2,低
2025-12,嘉義,B,B級,中危害,環境測定,測定基準,可燃性氣體 < 20%LEL；氧氣>= 18%；一氧化碳<50 PPM；硫化氫<10 PPM,37,34,33,1,0,0,0,0.9706,2,低
2025-12,嘉義,B,B級,中危害,環境測定,測定頻率,上、下午施工前測定；A級或高風險作業需重複或連續測定；每小時/每兩小時紀錄表,37,37,36,1,0,0,0,0.973,2,低
2025-12,嘉義,B,B級,中危害,防火防爆,消防設備,是否有消防設備,37,31,30,1,0,0,0,0.9677,2,低
2025-12,嘉義,B,B級,中危害,防火防爆,防爆安全工具,是否使用防爆電氣設備及安全工具,37,33,32,1,0,0,0,0.9697,2,低
2025-12,嘉義,B,B級,中危害,高處作業,防墜措施,設標準施工架、安全網、安全母索、安全帶,37,37,36,1,0,0,0,0.973,2,低
2025-12,嘉義,B,B級,中危害,安全保護,個人防護具,是否有防護口罩、防毒面具、SCBA、防護手套、安全眼鏡、耳塞,37,33,32,1,0,0,0,0.9697,2,低
2025-12,嘉義,B,B級,中危害,警戒巡查,警戒標示,是否有警戒標示,37,31,30,1,0,1,0,0.9677,5,低
2025-12,嘉義,B,B級,中危害,警戒巡查,巡查會簽,是否轄區、監造、安衛人員或工地負責人巡查會簽,37,33,32,1,0,0,0,0.9697,2,低
2025-12,嘉義,B,B級,中危害,收工回簽,回簽收工確認,是否回簽時確認環境已整理並完成防護措施,37,36,35,1,0,0,0,0.9722,2,低
2025-12,嘉義,B,B級,中危害,收工回簽,一般安全規定,是否遵守工安規定,37,34,33,1,0,0,0,0.9706,2,低
2025-12,嘉義,B,B級,中危害,收工回簽,現場紀錄,是否拍照,37,32,31,1,0,0,0,0.9688,2,低
2025-12,嘉義,C,C級,低危害,廠區,基本資料,工廠、日期、時間,31,29,29,0,0,0,0,1.0,0,低
2025-12,嘉義,C,C級,低危害,許可證,許可資訊,工程作業分級、申請時間、核准工作時間、工作許可證編號,31,30,30,0,0,0,0,1.0,0,低
2025-12,嘉義,C,C級,低危害,施工地點,場地關係人,施工部門、轄區部門、監造部門,31,31,30,1,0,0,0,0.9677,2,低
2025-12,嘉義,C,C級,低危害,包商,承攬商與人員資格,承攬商、工作人數、車輛車號、工地負責人、安衛人員、特殊作業主管,31,31,30,1,0,0,0,0.9677,2,低
2025-12,嘉義,C,C級,低危害,危害等級,作業等級,施工地點、工程案號、工作內容、許可工作項目、作業分級,31,31,30,1,0,0,0,0.9677,2,低
2025-12,嘉義,C,C級,低危害,危害等級,管線設備危害物,可燃性氣體、易燃液體、有害性氣體、化學藥劑、酸鹼、熱水蒸氣、空氣、其他,31,30,29,1,0,0,0,0.9667,2,低
2025-12,嘉義,C,C級,低危害,檢點與危害告知,簽發前安全檢點,是否安全檢點,31,29,28,1,0,1,0,0.9655,5,低
2025-12,嘉義,C,C級,低危害,檢點與危害告知,危害告知,是否危害告知,31,26,25,1,0,0,0,0.9615,2,低
2025-12,嘉義,C,C級,低危害,危害排除與隔離,環境危害排除,是否設備管線危害物排除,31,26,25,1,0,0,0,0.9615,2,低
2025-12,嘉義,C,C級,低危害,危害排除與隔離,隔離管制,設備管線是否加盲加鎖掛牌,31,27,26,1,0,0,0,0.963,2,低
2025-12,嘉義,C,C級,低危害,環境測定,氣體偵測數值,可燃性氣體%、氧氣%、一氧化碳PPM、硫化氫PPM,31,26,25,1,0,0,0,0.9615,2,低
2025-12,嘉義,C,C級,低危害,環境測定,測定基準,可燃性氣體 < 20%LEL；氧氣>= 18%；一氧化碳<50 PPM；硫化氫<10 PPM,31,29,28,1,0,0,0,0.9655,2,低
2025-12,嘉義,C,C級,低危害,環境測定,測定頻率,上、下午施工前測定；A級或高風險作業需重複或連續測定；每小時/每兩小時紀錄表,31,28,27,1,0,0,0,0.9643,2,低
2025-12,嘉義,C,C級,低危害,防火防爆,消防設備,是否有消防設備,31,26,25,1,0,0,0,0.9615,2,低
2025-12,嘉義,C,C級,低危害,防火防爆,防爆安全工具,是否使用防爆電氣設備及安全工具,31,28,27,1,0,0,0,0.9643,2,低
2025-12,嘉義,C,C級,低危害,高處作業,防墜措施,設標準施工架、安全網、安全母索、安全帶,31,28,27,1,0,0,0,0.9643,2,低
2025-12,嘉義,C,C級,低危害,安全保護,個人防護具,是否有防護口罩、防毒面具、SCBA、防護手套、安全眼鏡、耳塞,31,27,26,1,0,1,0,0.963,5,低
2025-12,嘉義,C,C級,低危害,警戒巡查,警戒標示,是否有警戒標示,31,28,27,1,0,0,0,0.9643,2,低
2025-12,嘉義,C,C級,低危害,警戒巡查,巡查會簽,是否轄區、監造、安衛人員或工地負責人巡查會簽,31,29,28,1,0,0,0,0.9655,2,低
2025-12,嘉義,C,C級,低危害,收工回簽,回簽收工確認,是否回簽時確認環境已整理並完成防護措施,31,27,26,1,0,0,0,0.963,2,低
2025-12,嘉義,C,C級,低危害,收工回簽,一般安全規定,是否遵守工安規定,31,26,25,1,0,0,0,0.9615,2,低
2025-12,嘉義,C,C級,低危害,收工回簽,現場紀錄,是否拍照,31,27,27,0,0,0,0,1.0,0,低
2026-01,嘉義,A,A級,高危害,廠區,基本資料,工廠、日期、時間,17,15,15,0,0,0,0,1.0,0,低
2026-01,嘉義,A,A級,高危害,許可證,許可資訊,工程作業分級、申請時間、核准工作時間、工作許可證編號,17,15,15,0,0,0,0,1.0,0,低
2026-01,嘉義,A,A級,高危害,施工地點,場地關係人,施工部門、轄區部門、監造部門,17,15,15,0,0,0,0,1.0,0,低
2026-01,嘉義,A,A級,高危害,包商,承攬商與人員資格,承攬商、工作人數、車輛車號、工地負責人、安衛人員、特殊作業主管,17,15,15,0,0,0,0,1.0,0,低
2026-01,嘉義,A,A級,高危害,危害等級,作業等級,施工地點、工程案號、工作內容、許可工作項目、作業分級,17,16,15,1,0,0,0,0.9375,2,低
2026-01,嘉義,A,A級,高危害,危害等級,管線設備危害物,可燃性氣體、易燃液體、有害性氣體、化學藥劑、酸鹼、熱水蒸氣、空氣、其他,17,15,14,1,0,0,0,0.9333,2,低
2026-01,嘉義,A,A級,高危害,檢點與危害告知,簽發前安全檢點,是否安全檢點,17,14,14,0,0,0,0,1.0,0,低
2026-01,嘉義,A,A級,高危害,檢點與危害告知,危害告知,是否危害告知,17,15,15,0,0,0,0,1.0,0,低
2026-01,嘉義,A,A級,高危害,危害排除與隔離,環境危害排除,是否設備管線危害物排除,17,15,14,1,0,0,0,0.9333,2,低
2026-01,嘉義,A,A級,高危害,危害排除與隔離,隔離管制,設備管線是否加盲加鎖掛牌,17,16,15,1,0,0,0,0.9375,2,低
2026-01,嘉義,A,A級,高危害,環境測定,氣體偵測數值,可燃性氣體%、氧氣%、一氧化碳PPM、硫化氫PPM,17,16,15,1,0,0,0,0.9375,2,低
2026-01,嘉義,A,A級,高危害,環境測定,測定基準,可燃性氣體 < 20%LEL；氧氣>= 18%；一氧化碳<50 PPM；硫化氫<10 PPM,17,16,15,1,0,1,0,0.9375,5,低
2026-01,嘉義,A,A級,高危害,環境測定,測定頻率,上、下午施工前測定；A級或高風險作業需重複或連續測定；每小時/每兩小時紀錄表,17,15,14,1,0,0,0,0.9333,2,低
2026-01,嘉義,A,A級,高危害,防火防爆,消防設備,是否有消防設備,17,15,14,1,0,0,0,0.9333,2,低
2026-01,嘉義,A,A級,高危害,防火防爆,防爆安全工具,是否使用防爆電氣設備及安全工具,17,16,15,1,0,0,0,0.9375,2,低
2026-01,嘉義,A,A級,高危害,高處作業,防墜措施,設標準施工架、安全網、安全母索、安全帶,17,15,14,1,0,0,0,0.9333,2,低
2026-01,嘉義,A,A級,高危害,安全保護,個人防護具,是否有防護口罩、防毒面具、SCBA、防護手套、安全眼鏡、耳塞,17,16,15,1,0,0,0,0.9375,2,低
2026-01,嘉義,A,A級,高危害,警戒巡查,警戒標示,是否有警戒標示,17,17,16,1,0,0,0,0.9412,2,低
2026-01,嘉義,A,A級,高危害,警戒巡查,巡查會簽,是否轄區、監造、安衛人員或工地負責人巡查會簽,17,17,16,1,0,0,0,0.9412,2,低
2026-01,嘉義,A,A級,高危害,收工回簽,回簽收工確認,是否回簽時確認環境已整理並完成防護措施,17,15,15,0,0,0,0,1.0,0,低
2026-01,嘉義,A,A級,高危害,收工回簽,一般安全規定,是否遵守工安規定,17,14,14,0,0,0,0,1.0,0,低
2026-01,嘉義,A,A級,高危害,收工回簽,現場紀錄,是否拍照,17,15,15,0,0,0,0,1.0,0,低
2026-01,嘉義,B,B級,中危害,廠區,基本資料,工廠、日期、時間,37,35,34,1,0,0,0,0.9714,2,低
2026-01,嘉義,B,B級,中危害,許可證,許可資訊,工程作業分級、申請時間、核准工作時間、工作許可證編號,37,33,32,1,0,0,0,0.9697,2,低
2026-01,嘉義,B,B級,中危害,施工地點,場地關係人,施工部門、轄區部門、監造部門,37,36,35,1,0,0,0,0.9722,2,低
2026-01,嘉義,B,B級,中危害,包商,承攬商與人員資格,承攬商、工作人數、車輛車號、工地負責人、安衛人員、特殊作業主管,37,36,35,1,0,0,0,0.9722,2,低
2026-01,嘉義,B,B級,中危害,危害等級,作業等級,施工地點、工程案號、工作內容、許可工作項目、作業分級,37,37,36,1,0,0,0,0.973,2,低
2026-01,嘉義,B,B級,中危害,危害等級,管線設備危害物,可燃性氣體、易燃液體、有害性氣體、化學藥劑、酸鹼、熱水蒸氣、空氣、其他,37,32,31,1,0,0,0,0.9688,2,低
2026-01,嘉義,B,B級,中危害,檢點與危害告知,簽發前安全檢點,是否安全檢點,37,34,33,1,0,0,0,0.9706,2,低
2026-01,嘉義,B,B級,中危害,檢點與危害告知,危害告知,是否危害告知,37,35,34,1,0,0,0,0.9714,2,低
2026-01,嘉義,B,B級,中危害,危害排除與隔離,環境危害排除,是否設備管線危害物排除,37,35,34,1,0,0,0,0.9714,2,低
2026-01,嘉義,B,B級,中危害,危害排除與隔離,隔離管制,設備管線是否加盲加鎖掛牌,37,31,30,1,0,1,0,0.9677,5,低
2026-01,嘉義,B,B級,中危害,環境測定,氣體偵測數值,可燃性氣體%、氧氣%、一氧化碳PPM、硫化氫PPM,37,32,31,1,0,0,0,0.9688,2,低
2026-01,嘉義,B,B級,中危害,環境測定,測定基準,可燃性氣體 < 20%LEL；氧氣>= 18%；一氧化碳<50 PPM；硫化氫<10 PPM,37,33,32,1,0,0,0,0.9697,2,低
2026-01,嘉義,B,B級,中危害,環境測定,測定頻率,上、下午施工前測定；A級或高風險作業需重複或連續測定；每小時/每兩小時紀錄表,37,32,31,1,0,0,0,0.9688,2,低
2026-01,嘉義,B,B級,中危害,防火防爆,消防設備,是否有消防設備,37,31,30,1,0,0,0,0.9677,2,低
2026-01,嘉義,B,B級,中危害,防火防爆,防爆安全工具,是否使用防爆電氣設備及安全工具,37,35,34,1,0,0,0,0.9714,2,低
2026-01,嘉義,B,B級,中危害,高處作業,防墜措施,設標準施工架、安全網、安全母索、安全帶,37,34,33,1,0,0,0,0.9706,2,低
2026-01,嘉義,B,B級,中危害,安全保護,個人防護具,是否有防護口罩、防毒面具、SCBA、防護手套、安全眼鏡、耳塞,37,34,33,1,0,0,0,0.9706,2,低
2026-01,嘉義,B,B級,中危害,警戒巡查,警戒標示,是否有警戒標示,37,33,32,1,0,1,0,0.9697,5,低
2026-01,嘉義,B,B級,中危害,警戒巡查,巡查會簽,是否轄區、監造、安衛人員或工地負責人巡查會簽,37,33,32,1,0,0,0,0.9697,2,低
2026-01,嘉義,B,B級,中危害,收工回簽,回簽收工確認,是否回簽時確認環境已整理並完成防護措施,37,35,34,1,0,0,0,0.9714,2,低
2026-01,嘉義,B,B級,中危害,收工回簽,一般安全規定,是否遵守工安規定,37,32,31,1,0,0,0,0.9688,2,低
2026-01,嘉義,B,B級,中危害,收工回簽,現場紀錄,是否拍照,37,36,35,1,0,0,0,0.9722,2,低
2026-01,嘉義,C,C級,低危害,廠區,基本資料,工廠、日期、時間,28,28,28,0,0,0,0,1.0,0,低
2026-01,嘉義,C,C級,低危害,許可證,許可資訊,工程作業分級、申請時間、核准工作時間、工作許可證編號,28,24,23,1,0,0,0,0.9583,2,低
2026-01,嘉義,C,C級,低危害,施工地點,場地關係人,施工部門、轄區部門、監造部門,28,26,25,1,0,0,0,0.9615,2,低
2026-01,嘉義,C,C級,低危害,包商,承攬商與人員資格,承攬商、工作人數、車輛車號、工地負責人、安衛人員、特殊作業主管,28,28,28,0,0,0,0,1.0,0,低
2026-01,嘉義,C,C級,低危害,危害等級,作業等級,施工地點、工程案號、工作內容、許可工作項目、作業分級,28,27,26,1,0,0,0,0.963,2,低
2026-01,嘉義,C,C級,低危害,危害等級,管線設備危害物,可燃性氣體、易燃液體、有害性氣體、化學藥劑、酸鹼、熱水蒸氣、空氣、其他,28,27,26,1,0,0,0,0.963,2,低
2026-01,嘉義,C,C級,低危害,檢點與危害告知,簽發前安全檢點,是否安全檢點,28,24,24,0,0,0,0,1.0,0,低
2026-01,嘉義,C,C級,低危害,檢點與危害告知,危害告知,是否危害告知,28,25,25,0,0,0,0,1.0,0,低
2026-01,嘉義,C,C級,低危害,危害排除與隔離,環境危害排除,是否設備管線危害物排除,28,26,25,1,0,0,0,0.9615,2,低
2026-01,嘉義,C,C級,低危害,危害排除與隔離,隔離管制,設備管線是否加盲加鎖掛牌,28,25,24,1,0,1,0,0.96,5,低
2026-01,嘉義,C,C級,低危害,環境測定,氣體偵測數值,可燃性氣體%、氧氣%、一氧化碳PPM、硫化氫PPM,28,25,24,1,0,0,0,0.96,2,低
2026-01,嘉義,C,C級,低危害,環境測定,測定基準,可燃性氣體 < 20%LEL；氧氣>= 18%；一氧化碳<50 PPM；硫化氫<10 PPM,28,25,24,1,0,0,0,0.96,2,低
2026-01,嘉義,C,C級,低危害,環境測定,測定頻率,上、下午施工前測定；A級或高風險作業需重複或連續測定；每小時/每兩小時紀錄表,28,28,27,1,0,0,0,0.9643,2,低
2026-01,嘉義,C,C級,低危害,防火防爆,消防設備,是否有消防設備,28,27,26,1,0,0,0,0.963,2,低
2026-01,嘉義,C,C級,低危害,防火防爆,防爆安全工具,是否使用防爆電氣設備及安全工具,28,24,23,1,0,0,0,0.9583,2,低
2026-01,嘉義,C,C級,低危害,高處作業,防墜措施,設標準施工架、安全網、安全母索、安全帶,28,24,23,1,0,0,0,0.9583,2,低
2026-01,嘉義,C,C級,低危害,安全保護,個人防護具,是否有防護口罩、防毒面具、SCBA、防護手套、安全眼鏡、耳塞,28,26,25,1,0,0,0,0.9615,2,低
2026-01,嘉義,C,C級,低危害,警戒巡查,警戒標示,是否有警戒標示,28,27,26,1,0,1,0,0.963,5,低
2026-01,嘉義,C,C級,低危害,警戒巡查,巡查會簽,是否轄區、監造、安衛人員或工地負責人巡查會簽,28,25,24,1,0,0,0,0.96,2,低
2026-01,嘉義,C,C級,低危害,收工回簽,回簽收工確認,是否回簽時確認環境已整理並完成防護措施,28,25,24,1,0,0,0,0.96,2,低
2026-01,嘉義,C,C級,低危害,收工回簽,一般安全規定,是否遵守工安規定,28,28,28,0,0,0,0,1.0,0,低
2026-01,嘉義,C,C級,低危害,收工回簽,現場紀錄,是否拍照,28,24,24,0,0,0,0,1.0,0,低
2026-02,嘉義,A,A級,高危害,廠區,基本資料,工廠、日期、時間,22,19,19,0,0,0,0,1.0,0,低
2026-02,嘉義,A,A級,高危害,許可證,許可資訊,工程作業分級、申請時間、核准工作時間、工作許可證編號,22,19,19,0,0,0,0,1.0,0,低
2026-02,嘉義,A,A級,高危害,施工地點,場地關係人,施工部門、轄區部門、監造部門,22,20,19,1,0,0,0,0.95,2,低
2026-02,嘉義,A,A級,高危害,包商,承攬商與人員資格,承攬商、工作人數、車輛車號、工地負責人、安衛人員、特殊作業主管,22,21,20,1,0,1,0,0.9524,5,低
2026-02,嘉義,A,A級,高危害,危害等級,作業等級,施工地點、工程案號、工作內容、許可工作項目、作業分級,22,19,18,1,0,0,0,0.9474,2,低
2026-02,嘉義,A,A級,高危害,危害等級,管線設備危害物,可燃性氣體、易燃液體、有害性氣體、化學藥劑、酸鹼、熱水蒸氣、空氣、其他,22,20,19,1,0,0,0,0.95,2,低
2026-02,嘉義,A,A級,高危害,檢點與危害告知,簽發前安全檢點,是否安全檢點,22,22,21,1,0,0,0,0.9545,2,低
2026-02,嘉義,A,A級,高危害,檢點與危害告知,危害告知,是否危害告知,22,19,18,1,0,0,0,0.9474,2,低
2026-02,嘉義,A,A級,高危害,危害排除與隔離,環境危害排除,是否設備管線危害物排除,22,19,18,1,0,0,0,0.9474,2,低
2026-02,嘉義,A,A級,高危害,危害排除與隔離,隔離管制,設備管線是否加盲加鎖掛牌,22,19,18,1,0,0,0,0.9474,2,低
2026-02,嘉義,A,A級,高危害,環境測定,氣體偵測數值,可燃性氣體%、氧氣%、一氧化碳PPM、硫化氫PPM,22,22,21,1,0,0,0,0.9545,2,低
2026-02,嘉義,A,A級,高危害,環境測定,測定基準,可燃性氣體 < 20%LEL；氧氣>= 18%；一氧化碳<50 PPM；硫化氫<10 PPM,22,22,21,1,0,1,0,0.9545,5,低
2026-02,嘉義,A,A級,高危害,環境測定,測定頻率,上、下午施工前測定；A級或高風險作業需重複或連續測定；每小時/每兩小時紀錄表,22,22,21,1,0,1,0,0.9545,5,低
2026-02,嘉義,A,A級,高危害,防火防爆,消防設備,是否有消防設備,22,19,18,1,0,0,0,0.9474,2,低
2026-02,嘉義,A,A級,高危害,防火防爆,防爆安全工具,是否使用防爆電氣設備及安全工具,22,19,18,1,0,0,0,0.9474,2,低
2026-02,嘉義,A,A級,高危害,高處作業,防墜措施,設標準施工架、安全網、安全母索、安全帶,22,19,18,1,0,0,0,0.9474,2,低
2026-02,嘉義,A,A級,高危害,安全保護,個人防護具,是否有防護口罩、防毒面具、SCBA、防護手套、安全眼鏡、耳塞,22,22,21,1,0,1,0,0.9545,5,低
2026-02,嘉義,A,A級,高危害,警戒巡查,警戒標示,是否有警戒標示,22,21,20,1,0,0,0,0.9524,2,低
2026-02,嘉義,A,A級,高危害,警戒巡查,巡查會簽,是否轄區、監造、安衛人員或工地負責人巡查會簽,22,22,21,1,0,0,0,0.9545,2,低
2026-02,嘉義,A,A級,高危害,收工回簽,回簽收工確認,是否回簽時確認環境已整理並完成防護措施,22,22,21,1,0,0,0,0.9545,2,低
2026-02,嘉義,A,A級,高危害,收工回簽,一般安全規定,是否遵守工安規定,22,18,18,0,0,0,0,1.0,0,低
2026-02,嘉義,A,A級,高危害,收工回簽,現場紀錄,是否拍照,22,21,20,1,0,0,0,0.9524,2,低
2026-02,嘉義,B,B級,中危害,廠區,基本資料,工廠、日期、時間,40,35,35,0,0,0,0,1.0,0,低
2026-02,嘉義,B,B級,中危害,許可證,許可資訊,工程作業分級、申請時間、核准工作時間、工作許可證編號,40,37,36,1,0,0,0,0.973,2,低
2026-02,嘉義,B,B級,中危害,施工地點,場地關係人,施工部門、轄區部門、監造部門,40,35,34,1,0,0,0,0.9714,2,低
2026-02,嘉義,B,B級,中危害,包商,承攬商與人員資格,承攬商、工作人數、車輛車號、工地負責人、安衛人員、特殊作業主管,40,39,38,1,0,0,0,0.9744,2,低
2026-02,嘉義,B,B級,中危害,危害等級,作業等級,施工地點、工程案號、工作內容、許可工作項目、作業分級,40,40,39,1,0,0,0,0.975,2,低
2026-02,嘉義,B,B級,中危害,危害等級,管線設備危害物,可燃性氣體、易燃液體、有害性氣體、化學藥劑、酸鹼、熱水蒸氣、空氣、其他,40,34,33,1,0,0,0,0.9706,2,低
2026-02,嘉義,B,B級,中危害,檢點與危害告知,簽發前安全檢點,是否安全檢點,40,39,38,1,0,0,0,0.9744,2,低
2026-02,嘉義,B,B級,中危害,檢點與危害告知,危害告知,是否危害告知,40,33,32,1,0,0,0,0.9697,2,低
2026-02,嘉義,B,B級,中危害,危害排除與隔離,環境危害排除,是否設備管線危害物排除,40,34,33,1,0,0,0,0.9706,2,低
2026-02,嘉義,B,B級,中危害,危害排除與隔離,隔離管制,設備管線是否加盲加鎖掛牌,40,36,35,1,0,0,0,0.9722,2,低
2026-02,嘉義,B,B級,中危害,環境測定,氣體偵測數值,可燃性氣體%、氧氣%、一氧化碳PPM、硫化氫PPM,40,35,34,1,0,1,0,0.9714,5,低
2026-02,嘉義,B,B級,中危害,環境測定,測定基準,可燃性氣體 < 20%LEL；氧氣>= 18%；一氧化碳<50 PPM；硫化氫<10 PPM,40,34,33,1,0,0,0,0.9706,2,低
2026-02,嘉義,B,B級,中危害,環境測定,測定頻率,上、下午施工前測定；A級或高風險作業需重複或連續測定；每小時/每兩小時紀錄表,40,38,36,2,1,1,0,0.9474,16,中
2026-02,嘉義,B,B級,中危害,防火防爆,消防設備,是否有消防設備,40,37,36,1,0,0,0,0.973,2,低
2026-02,嘉義,B,B級,中危害,防火防爆,防爆安全工具,是否使用防爆電氣設備及安全工具,40,38,36,2,1,1,0,0.9474,16,中
2026-02,嘉義,B,B級,中危害,高處作業,防墜措施,設標準施工架、安全網、安全母索、安全帶,40,38,37,1,0,0,0,0.9737,2,低
2026-02,嘉義,B,B級,中危害,安全保護,個人防護具,是否有防護口罩、防毒面具、SCBA、防護手套、安全眼鏡、耳塞,40,38,37,1,0,1,0,0.9737,5,低
2026-02,嘉義,B,B級,中危害,警戒巡查,警戒標示,是否有警戒標示,40,39,38,1,0,0,0,0.9744,2,低
2026-02,嘉義,B,B級,中危害,警戒巡查,巡查會簽,是否轄區、監造、安衛人員或工地負責人巡查會簽,40,36,35,1,0,0,0,0.9722,2,低
2026-02,嘉義,B,B級,中危害,收工回簽,回簽收工確認,是否回簽時確認環境已整理並完成防護措施,40,36,35,1,0,0,0,0.9722,2,低
2026-02,嘉義,B,B級,中危害,收工回簽,一般安全規定,是否遵守工安規定,40,38,37,1,0,0,0,0.9737,2,低
2026-02,嘉義,B,B級,中危害,收工回簽,現場紀錄,是否拍照,40,34,33,1,0,0,0,0.9706,2,低
2026-02,嘉義,C,C級,低危害,廠區,基本資料,工廠、日期、時間,30,25,25,0,0,0,0,1.0,0,低
2026-02,嘉義,C,C級,低危害,許可證,許可資訊,工程作業分級、申請時間、核准工作時間、工作許可證編號,30,30,29,1,0,0,0,0.9667,2,低
2026-02,嘉義,C,C級,低危害,施工地點,場地關係人,施工部門、轄區部門、監造部門,30,26,25,1,0,1,0,0.9615,5,低
2026-02,嘉義,C,C級,低危害,包商,承攬商與人員資格,承攬商、工作人數、車輛車號、工地負責人、安衛人員、特殊作業主管,30,29,28,1,0,0,0,0.9655,2,低
2026-02,嘉義,C,C級,低危害,危害等級,作業等級,施工地點、工程案號、工作內容、許可工作項目、作業分級,30,30,29,1,0,0,0,0.9667,2,低
2026-02,嘉義,C,C級,低危害,危害等級,管線設備危害物,可燃性氣體、易燃液體、有害性氣體、化學藥劑、酸鹼、熱水蒸氣、空氣、其他,30,29,28,1,0,0,0,0.9655,2,低
2026-02,嘉義,C,C級,低危害,檢點與危害告知,簽發前安全檢點,是否安全檢點,30,30,29,1,0,0,0,0.9667,2,低
2026-02,嘉義,C,C級,低危害,檢點與危害告知,危害告知,是否危害告知,30,25,25,0,0,0,0,1.0,0,低
2026-02,嘉義,C,C級,低危害,危害排除與隔離,環境危害排除,是否設備管線危害物排除,30,25,24,1,0,0,0,0.96,2,低
2026-02,嘉義,C,C級,低危害,危害排除與隔離,隔離管制,設備管線是否加盲加鎖掛牌,30,26,25,1,0,0,0,0.9615,2,低
2026-02,嘉義,C,C級,低危害,環境測定,氣體偵測數值,可燃性氣體%、氧氣%、一氧化碳PPM、硫化氫PPM,30,27,26,1,0,0,0,0.963,2,低
2026-02,嘉義,C,C級,低危害,環境測定,測定基準,可燃性氣體 < 20%LEL；氧氣>= 18%；一氧化碳<50 PPM；硫化氫<10 PPM,30,25,24,1,0,0,0,0.96,2,低
2026-02,嘉義,C,C級,低危害,環境測定,測定頻率,上、下午施工前測定；A級或高風險作業需重複或連續測定；每小時/每兩小時紀錄表,30,30,29,1,0,0,0,0.9667,2,低
2026-02,嘉義,C,C級,低危害,防火防爆,消防設備,是否有消防設備,30,30,29,1,0,1,0,0.9667,5,低
2026-02,嘉義,C,C級,低危害,防火防爆,防爆安全工具,是否使用防爆電氣設備及安全工具,30,26,25,1,0,0,0,0.9615,2,低
2026-02,嘉義,C,C級,低危害,高處作業,防墜措施,設標準施工架、安全網、安全母索、安全帶,30,25,24,1,0,0,0,0.96,2,低
2026-02,嘉義,C,C級,低危害,安全保護,個人防護具,是否有防護口罩、防毒面具、SCBA、防護手套、安全眼鏡、耳塞,30,27,26,1,0,0,0,0.963,2,低
2026-02,嘉義,C,C級,低危害,警戒巡查,警戒標示,是否有警戒標示,30,30,29,1,0,0,0,0.9667,2,低
2026-02,嘉義,C,C級,低危害,警戒巡查,巡查會簽,是否轄區、監造、安衛人員或工地負責人巡查會簽,30,26,25,1,0,0,0,0.9615,2,低
2026-02,嘉義,C,C級,低危害,收工回簽,回簽收工確認,是否回簽時確認環境已整理並完成防護措施,30,25,24,1,0,0,0,0.96,2,低
2026-02,嘉義,C,C級,低危害,收工回簽,一般安全規定,是否遵守工安規定,30,28,28,0,0,0,0,1.0,0,低
2026-02,嘉義,C,C級,低危害,收工回簽,現場紀錄,是否拍照,30,29,28,1,0,0,0,0.9655,2,低
2026-03,嘉義,A,A級,高危害,廠區,基本資料,工廠、日期、時間,19,17,17,0,0,0,0,1.0,0,低
2026-03,嘉義,A,A級,高危害,許可證,許可資訊,工程作業分級、申請時間、核准工作時間、工作許可證編號,19,16,16,0,0,0,0,1.0,0,低
2026-03,嘉義,A,A級,高危害,施工地點,場地關係人,施工部門、轄區部門、監造部門,19,17,17,0,0,0,0,1.0,0,低
2026-03,嘉義,A,A級,高危害,包商,承攬商與人員資格,承攬商、工作人數、車輛車號、工地負責人、安衛人員、特殊作業主管,19,19,18,1,0,0,0,0.9474,2,低
2026-03,嘉義,A,A級,高危害,危害等級,作業等級,施工地點、工程案號、工作內容、許可工作項目、作業分級,19,17,16,1,0,0,0,0.9412,2,低
2026-03,嘉義,A,A級,高危害,危害等級,管線設備危害物,可燃性氣體、易燃液體、有害性氣體、化學藥劑、酸鹼、熱水蒸氣、空氣、其他,19,16,15,1,0,0,0,0.9375,2,低
2026-03,嘉義,A,A級,高危害,檢點與危害告知,簽發前安全檢點,是否安全檢點,19,18,18,0,0,0,0,1.0,0,低
2026-03,嘉義,A,A級,高危害,檢點與危害告知,危害告知,是否危害告知,19,18,18,0,0,0,0,1.0,0,低
2026-03,嘉義,A,A級,高危害,危害排除與隔離,環境危害排除,是否設備管線危害物排除,19,16,15,1,0,0,0,0.9375,2,低
2026-03,嘉義,A,A級,高危害,危害排除與隔離,隔離管制,設備管線是否加盲加鎖掛牌,19,19,18,1,0,1,0,0.9474,5,低
2026-03,嘉義,A,A級,高危害,環境測定,氣體偵測數值,可燃性氣體%、氧氣%、一氧化碳PPM、硫化氫PPM,19,19,18,1,0,0,0,0.9474,2,低
2026-03,嘉義,A,A級,高危害,環境測定,測定基準,可燃性氣體 < 20%LEL；氧氣>= 18%；一氧化碳<50 PPM；硫化氫<10 PPM,19,17,16,1,0,0,0,0.9412,2,低
2026-03,嘉義,A,A級,高危害,環境測定,測定頻率,上、下午施工前測定；A級或高風險作業需重複或連續測定；每小時/每兩小時紀錄表,19,16,15,1,0,1,0,0.9375,5,低
2026-03,嘉義,A,A級,高危害,防火防爆,消防設備,是否有消防設備,19,18,17,1,0,0,0,0.9444,2,低
2026-03,嘉義,A,A級,高危害,防火防爆,防爆安全工具,是否使用防爆電氣設備及安全工具,19,17,16,1,0,0,0,0.9412,2,低
2026-03,嘉義,A,A級,高危害,高處作業,防墜措施,設標準施工架、安全網、安全母索、安全帶,19,18,17,1,0,0,0,0.9444,2,低
2026-03,嘉義,A,A級,高危害,安全保護,個人防護具,是否有防護口罩、防毒面具、SCBA、防護手套、安全眼鏡、耳塞,19,19,18,1,0,0,0,0.9474,2,低
2026-03,嘉義,A,A級,高危害,警戒巡查,警戒標示,是否有警戒標示,19,17,16,1,0,0,0,0.9412,2,低
2026-03,嘉義,A,A級,高危害,警戒巡查,巡查會簽,是否轄區、監造、安衛人員或工地負責人巡查會簽,19,18,17,1,0,0,0,0.9444,2,低
2026-03,嘉義,A,A級,高危害,收工回簽,回簽收工確認,是否回簽時確認環境已整理並完成防護措施,19,18,18,0,0,0,0,1.0,0,低
2026-03,嘉義,A,A級,高危害,收工回簽,一般安全規定,是否遵守工安規定,19,17,17,0,0,0,0,1.0,0,低
2026-03,嘉義,A,A級,高危害,收工回簽,現場紀錄,是否拍照,19,16,16,0,0,0,0,1.0,0,低
2026-03,嘉義,B,B級,中危害,廠區,基本資料,工廠、日期、時間,43,38,37,1,0,0,0,0.9737,2,低
2026-03,嘉義,B,B級,中危害,許可證,許可資訊,工程作業分級、申請時間、核准工作時間、工作許可證編號,43,42,41,1,0,0,0,0.9762,2,低
2026-03,嘉義,B,B級,中危害,施工地點,場地關係人,施工部門、轄區部門、監造部門,43,40,39,1,0,0,0,0.975,2,低
2026-03,嘉義,B,B級,中危害,包商,承攬商與人員資格,承攬商、工作人數、車輛車號、工地負責人、安衛人員、特殊作業主管,43,43,42,1,0,0,0,0.9767,2,低
2026-03,嘉義,B,B級,中危害,危害等級,作業等級,施工地點、工程案號、工作內容、許可工作項目、作業分級,43,40,39,1,0,0,0,0.975,2,低
2026-03,嘉義,B,B級,中危害,危害等級,管線設備危害物,可燃性氣體、易燃液體、有害性氣體、化學藥劑、酸鹼、熱水蒸氣、空氣、其他,43,36,35,1,0,0,0,0.9722,2,低
2026-03,嘉義,B,B級,中危害,檢點與危害告知,簽發前安全檢點,是否安全檢點,43,37,36,1,0,0,0,0.973,2,低
2026-03,嘉義,B,B級,中危害,檢點與危害告知,危害告知,是否危害告知,43,38,37,1,0,0,0,0.9737,2,低
2026-03,嘉義,B,B級,中危害,危害排除與隔離,環境危害排除,是否設備管線危害物排除,43,38,37,1,0,0,0,0.9737,2,低
2026-03,嘉義,B,B級,中危害,危害排除與隔離,隔離管制,設備管線是否加盲加鎖掛牌,43,39,38,1,0,0,0,0.9744,2,低
2026-03,嘉義,B,B級,中危害,環境測定,氣體偵測數值,可燃性氣體%、氧氣%、一氧化碳PPM、硫化氫PPM,43,41,39,2,1,1,0,0.9512,16,中
2026-03,嘉義,B,B級,中危害,環境測定,測定基準,可燃性氣體 < 20%LEL；氧氣>= 18%；一氧化碳<50 PPM；硫化氫<10 PPM,43,38,37,1,0,0,0,0.9737,2,低
2026-03,嘉義,B,B級,中危害,環境測定,測定頻率,上、下午施工前測定；A級或高風險作業需重複或連續測定；每小時/每兩小時紀錄表,43,43,42,1,0,0,0,0.9767,2,低
2026-03,嘉義,B,B級,中危害,防火防爆,消防設備,是否有消防設備,43,38,37,1,0,0,0,0.9737,2,低
2026-03,嘉義,B,B級,中危害,防火防爆,防爆安全工具,是否使用防爆電氣設備及安全工具,43,36,35,1,0,0,0,0.9722,2,低
2026-03,嘉義,B,B級,中危害,高處作業,防墜措施,設標準施工架、安全網、安全母索、安全帶,43,36,35,1,0,0,0,0.9722,2,低
2026-03,嘉義,B,B級,中危害,安全保護,個人防護具,是否有防護口罩、防毒面具、SCBA、防護手套、安全眼鏡、耳塞,43,41,40,1,0,0,0,0.9756,2,低
2026-03,嘉義,B,B級,中危害,警戒巡查,警戒標示,是否有警戒標示,43,38,37,1,0,0,0,0.9737,2,低
2026-03,嘉義,B,B級,中危害,警戒巡查,巡查會簽,是否轄區、監造、安衛人員或工地負責人巡查會簽,43,43,42,1,0,0,0,0.9767,2,低
2026-03,嘉義,B,B級,中危害,收工回簽,回簽收工確認,是否回簽時確認環境已整理並完成防護措施,43,38,37,1,0,0,0,0.9737,2,低
2026-03,嘉義,B,B級,中危害,收工回簽,一般安全規定,是否遵守工安規定,43,42,41,1,0,0,0,0.9762,2,低
2026-03,嘉義,B,B級,中危害,收工回簽,現場紀錄,是否拍照,43,36,35,1,0,0,0,0.9722,2,低
2026-03,嘉義,C,C級,低危害,廠區,基本資料,工廠、日期、時間,30,30,30,0,0,0,0,1.0,0,低
2026-03,嘉義,C,C級,低危害,許可證,許可資訊,工程作業分級、申請時間、核准工作時間、工作許可證編號,30,26,25,1,0,0,0,0.9615,2,低
2026-03,嘉義,C,C級,低危害,施工地點,場地關係人,施工部門、轄區部門、監造部門,30,25,25,0,0,0,0,1.0,0,低
2026-03,嘉義,C,C級,低危害,包商,承攬商與人員資格,承攬商、工作人數、車輛車號、工地負責人、安衛人員、特殊作業主管,30,26,25,1,0,0,0,0.9615,2,低
2026-03,嘉義,C,C級,低危害,危害等級,作業等級,施工地點、工程案號、工作內容、許可工作項目、作業分級,30,25,24,1,0,0,0,0.96,2,低
2026-03,嘉義,C,C級,低危害,危害等級,管線設備危害物,可燃性氣體、易燃液體、有害性氣體、化學藥劑、酸鹼、熱水蒸氣、空氣、其他,30,28,27,1,0,0,0,0.9643,2,低
2026-03,嘉義,C,C級,低危害,檢點與危害告知,簽發前安全檢點,是否安全檢點,30,28,27,1,0,0,0,0.9643,2,低
2026-03,嘉義,C,C級,低危害,檢點與危害告知,危害告知,是否危害告知,30,27,26,1,0,0,0,0.963,2,低
2026-03,嘉義,C,C級,低危害,危害排除與隔離,環境危害排除,是否設備管線危害物排除,30,28,27,1,0,0,0,0.9643,2,低
2026-03,嘉義,C,C級,低危害,危害排除與隔離,隔離管制,設備管線是否加盲加鎖掛牌,30,25,24,1,0,0,0,0.96,2,低
2026-03,嘉義,C,C級,低危害,環境測定,氣體偵測數值,可燃性氣體%、氧氣%、一氧化碳PPM、硫化氫PPM,30,30,29,1,0,0,0,0.9667,2,低
2026-03,嘉義,C,C級,低危害,環境測定,測定基準,可燃性氣體 < 20%LEL；氧氣>= 18%；一氧化碳<50 PPM；硫化氫<10 PPM,30,27,26,1,0,0,0,0.963,2,低
2026-03,嘉義,C,C級,低危害,環境測定,測定頻率,上、下午施工前測定；A級或高風險作業需重複或連續測定；每小時/每兩小時紀錄表,30,28,27,1,0,0,0,0.9643,2,低
2026-03,嘉義,C,C級,低危害,防火防爆,消防設備,是否有消防設備,30,30,29,1,0,0,0,0.9667,2,低
2026-03,嘉義,C,C級,低危害,防火防爆,防爆安全工具,是否使用防爆電氣設備及安全工具,30,26,25,1,0,0,0,0.9615,2,低
2026-03,嘉義,C,C級,低危害,高處作業,防墜措施,設標準施工架、安全網、安全母索、安全帶,30,25,24,1,0,0,0,0.96,2,低
2026-03,嘉義,C,C級,低危害,安全保護,個人防護具,是否有防護口罩、防毒面具、SCBA、防護手套、安全眼鏡、耳塞,30,25,24,1,0,0,0,0.96,2,低
2026-03,嘉義,C,C級,低危害,警戒巡查,警戒標示,是否有警戒標示,30,29,28,1,0,0,0,0.9655,2,低
2026-03,嘉義,C,C級,低危害,警戒巡查,巡查會簽,是否轄區、監造、安衛人員或工地負責人巡查會簽,30,28,27,1,0,1,0,0.9643,5,低
2026-03,嘉義,C,C級,低危害,收工回簽,回簽收工確認,是否回簽時確認環境已整理並完成防護措施,30,27,26,1,0,0,0,0.963,2,低
2026-03,嘉義,C,C級,低危害,收工回簽,一般安全規定,是否遵守工安規定,30,25,24,1,0,0,0,0.96,2,低
2026-03,嘉義,C,C級,低危害,收工回簽,現場紀錄,是否拍照,30,27,27,0,0,0,0,1.0,0,低
2026-04,嘉義,A,A級,高危害,廠區,基本資料,工廠、日期、時間,22,19,19,0,0,0,0,1.0,0,低
2026-04,嘉義,A,A級,高危害,許可證,許可資訊,工程作業分級、申請時間、核准工作時間、工作許可證編號,22,19,19,0,0,0,0,1.0,0,低
2026-04,嘉義,A,A級,高危害,施工地點,場地關係人,施工部門、轄區部門、監造部門,22,18,18,0,0,0,0,1.0,0,低
2026-04,嘉義,A,A級,高危害,包商,承攬商與人員資格,承攬商、工作人數、車輛車號、工地負責人、安衛人員、特殊作業主管,22,21,20,1,0,0,0,0.9524,2,低
2026-04,嘉義,A,A級,高危害,危害等級,作業等級,施工地點、工程案號、工作內容、許可工作項目、作業分級,22,21,20,1,0,1,0,0.9524,5,低
2026-04,嘉義,A,A級,高危害,危害等級,管線設備危害物,可燃性氣體、易燃液體、有害性氣體、化學藥劑、酸鹼、熱水蒸氣、空氣、其他,22,19,18,1,0,0,0,0.9474,2,低
2026-04,嘉義,A,A級,高危害,檢點與危害告知,簽發前安全檢點,是否安全檢點,22,19,18,1,0,0,0,0.9474,2,低
2026-04,嘉義,A,A級,高危害,檢點與危害告知,危害告知,是否危害告知,22,20,19,1,0,0,0,0.95,2,低
2026-04,嘉義,A,A級,高危害,危害排除與隔離,環境危害排除,是否設備管線危害物排除,22,18,17,1,0,0,0,0.9444,2,低
2026-04,嘉義,A,A級,高危害,危害排除與隔離,隔離管制,設備管線是否加盲加鎖掛牌,22,20,19,1,0,0,0,0.95,2,低
2026-04,嘉義,A,A級,高危害,環境測定,氣體偵測數值,可燃性氣體%、氧氣%、一氧化碳PPM、硫化氫PPM,22,18,17,1,0,0,0,0.9444,2,低
2026-04,嘉義,A,A級,高危害,環境測定,測定基準,可燃性氣體 < 20%LEL；氧氣>= 18%；一氧化碳<50 PPM；硫化氫<10 PPM,22,20,19,1,0,0,0,0.95,2,低
2026-04,嘉義,A,A級,高危害,環境測定,測定頻率,上、下午施工前測定；A級或高風險作業需重複或連續測定；每小時/每兩小時紀錄表,22,19,18,1,0,0,0,0.9474,2,低
2026-04,嘉義,A,A級,高危害,防火防爆,消防設備,是否有消防設備,22,21,20,1,0,0,0,0.9524,2,低
2026-04,嘉義,A,A級,高危害,防火防爆,防爆安全工具,是否使用防爆電氣設備及安全工具,22,22,21,1,0,0,0,0.9545,2,低
2026-04,嘉義,A,A級,高危害,高處作業,防墜措施,設標準施工架、安全網、安全母索、安全帶,22,21,20,1,0,0,0,0.9524,2,低
2026-04,嘉義,A,A級,高危害,安全保護,個人防護具,是否有防護口罩、防毒面具、SCBA、防護手套、安全眼鏡、耳塞,22,19,18,1,0,0,0,0.9474,2,低
2026-04,嘉義,A,A級,高危害,警戒巡查,警戒標示,是否有警戒標示,22,22,21,1,0,0,0,0.9545,2,低
2026-04,嘉義,A,A級,高危害,警戒巡查,巡查會簽,是否轄區、監造、安衛人員或工地負責人巡查會簽,22,19,18,1,0,0,0,0.9474,2,低
2026-04,嘉義,A,A級,高危害,收工回簽,回簽收工確認,是否回簽時確認環境已整理並完成防護措施,22,21,20,1,0,0,0,0.9524,2,低
2026-04,嘉義,A,A級,高危害,收工回簽,一般安全規定,是否遵守工安規定,22,22,21,1,0,0,0,0.9545,2,低
2026-04,嘉義,A,A級,高危害,收工回簽,現場紀錄,是否拍照,22,20,19,1,0,0,0,0.95,2,低
2026-04,嘉義,B,B級,中危害,廠區,基本資料,工廠、日期、時間,36,34,33,1,0,0,0,0.9706,2,低
2026-04,嘉義,B,B級,中危害,許可證,許可資訊,工程作業分級、申請時間、核准工作時間、工作許可證編號,36,32,31,1,0,0,0,0.9688,2,低
2026-04,嘉義,B,B級,中危害,施工地點,場地關係人,施工部門、轄區部門、監造部門,36,30,29,1,0,0,0,0.9667,2,低
2026-04,嘉義,B,B級,中危害,包商,承攬商與人員資格,承攬商、工作人數、車輛車號、工地負責人、安衛人員、特殊作業主管,36,33,32,1,0,0,0,0.9697,2,低
2026-04,嘉義,B,B級,中危害,危害等級,作業等級,施工地點、工程案號、工作內容、許可工作項目、作業分級,36,31,30,1,0,0,0,0.9677,2,低
2026-04,嘉義,B,B級,中危害,危害等級,管線設備危害物,可燃性氣體、易燃液體、有害性氣體、化學藥劑、酸鹼、熱水蒸氣、空氣、其他,36,31,30,1,0,1,0,0.9677,5,低
2026-04,嘉義,B,B級,中危害,檢點與危害告知,簽發前安全檢點,是否安全檢點,36,32,31,1,0,0,0,0.9688,2,低
2026-04,嘉義,B,B級,中危害,檢點與危害告知,危害告知,是否危害告知,36,31,30,1,0,0,0,0.9677,2,低
2026-04,嘉義,B,B級,中危害,危害排除與隔離,環境危害排除,是否設備管線危害物排除,36,35,34,1,0,0,0,0.9714,2,低
2026-04,嘉義,B,B級,中危害,危害排除與隔離,隔離管制,設備管線是否加盲加鎖掛牌,36,35,34,1,0,0,0,0.9714,2,低
2026-04,嘉義,B,B級,中危害,環境測定,氣體偵測數值,可燃性氣體%、氧氣%、一氧化碳PPM、硫化氫PPM,36,30,29,1,0,0,0,0.9667,2,低
2026-04,嘉義,B,B級,中危害,環境測定,測定基準,可燃性氣體 < 20%LEL；氧氣>= 18%；一氧化碳<50 PPM；硫化氫<10 PPM,36,35,34,1,0,0,0,0.9714,2,低
2026-04,嘉義,B,B級,中危害,環境測定,測定頻率,上、下午施工前測定；A級或高風險作業需重複或連續測定；每小時/每兩小時紀錄表,36,35,34,1,0,0,0,0.9714,2,低
2026-04,嘉義,B,B級,中危害,防火防爆,消防設備,是否有消防設備,36,30,29,1,0,0,0,0.9667,2,低
2026-04,嘉義,B,B級,中危害,防火防爆,防爆安全工具,是否使用防爆電氣設備及安全工具,36,34,33,1,0,0,0,0.9706,2,低
2026-04,嘉義,B,B級,中危害,高處作業,防墜措施,設標準施工架、安全網、安全母索、安全帶,36,33,32,1,0,0,0,0.9697,2,低
2026-04,嘉義,B,B級,中危害,安全保護,個人防護具,是否有防護口罩、防毒面具、SCBA、防護手套、安全眼鏡、耳塞,36,36,35,1,0,0,0,0.9722,2,低
2026-04,嘉義,B,B級,中危害,警戒巡查,警戒標示,是否有警戒標示,36,34,33,1,0,0,0,0.9706,2,低
2026-04,嘉義,B,B級,中危害,警戒巡查,巡查會簽,是否轄區、監造、安衛人員或工地負責人巡查會簽,36,32,31,1,0,0,0,0.9688,2,低
2026-04,嘉義,B,B級,中危害,收工回簽,回簽收工確認,是否回簽時確認環境已整理並完成防護措施,36,34,33,1,0,0,0,0.9706,2,低
2026-04,嘉義,B,B級,中危害,收工回簽,一般安全規定,是否遵守工安規定,36,31,30,1,0,0,0,0.9677,2,低
2026-04,嘉義,B,B級,中危害,收工回簽,現場紀錄,是否拍照,36,31,30,1,0,0,0,0.9677,2,低
2026-04,嘉義,C,C級,低危害,廠區,基本資料,工廠、日期、時間,31,29,29,0,0,0,0,1.0,0,低
2026-04,嘉義,C,C級,低危害,許可證,許可資訊,工程作業分級、申請時間、核准工作時間、工作許可證編號,31,29,28,1,0,0,0,0.9655,2,低
2026-04,嘉義,C,C級,低危害,施工地點,場地關係人,施工部門、轄區部門、監造部門,31,26,26,0,0,0,0,1.0,0,低
2026-04,嘉義,C,C級,低危害,包商,承攬商與人員資格,承攬商、工作人數、車輛車號、工地負責人、安衛人員、特殊作業主管,31,28,27,1,0,0,0,0.9643,2,低
2026-04,嘉義,C,C級,低危害,危害等級,作業等級,施工地點、工程案號、工作內容、許可工作項目、作業分級,31,29,28,1,0,0,0,0.9655,2,低
2026-04,嘉義,C,C級,低危害,危害等級,管線設備危害物,可燃性氣體、易燃液體、有害性氣體、化學藥劑、酸鹼、熱水蒸氣、空氣、其他,31,31,30,1,0,0,0,0.9677,2,低
2026-04,嘉義,C,C級,低危害,檢點與危害告知,簽發前安全檢點,是否安全檢點,31,29,29,0,0,0,0,1.0,0,低
2026-04,嘉義,C,C級,低危害,檢點與危害告知,危害告知,是否危害告知,31,27,26,1,0,0,0,0.963,2,低
2026-04,嘉義,C,C級,低危害,危害排除與隔離,環境危害排除,是否設備管線危害物排除,31,30,29,1,0,1,0,0.9667,5,低
2026-04,嘉義,C,C級,低危害,危害排除與隔離,隔離管制,設備管線是否加盲加鎖掛牌,31,28,27,1,0,0,0,0.9643,2,低
2026-04,嘉義,C,C級,低危害,環境測定,氣體偵測數值,可燃性氣體%、氧氣%、一氧化碳PPM、硫化氫PPM,31,26,25,1,0,0,0,0.9615,2,低
2026-04,嘉義,C,C級,低危害,環境測定,測定基準,可燃性氣體 < 20%LEL；氧氣>= 18%；一氧化碳<50 PPM；硫化氫<10 PPM,31,30,29,1,0,0,0,0.9667,2,低
2026-04,嘉義,C,C級,低危害,環境測定,測定頻率,上、下午施工前測定；A級或高風險作業需重複或連續測定；每小時/每兩小時紀錄表,31,28,27,1,0,0,0,0.9643,2,低
2026-04,嘉義,C,C級,低危害,防火防爆,消防設備,是否有消防設備,31,28,27,1,0,0,0,0.9643,2,低
2026-04,嘉義,C,C級,低危害,防火防爆,防爆安全工具,是否使用防爆電氣設備及安全工具,31,27,26,1,0,0,0,0.963,2,低
2026-04,嘉義,C,C級,低危害,高處作業,防墜措施,設標準施工架、安全網、安全母索、安全帶,31,30,29,1,0,0,0,0.9667,2,低
2026-04,嘉義,C,C級,低危害,安全保護,個人防護具,是否有防護口罩、防毒面具、SCBA、防護手套、安全眼鏡、耳塞,31,27,26,1,0,1,0,0.963,5,低
2026-04,嘉義,C,C級,低危害,警戒巡查,警戒標示,是否有警戒標示,31,30,29,1,0,0,0,0.9667,2,低
2026-04,嘉義,C,C級,低危害,警戒巡查,巡查會簽,是否轄區、監造、安衛人員或工地負責人巡查會簽,31,26,25,1,0,0,0,0.9615,2,低
2026-04,嘉義,C,C級,低危害,收工回簽,回簽收工確認,是否回簽時確認環境已整理並完成防護措施,31,27,26,1,0,0,0,0.963,2,低
2026-04,嘉義,C,C級,低危害,收工回簽,一般安全規定,是否遵守工安規定,31,26,26,0,0,0,0,1.0,0,低
2026-04,嘉義,C,C級,低危害,收工回簽,現場紀錄,是否拍照,31,28,27,1,0,0,0,0.9643,2,低
2026-05,嘉義,A,A級,高危害,廠區,基本資料,工廠、日期、時間,15,13,13,0,0,0,0,1.0,0,低
2026-05,嘉義,A,A級,高危害,許可證,許可資訊,工程作業分級、申請時間、核准工作時間、工作許可證編號,15,15,15,0,0,0,0,1.0,0,低
2026-05,嘉義,A,A級,高危害,施工地點,場地關係人,施工部門、轄區部門、監造部門,15,13,13,0,0,0,0,1.0,0,低
2026-05,嘉義,A,A級,高危害,包商,承攬商與人員資格,承攬商、工作人數、車輛車號、工地負責人、安衛人員、特殊作業主管,15,14,13,1,0,0,0,0.9286,2,低
2026-05,嘉義,A,A級,高危害,危害等級,作業等級,施工地點、工程案號、工作內容、許可工作項目、作業分級,15,12,12,0,0,0,0,1.0,0,低
2026-05,嘉義,A,A級,高危害,危害等級,管線設備危害物,可燃性氣體、易燃液體、有害性氣體、化學藥劑、酸鹼、熱水蒸氣、空氣、其他,15,13,13,0,0,0,0,1.0,0,低
2026-05,嘉義,A,A級,高危害,檢點與危害告知,簽發前安全檢點,是否安全檢點,15,12,12,0,0,0,0,1.0,0,低
2026-05,嘉義,A,A級,高危害,檢點與危害告知,危害告知,是否危害告知,15,13,13,0,0,0,0,1.0,0,低
2026-05,嘉義,A,A級,高危害,危害排除與隔離,環境危害排除,是否設備管線危害物排除,15,15,14,1,0,0,0,0.9333,2,低
2026-05,嘉義,A,A級,高危害,危害排除與隔離,隔離管制,設備管線是否加盲加鎖掛牌,15,14,13,1,0,1,0,0.9286,5,低
2026-05,嘉義,A,A級,高危害,環境測定,氣體偵測數值,可燃性氣體%、氧氣%、一氧化碳PPM、硫化氫PPM,15,12,11,1,0,0,0,0.9167,2,低
2026-05,嘉義,A,A級,高危害,環境測定,測定基準,可燃性氣體 < 20%LEL；氧氣>= 18%；一氧化碳<50 PPM；硫化氫<10 PPM,15,15,14,1,0,0,0,0.9333,2,低
2026-05,嘉義,A,A級,高危害,環境測定,測定頻率,上、下午施工前測定；A級或高風險作業需重複或連續測定；每小時/每兩小時紀錄表,15,13,12,1,0,0,0,0.9231,2,低
2026-05,嘉義,A,A級,高危害,防火防爆,消防設備,是否有消防設備,15,15,14,1,0,0,0,0.9333,2,低
2026-05,嘉義,A,A級,高危害,防火防爆,防爆安全工具,是否使用防爆電氣設備及安全工具,15,14,13,1,0,0,0,0.9286,2,低
2026-05,嘉義,A,A級,高危害,高處作業,防墜措施,設標準施工架、安全網、安全母索、安全帶,15,13,12,1,0,1,0,0.9231,5,低
2026-05,嘉義,A,A級,高危害,安全保護,個人防護具,是否有防護口罩、防毒面具、SCBA、防護手套、安全眼鏡、耳塞,15,13,13,0,0,0,0,1.0,0,低
2026-05,嘉義,A,A級,高危害,警戒巡查,警戒標示,是否有警戒標示,15,12,12,0,0,0,0,1.0,0,低
2026-05,嘉義,A,A級,高危害,警戒巡查,巡查會簽,是否轄區、監造、安衛人員或工地負責人巡查會簽,15,13,13,0,0,0,0,1.0,0,低
2026-05,嘉義,A,A級,高危害,收工回簽,回簽收工確認,是否回簽時確認環境已整理並完成防護措施,15,13,13,0,0,0,0,1.0,0,低
2026-05,嘉義,A,A級,高危害,收工回簽,一般安全規定,是否遵守工安規定,15,13,13,0,0,0,0,1.0,0,低
2026-05,嘉義,A,A級,高危害,收工回簽,現場紀錄,是否拍照,15,15,15,0,0,0,0,1.0,0,低
2026-05,嘉義,B,B級,中危害,廠區,基本資料,工廠、日期、時間,41,40,39,1,0,0,0,0.975,2,低
2026-05,嘉義,B,B級,中危害,許可證,許可資訊,工程作業分級、申請時間、核准工作時間、工作許可證編號,41,40,39,1,0,0,0,0.975,2,低
2026-05,嘉義,B,B級,中危害,施工地點,場地關係人,施工部門、轄區部門、監造部門,41,38,37,1,0,1,0,0.9737,5,低
2026-05,嘉義,B,B級,中危害,包商,承攬商與人員資格,承攬商、工作人數、車輛車號、工地負責人、安衛人員、特殊作業主管,41,39,38,1,0,0,0,0.9744,2,低
2026-05,嘉義,B,B級,中危害,危害等級,作業等級,施工地點、工程案號、工作內容、許可工作項目、作業分級,41,36,35,1,0,0,0,0.9722,2,低
2026-05,嘉義,B,B級,中危害,危害等級,管線設備危害物,可燃性氣體、易燃液體、有害性氣體、化學藥劑、酸鹼、熱水蒸氣、空氣、其他,41,37,36,1,0,0,0,0.973,2,低
2026-05,嘉義,B,B級,中危害,檢點與危害告知,簽發前安全檢點,是否安全檢點,41,40,39,1,0,0,0,0.975,2,低
2026-05,嘉義,B,B級,中危害,檢點與危害告知,危害告知,是否危害告知,41,39,38,1,0,0,0,0.9744,2,低
2026-05,嘉義,B,B級,中危害,危害排除與隔離,環境危害排除,是否設備管線危害物排除,41,35,34,1,0,0,0,0.9714,2,低
2026-05,嘉義,B,B級,中危害,危害排除與隔離,隔離管制,設備管線是否加盲加鎖掛牌,41,35,34,1,0,0,0,0.9714,2,低
2026-05,嘉義,B,B級,中危害,環境測定,氣體偵測數值,可燃性氣體%、氧氣%、一氧化碳PPM、硫化氫PPM,41,38,37,1,0,0,0,0.9737,2,低
2026-05,嘉義,B,B級,中危害,環境測定,測定基準,可燃性氣體 < 20%LEL；氧氣>= 18%；一氧化碳<50 PPM；硫化氫<10 PPM,41,40,38,2,1,1,0,0.95,16,中
2026-05,嘉義,B,B級,中危害,環境測定,測定頻率,上、下午施工前測定；A級或高風險作業需重複或連續測定；每小時/每兩小時紀錄表,41,36,35,1,0,0,0,0.9722,2,低
2026-05,嘉義,B,B級,中危害,防火防爆,消防設備,是否有消防設備,41,40,39,1,0,0,0,0.975,2,低
2026-05,嘉義,B,B級,中危害,防火防爆,防爆安全工具,是否使用防爆電氣設備及安全工具,41,38,37,1,0,0,0,0.9737,2,低
2026-05,嘉義,B,B級,中危害,高處作業,防墜措施,設標準施工架、安全網、安全母索、安全帶,41,40,38,2,1,1,0,0.95,16,中
2026-05,嘉義,B,B級,中危害,安全保護,個人防護具,是否有防護口罩、防毒面具、SCBA、防護手套、安全眼鏡、耳塞,41,35,34,1,0,0,0,0.9714,2,低
2026-05,嘉義,B,B級,中危害,警戒巡查,警戒標示,是否有警戒標示,41,39,38,1,0,0,0,0.9744,2,低
2026-05,嘉義,B,B級,中危害,警戒巡查,巡查會簽,是否轄區、監造、安衛人員或工地負責人巡查會簽,41,37,36,1,0,1,0,0.973,5,低
2026-05,嘉義,B,B級,中危害,收工回簽,回簽收工確認,是否回簽時確認環境已整理並完成防護措施,41,41,40,1,0,0,0,0.9756,2,低
2026-05,嘉義,B,B級,中危害,收工回簽,一般安全規定,是否遵守工安規定,41,36,35,1,0,0,0,0.9722,2,低
2026-05,嘉義,B,B級,中危害,收工回簽,現場紀錄,是否拍照,41,40,39,1,0,0,0,0.975,2,低
2026-05,嘉義,C,C級,低危害,廠區,基本資料,工廠、日期、時間,33,30,30,0,0,0,0,1.0,0,低
2026-05,嘉義,C,C級,低危害,許可證,許可資訊,工程作業分級、申請時間、核准工作時間、工作許可證編號,33,27,27,0,0,0,0,1.0,0,低
2026-05,嘉義,C,C級,低危害,施工地點,場地關係人,施工部門、轄區部門、監造部門,33,33,32,1,0,0,0,0.9697,2,低
2026-05,嘉義,C,C級,低危害,包商,承攬商與人員資格,承攬商、工作人數、車輛車號、工地負責人、安衛人員、特殊作業主管,33,33,32,1,0,0,0,0.9697,2,低
2026-05,嘉義,C,C級,低危害,危害等級,作業等級,施工地點、工程案號、工作內容、許可工作項目、作業分級,33,28,27,1,0,0,0,0.9643,2,低
2026-05,嘉義,C,C級,低危害,危害等級,管線設備危害物,可燃性氣體、易燃液體、有害性氣體、化學藥劑、酸鹼、熱水蒸氣、空氣、其他,33,27,26,1,0,0,0,0.963,2,低
2026-05,嘉義,C,C級,低危害,檢點與危害告知,簽發前安全檢點,是否安全檢點,33,31,30,1,0,0,0,0.9677,2,低
2026-05,嘉義,C,C級,低危害,檢點與危害告知,危害告知,是否危害告知,33,29,28,1,0,0,0,0.9655,2,低
2026-05,嘉義,C,C級,低危害,危害排除與隔離,環境危害排除,是否設備管線危害物排除,33,29,28,1,0,0,0,0.9655,2,低
2026-05,嘉義,C,C級,低危害,危害排除與隔離,隔離管制,設備管線是否加盲加鎖掛牌,33,30,29,1,0,0,0,0.9667,2,低
2026-05,嘉義,C,C級,低危害,環境測定,氣體偵測數值,可燃性氣體%、氧氣%、一氧化碳PPM、硫化氫PPM,33,33,32,1,0,0,0,0.9697,2,低
2026-05,嘉義,C,C級,低危害,環境測定,測定基準,可燃性氣體 < 20%LEL；氧氣>= 18%；一氧化碳<50 PPM；硫化氫<10 PPM,33,30,29,1,0,0,0,0.9667,2,低
2026-05,嘉義,C,C級,低危害,環境測定,測定頻率,上、下午施工前測定；A級或高風險作業需重複或連續測定；每小時/每兩小時紀錄表,33,28,27,1,0,0,0,0.9643,2,低
2026-05,嘉義,C,C級,低危害,防火防爆,消防設備,是否有消防設備,33,30,29,1,0,0,0,0.9667,2,低
2026-05,嘉義,C,C級,低危害,防火防爆,防爆安全工具,是否使用防爆電氣設備及安全工具,33,31,30,1,0,0,0,0.9677,2,低
2026-05,嘉義,C,C級,低危害,高處作業,防墜措施,設標準施工架、安全網、安全母索、安全帶,33,30,29,1,0,0,0,0.9667,2,低
2026-05,嘉義,C,C級,低危害,安全保護,個人防護具,是否有防護口罩、防毒面具、SCBA、防護手套、安全眼鏡、耳塞,33,33,32,1,0,0,0,0.9697,2,低
2026-05,嘉義,C,C級,低危害,警戒巡查,警戒標示,是否有警戒標示,33,32,31,1,0,1,0,0.9688,5,低
2026-05,嘉義,C,C級,低危害,警戒巡查,巡查會簽,是否轄區、監造、安衛人員或工地負責人巡查會簽,33,30,29,1,0,0,0,0.9667,2,低
2026-05,嘉義,C,C級,低危害,收工回簽,回簽收工確認,是否回簽時確認環境已整理並完成防護措施,33,30,30,0,0,0,0,1.0,0,低
2026-05,嘉義,C,C級,低危害,收工回簽,一般安全規定,是否遵守工安規定,33,28,27,1,0,0,0,0.9643,2,低
2026-05,嘉義,C,C級,低危害,收工回簽,現場紀錄,是否拍照,33,32,31,1,0,0,0,0.9688,2,低
2026-06,嘉義,A,A級,高危害,廠區,基本資料,工廠、日期、時間,16,15,15,0,0,0,0,1.0,0,低
2026-06,嘉義,A,A級,高危害,許可證,許可資訊,工程作業分級、申請時間、核准工作時間、工作許可證編號,16,14,14,0,0,0,0,1.0,0,低
2026-06,嘉義,A,A級,高危害,施工地點,場地關係人,施工部門、轄區部門、監造部門,16,16,16,0,0,0,0,1.0,0,低
2026-06,嘉義,A,A級,高危害,包商,承攬商與人員資格,承攬商、工作人數、車輛車號、工地負責人、安衛人員、特殊作業主管,16,15,15,0,0,0,0,1.0,0,低
2026-06,嘉義,A,A級,高危害,危害等級,作業等級,施工地點、工程案號、工作內容、許可工作項目、作業分級,16,15,14,1,0,0,0,0.9333,2,低
2026-06,嘉義,A,A級,高危害,危害等級,管線設備危害物,可燃性氣體、易燃液體、有害性氣體、化學藥劑、酸鹼、熱水蒸氣、空氣、其他,16,15,15,0,0,0,0,1.0,0,低
2026-06,嘉義,A,A級,高危害,檢點與危害告知,簽發前安全檢點,是否安全檢點,16,14,14,0,0,0,0,1.0,0,低
2026-06,嘉義,A,A級,高危害,檢點與危害告知,危害告知,是否危害告知,16,16,15,1,0,0,0,0.9375,2,低
2026-06,嘉義,A,A級,高危害,危害排除與隔離,環境危害排除,是否設備管線危害物排除,16,16,15,1,0,0,0,0.9375,2,低
2026-06,嘉義,A,A級,高危害,危害排除與隔離,隔離管制,設備管線是否加盲加鎖掛牌,16,14,13,1,0,0,0,0.9286,2,低
2026-06,嘉義,A,A級,高危害,環境測定,氣體偵測數值,可燃性氣體%、氧氣%、一氧化碳PPM、硫化氫PPM,16,15,14,1,0,0,0,0.9333,2,低
2026-06,嘉義,A,A級,高危害,環境測定,測定基準,可燃性氣體 < 20%LEL；氧氣>= 18%；一氧化碳<50 PPM；硫化氫<10 PPM,16,15,14,1,0,0,0,0.9333,2,低
2026-06,嘉義,A,A級,高危害,環境測定,測定頻率,上、下午施工前測定；A級或高風險作業需重複或連續測定；每小時/每兩小時紀錄表,16,16,15,1,0,0,0,0.9375,2,低
2026-06,嘉義,A,A級,高危害,防火防爆,消防設備,是否有消防設備,16,14,13,1,0,0,0,0.9286,2,低
2026-06,嘉義,A,A級,高危害,防火防爆,防爆安全工具,是否使用防爆電氣設備及安全工具,16,15,14,1,0,0,0,0.9333,2,低
2026-06,嘉義,A,A級,高危害,高處作業,防墜措施,設標準施工架、安全網、安全母索、安全帶,16,14,13,1,0,0,0,0.9286,2,低
2026-06,嘉義,A,A級,高危害,安全保護,個人防護具,是否有防護口罩、防毒面具、SCBA、防護手套、安全眼鏡、耳塞,16,15,14,1,0,0,0,0.9333,2,低
2026-06,嘉義,A,A級,高危害,警戒巡查,警戒標示,是否有警戒標示,16,15,14,1,0,0,0,0.9333,2,低
2026-06,嘉義,A,A級,高危害,警戒巡查,巡查會簽,是否轄區、監造、安衛人員或工地負責人巡查會簽,16,15,15,0,0,0,0,1.0,0,低
2026-06,嘉義,A,A級,高危害,收工回簽,回簽收工確認,是否回簽時確認環境已整理並完成防護措施,16,16,16,0,0,0,0,1.0,0,低
2026-06,嘉義,A,A級,高危害,收工回簽,一般安全規定,是否遵守工安規定,16,14,14,0,0,0,0,1.0,0,低
2026-06,嘉義,A,A級,高危害,收工回簽,現場紀錄,是否拍照,16,15,15,0,0,0,0,1.0,0,低
2026-06,嘉義,B,B級,中危害,廠區,基本資料,工廠、日期、時間,37,32,31,1,0,0,0,0.9688,2,低
2026-06,嘉義,B,B級,中危害,許可證,許可資訊,工程作業分級、申請時間、核准工作時間、工作許可證編號,37,36,35,1,0,0,0,0.9722,2,低
2026-06,嘉義,B,B級,中危害,施工地點,場地關係人,施工部門、轄區部門、監造部門,37,34,33,1,0,0,0,0.9706,2,低
2026-06,嘉義,B,B級,中危害,包商,承攬商與人員資格,承攬商、工作人數、車輛車號、工地負責人、安衛人員、特殊作業主管,37,31,30,1,0,0,0,0.9677,2,低
2026-06,嘉義,B,B級,中危害,危害等級,作業等級,施工地點、工程案號、工作內容、許可工作項目、作業分級,37,33,32,1,0,0,0,0.9697,2,低
2026-06,嘉義,B,B級,中危害,危害等級,管線設備危害物,可燃性氣體、易燃液體、有害性氣體、化學藥劑、酸鹼、熱水蒸氣、空氣、其他,37,37,36,1,0,0,0,0.973,2,低
2026-06,嘉義,B,B級,中危害,檢點與危害告知,簽發前安全檢點,是否安全檢點,37,35,34,1,0,0,0,0.9714,2,低
2026-06,嘉義,B,B級,中危害,檢點與危害告知,危害告知,是否危害告知,37,31,30,1,0,0,0,0.9677,2,低
2026-06,嘉義,B,B級,中危害,危害排除與隔離,環境危害排除,是否設備管線危害物排除,37,34,33,1,0,0,0,0.9706,2,低
2026-06,嘉義,B,B級,中危害,危害排除與隔離,隔離管制,設備管線是否加盲加鎖掛牌,37,31,30,1,0,0,0,0.9677,2,低
2026-06,嘉義,B,B級,中危害,環境測定,氣體偵測數值,可燃性氣體%、氧氣%、一氧化碳PPM、硫化氫PPM,37,37,36,1,0,0,0,0.973,2,低
2026-06,嘉義,B,B級,中危害,環境測定,測定基準,可燃性氣體 < 20%LEL；氧氣>= 18%；一氧化碳<50 PPM；硫化氫<10 PPM,37,33,32,1,0,0,0,0.9697,2,低
2026-06,嘉義,B,B級,中危害,環境測定,測定頻率,上、下午施工前測定；A級或高風險作業需重複或連續測定；每小時/每兩小時紀錄表,37,35,33,2,1,0,0,0.9429,13,低
2026-06,嘉義,B,B級,中危害,防火防爆,消防設備,是否有消防設備,37,31,30,1,0,0,0,0.9677,2,低
2026-06,嘉義,B,B級,中危害,防火防爆,防爆安全工具,是否使用防爆電氣設備及安全工具,37,31,30,1,0,0,0,0.9677,2,低
2026-06,嘉義,B,B級,中危害,高處作業,防墜措施,設標準施工架、安全網、安全母索、安全帶,37,35,34,1,0,0,0,0.9714,2,低
2026-06,嘉義,B,B級,中危害,安全保護,個人防護具,是否有防護口罩、防毒面具、SCBA、防護手套、安全眼鏡、耳塞,37,31,30,1,0,1,0,0.9677,5,低
2026-06,嘉義,B,B級,中危害,警戒巡查,警戒標示,是否有警戒標示,37,33,32,1,0,0,0,0.9697,2,低
2026-06,嘉義,B,B級,中危害,警戒巡查,巡查會簽,是否轄區、監造、安衛人員或工地負責人巡查會簽,37,35,34,1,0,0,0,0.9714,2,低
2026-06,嘉義,B,B級,中危害,收工回簽,回簽收工確認,是否回簽時確認環境已整理並完成防護措施,37,34,33,1,0,0,0,0.9706,2,低
2026-06,嘉義,B,B級,中危害,收工回簽,一般安全規定,是否遵守工安規定,37,34,33,1,0,0,0,0.9706,2,低
2026-06,嘉義,B,B級,中危害,收工回簽,現場紀錄,是否拍照,37,34,33,1,0,0,0,0.9706,2,低
2026-06,嘉義,C,C級,低危害,廠區,基本資料,工廠、日期、時間,29,26,26,0,0,0,0,1.0,0,低
2026-06,嘉義,C,C級,低危害,許可證,許可資訊,工程作業分級、申請時間、核准工作時間、工作許可證編號,29,28,28,0,0,0,0,1.0,0,低
2026-06,嘉義,C,C級,低危害,施工地點,場地關係人,施工部門、轄區部門、監造部門,29,25,25,0,0,0,0,1.0,0,低
2026-06,嘉義,C,C級,低危害,包商,承攬商與人員資格,承攬商、工作人數、車輛車號、工地負責人、安衛人員、特殊作業主管,29,25,24,1,0,0,0,0.96,2,低
2026-06,嘉義,C,C級,低危害,危害等級,作業等級,施工地點、工程案號、工作內容、許可工作項目、作業分級,29,29,28,1,0,0,0,0.9655,2,低
2026-06,嘉義,C,C級,低危害,危害等級,管線設備危害物,可燃性氣體、易燃液體、有害性氣體、化學藥劑、酸鹼、熱水蒸氣、空氣、其他,29,24,23,1,0,0,0,0.9583,2,低
2026-06,嘉義,C,C級,低危害,檢點與危害告知,簽發前安全檢點,是否安全檢點,29,26,25,1,0,0,0,0.9615,2,低
2026-06,嘉義,C,C級,低危害,檢點與危害告知,危害告知,是否危害告知,29,28,27,1,0,0,0,0.9643,2,低
2026-06,嘉義,C,C級,低危害,危害排除與隔離,環境危害排除,是否設備管線危害物排除,29,27,26,1,0,1,0,0.963,5,低
2026-06,嘉義,C,C級,低危害,危害排除與隔離,隔離管制,設備管線是否加盲加鎖掛牌,29,28,27,1,0,0,0,0.9643,2,低
2026-06,嘉義,C,C級,低危害,環境測定,氣體偵測數值,可燃性氣體%、氧氣%、一氧化碳PPM、硫化氫PPM,29,27,26,1,0,0,0,0.963,2,低
2026-06,嘉義,C,C級,低危害,環境測定,測定基準,可燃性氣體 < 20%LEL；氧氣>= 18%；一氧化碳<50 PPM；硫化氫<10 PPM,29,28,27,1,0,1,0,0.9643,5,低
2026-06,嘉義,C,C級,低危害,環境測定,測定頻率,上、下午施工前測定；A級或高風險作業需重複或連續測定；每小時/每兩小時紀錄表,29,26,25,1,0,0,0,0.9615,2,低
2026-06,嘉義,C,C級,低危害,防火防爆,消防設備,是否有消防設備,29,28,27,1,0,0,0,0.9643,2,低
2026-06,嘉義,C,C級,低危害,防火防爆,防爆安全工具,是否使用防爆電氣設備及安全工具,29,26,25,1,0,0,0,0.9615,2,低
2026-06,嘉義,C,C級,低危害,高處作業,防墜措施,設標準施工架、安全網、安全母索、安全帶,29,28,27,1,0,0,0,0.9643,2,低
2026-06,嘉義,C,C級,低危害,安全保護,個人防護具,是否有防護口罩、防毒面具、SCBA、防護手套、安全眼鏡、耳塞,29,25,24,1,0,0,0,0.96,2,低
2026-06,嘉義,C,C級,低危害,警戒巡查,警戒標示,是否有警戒標示,29,24,24,0,0,0,0,1.0,0,低
2026-06,嘉義,C,C級,低危害,警戒巡查,巡查會簽,是否轄區、監造、安衛人員或工地負責人巡查會簽,29,27,27,0,0,0,0,1.0,0,低
2026-06,嘉義,C,C級,低危害,收工回簽,回簽收工確認,是否回簽時確認環境已整理並完成防護措施,29,25,24,1,0,0,0,0.96,2,低
2026-06,嘉義,C,C級,低危害,收工回簽,一般安全規定,是否遵守工安規定,29,25,25,0,0,0,0,1.0,0,低
2026-06,嘉義,C,C級,低危害,收工回簽,現場紀錄,是否拍照,29,25,24,1,0,0,0,0.96,2,低
2026-07,嘉義,A,A級,高危害,廠區,基本資料,工廠、日期、時間,19,17,17,0,0,0,0,1.0,0,低
2026-07,嘉義,A,A級,高危害,許可證,許可資訊,工程作業分級、申請時間、核准工作時間、工作許可證編號,19,19,19,0,0,0,0,1.0,0,低
2026-07,嘉義,A,A級,高危害,施工地點,場地關係人,施工部門、轄區部門、監造部門,19,16,16,0,0,0,0,1.0,0,低
2026-07,嘉義,A,A級,高危害,包商,承攬商與人員資格,承攬商、工作人數、車輛車號、工地負責人、安衛人員、特殊作業主管,19,16,16,0,0,0,0,1.0,0,低
2026-07,嘉義,A,A級,高危害,危害等級,作業等級,施工地點、工程案號、工作內容、許可工作項目、作業分級,19,18,17,1,0,0,0,0.9444,2,低
2026-07,嘉義,A,A級,高危害,危害等級,管線設備危害物,可燃性氣體、易燃液體、有害性氣體、化學藥劑、酸鹼、熱水蒸氣、空氣、其他,19,16,15,1,0,0,0,0.9375,2,低
2026-07,嘉義,A,A級,高危害,檢點與危害告知,簽發前安全檢點,是否安全檢點,19,16,16,0,0,0,0,1.0,0,低
2026-07,嘉義,A,A級,高危害,檢點與危害告知,危害告知,是否危害告知,19,16,15,1,0,0,0,0.9375,2,低
2026-07,嘉義,A,A級,高危害,危害排除與隔離,環境危害排除,是否設備管線危害物排除,19,18,17,1,0,1,0,0.9444,5,低
2026-07,嘉義,A,A級,高危害,危害排除與隔離,隔離管制,設備管線是否加盲加鎖掛牌,19,18,17,1,0,0,0,0.9444,2,低
2026-07,嘉義,A,A級,高危害,環境測定,氣體偵測數值,可燃性氣體%、氧氣%、一氧化碳PPM、硫化氫PPM,19,16,15,1,0,0,0,0.9375,2,低
2026-07,嘉義,A,A級,高危害,環境測定,測定基準,可燃性氣體 < 20%LEL；氧氣>= 18%；一氧化碳<50 PPM；硫化氫<10 PPM,19,16,15,1,0,0,0,0.9375,2,低
2026-07,嘉義,A,A級,高危害,環境測定,測定頻率,上、下午施工前測定；A級或高風險作業需重複或連續測定；每小時/每兩小時紀錄表,19,19,18,1,0,0,0,0.9474,2,低
2026-07,嘉義,A,A級,高危害,防火防爆,消防設備,是否有消防設備,19,18,17,1,0,0,0,0.9444,2,低
2026-07,嘉義,A,A級,高危害,防火防爆,防爆安全工具,是否使用防爆電氣設備及安全工具,19,17,16,1,0,0,0,0.9412,2,低
2026-07,嘉義,A,A級,高危害,高處作業,防墜措施,設標準施工架、安全網、安全母索、安全帶,19,16,15,1,0,0,0,0.9375,2,低
2026-07,嘉義,A,A級,高危害,安全保護,個人防護具,是否有防護口罩、防毒面具、SCBA、防護手套、安全眼鏡、耳塞,19,18,17,1,0,0,0,0.9444,2,低
2026-07,嘉義,A,A級,高危害,警戒巡查,警戒標示,是否有警戒標示,19,17,16,1,0,0,0,0.9412,2,低
2026-07,嘉義,A,A級,高危害,警戒巡查,巡查會簽,是否轄區、監造、安衛人員或工地負責人巡查會簽,19,18,17,1,0,0,0,0.9444,2,低
2026-07,嘉義,A,A級,高危害,收工回簽,回簽收工確認,是否回簽時確認環境已整理並完成防護措施,19,16,15,1,0,0,0,0.9375,2,低
2026-07,嘉義,A,A級,高危害,收工回簽,一般安全規定,是否遵守工安規定,19,18,18,0,0,0,0,1.0,0,低
2026-07,嘉義,A,A級,高危害,收工回簽,現場紀錄,是否拍照,19,17,16,1,0,0,0,0.9412,2,低
2026-07,嘉義,B,B級,中危害,廠區,基本資料,工廠、日期、時間,34,29,28,1,0,0,0,0.9655,2,低
2026-07,嘉義,B,B級,中危害,許可證,許可資訊,工程作業分級、申請時間、核准工作時間、工作許可證編號,34,30,29,1,0,0,0,0.9667,2,低
2026-07,嘉義,B,B級,中危害,施工地點,場地關係人,施工部門、轄區部門、監造部門,34,31,30,1,0,0,0,0.9677,2,低
2026-07,嘉義,B,B級,中危害,包商,承攬商與人員資格,承攬商、工作人數、車輛車號、工地負責人、安衛人員、特殊作業主管,34,34,33,1,0,0,0,0.9706,2,低
2026-07,嘉義,B,B級,中危害,危害等級,作業等級,施工地點、工程案號、工作內容、許可工作項目、作業分級,34,29,28,1,0,0,0,0.9655,2,低
2026-07,嘉義,B,B級,中危害,危害等級,管線設備危害物,可燃性氣體、易燃液體、有害性氣體、化學藥劑、酸鹼、熱水蒸氣、空氣、其他,34,30,29,1,0,0,0,0.9667,2,低
2026-07,嘉義,B,B級,中危害,檢點與危害告知,簽發前安全檢點,是否安全檢點,34,30,29,1,0,0,0,0.9667,2,低
2026-07,嘉義,B,B級,中危害,檢點與危害告知,危害告知,是否危害告知,34,32,31,1,0,0,0,0.9688,2,低
2026-07,嘉義,B,B級,中危害,危害排除與隔離,環境危害排除,是否設備管線危害物排除,34,32,31,1,0,0,0,0.9688,2,低
2026-07,嘉義,B,B級,中危害,危害排除與隔離,隔離管制,設備管線是否加盲加鎖掛牌,34,31,30,1,0,0,0,0.9677,2,低
2026-07,嘉義,B,B級,中危害,環境測定,氣體偵測數值,可燃性氣體%、氧氣%、一氧化碳PPM、硫化氫PPM,34,34,33,1,0,0,0,0.9706,2,低
2026-07,嘉義,B,B級,中危害,環境測定,測定基準,可燃性氣體 < 20%LEL；氧氣>= 18%；一氧化碳<50 PPM；硫化氫<10 PPM,34,32,31,1,0,1,0,0.9688,5,低
2026-07,嘉義,B,B級,中危害,環境測定,測定頻率,上、下午施工前測定；A級或高風險作業需重複或連續測定；每小時/每兩小時紀錄表,34,34,33,1,0,0,0,0.9706,2,低
2026-07,嘉義,B,B級,中危害,防火防爆,消防設備,是否有消防設備,34,30,29,1,0,0,0,0.9667,2,低
2026-07,嘉義,B,B級,中危害,防火防爆,防爆安全工具,是否使用防爆電氣設備及安全工具,34,33,32,1,0,0,0,0.9697,2,低
2026-07,嘉義,B,B級,中危害,高處作業,防墜措施,設標準施工架、安全網、安全母索、安全帶,34,33,32,1,0,0,0,0.9697,2,低
2026-07,嘉義,B,B級,中危害,安全保護,個人防護具,是否有防護口罩、防毒面具、SCBA、防護手套、安全眼鏡、耳塞,34,32,31,1,0,0,0,0.9688,2,低
2026-07,嘉義,B,B級,中危害,警戒巡查,警戒標示,是否有警戒標示,34,32,31,1,0,0,0,0.9688,2,低
2026-07,嘉義,B,B級,中危害,警戒巡查,巡查會簽,是否轄區、監造、安衛人員或工地負責人巡查會簽,34,32,31,1,0,0,0,0.9688,2,低
2026-07,嘉義,B,B級,中危害,收工回簽,回簽收工確認,是否回簽時確認環境已整理並完成防護措施,34,29,28,1,0,0,0,0.9655,2,低
2026-07,嘉義,B,B級,中危害,收工回簽,一般安全規定,是否遵守工安規定,34,28,27,1,0,0,0,0.9643,2,低
2026-07,嘉義,B,B級,中危害,收工回簽,現場紀錄,是否拍照,34,33,32,1,0,1,0,0.9697,5,低
2026-07,嘉義,C,C級,低危害,廠區,基本資料,工廠、日期、時間,24,22,22,0,0,0,0,1.0,0,低
2026-07,嘉義,C,C級,低危害,許可證,許可資訊,工程作業分級、申請時間、核准工作時間、工作許可證編號,24,23,23,0,0,0,0,1.0,0,低
2026-07,嘉義,C,C級,低危害,施工地點,場地關係人,施工部門、轄區部門、監造部門,24,21,21,0,0,0,0,1.0,0,低
2026-07,嘉義,C,C級,低危害,包商,承攬商與人員資格,承攬商、工作人數、車輛車號、工地負責人、安衛人員、特殊作業主管,24,24,23,1,0,1,0,0.9583,5,低
2026-07,嘉義,C,C級,低危害,危害等級,作業等級,施工地點、工程案號、工作內容、許可工作項目、作業分級,24,22,21,1,0,0,0,0.9545,2,低
2026-07,嘉義,C,C級,低危害,危害等級,管線設備危害物,可燃性氣體、易燃液體、有害性氣體、化學藥劑、酸鹼、熱水蒸氣、空氣、其他,24,20,20,0,0,0,0,1.0,0,低
2026-07,嘉義,C,C級,低危害,檢點與危害告知,簽發前安全檢點,是否安全檢點,24,22,22,0,0,0,0,1.0,0,低
2026-07,嘉義,C,C級,低危害,檢點與危害告知,危害告知,是否危害告知,24,23,23,0,0,0,0,1.0,0,低
2026-07,嘉義,C,C級,低危害,危害排除與隔離,環境危害排除,是否設備管線危害物排除,24,23,22,1,0,0,0,0.9565,2,低
2026-07,嘉義,C,C級,低危害,危害排除與隔離,隔離管制,設備管線是否加盲加鎖掛牌,24,24,23,1,0,0,0,0.9583,2,低
2026-07,嘉義,C,C級,低危害,環境測定,氣體偵測數值,可燃性氣體%、氧氣%、一氧化碳PPM、硫化氫PPM,24,22,21,1,0,0,0,0.9545,2,低
2026-07,嘉義,C,C級,低危害,環境測定,測定基準,可燃性氣體 < 20%LEL；氧氣>= 18%；一氧化碳<50 PPM；硫化氫<10 PPM,24,21,20,1,0,0,0,0.9524,2,低
2026-07,嘉義,C,C級,低危害,環境測定,測定頻率,上、下午施工前測定；A級或高風險作業需重複或連續測定；每小時/每兩小時紀錄表,24,21,20,1,0,0,0,0.9524,2,低
2026-07,嘉義,C,C級,低危害,防火防爆,消防設備,是否有消防設備,24,21,20,1,0,0,0,0.9524,2,低
2026-07,嘉義,C,C級,低危害,防火防爆,防爆安全工具,是否使用防爆電氣設備及安全工具,24,20,19,1,0,0,0,0.95,2,低
2026-07,嘉義,C,C級,低危害,高處作業,防墜措施,設標準施工架、安全網、安全母索、安全帶,24,24,23,1,0,0,0,0.9583,2,低
2026-07,嘉義,C,C級,低危害,安全保護,個人防護具,是否有防護口罩、防毒面具、SCBA、防護手套、安全眼鏡、耳塞,24,22,22,0,0,0,0,1.0,0,低
2026-07,嘉義,C,C級,低危害,警戒巡查,警戒標示,是否有警戒標示,24,22,21,1,0,0,0,0.9545,2,低
2026-07,嘉義,C,C級,低危害,警戒巡查,巡查會簽,是否轄區、監造、安衛人員或工地負責人巡查會簽,24,22,22,0,0,0,0,1.0,0,低
2026-07,嘉義,C,C級,低危害,收工回簽,回簽收工確認,是否回簽時確認環境已整理並完成防護措施,24,21,21,0,0,0,0,1.0,0,低
2026-07,嘉義,C,C級,低危害,收工回簽,一般安全規定,是否遵守工安規定,24,22,22,0,0,0,0,1.0,0,低
2026-07,嘉義,C,C級,低危害,收工回簽,現場紀錄,是否拍照,24,20,20,0,0,0,0,1.0,0,低
2026-08,嘉義,A,A級,高危害,廠區,基本資料,工廠、日期、時間,17,14,14,0,0,0,0,1.0,0,低
2026-08,嘉義,A,A級,高危害,許可證,許可資訊,工程作業分級、申請時間、核准工作時間、工作許可證編號,17,17,17,0,0,0,0,1.0,0,低
2026-08,嘉義,A,A級,高危害,施工地點,場地關係人,施工部門、轄區部門、監造部門,17,15,15,0,0,0,0,1.0,0,低
2026-08,嘉義,A,A級,高危害,包商,承攬商與人員資格,承攬商、工作人數、車輛車號、工地負責人、安衛人員、特殊作業主管,17,15,14,1,0,0,0,0.9333,2,低
2026-08,嘉義,A,A級,高危害,危害等級,作業等級,施工地點、工程案號、工作內容、許可工作項目、作業分級,17,15,14,1,0,0,0,0.9333,2,低
2026-08,嘉義,A,A級,高危害,危害等級,管線設備危害物,可燃性氣體、易燃液體、有害性氣體、化學藥劑、酸鹼、熱水蒸氣、空氣、其他,17,15,14,1,0,0,0,0.9333,2,低
2026-08,嘉義,A,A級,高危害,檢點與危害告知,簽發前安全檢點,是否安全檢點,17,16,16,0,0,0,0,1.0,0,低
2026-08,嘉義,A,A級,高危害,檢點與危害告知,危害告知,是否危害告知,17,14,14,0,0,0,0,1.0,0,低
2026-08,嘉義,A,A級,高危害,危害排除與隔離,環境危害排除,是否設備管線危害物排除,17,15,14,1,0,0,0,0.9333,2,低
2026-08,嘉義,A,A級,高危害,危害排除與隔離,隔離管制,設備管線是否加盲加鎖掛牌,17,14,13,1,0,0,0,0.9286,2,低
2026-08,嘉義,A,A級,高危害,環境測定,氣體偵測數值,可燃性氣體%、氧氣%、一氧化碳PPM、硫化氫PPM,17,16,15,1,0,0,0,0.9375,2,低
2026-08,嘉義,A,A級,高危害,環境測定,測定基準,可燃性氣體 < 20%LEL；氧氣>= 18%；一氧化碳<50 PPM；硫化氫<10 PPM,17,16,15,1,0,1,0,0.9375,5,低
2026-08,嘉義,A,A級,高危害,環境測定,測定頻率,上、下午施工前測定；A級或高風險作業需重複或連續測定；每小時/每兩小時紀錄表,17,17,16,1,0,0,0,0.9412,2,低
2026-08,嘉義,A,A級,高危害,防火防爆,消防設備,是否有消防設備,17,17,16,1,0,0,0,0.9412,2,低
2026-08,嘉義,A,A級,高危害,防火防爆,防爆安全工具,是否使用防爆電氣設備及安全工具,17,17,16,1,0,0,0,0.9412,2,低
2026-08,嘉義,A,A級,高危害,高處作業,防墜措施,設標準施工架、安全網、安全母索、安全帶,17,17,16,1,0,0,0,0.9412,2,低
2026-08,嘉義,A,A級,高危害,安全保護,個人防護具,是否有防護口罩、防毒面具、SCBA、防護手套、安全眼鏡、耳塞,17,16,15,1,0,0,0,0.9375,2,低
2026-08,嘉義,A,A級,高危害,警戒巡查,警戒標示,是否有警戒標示,17,16,15,1,0,0,0,0.9375,2,低
2026-08,嘉義,A,A級,高危害,警戒巡查,巡查會簽,是否轄區、監造、安衛人員或工地負責人巡查會簽,17,16,16,0,0,0,0,1.0,0,低
2026-08,嘉義,A,A級,高危害,收工回簽,回簽收工確認,是否回簽時確認環境已整理並完成防護措施,17,14,14,0,0,0,0,1.0,0,低
2026-08,嘉義,A,A級,高危害,收工回簽,一般安全規定,是否遵守工安規定,17,17,17,0,0,0,0,1.0,0,低
2026-08,嘉義,A,A級,高危害,收工回簽,現場紀錄,是否拍照,17,16,16,0,0,0,0,1.0,0,低
2026-08,嘉義,B,B級,中危害,廠區,基本資料,工廠、日期、時間,33,31,30,1,0,0,0,0.9677,2,低
2026-08,嘉義,B,B級,中危害,許可證,許可資訊,工程作業分級、申請時間、核准工作時間、工作許可證編號,33,32,31,1,0,0,0,0.9688,2,低
2026-08,嘉義,B,B級,中危害,施工地點,場地關係人,施工部門、轄區部門、監造部門,33,30,29,1,0,0,0,0.9667,2,低
2026-08,嘉義,B,B級,中危害,包商,承攬商與人員資格,承攬商、工作人數、車輛車號、工地負責人、安衛人員、特殊作業主管,33,32,31,1,0,0,0,0.9688,2,低
2026-08,嘉義,B,B級,中危害,危害等級,作業等級,施工地點、工程案號、工作內容、許可工作項目、作業分級,33,30,29,1,0,0,0,0.9667,2,低
2026-08,嘉義,B,B級,中危害,危害等級,管線設備危害物,可燃性氣體、易燃液體、有害性氣體、化學藥劑、酸鹼、熱水蒸氣、空氣、其他,33,32,31,1,0,0,0,0.9688,2,低
2026-08,嘉義,B,B級,中危害,檢點與危害告知,簽發前安全檢點,是否安全檢點,33,28,27,1,0,0,0,0.9643,2,低
2026-08,嘉義,B,B級,中危害,檢點與危害告知,危害告知,是否危害告知,33,31,30,1,0,0,0,0.9677,2,低
2026-08,嘉義,B,B級,中危害,危害排除與隔離,環境危害排除,是否設備管線危害物排除,33,33,32,1,0,0,0,0.9697,2,低
2026-08,嘉義,B,B級,中危害,危害排除與隔離,隔離管制,設備管線是否加盲加鎖掛牌,33,31,30,1,0,0,0,0.9677,2,低
2026-08,嘉義,B,B級,中危害,環境測定,氣體偵測數值,可燃性氣體%、氧氣%、一氧化碳PPM、硫化氫PPM,33,28,27,1,0,0,0,0.9643,2,低
2026-08,嘉義,B,B級,中危害,環境測定,測定基準,可燃性氣體 < 20%LEL；氧氣>= 18%；一氧化碳<50 PPM；硫化氫<10 PPM,33,29,28,1,0,0,0,0.9655,2,低
2026-08,嘉義,B,B級,中危害,環境測定,測定頻率,上、下午施工前測定；A級或高風險作業需重複或連續測定；每小時/每兩小時紀錄表,33,32,31,1,0,0,0,0.9688,2,低
2026-08,嘉義,B,B級,中危害,防火防爆,消防設備,是否有消防設備,33,29,28,1,0,0,0,0.9655,2,低
2026-08,嘉義,B,B級,中危害,防火防爆,防爆安全工具,是否使用防爆電氣設備及安全工具,33,31,30,1,0,0,0,0.9677,2,低
2026-08,嘉義,B,B級,中危害,高處作業,防墜措施,設標準施工架、安全網、安全母索、安全帶,33,30,29,1,0,0,0,0.9667,2,低
2026-08,嘉義,B,B級,中危害,安全保護,個人防護具,是否有防護口罩、防毒面具、SCBA、防護手套、安全眼鏡、耳塞,33,31,30,1,0,1,0,0.9677,5,低
2026-08,嘉義,B,B級,中危害,警戒巡查,警戒標示,是否有警戒標示,33,31,30,1,0,0,0,0.9677,2,低
2026-08,嘉義,B,B級,中危害,警戒巡查,巡查會簽,是否轄區、監造、安衛人員或工地負責人巡查會簽,33,31,30,1,0,0,0,0.9677,2,低
2026-08,嘉義,B,B級,中危害,收工回簽,回簽收工確認,是否回簽時確認環境已整理並完成防護措施,33,27,26,1,0,0,0,0.963,2,低
2026-08,嘉義,B,B級,中危害,收工回簽,一般安全規定,是否遵守工安規定,33,28,27,1,0,0,0,0.9643,2,低
2026-08,嘉義,B,B級,中危害,收工回簽,現場紀錄,是否拍照,33,32,31,1,0,0,0,0.9688,2,低
2026-08,嘉義,C,C級,低危害,廠區,基本資料,工廠、日期、時間,30,27,27,0,0,0,0,1.0,0,低
2026-08,嘉義,C,C級,低危害,許可證,許可資訊,工程作業分級、申請時間、核准工作時間、工作許可證編號,30,26,26,0,0,0,0,1.0,0,低
2026-08,嘉義,C,C級,低危害,施工地點,場地關係人,施工部門、轄區部門、監造部門,30,27,27,0,0,0,0,1.0,0,低
2026-08,嘉義,C,C級,低危害,包商,承攬商與人員資格,承攬商、工作人數、車輛車號、工地負責人、安衛人員、特殊作業主管,30,28,27,1,0,0,0,0.9643,2,低
2026-08,嘉義,C,C級,低危害,危害等級,作業等級,施工地點、工程案號、工作內容、許可工作項目、作業分級,30,29,28,1,0,0,0,0.9655,2,低
2026-08,嘉義,C,C級,低危害,危害等級,管線設備危害物,可燃性氣體、易燃液體、有害性氣體、化學藥劑、酸鹼、熱水蒸氣、空氣、其他,30,26,25,1,0,0,0,0.9615,2,低
2026-08,嘉義,C,C級,低危害,檢點與危害告知,簽發前安全檢點,是否安全檢點,30,28,27,1,0,0,0,0.9643,2,低
2026-08,嘉義,C,C級,低危害,檢點與危害告知,危害告知,是否危害告知,30,30,29,1,0,0,0,0.9667,2,低
2026-08,嘉義,C,C級,低危害,危害排除與隔離,環境危害排除,是否設備管線危害物排除,30,26,25,1,0,1,0,0.9615,5,低
2026-08,嘉義,C,C級,低危害,危害排除與隔離,隔離管制,設備管線是否加盲加鎖掛牌,30,26,25,1,0,1,0,0.9615,5,低
2026-08,嘉義,C,C級,低危害,環境測定,氣體偵測數值,可燃性氣體%、氧氣%、一氧化碳PPM、硫化氫PPM,30,27,26,1,0,0,0,0.963,2,低
2026-08,嘉義,C,C級,低危害,環境測定,測定基準,可燃性氣體 < 20%LEL；氧氣>= 18%；一氧化碳<50 PPM；硫化氫<10 PPM,30,28,27,1,0,0,0,0.9643,2,低
2026-08,嘉義,C,C級,低危害,環境測定,測定頻率,上、下午施工前測定；A級或高風險作業需重複或連續測定；每小時/每兩小時紀錄表,30,30,29,1,0,0,0,0.9667,2,低
2026-08,嘉義,C,C級,低危害,防火防爆,消防設備,是否有消防設備,30,27,26,1,0,0,0,0.963,2,低
2026-08,嘉義,C,C級,低危害,防火防爆,防爆安全工具,是否使用防爆電氣設備及安全工具,30,29,28,1,0,0,0,0.9655,2,低
2026-08,嘉義,C,C級,低危害,高處作業,防墜措施,設標準施工架、安全網、安全母索、安全帶,30,25,24,1,0,0,0,0.96,2,低
2026-08,嘉義,C,C級,低危害,安全保護,個人防護具,是否有防護口罩、防毒面具、SCBA、防護手套、安全眼鏡、耳塞,30,26,25,1,0,0,0,0.9615,2,低
2026-08,嘉義,C,C級,低危害,警戒巡查,警戒標示,是否有警戒標示,30,29,28,1,0,0,0,0.9655,2,低
2026-08,嘉義,C,C級,低危害,警戒巡查,巡查會簽,是否轄區、監造、安衛人員或工地負責人巡查會簽,30,27,26,1,0,0,0,0.963,2,低
2026-08,嘉義,C,C級,低危害,收工回簽,回簽收工確認,是否回簽時確認環境已整理並完成防護措施,30,25,24,1,0,0,0,0.96,2,低
2026-08,嘉義,C,C級,低危害,收工回簽,一般安全規定,是否遵守工安規定,30,28,27,1,0,0,0,0.9643,2,低
2026-08,嘉義,C,C級,低危害,收工回簽,現場紀錄,是否拍照,30,26,25,1,0,0,0,0.9615,2,低
2026-09,嘉義,A,A級,高危害,廠區,基本資料,工廠、日期、時間,20,19,19,0,0,0,0,1.0,0,低
2026-09,嘉義,A,A級,高危害,許可證,許可資訊,工程作業分級、申請時間、核准工作時間、工作許可證編號,20,16,16,0,0,0,0,1.0,0,低
2026-09,嘉義,A,A級,高危害,施工地點,場地關係人,施工部門、轄區部門、監造部門,20,17,16,1,0,0,0,0.9412,2,低
2026-09,嘉義,A,A級,高危害,包商,承攬商與人員資格,承攬商、工作人數、車輛車號、工地負責人、安衛人員、特殊作業主管,20,19,18,1,0,0,0,0.9474,2,低
2026-09,嘉義,A,A級,高危害,危害等級,作業等級,施工地點、工程案號、工作內容、許可工作項目、作業分級,20,18,17,1,0,0,0,0.9444,2,低
2026-09,嘉義,A,A級,高危害,危害等級,管線設備危害物,可燃性氣體、易燃液體、有害性氣體、化學藥劑、酸鹼、熱水蒸氣、空氣、其他,20,17,16,1,0,0,0,0.9412,2,低
2026-09,嘉義,A,A級,高危害,檢點與危害告知,簽發前安全檢點,是否安全檢點,20,19,18,1,0,0,0,0.9474,2,低
2026-09,嘉義,A,A級,高危害,檢點與危害告知,危害告知,是否危害告知,20,17,16,1,0,0,0,0.9412,2,低
2026-09,嘉義,A,A級,高危害,危害排除與隔離,環境危害排除,是否設備管線危害物排除,20,19,18,1,0,0,0,0.9474,2,低
2026-09,嘉義,A,A級,高危害,危害排除與隔離,隔離管制,設備管線是否加盲加鎖掛牌,20,18,17,1,0,1,0,0.9444,5,低
2026-09,嘉義,A,A級,高危害,環境測定,氣體偵測數值,可燃性氣體%、氧氣%、一氧化碳PPM、硫化氫PPM,20,18,17,1,0,0,0,0.9444,2,低
2026-09,嘉義,A,A級,高危害,環境測定,測定基準,可燃性氣體 < 20%LEL；氧氣>= 18%；一氧化碳<50 PPM；硫化氫<10 PPM,20,18,17,1,0,0,0,0.9444,2,低
2026-09,嘉義,A,A級,高危害,環境測定,測定頻率,上、下午施工前測定；A級或高風險作業需重複或連續測定；每小時/每兩小時紀錄表,20,16,15,1,0,0,0,0.9375,2,低
2026-09,嘉義,A,A級,高危害,防火防爆,消防設備,是否有消防設備,20,17,16,1,0,0,0,0.9412,2,低
2026-09,嘉義,A,A級,高危害,防火防爆,防爆安全工具,是否使用防爆電氣設備及安全工具,20,19,18,1,0,0,0,0.9474,2,低
2026-09,嘉義,A,A級,高危害,高處作業,防墜措施,設標準施工架、安全網、安全母索、安全帶,20,17,16,1,0,0,0,0.9412,2,低
2026-09,嘉義,A,A級,高危害,安全保護,個人防護具,是否有防護口罩、防毒面具、SCBA、防護手套、安全眼鏡、耳塞,20,19,18,1,0,0,0,0.9474,2,低
2026-09,嘉義,A,A級,高危害,警戒巡查,警戒標示,是否有警戒標示,20,18,18,0,0,0,0,1.0,0,低
2026-09,嘉義,A,A級,高危害,警戒巡查,巡查會簽,是否轄區、監造、安衛人員或工地負責人巡查會簽,20,20,19,1,0,0,0,0.95,2,低
2026-09,嘉義,A,A級,高危害,收工回簽,回簽收工確認,是否回簽時確認環境已整理並完成防護措施,20,17,17,0,0,0,0,1.0,0,低
2026-09,嘉義,A,A級,高危害,收工回簽,一般安全規定,是否遵守工安規定,20,18,18,0,0,0,0,1.0,0,低
2026-09,嘉義,A,A級,高危害,收工回簽,現場紀錄,是否拍照,20,20,19,1,0,0,0,0.95,2,低
2026-09,嘉義,B,B級,中危害,廠區,基本資料,工廠、日期、時間,31,27,27,0,0,0,0,1.0,0,低
2026-09,嘉義,B,B級,中危害,許可證,許可資訊,工程作業分級、申請時間、核准工作時間、工作許可證編號,31,26,25,1,0,0,0,0.9615,2,低
2026-09,嘉義,B,B級,中危害,施工地點,場地關係人,施工部門、轄區部門、監造部門,31,30,29,1,0,1,0,0.9667,5,低
2026-09,嘉義,B,B級,中危害,包商,承攬商與人員資格,承攬商、工作人數、車輛車號、工地負責人、安衛人員、特殊作業主管,31,31,30,1,0,0,0,0.9677,2,低
2026-09,嘉義,B,B級,中危害,危害等級,作業等級,施工地點、工程案號、工作內容、許可工作項目、作業分級,31,26,25,1,0,0,0,0.9615,2,低
2026-09,嘉義,B,B級,中危害,危害等級,管線設備危害物,可燃性氣體、易燃液體、有害性氣體、化學藥劑、酸鹼、熱水蒸氣、空氣、其他,31,27,26,1,0,1,0,0.963,5,低
2026-09,嘉義,B,B級,中危害,檢點與危害告知,簽發前安全檢點,是否安全檢點,31,28,27,1,0,0,0,0.9643,2,低
2026-09,嘉義,B,B級,中危害,檢點與危害告知,危害告知,是否危害告知,31,29,28,1,0,1,0,0.9655,5,低
2026-09,嘉義,B,B級,中危害,危害排除與隔離,環境危害排除,是否設備管線危害物排除,31,26,25,1,0,0,0,0.9615,2,低
2026-09,嘉義,B,B級,中危害,危害排除與隔離,隔離管制,設備管線是否加盲加鎖掛牌,31,29,28,1,0,1,0,0.9655,5,低
2026-09,嘉義,B,B級,中危害,環境測定,氣體偵測數值,可燃性氣體%、氧氣%、一氧化碳PPM、硫化氫PPM,31,26,25,1,0,0,0,0.9615,2,低
2026-09,嘉義,B,B級,中危害,環境測定,測定基準,可燃性氣體 < 20%LEL；氧氣>= 18%；一氧化碳<50 PPM；硫化氫<10 PPM,31,29,28,1,0,0,0,0.9655,2,低
2026-09,嘉義,B,B級,中危害,環境測定,測定頻率,上、下午施工前測定；A級或高風險作業需重複或連續測定；每小時/每兩小時紀錄表,31,28,27,1,0,0,0,0.9643,2,低
2026-09,嘉義,B,B級,中危害,防火防爆,消防設備,是否有消防設備,31,26,25,1,0,0,0,0.9615,2,低
2026-09,嘉義,B,B級,中危害,防火防爆,防爆安全工具,是否使用防爆電氣設備及安全工具,31,31,30,1,0,0,0,0.9677,2,低
2026-09,嘉義,B,B級,中危害,高處作業,防墜措施,設標準施工架、安全網、安全母索、安全帶,31,29,28,1,0,0,0,0.9655,2,低
2026-09,嘉義,B,B級,中危害,安全保護,個人防護具,是否有防護口罩、防毒面具、SCBA、防護手套、安全眼鏡、耳塞,31,26,25,1,0,0,0,0.9615,2,低
2026-09,嘉義,B,B級,中危害,警戒巡查,警戒標示,是否有警戒標示,31,29,28,1,0,0,0,0.9655,2,低
2026-09,嘉義,B,B級,中危害,警戒巡查,巡查會簽,是否轄區、監造、安衛人員或工地負責人巡查會簽,31,28,27,1,0,0,0,0.9643,2,低
2026-09,嘉義,B,B級,中危害,收工回簽,回簽收工確認,是否回簽時確認環境已整理並完成防護措施,31,27,26,1,0,0,0,0.963,2,低
2026-09,嘉義,B,B級,中危害,收工回簽,一般安全規定,是否遵守工安規定,31,26,26,0,0,0,0,1.0,0,低
2026-09,嘉義,B,B級,中危害,收工回簽,現場紀錄,是否拍照,31,26,25,1,0,0,0,0.9615,2,低
2026-09,嘉義,C,C級,低危害,廠區,基本資料,工廠、日期、時間,29,25,25,0,0,0,0,1.0,0,低
2026-09,嘉義,C,C級,低危害,許可證,許可資訊,工程作業分級、申請時間、核准工作時間、工作許可證編號,29,25,25,0,0,0,0,1.0,0,低
2026-09,嘉義,C,C級,低危害,施工地點,場地關係人,施工部門、轄區部門、監造部門,29,28,27,1,0,0,0,0.9643,2,低
2026-09,嘉義,C,C級,低危害,包商,承攬商與人員資格,承攬商、工作人數、車輛車號、工地負責人、安衛人員、特殊作業主管,29,26,25,1,0,0,0,0.9615,2,低
2026-09,嘉義,C,C級,低危害,危害等級,作業等級,施工地點、工程案號、工作內容、許可工作項目、作業分級,29,26,26,0,0,0,0,1.0,0,低
2026-09,嘉義,C,C級,低危害,危害等級,管線設備危害物,可燃性氣體、易燃液體、有害性氣體、化學藥劑、酸鹼、熱水蒸氣、空氣、其他,29,25,24,1,0,0,0,0.96,2,低
2026-09,嘉義,C,C級,低危害,檢點與危害告知,簽發前安全檢點,是否安全檢點,29,27,26,1,0,0,0,0.963,2,低
2026-09,嘉義,C,C級,低危害,檢點與危害告知,危害告知,是否危害告知,29,24,24,0,0,0,0,1.0,0,低
2026-09,嘉義,C,C級,低危害,危害排除與隔離,環境危害排除,是否設備管線危害物排除,29,24,23,1,0,0,0,0.9583,2,低
2026-09,嘉義,C,C級,低危害,危害排除與隔離,隔離管制,設備管線是否加盲加鎖掛牌,29,29,28,1,0,0,0,0.9655,2,低
2026-09,嘉義,C,C級,低危害,環境測定,氣體偵測數值,可燃性氣體%、氧氣%、一氧化碳PPM、硫化氫PPM,29,29,28,1,0,0,0,0.9655,2,低
2026-09,嘉義,C,C級,低危害,環境測定,測定基準,可燃性氣體 < 20%LEL；氧氣>= 18%；一氧化碳<50 PPM；硫化氫<10 PPM,29,25,24,1,0,0,0,0.96,2,低
2026-09,嘉義,C,C級,低危害,環境測定,測定頻率,上、下午施工前測定；A級或高風險作業需重複或連續測定；每小時/每兩小時紀錄表,29,28,27,1,0,0,0,0.9643,2,低
2026-09,嘉義,C,C級,低危害,防火防爆,消防設備,是否有消防設備,29,26,25,1,0,0,0,0.9615,2,低
2026-09,嘉義,C,C級,低危害,防火防爆,防爆安全工具,是否使用防爆電氣設備及安全工具,29,25,24,1,0,0,0,0.96,2,低
2026-09,嘉義,C,C級,低危害,高處作業,防墜措施,設標準施工架、安全網、安全母索、安全帶,29,27,26,1,0,0,0,0.963,2,低
2026-09,嘉義,C,C級,低危害,安全保護,個人防護具,是否有防護口罩、防毒面具、SCBA、防護手套、安全眼鏡、耳塞,29,25,25,0,0,0,0,1.0,0,低
2026-09,嘉義,C,C級,低危害,警戒巡查,警戒標示,是否有警戒標示,29,28,27,1,0,0,0,0.9643,2,低
2026-09,嘉義,C,C級,低危害,警戒巡查,巡查會簽,是否轄區、監造、安衛人員或工地負責人巡查會簽,29,25,24,1,0,0,0,0.96,2,低
2026-09,嘉義,C,C級,低危害,收工回簽,回簽收工確認,是否回簽時確認環境已整理並完成防護措施,29,27,27,0,0,0,0,1.0,0,低
2026-09,嘉義,C,C級,低危害,收工回簽,一般安全規定,是否遵守工安規定,29,27,26,1,0,0,0,0.963,2,低
2026-09,嘉義,C,C級,低危害,收工回簽,現場紀錄,是否拍照,29,26,25,1,0,0,0,0.9615,2,低
2026-10,嘉義,A,A級,高危害,廠區,基本資料,工廠、日期、時間,13,11,11,0,0,0,0,1.0,0,低
2026-10,嘉義,A,A級,高危害,許可證,許可資訊,工程作業分級、申請時間、核准工作時間、工作許可證編號,13,12,12,0,0,0,0,1.0,0,低
2026-10,嘉義,A,A級,高危害,施工地點,場地關係人,施工部門、轄區部門、監造部門,13,11,11,0,0,0,0,1.0,0,低
2026-10,嘉義,A,A級,高危害,包商,承攬商與人員資格,承攬商、工作人數、車輛車號、工地負責人、安衛人員、特殊作業主管,13,13,13,0,0,0,0,1.0,0,低
2026-10,嘉義,A,A級,高危害,危害等級,作業等級,施工地點、工程案號、工作內容、許可工作項目、作業分級,13,11,11,0,0,0,0,1.0,0,低
2026-10,嘉義,A,A級,高危害,危害等級,管線設備危害物,可燃性氣體、易燃液體、有害性氣體、化學藥劑、酸鹼、熱水蒸氣、空氣、其他,13,12,12,0,0,0,0,1.0,0,低
2026-10,嘉義,A,A級,高危害,檢點與危害告知,簽發前安全檢點,是否安全檢點,13,12,12,0,0,0,0,1.0,0,低
2026-10,嘉義,A,A級,高危害,檢點與危害告知,危害告知,是否危害告知,13,12,12,0,0,0,0,1.0,0,低
2026-10,嘉義,A,A級,高危害,危害排除與隔離,環境危害排除,是否設備管線危害物排除,13,11,11,0,0,0,0,1.0,0,低
2026-10,嘉義,A,A級,高危害,危害排除與隔離,隔離管制,設備管線是否加盲加鎖掛牌,13,11,10,1,0,0,0,0.9091,2,低
2026-10,嘉義,A,A級,高危害,環境測定,氣體偵測數值,可燃性氣體%、氧氣%、一氧化碳PPM、硫化氫PPM,13,13,12,1,0,0,0,0.9231,2,低
2026-10,嘉義,A,A級,高危害,環境測定,測定基準,可燃性氣體 < 20%LEL；氧氣>= 18%；一氧化碳<50 PPM；硫化氫<10 PPM,13,12,11,1,0,0,0,0.9167,2,低
2026-10,嘉義,A,A級,高危害,環境測定,測定頻率,上、下午施工前測定；A級或高風險作業需重複或連續測定；每小時/每兩小時紀錄表,13,13,12,1,0,0,0,0.9231,2,低
2026-10,嘉義,A,A級,高危害,防火防爆,消防設備,是否有消防設備,13,11,10,1,0,1,0,0.9091,5,低
2026-10,嘉義,A,A級,高危害,防火防爆,防爆安全工具,是否使用防爆電氣設備及安全工具,13,13,12,1,0,0,0,0.9231,2,低
2026-10,嘉義,A,A級,高危害,高處作業,防墜措施,設標準施工架、安全網、安全母索、安全帶,13,11,11,0,0,0,0,1.0,0,低
2026-10,嘉義,A,A級,高危害,安全保護,個人防護具,是否有防護口罩、防毒面具、SCBA、防護手套、安全眼鏡、耳塞,13,13,13,0,0,0,0,1.0,0,低
2026-10,嘉義,A,A級,高危害,警戒巡查,警戒標示,是否有警戒標示,13,11,11,0,0,0,0,1.0,0,低
2026-10,嘉義,A,A級,高危害,警戒巡查,巡查會簽,是否轄區、監造、安衛人員或工地負責人巡查會簽,13,13,13,0,0,0,0,1.0,0,低
2026-10,嘉義,A,A級,高危害,收工回簽,回簽收工確認,是否回簽時確認環境已整理並完成防護措施,13,13,13,0,0,0,0,1.0,0,低
2026-10,嘉義,A,A級,高危害,收工回簽,一般安全規定,是否遵守工安規定,13,13,13,0,0,0,0,1.0,0,低
2026-10,嘉義,A,A級,高危害,收工回簽,現場紀錄,是否拍照,13,12,12,0,0,0,0,1.0,0,低
2026-10,嘉義,B,B級,中危害,廠區,基本資料,工廠、日期、時間,34,29,29,0,0,0,0,1.0,0,低
2026-10,嘉義,B,B級,中危害,許可證,許可資訊,工程作業分級、申請時間、核准工作時間、工作許可證編號,34,28,27,1,0,0,0,0.9643,2,低
2026-10,嘉義,B,B級,中危害,施工地點,場地關係人,施工部門、轄區部門、監造部門,34,31,30,1,0,0,0,0.9677,2,低
2026-10,嘉義,B,B級,中危害,包商,承攬商與人員資格,承攬商、工作人數、車輛車號、工地負責人、安衛人員、特殊作業主管,34,28,27,1,0,1,0,0.9643,5,低
2026-10,嘉義,B,B級,中危害,危害等級,作業等級,施工地點、工程案號、工作內容、許可工作項目、作業分級,34,28,27,1,0,0,0,0.9643,2,低
2026-10,嘉義,B,B級,中危害,危害等級,管線設備危害物,可燃性氣體、易燃液體、有害性氣體、化學藥劑、酸鹼、熱水蒸氣、空氣、其他,34,29,28,1,0,0,0,0.9655,2,低
2026-10,嘉義,B,B級,中危害,檢點與危害告知,簽發前安全檢點,是否安全檢點,34,30,29,1,0,0,0,0.9667,2,低
2026-10,嘉義,B,B級,中危害,檢點與危害告知,危害告知,是否危害告知,34,34,33,1,0,0,0,0.9706,2,低
2026-10,嘉義,B,B級,中危害,危害排除與隔離,環境危害排除,是否設備管線危害物排除,34,30,29,1,0,0,0,0.9667,2,低
2026-10,嘉義,B,B級,中危害,危害排除與隔離,隔離管制,設備管線是否加盲加鎖掛牌,34,29,28,1,0,0,0,0.9655,2,低
2026-10,嘉義,B,B級,中危害,環境測定,氣體偵測數值,可燃性氣體%、氧氣%、一氧化碳PPM、硫化氫PPM,34,30,29,1,0,0,0,0.9667,2,低
2026-10,嘉義,B,B級,中危害,環境測定,測定基準,可燃性氣體 < 20%LEL；氧氣>= 18%；一氧化碳<50 PPM；硫化氫<10 PPM,34,29,28,1,0,0,0,0.9655,2,低
2026-10,嘉義,B,B級,中危害,環境測定,測定頻率,上、下午施工前測定；A級或高風險作業需重複或連續測定；每小時/每兩小時紀錄表,34,32,31,1,0,0,0,0.9688,2,低
2026-10,嘉義,B,B級,中危害,防火防爆,消防設備,是否有消防設備,34,32,31,1,0,0,0,0.9688,2,低
2026-10,嘉義,B,B級,中危害,防火防爆,防爆安全工具,是否使用防爆電氣設備及安全工具,34,32,31,1,0,0,0,0.9688,2,低
2026-10,嘉義,B,B級,中危害,高處作業,防墜措施,設標準施工架、安全網、安全母索、安全帶,34,29,28,1,0,0,0,0.9655,2,低
2026-10,嘉義,B,B級,中危害,安全保護,個人防護具,是否有防護口罩、防毒面具、SCBA、防護手套、安全眼鏡、耳塞,34,34,33,1,0,1,0,0.9706,5,低
2026-10,嘉義,B,B級,中危害,警戒巡查,警戒標示,是否有警戒標示,34,28,27,1,0,0,0,0.9643,2,低
2026-10,嘉義,B,B級,中危害,警戒巡查,巡查會簽,是否轄區、監造、安衛人員或工地負責人巡查會簽,34,30,29,1,0,0,0,0.9667,2,低
2026-10,嘉義,B,B級,中危害,收工回簽,回簽收工確認,是否回簽時確認環境已整理並完成防護措施,34,31,30,1,0,0,0,0.9677,2,低
2026-10,嘉義,B,B級,中危害,收工回簽,一般安全規定,是否遵守工安規定,34,29,28,1,0,0,0,0.9655,2,低
2026-10,嘉義,B,B級,中危害,收工回簽,現場紀錄,是否拍照,34,31,30,1,0,1,0,0.9677,5,低
2026-10,嘉義,C,C級,低危害,廠區,基本資料,工廠、日期、時間,28,26,26,0,0,0,0,1.0,0,低
2026-10,嘉義,C,C級,低危害,許可證,許可資訊,工程作業分級、申請時間、核准工作時間、工作許可證編號,28,24,24,0,0,0,0,1.0,0,低
2026-10,嘉義,C,C級,低危害,施工地點,場地關係人,施工部門、轄區部門、監造部門,28,26,26,0,0,0,0,1.0,0,低
2026-10,嘉義,C,C級,低危害,包商,承攬商與人員資格,承攬商、工作人數、車輛車號、工地負責人、安衛人員、特殊作業主管,28,24,23,1,0,0,0,0.9583,2,低
2026-10,嘉義,C,C級,低危害,危害等級,作業等級,施工地點、工程案號、工作內容、許可工作項目、作業分級,28,24,24,0,0,0,0,1.0,0,低
2026-10,嘉義,C,C級,低危害,危害等級,管線設備危害物,可燃性氣體、易燃液體、有害性氣體、化學藥劑、酸鹼、熱水蒸氣、空氣、其他,28,25,24,1,0,0,0,0.96,2,低
2026-10,嘉義,C,C級,低危害,檢點與危害告知,簽發前安全檢點,是否安全檢點,28,23,22,1,0,0,0,0.9565,2,低
2026-10,嘉義,C,C級,低危害,檢點與危害告知,危害告知,是否危害告知,28,24,24,0,0,0,0,1.0,0,低
2026-10,嘉義,C,C級,低危害,危害排除與隔離,環境危害排除,是否設備管線危害物排除,28,27,26,1,0,0,0,0.963,2,低
2026-10,嘉義,C,C級,低危害,危害排除與隔離,隔離管制,設備管線是否加盲加鎖掛牌,28,26,25,1,0,0,0,0.9615,2,低
2026-10,嘉義,C,C級,低危害,環境測定,氣體偵測數值,可燃性氣體%、氧氣%、一氧化碳PPM、硫化氫PPM,28,27,26,1,0,0,0,0.963,2,低
2026-10,嘉義,C,C級,低危害,環境測定,測定基準,可燃性氣體 < 20%LEL；氧氣>= 18%；一氧化碳<50 PPM；硫化氫<10 PPM,28,23,22,1,0,0,0,0.9565,2,低
2026-10,嘉義,C,C級,低危害,環境測定,測定頻率,上、下午施工前測定；A級或高風險作業需重複或連續測定；每小時/每兩小時紀錄表,28,25,24,1,0,0,0,0.96,2,低
2026-10,嘉義,C,C級,低危害,防火防爆,消防設備,是否有消防設備,28,24,23,1,0,0,0,0.9583,2,低
2026-10,嘉義,C,C級,低危害,防火防爆,防爆安全工具,是否使用防爆電氣設備及安全工具,28,28,27,1,0,0,0,0.9643,2,低
2026-10,嘉義,C,C級,低危害,高處作業,防墜措施,設標準施工架、安全網、安全母索、安全帶,28,27,26,1,0,0,0,0.963,2,低
2026-10,嘉義,C,C級,低危害,安全保護,個人防護具,是否有防護口罩、防毒面具、SCBA、防護手套、安全眼鏡、耳塞,28,27,26,1,0,0,0,0.963,2,低
2026-10,嘉義,C,C級,低危害,警戒巡查,警戒標示,是否有警戒標示,28,25,25,0,0,0,0,1.0,0,低
2026-10,嘉義,C,C級,低危害,警戒巡查,巡查會簽,是否轄區、監造、安衛人員或工地負責人巡查會簽,28,25,24,1,0,0,0,0.96,2,低
2026-10,嘉義,C,C級,低危害,收工回簽,回簽收工確認,是否回簽時確認環境已整理並完成防護措施,28,24,23,1,0,0,0,0.9583,2,低
2026-10,嘉義,C,C級,低危害,收工回簽,一般安全規定,是否遵守工安規定,28,24,24,0,0,0,0,1.0,0,低
2026-10,嘉義,C,C級,低危害,收工回簽,現場紀錄,是否拍照,28,26,26,0,0,0,0,1.0,0,低
2026-11,嘉義,A,A級,高危害,廠區,基本資料,工廠、日期、時間,21,21,20,1,0,0,0,0.9524,2,低
2026-11,嘉義,A,A級,高危害,許可證,許可資訊,工程作業分級、申請時間、核准工作時間、工作許可證編號,21,20,20,0,0,0,0,1.0,0,低
2026-11,嘉義,A,A級,高危害,施工地點,場地關係人,施工部門、轄區部門、監造部門,21,20,19,1,0,0,0,0.95,2,低
2026-11,嘉義,A,A級,高危害,包商,承攬商與人員資格,承攬商、工作人數、車輛車號、工地負責人、安衛人員、特殊作業主管,21,19,18,1,0,0,0,0.9474,2,低
2026-11,嘉義,A,A級,高危害,危害等級,作業等級,施工地點、工程案號、工作內容、許可工作項目、作業分級,21,19,18,1,0,0,0,0.9474,2,低
2026-11,嘉義,A,A級,高危害,危害等級,管線設備危害物,可燃性氣體、易燃液體、有害性氣體、化學藥劑、酸鹼、熱水蒸氣、空氣、其他,21,18,17,1,0,0,0,0.9444,2,低
2026-11,嘉義,A,A級,高危害,檢點與危害告知,簽發前安全檢點,是否安全檢點,21,18,18,0,0,0,0,1.0,0,低
2026-11,嘉義,A,A級,高危害,檢點與危害告知,危害告知,是否危害告知,21,19,18,1,0,0,0,0.9474,2,低
2026-11,嘉義,A,A級,高危害,危害排除與隔離,環境危害排除,是否設備管線危害物排除,21,18,17,1,0,0,0,0.9444,2,低
2026-11,嘉義,A,A級,高危害,危害排除與隔離,隔離管制,設備管線是否加盲加鎖掛牌,21,18,17,1,0,0,0,0.9444,2,低
2026-11,嘉義,A,A級,高危害,環境測定,氣體偵測數值,可燃性氣體%、氧氣%、一氧化碳PPM、硫化氫PPM,21,19,18,1,0,0,0,0.9474,2,低
2026-11,嘉義,A,A級,高危害,環境測定,測定基準,可燃性氣體 < 20%LEL；氧氣>= 18%；一氧化碳<50 PPM；硫化氫<10 PPM,21,19,18,1,0,0,0,0.9474,2,低
2026-11,嘉義,A,A級,高危害,環境測定,測定頻率,上、下午施工前測定；A級或高風險作業需重複或連續測定；每小時/每兩小時紀錄表,21,18,17,1,0,0,0,0.9444,2,低
2026-11,嘉義,A,A級,高危害,防火防爆,消防設備,是否有消防設備,21,20,19,1,0,0,0,0.95,2,低
2026-11,嘉義,A,A級,高危害,防火防爆,防爆安全工具,是否使用防爆電氣設備及安全工具,21,20,19,1,0,1,0,0.95,5,低
2026-11,嘉義,A,A級,高危害,高處作業,防墜措施,設標準施工架、安全網、安全母索、安全帶,21,19,18,1,0,0,0,0.9474,2,低
2026-11,嘉義,A,A級,高危害,安全保護,個人防護具,是否有防護口罩、防毒面具、SCBA、防護手套、安全眼鏡、耳塞,21,20,19,1,0,0,0,0.95,2,低
2026-11,嘉義,A,A級,高危害,警戒巡查,警戒標示,是否有警戒標示,21,21,20,1,0,0,0,0.9524,2,低
2026-11,嘉義,A,A級,高危害,警戒巡查,巡查會簽,是否轄區、監造、安衛人員或工地負責人巡查會簽,21,21,20,1,0,0,0,0.9524,2,低
2026-11,嘉義,A,A級,高危害,收工回簽,回簽收工確認,是否回簽時確認環境已整理並完成防護措施,21,20,20,0,0,0,0,1.0,0,低
2026-11,嘉義,A,A級,高危害,收工回簽,一般安全規定,是否遵守工安規定,21,20,19,1,0,0,0,0.95,2,低
2026-11,嘉義,A,A級,高危害,收工回簽,現場紀錄,是否拍照,21,20,19,1,0,0,0,0.95,2,低
2026-11,嘉義,B,B級,中危害,廠區,基本資料,工廠、日期、時間,38,36,35,1,0,0,0,0.9722,2,低
2026-11,嘉義,B,B級,中危害,許可證,許可資訊,工程作業分級、申請時間、核准工作時間、工作許可證編號,38,31,30,1,0,0,0,0.9677,2,低
2026-11,嘉義,B,B級,中危害,施工地點,場地關係人,施工部門、轄區部門、監造部門,38,35,34,1,0,0,0,0.9714,2,低
2026-11,嘉義,B,B級,中危害,包商,承攬商與人員資格,承攬商、工作人數、車輛車號、工地負責人、安衛人員、特殊作業主管,38,38,37,1,0,0,0,0.9737,2,低
2026-11,嘉義,B,B級,中危害,危害等級,作業等級,施工地點、工程案號、工作內容、許可工作項目、作業分級,38,34,33,1,0,0,0,0.9706,2,低
2026-11,嘉義,B,B級,中危害,危害等級,管線設備危害物,可燃性氣體、易燃液體、有害性氣體、化學藥劑、酸鹼、熱水蒸氣、空氣、其他,38,33,32,1,0,0,0,0.9697,2,低
2026-11,嘉義,B,B級,中危害,檢點與危害告知,簽發前安全檢點,是否安全檢點,38,37,36,1,0,0,0,0.973,2,低
2026-11,嘉義,B,B級,中危害,檢點與危害告知,危害告知,是否危害告知,38,35,34,1,0,0,0,0.9714,2,低
2026-11,嘉義,B,B級,中危害,危害排除與隔離,環境危害排除,是否設備管線危害物排除,38,38,37,1,0,0,0,0.9737,2,低
2026-11,嘉義,B,B級,中危害,危害排除與隔離,隔離管制,設備管線是否加盲加鎖掛牌,38,35,34,1,0,0,0,0.9714,2,低
2026-11,嘉義,B,B級,中危害,環境測定,氣體偵測數值,可燃性氣體%、氧氣%、一氧化碳PPM、硫化氫PPM,38,35,34,1,0,0,0,0.9714,2,低
2026-11,嘉義,B,B級,中危害,環境測定,測定基準,可燃性氣體 < 20%LEL；氧氣>= 18%；一氧化碳<50 PPM；硫化氫<10 PPM,38,36,35,1,0,0,0,0.9722,2,低
2026-11,嘉義,B,B級,中危害,環境測定,測定頻率,上、下午施工前測定；A級或高風險作業需重複或連續測定；每小時/每兩小時紀錄表,38,35,34,1,0,0,0,0.9714,2,低
2026-11,嘉義,B,B級,中危害,防火防爆,消防設備,是否有消防設備,38,36,35,1,0,1,0,0.9722,5,低
2026-11,嘉義,B,B級,中危害,防火防爆,防爆安全工具,是否使用防爆電氣設備及安全工具,38,36,35,1,0,0,0,0.9722,2,低
2026-11,嘉義,B,B級,中危害,高處作業,防墜措施,設標準施工架、安全網、安全母索、安全帶,38,32,31,1,0,0,0,0.9688,2,低
2026-11,嘉義,B,B級,中危害,安全保護,個人防護具,是否有防護口罩、防毒面具、SCBA、防護手套、安全眼鏡、耳塞,38,33,32,1,0,0,0,0.9697,2,低
2026-11,嘉義,B,B級,中危害,警戒巡查,警戒標示,是否有警戒標示,38,31,30,1,0,0,0,0.9677,2,低
2026-11,嘉義,B,B級,中危害,警戒巡查,巡查會簽,是否轄區、監造、安衛人員或工地負責人巡查會簽,38,31,30,1,0,0,0,0.9677,2,低
2026-11,嘉義,B,B級,中危害,收工回簽,回簽收工確認,是否回簽時確認環境已整理並完成防護措施,38,36,35,1,0,0,0,0.9722,2,低
2026-11,嘉義,B,B級,中危害,收工回簽,一般安全規定,是否遵守工安規定,38,37,36,1,0,0,0,0.973,2,低
2026-11,嘉義,B,B級,中危害,收工回簽,現場紀錄,是否拍照,38,33,32,1,0,0,0,0.9697,2,低
2026-11,嘉義,C,C級,低危害,廠區,基本資料,工廠、日期、時間,28,27,27,0,0,0,0,1.0,0,低
2026-11,嘉義,C,C級,低危害,許可證,許可資訊,工程作業分級、申請時間、核准工作時間、工作許可證編號,28,25,24,1,0,0,0,0.96,2,低
2026-11,嘉義,C,C級,低危害,施工地點,場地關係人,施工部門、轄區部門、監造部門,28,25,25,0,0,0,0,1.0,0,低
2026-11,嘉義,C,C級,低危害,包商,承攬商與人員資格,承攬商、工作人數、車輛車號、工地負責人、安衛人員、特殊作業主管,28,26,25,1,0,0,0,0.9615,2,低
2026-11,嘉義,C,C級,低危害,危害等級,作業等級,施工地點、工程案號、工作內容、許可工作項目、作業分級,28,27,26,1,0,0,0,0.963,2,低
2026-11,嘉義,C,C級,低危害,危害等級,管線設備危害物,可燃性氣體、易燃液體、有害性氣體、化學藥劑、酸鹼、熱水蒸氣、空氣、其他,28,27,26,1,0,0,0,0.963,2,低
2026-11,嘉義,C,C級,低危害,檢點與危害告知,簽發前安全檢點,是否安全檢點,28,26,26,0,0,0,0,1.0,0,低
2026-11,嘉義,C,C級,低危害,檢點與危害告知,危害告知,是否危害告知,28,23,23,0,0,0,0,1.0,0,低
2026-11,嘉義,C,C級,低危害,危害排除與隔離,環境危害排除,是否設備管線危害物排除,28,26,25,1,0,0,0,0.9615,2,低
2026-11,嘉義,C,C級,低危害,危害排除與隔離,隔離管制,設備管線是否加盲加鎖掛牌,28,26,25,1,0,0,0,0.9615,2,低
2026-11,嘉義,C,C級,低危害,環境測定,氣體偵測數值,可燃性氣體%、氧氣%、一氧化碳PPM、硫化氫PPM,28,24,23,1,0,0,0,0.9583,2,低
2026-11,嘉義,C,C級,低危害,環境測定,測定基準,可燃性氣體 < 20%LEL；氧氣>= 18%；一氧化碳<50 PPM；硫化氫<10 PPM,28,26,25,1,0,1,0,0.9615,5,低
2026-11,嘉義,C,C級,低危害,環境測定,測定頻率,上、下午施工前測定；A級或高風險作業需重複或連續測定；每小時/每兩小時紀錄表,28,27,26,1,0,0,0,0.963,2,低
2026-11,嘉義,C,C級,低危害,防火防爆,消防設備,是否有消防設備,28,27,26,1,0,0,0,0.963,2,低
2026-11,嘉義,C,C級,低危害,防火防爆,防爆安全工具,是否使用防爆電氣設備及安全工具,28,23,22,1,0,0,0,0.9565,2,低
2026-11,嘉義,C,C級,低危害,高處作業,防墜措施,設標準施工架、安全網、安全母索、安全帶,28,28,27,1,0,0,0,0.9643,2,低
2026-11,嘉義,C,C級,低危害,安全保護,個人防護具,是否有防護口罩、防毒面具、SCBA、防護手套、安全眼鏡、耳塞,28,25,24,1,0,0,0,0.96,2,低
2026-11,嘉義,C,C級,低危害,警戒巡查,警戒標示,是否有警戒標示,28,24,23,1,0,0,0,0.9583,2,低
2026-11,嘉義,C,C級,低危害,警戒巡查,巡查會簽,是否轄區、監造、安衛人員或工地負責人巡查會簽,28,24,24,0,0,0,0,1.0,0,低
2026-11,嘉義,C,C級,低危害,收工回簽,回簽收工確認,是否回簽時確認環境已整理並完成防護措施,28,28,28,0,0,0,0,1.0,0,低
2026-11,嘉義,C,C級,低危害,收工回簽,一般安全規定,是否遵守工安規定,28,27,26,1,0,0,0,0.963,2,低
2026-11,嘉義,C,C級,低危害,收工回簽,現場紀錄,是否拍照,28,24,24,0,0,0,0,1.0,0,低
2026-12,嘉義,A,A級,高危害,廠區,基本資料,工廠、日期、時間,16,13,13,0,0,0,0,1.0,0,低
2026-12,嘉義,A,A級,高危害,許可證,許可資訊,工程作業分級、申請時間、核准工作時間、工作許可證編號,16,16,16,0,0,0,0,1.0,0,低
2026-12,嘉義,A,A級,高危害,施工地點,場地關係人,施工部門、轄區部門、監造部門,16,14,14,0,0,0,0,1.0,0,低
2026-12,嘉義,A,A級,高危害,包商,承攬商與人員資格,承攬商、工作人數、車輛車號、工地負責人、安衛人員、特殊作業主管,16,14,13,1,0,0,0,0.9286,2,低
2026-12,嘉義,A,A級,高危害,危害等級,作業等級,施工地點、工程案號、工作內容、許可工作項目、作業分級,16,14,14,0,0,0,0,1.0,0,低
2026-12,嘉義,A,A級,高危害,危害等級,管線設備危害物,可燃性氣體、易燃液體、有害性氣體、化學藥劑、酸鹼、熱水蒸氣、空氣、其他,16,16,15,1,0,0,0,0.9375,2,低
2026-12,嘉義,A,A級,高危害,檢點與危害告知,簽發前安全檢點,是否安全檢點,16,16,16,0,0,0,0,1.0,0,低
2026-12,嘉義,A,A級,高危害,檢點與危害告知,危害告知,是否危害告知,16,14,14,0,0,0,0,1.0,0,低
2026-12,嘉義,A,A級,高危害,危害排除與隔離,環境危害排除,是否設備管線危害物排除,16,15,14,1,0,0,0,0.9333,2,低
2026-12,嘉義,A,A級,高危害,危害排除與隔離,隔離管制,設備管線是否加盲加鎖掛牌,16,16,15,1,0,0,0,0.9375,2,低
2026-12,嘉義,A,A級,高危害,環境測定,氣體偵測數值,可燃性氣體%、氧氣%、一氧化碳PPM、硫化氫PPM,16,14,13,1,0,0,0,0.9286,2,低
2026-12,嘉義,A,A級,高危害,環境測定,測定基準,可燃性氣體 < 20%LEL；氧氣>= 18%；一氧化碳<50 PPM；硫化氫<10 PPM,16,15,14,1,0,0,0,0.9333,2,低
2026-12,嘉義,A,A級,高危害,環境測定,測定頻率,上、下午施工前測定；A級或高風險作業需重複或連續測定；每小時/每兩小時紀錄表,16,14,13,1,0,0,0,0.9286,2,低
2026-12,嘉義,A,A級,高危害,防火防爆,消防設備,是否有消防設備,16,15,14,1,0,0,0,0.9333,2,低
2026-12,嘉義,A,A級,高危害,防火防爆,防爆安全工具,是否使用防爆電氣設備及安全工具,16,16,15,1,0,0,0,0.9375,2,低
2026-12,嘉義,A,A級,高危害,高處作業,防墜措施,設標準施工架、安全網、安全母索、安全帶,16,15,14,1,0,0,0,0.9333,2,低
2026-12,嘉義,A,A級,高危害,安全保護,個人防護具,是否有防護口罩、防毒面具、SCBA、防護手套、安全眼鏡、耳塞,16,14,14,0,0,0,0,1.0,0,低
2026-12,嘉義,A,A級,高危害,警戒巡查,警戒標示,是否有警戒標示,16,15,14,1,0,0,0,0.9333,2,低
2026-12,嘉義,A,A級,高危害,警戒巡查,巡查會簽,是否轄區、監造、安衛人員或工地負責人巡查會簽,16,15,15,0,0,0,0,1.0,0,低
2026-12,嘉義,A,A級,高危害,收工回簽,回簽收工確認,是否回簽時確認環境已整理並完成防護措施,16,15,15,0,0,0,0,1.0,0,低
2026-12,嘉義,A,A級,高危害,收工回簽,一般安全規定,是否遵守工安規定,16,14,14,0,0,0,0,1.0,0,低
2026-12,嘉義,A,A級,高危害,收工回簽,現場紀錄,是否拍照,16,14,14,0,0,0,0,1.0,0,低
2026-12,嘉義,B,B級,中危害,廠區,基本資料,工廠、日期、時間,35,35,34,1,0,0,0,0.9714,2,低
2026-12,嘉義,B,B級,中危害,許可證,許可資訊,工程作業分級、申請時間、核准工作時間、工作許可證編號,35,32,31,1,0,0,0,0.9688,2,低
2026-12,嘉義,B,B級,中危害,施工地點,場地關係人,施工部門、轄區部門、監造部門,35,32,31,1,0,0,0,0.9688,2,低
2026-12,嘉義,B,B級,中危害,包商,承攬商與人員資格,承攬商、工作人數、車輛車號、工地負責人、安衛人員、特殊作業主管,35,30,29,1,0,0,0,0.9667,2,低
2026-12,嘉義,B,B級,中危害,危害等級,作業等級,施工地點、工程案號、工作內容、許可工作項目、作業分級,35,29,28,1,0,0,0,0.9655,2,低
2026-12,嘉義,B,B級,中危害,危害等級,管線設備危害物,可燃性氣體、易燃液體、有害性氣體、化學藥劑、酸鹼、熱水蒸氣、空氣、其他,35,30,29,1,0,0,0,0.9667,2,低
2026-12,嘉義,B,B級,中危害,檢點與危害告知,簽發前安全檢點,是否安全檢點,35,31,30,1,0,0,0,0.9677,2,低
2026-12,嘉義,B,B級,中危害,檢點與危害告知,危害告知,是否危害告知,35,32,31,1,0,1,0,0.9688,5,低
2026-12,嘉義,B,B級,中危害,危害排除與隔離,環境危害排除,是否設備管線危害物排除,35,29,28,1,0,0,0,0.9655,2,低
2026-12,嘉義,B,B級,中危害,危害排除與隔離,隔離管制,設備管線是否加盲加鎖掛牌,35,33,32,1,0,0,0,0.9697,2,低
2026-12,嘉義,B,B級,中危害,環境測定,氣體偵測數值,可燃性氣體%、氧氣%、一氧化碳PPM、硫化氫PPM,35,34,33,1,0,0,0,0.9706,2,低
2026-12,嘉義,B,B級,中危害,環境測定,測定基準,可燃性氣體 < 20%LEL；氧氣>= 18%；一氧化碳<50 PPM；硫化氫<10 PPM,35,34,33,1,0,0,0,0.9706,2,低
2026-12,嘉義,B,B級,中危害,環境測定,測定頻率,上、下午施工前測定；A級或高風險作業需重複或連續測定；每小時/每兩小時紀錄表,35,33,32,1,0,0,0,0.9697,2,低
2026-12,嘉義,B,B級,中危害,防火防爆,消防設備,是否有消防設備,35,31,30,1,0,0,0,0.9677,2,低
2026-12,嘉義,B,B級,中危害,防火防爆,防爆安全工具,是否使用防爆電氣設備及安全工具,35,33,32,1,0,0,0,0.9697,2,低
2026-12,嘉義,B,B級,中危害,高處作業,防墜措施,設標準施工架、安全網、安全母索、安全帶,35,35,34,1,0,0,0,0.9714,2,低
2026-12,嘉義,B,B級,中危害,安全保護,個人防護具,是否有防護口罩、防毒面具、SCBA、防護手套、安全眼鏡、耳塞,35,33,32,1,0,0,0,0.9697,2,低
2026-12,嘉義,B,B級,中危害,警戒巡查,警戒標示,是否有警戒標示,35,30,29,1,0,0,0,0.9667,2,低
2026-12,嘉義,B,B級,中危害,警戒巡查,巡查會簽,是否轄區、監造、安衛人員或工地負責人巡查會簽,35,29,28,1,0,0,0,0.9655,2,低
2026-12,嘉義,B,B級,中危害,收工回簽,回簽收工確認,是否回簽時確認環境已整理並完成防護措施,35,32,31,1,0,0,0,0.9688,2,低
2026-12,嘉義,B,B級,中危害,收工回簽,一般安全規定,是否遵守工安規定,35,32,31,1,0,0,0,0.9688,2,低
2026-12,嘉義,B,B級,中危害,收工回簽,現場紀錄,是否拍照,35,34,33,1,0,0,0,0.9706,2,低
2026-12,嘉義,C,C級,低危害,廠區,基本資料,工廠、日期、時間,27,23,23,0,0,0,0,1.0,0,低
2026-12,嘉義,C,C級,低危害,許可證,許可資訊,工程作業分級、申請時間、核准工作時間、工作許可證編號,27,26,25,1,0,0,0,0.9615,2,低
2026-12,嘉義,C,C級,低危害,施工地點,場地關係人,施工部門、轄區部門、監造部門,27,23,23,0,0,0,0,1.0,0,低
2026-12,嘉義,C,C級,低危害,包商,承攬商與人員資格,承攬商、工作人數、車輛車號、工地負責人、安衛人員、特殊作業主管,27,23,22,1,0,0,0,0.9565,2,低
2026-12,嘉義,C,C級,低危害,危害等級,作業等級,施工地點、工程案號、工作內容、許可工作項目、作業分級,27,23,22,1,0,0,0,0.9565,2,低
2026-12,嘉義,C,C級,低危害,危害等級,管線設備危害物,可燃性氣體、易燃液體、有害性氣體、化學藥劑、酸鹼、熱水蒸氣、空氣、其他,27,26,25,1,0,0,0,0.9615,2,低
2026-12,嘉義,C,C級,低危害,檢點與危害告知,簽發前安全檢點,是否安全檢點,27,25,24,1,0,0,0,0.96,2,低
2026-12,嘉義,C,C級,低危害,檢點與危害告知,危害告知,是否危害告知,27,27,27,0,0,0,0,1.0,0,低
2026-12,嘉義,C,C級,低危害,危害排除與隔離,環境危害排除,是否設備管線危害物排除,27,23,22,1,0,0,0,0.9565,2,低
2026-12,嘉義,C,C級,低危害,危害排除與隔離,隔離管制,設備管線是否加盲加鎖掛牌,27,23,22,1,0,0,0,0.9565,2,低
2026-12,嘉義,C,C級,低危害,環境測定,氣體偵測數值,可燃性氣體%、氧氣%、一氧化碳PPM、硫化氫PPM,27,26,25,1,0,0,0,0.9615,2,低
2026-12,嘉義,C,C級,低危害,環境測定,測定基準,可燃性氣體 < 20%LEL；氧氣>= 18%；一氧化碳<50 PPM；硫化氫<10 PPM,27,23,22,1,0,0,0,0.9565,2,低
2026-12,嘉義,C,C級,低危害,環境測定,測定頻率,上、下午施工前測定；A級或高風險作業需重複或連續測定；每小時/每兩小時紀錄表,27,23,22,1,0,0,0,0.9565,2,低
2026-12,嘉義,C,C級,低危害,防火防爆,消防設備,是否有消防設備,27,25,24,1,0,0,0,0.96,2,低
2026-12,嘉義,C,C級,低危害,防火防爆,防爆安全工具,是否使用防爆電氣設備及安全工具,27,25,24,1,0,0,0,0.96,2,低
2026-12,嘉義,C,C級,低危害,高處作業,防墜措施,設標準施工架、安全網、安全母索、安全帶,27,24,23,1,0,0,0,0.9583,2,低
2026-12,嘉義,C,C級,低危害,安全保護,個人防護具,是否有防護口罩、防毒面具、SCBA、防護手套、安全眼鏡、耳塞,27,25,24,1,0,0,0,0.96,2,低
2026-12,嘉義,C,C級,低危害,警戒巡查,警戒標示,是否有警戒標示,27,27,27,0,0,0,0,1.0,0,低
2026-12,嘉義,C,C級,低危害,警戒巡查,巡查會簽,是否轄區、監造、安衛人員或工地負責人巡查會簽,27,23,22,1,0,0,0,0.9565,2,低
2026-12,嘉義,C,C級,低危害,收工回簽,回簽收工確認,是否回簽時確認環境已整理並完成防護措施,27,22,21,1,0,0,0,0.9545,2,低
2026-12,嘉義,C,C級,低危害,收工回簽,一般安全規定,是否遵守工安規定,27,26,25,1,0,0,0,0.9615,2,低
2026-12,嘉義,C,C級,低危害,收工回簽,現場紀錄,是否拍照,27,22,22,0,0,0,0,1.0,0,低
2024-01,高雄大林,A,A級,高危害,廠區,基本資料,工廠、日期、時間,37,36,35,1,0,0,0,0.9722,2,低
2024-01,高雄大林,A,A級,高危害,許可證,許可資訊,工程作業分級、申請時間、核准工作時間、工作許可證編號,37,31,30,1,0,0,0,0.9677,2,低
2024-01,高雄大林,A,A級,高危害,施工地點,場地關係人,施工部門、轄區部門、監造部門,37,34,33,1,0,0,0,0.9706,2,低
2024-01,高雄大林,A,A級,高危害,包商,承攬商與人員資格,承攬商、工作人數、車輛車號、工地負責人、安衛人員、特殊作業主管,37,36,34,2,0,0,0,0.9444,4,低
2024-01,高雄大林,A,A級,高危害,危害等級,作業等級,施工地點、工程案號、工作內容、許可工作項目、作業分級,37,35,34,1,0,0,0,0.9714,2,低
2024-01,高雄大林,A,A級,高危害,危害等級,管線設備危害物,可燃性氣體、易燃液體、有害性氣體、化學藥劑、酸鹼、熱水蒸氣、空氣、其他,37,35,33,2,0,1,0,0.9429,7,低
2024-01,高雄大林,A,A級,高危害,檢點與危害告知,簽發前安全檢點,是否安全檢點,37,36,34,2,0,1,0,0.9444,7,低
2024-01,高雄大林,A,A級,高危害,檢點與危害告知,危害告知,是否危害告知,37,37,35,2,0,1,0,0.9459,7,低
2024-01,高雄大林,A,A級,高危害,危害排除與隔離,環境危害排除,是否設備管線危害物排除,37,31,29,2,1,0,0,0.9355,13,低
2024-01,高雄大林,A,A級,高危害,危害排除與隔離,隔離管制,設備管線是否加盲加鎖掛牌,37,32,30,2,1,1,0,0.9375,16,中
2024-01,高雄大林,A,A級,高危害,環境測定,氣體偵測數值,可燃性氣體%、氧氣%、一氧化碳PPM、硫化氫PPM,37,31,28,3,1,2,0,0.9032,21,中
2024-01,高雄大林,A,A級,高危害,環境測定,測定基準,可燃性氣體 < 20%LEL；氧氣>= 18%；一氧化碳<50 PPM；硫化氫<10 PPM,37,36,34,2,1,1,0,0.9444,16,中
2024-01,高雄大林,A,A級,高危害,環境測定,測定頻率,上、下午施工前測定；A級或高風險作業需重複或連續測定；每小時/每兩小時紀錄表,37,33,31,2,1,1,0,0.9394,16,中
2024-01,高雄大林,A,A級,高危害,防火防爆,消防設備,是否有消防設備,37,32,30,2,1,1,0,0.9375,16,中
2024-01,高雄大林,A,A級,高危害,防火防爆,防爆安全工具,是否使用防爆電氣設備及安全工具,37,35,32,3,1,1,0,0.9143,18,中
2024-01,高雄大林,A,A級,高危害,高處作業,防墜措施,設標準施工架、安全網、安全母索、安全帶,37,35,33,2,1,1,0,0.9429,16,中
2024-01,高雄大林,A,A級,高危害,安全保護,個人防護具,是否有防護口罩、防毒面具、SCBA、防護手套、安全眼鏡、耳塞,37,31,29,2,0,0,0,0.9355,4,低
2024-01,高雄大林,A,A級,高危害,警戒巡查,警戒標示,是否有警戒標示,37,36,34,2,0,0,0,0.9444,4,低
2024-01,高雄大林,A,A級,高危害,警戒巡查,巡查會簽,是否轄區、監造、安衛人員或工地負責人巡查會簽,37,35,34,1,0,0,0,0.9714,2,低
2024-01,高雄大林,A,A級,高危害,收工回簽,回簽收工確認,是否回簽時確認環境已整理並完成防護措施,37,36,34,2,0,1,0,0.9444,7,低
2024-01,高雄大林,A,A級,高危害,收工回簽,一般安全規定,是否遵守工安規定,37,36,35,1,0,0,0,0.9722,2,低
2024-01,高雄大林,A,A級,高危害,收工回簽,現場紀錄,是否拍照,37,31,30,1,0,0,0,0.9677,2,低
2024-01,高雄大林,B,B級,中危害,廠區,基本資料,工廠、日期、時間,72,61,60,1,0,0,0,0.9836,2,低
2024-01,高雄大林,B,B級,中危害,許可證,許可資訊,工程作業分級、申請時間、核准工作時間、工作許可證編號,72,62,61,1,0,0,0,0.9839,2,低
2024-01,高雄大林,B,B級,中危害,施工地點,場地關係人,施工部門、轄區部門、監造部門,72,62,60,2,0,1,0,0.9677,7,低
2024-01,高雄大林,B,B級,中危害,包商,承攬商與人員資格,承攬商、工作人數、車輛車號、工地負責人、安衛人員、特殊作業主管,72,69,67,2,0,0,0,0.971,4,低
2024-01,高雄大林,B,B級,中危害,危害等級,作業等級,施工地點、工程案號、工作內容、許可工作項目、作業分級,72,67,65,2,0,1,0,0.9701,7,低
2024-01,高雄大林,B,B級,中危害,危害等級,管線設備危害物,可燃性氣體、易燃液體、有害性氣體、化學藥劑、酸鹼、熱水蒸氣、空氣、其他,72,66,63,3,1,1,0,0.9545,18,中
2024-01,高雄大林,B,B級,中危害,檢點與危害告知,簽發前安全檢點,是否安全檢點,72,70,68,2,0,1,0,0.9714,7,低
2024-01,高雄大林,B,B級,中危害,檢點與危害告知,危害告知,是否危害告知,72,68,65,3,0,1,0,0.9559,9,低
2024-01,高雄大林,B,B級,中危害,危害排除與隔離,環境危害排除,是否設備管線危害物排除,72,66,63,3,1,1,0,0.9545,18,中
2024-01,高雄大林,B,B級,中危害,危害排除與隔離,隔離管制,設備管線是否加盲加鎖掛牌,72,68,65,3,1,1,0,0.9559,18,中
2024-01,高雄大林,B,B級,中危害,環境測定,氣體偵測數值,可燃性氣體%、氧氣%、一氧化碳PPM、硫化氫PPM,72,65,62,3,1,1,0,0.9538,18,中
2024-01,高雄大林,B,B級,中危害,環境測定,測定基準,可燃性氣體 < 20%LEL；氧氣>= 18%；一氧化碳<50 PPM；硫化氫<10 PPM,72,69,65,4,1,1,0,0.942,20,中
2024-01,高雄大林,B,B級,中危害,環境測定,測定頻率,上、下午施工前測定；A級或高風險作業需重複或連續測定；每小時/每兩小時紀錄表,72,63,60,3,1,1,0,0.9524,18,中
2024-01,高雄大林,B,B級,中危害,防火防爆,消防設備,是否有消防設備,72,64,61,3,1,2,1,0.9531,26,中
2024-01,高雄大林,B,B級,中危害,防火防爆,防爆安全工具,是否使用防爆電氣設備及安全工具,72,61,58,3,1,1,0,0.9508,18,中
2024-01,高雄大林,B,B級,中危害,高處作業,防墜措施,設標準施工架、安全網、安全母索、安全帶,72,70,67,3,1,2,1,0.9571,26,中
2024-01,高雄大林,B,B級,中危害,安全保護,個人防護具,是否有防護口罩、防毒面具、SCBA、防護手套、安全眼鏡、耳塞,72,70,68,2,0,1,0,0.9714,7,低
2024-01,高雄大林,B,B級,中危害,警戒巡查,警戒標示,是否有警戒標示,72,66,64,2,0,0,0,0.9697,4,低
2024-01,高雄大林,B,B級,中危害,警戒巡查,巡查會簽,是否轄區、監造、安衛人員或工地負責人巡查會簽,72,66,64,2,0,1,0,0.9697,7,低
2024-01,高雄大林,B,B級,中危害,收工回簽,回簽收工確認,是否回簽時確認環境已整理並完成防護措施,72,62,60,2,0,1,0,0.9677,7,低
2024-01,高雄大林,B,B級,中危害,收工回簽,一般安全規定,是否遵守工安規定,72,65,63,2,0,1,0,0.9692,7,低
2024-01,高雄大林,B,B級,中危害,收工回簽,現場紀錄,是否拍照,72,72,70,2,0,1,0,0.9722,7,低
2024-01,高雄大林,C,C級,低危害,廠區,基本資料,工廠、日期、時間,53,50,49,1,0,0,0,0.98,2,低
2024-01,高雄大林,C,C級,低危害,許可證,許可資訊,工程作業分級、申請時間、核准工作時間、工作許可證編號,53,51,50,1,0,0,0,0.9804,2,低
2024-01,高雄大林,C,C級,低危害,施工地點,場地關係人,施工部門、轄區部門、監造部門,53,47,46,1,0,0,0,0.9787,2,低
2024-01,高雄大林,C,C級,低危害,包商,承攬商與人員資格,承攬商、工作人數、車輛車號、工地負責人、安衛人員、特殊作業主管,53,46,45,1,0,0,0,0.9783,2,低
2024-01,高雄大林,C,C級,低危害,危害等級,作業等級,施工地點、工程案號、工作內容、許可工作項目、作業分級,53,44,43,1,0,0,0,0.9773,2,低
2024-01,高雄大林,C,C級,低危害,危害等級,管線設備危害物,可燃性氣體、易燃液體、有害性氣體、化學藥劑、酸鹼、熱水蒸氣、空氣、其他,53,49,47,2,0,1,0,0.9592,7,低
2024-01,高雄大林,C,C級,低危害,檢點與危害告知,簽發前安全檢點,是否安全檢點,53,46,45,1,0,1,0,0.9783,5,低
2024-01,高雄大林,C,C級,低危害,檢點與危害告知,危害告知,是否危害告知,53,47,46,1,0,0,0,0.9787,2,低
2024-01,高雄大林,C,C級,低危害,危害排除與隔離,環境危害排除,是否設備管線危害物排除,53,52,50,2,1,1,0,0.9615,16,中
2024-01,高雄大林,C,C級,低危害,危害排除與隔離,隔離管制,設備管線是否加盲加鎖掛牌,53,44,42,2,1,1,0,0.9545,16,中
2024-01,高雄大林,C,C級,低危害,環境測定,氣體偵測數值,可燃性氣體%、氧氣%、一氧化碳PPM、硫化氫PPM,53,49,47,2,1,1,0,0.9592,16,中
2024-01,高雄大林,C,C級,低危害,環境測定,測定基準,可燃性氣體 < 20%LEL；氧氣>= 18%；一氧化碳<50 PPM；硫化氫<10 PPM,53,53,51,2,1,1,0,0.9623,16,中
2024-01,高雄大林,C,C級,低危害,環境測定,測定頻率,上、下午施工前測定；A級或高風險作業需重複或連續測定；每小時/每兩小時紀錄表,53,52,50,2,1,1,0,0.9615,16,中
2024-01,高雄大林,C,C級,低危害,防火防爆,消防設備,是否有消防設備,53,51,49,2,1,1,0,0.9608,16,中
2024-01,高雄大林,C,C級,低危害,防火防爆,防爆安全工具,是否使用防爆電氣設備及安全工具,53,45,44,1,0,0,0,0.9778,2,低
2024-01,高雄大林,C,C級,低危害,高處作業,防墜措施,設標準施工架、安全網、安全母索、安全帶,53,52,50,2,1,0,0,0.9615,13,低
2024-01,高雄大林,C,C級,低危害,安全保護,個人防護具,是否有防護口罩、防毒面具、SCBA、防護手套、安全眼鏡、耳塞,53,46,45,1,0,0,0,0.9783,2,低
2024-01,高雄大林,C,C級,低危害,警戒巡查,警戒標示,是否有警戒標示,53,45,44,1,0,0,0,0.9778,2,低
2024-01,高雄大林,C,C級,低危害,警戒巡查,巡查會簽,是否轄區、監造、安衛人員或工地負責人巡查會簽,53,44,43,1,0,1,0,0.9773,5,低
2024-01,高雄大林,C,C級,低危害,收工回簽,回簽收工確認,是否回簽時確認環境已整理並完成防護措施,53,50,49,1,0,0,0,0.98,2,低
2024-01,高雄大林,C,C級,低危害,收工回簽,一般安全規定,是否遵守工安規定,53,47,46,1,0,0,0,0.9787,2,低
2024-01,高雄大林,C,C級,低危害,收工回簽,現場紀錄,是否拍照,53,46,45,1,0,0,0,0.9783,2,低
2024-02,高雄大林,A,A級,高危害,廠區,基本資料,工廠、日期、時間,33,28,27,1,0,0,0,0.9643,2,低
2024-02,高雄大林,A,A級,高危害,許可證,許可資訊,工程作業分級、申請時間、核准工作時間、工作許可證編號,33,32,31,1,0,0,0,0.9688,2,低
2024-02,高雄大林,A,A級,高危害,施工地點,場地關係人,施工部門、轄區部門、監造部門,33,28,27,1,0,0,0,0.9643,2,低
2024-02,高雄大林,A,A級,高危害,包商,承攬商與人員資格,承攬商、工作人數、車輛車號、工地負責人、安衛人員、特殊作業主管,33,28,27,1,0,0,0,0.9643,2,低
2024-02,高雄大林,A,A級,高危害,危害等級,作業等級,施工地點、工程案號、工作內容、許可工作項目、作業分級,33,28,27,1,0,1,0,0.9643,5,低
2024-02,高雄大林,A,A級,高危害,危害等級,管線設備危害物,可燃性氣體、易燃液體、有害性氣體、化學藥劑、酸鹼、熱水蒸氣、空氣、其他,33,31,30,1,0,0,0,0.9677,2,低
2024-02,高雄大林,A,A級,高危害,檢點與危害告知,簽發前安全檢點,是否安全檢點,33,29,28,1,0,0,0,0.9655,2,低
2024-02,高雄大林,A,A級,高危害,檢點與危害告知,危害告知,是否危害告知,33,29,28,1,0,0,0,0.9655,2,低
2024-02,高雄大林,A,A級,高危害,危害排除與隔離,環境危害排除,是否設備管線危害物排除,33,29,27,2,1,1,0,0.931,16,中
2024-02,高雄大林,A,A級,高危害,危害排除與隔離,隔離管制,設備管線是否加盲加鎖掛牌,33,28,26,2,1,1,0,0.9286,16,中
2024-02,高雄大林,A,A級,高危害,環境測定,氣體偵測數值,可燃性氣體%、氧氣%、一氧化碳PPM、硫化氫PPM,33,32,30,2,1,1,0,0.9375,16,中
2024-02,高雄大林,A,A級,高危害,環境測定,測定基準,可燃性氣體 < 20%LEL；氧氣>= 18%；一氧化碳<50 PPM；硫化氫<10 PPM,33,28,26,2,1,1,0,0.9286,16,中
2024-02,高雄大林,A,A級,高危害,環境測定,測定頻率,上、下午施工前測定；A級或高風險作業需重複或連續測定；每小時/每兩小時紀錄表,33,30,28,2,1,1,0,0.9333,16,中
2024-02,高雄大林,A,A級,高危害,防火防爆,消防設備,是否有消防設備,33,31,29,2,1,1,0,0.9355,16,中
2024-02,高雄大林,A,A級,高危害,防火防爆,防爆安全工具,是否使用防爆電氣設備及安全工具,33,27,25,2,1,1,0,0.9259,16,中
2024-02,高雄大林,A,A級,高危害,高處作業,防墜措施,設標準施工架、安全網、安全母索、安全帶,33,29,27,2,1,1,0,0.931,16,中
2024-02,高雄大林,A,A級,高危害,安全保護,個人防護具,是否有防護口罩、防毒面具、SCBA、防護手套、安全眼鏡、耳塞,33,29,28,1,0,0,0,0.9655,2,低
2024-02,高雄大林,A,A級,高危害,警戒巡查,警戒標示,是否有警戒標示,33,30,29,1,0,0,0,0.9667,2,低
2024-02,高雄大林,A,A級,高危害,警戒巡查,巡查會簽,是否轄區、監造、安衛人員或工地負責人巡查會簽,33,28,27,1,0,0,0,0.9643,2,低
2024-02,高雄大林,A,A級,高危害,收工回簽,回簽收工確認,是否回簽時確認環境已整理並完成防護措施,33,33,32,1,0,0,0,0.9697,2,低
2024-02,高雄大林,A,A級,高危害,收工回簽,一般安全規定,是否遵守工安規定,33,29,28,1,0,0,0,0.9655,2,低
2024-02,高雄大林,A,A級,高危害,收工回簽,現場紀錄,是否拍照,33,30,29,1,0,0,0,0.9667,2,低
2024-02,高雄大林,B,B級,中危害,廠區,基本資料,工廠、日期、時間,78,77,75,2,0,1,0,0.974,7,低
2024-02,高雄大林,B,B級,中危害,許可證,許可資訊,工程作業分級、申請時間、核准工作時間、工作許可證編號,78,72,70,2,0,1,0,0.9722,7,低
2024-02,高雄大林,B,B級,中危害,施工地點,場地關係人,施工部門、轄區部門、監造部門,78,78,76,2,0,1,0,0.9744,7,低
2024-02,高雄大林,B,B級,中危害,包商,承攬商與人員資格,承攬商、工作人數、車輛車號、工地負責人、安衛人員、特殊作業主管,78,73,71,2,0,1,0,0.9726,7,低
2024-02,高雄大林,B,B級,中危害,危害等級,作業等級,施工地點、工程案號、工作內容、許可工作項目、作業分級,78,64,61,3,0,1,0,0.9531,9,低
2024-02,高雄大林,B,B級,中危害,危害等級,管線設備危害物,可燃性氣體、易燃液體、有害性氣體、化學藥劑、酸鹼、熱水蒸氣、空氣、其他,78,78,75,3,0,1,0,0.9615,9,低
2024-02,高雄大林,B,B級,中危害,檢點與危害告知,簽發前安全檢點,是否安全檢點,78,74,72,2,0,1,0,0.973,7,低
2024-02,高雄大林,B,B級,中危害,檢點與危害告知,危害告知,是否危害告知,78,70,68,2,0,1,0,0.9714,7,低
2024-02,高雄大林,B,B級,中危害,危害排除與隔離,環境危害排除,是否設備管線危害物排除,78,69,66,3,1,1,0,0.9565,18,中
2024-02,高雄大林,B,B級,中危害,危害排除與隔離,隔離管制,設備管線是否加盲加鎖掛牌,78,72,68,4,1,1,0,0.9444,20,中
2024-02,高雄大林,B,B級,中危害,環境測定,氣體偵測數值,可燃性氣體%、氧氣%、一氧化碳PPM、硫化氫PPM,78,74,71,3,1,1,0,0.9595,18,中
2024-02,高雄大林,B,B級,中危害,環境測定,測定基準,可燃性氣體 < 20%LEL；氧氣>= 18%；一氧化碳<50 PPM；硫化氫<10 PPM,78,76,72,4,1,1,0,0.9474,20,中
2024-02,高雄大林,B,B級,中危害,環境測定,測定頻率,上、下午施工前測定；A級或高風險作業需重複或連續測定；每小時/每兩小時紀錄表,78,73,70,3,1,1,0,0.9589,18,中
2024-02,高雄大林,B,B級,中危害,防火防爆,消防設備,是否有消防設備,78,73,70,3,1,1,0,0.9589,18,中
2024-02,高雄大林,B,B級,中危害,防火防爆,防爆安全工具,是否使用防爆電氣設備及安全工具,78,68,65,3,1,1,0,0.9559,18,中
2024-02,高雄大林,B,B級,中危害,高處作業,防墜措施,設標準施工架、安全網、安全母索、安全帶,78,64,62,2,1,1,0,0.9688,16,中
2024-02,高雄大林,B,B級,中危害,安全保護,個人防護具,是否有防護口罩、防毒面具、SCBA、防護手套、安全眼鏡、耳塞,78,69,67,2,0,1,0,0.971,7,低
2024-02,高雄大林,B,B級,中危害,警戒巡查,警戒標示,是否有警戒標示,78,66,64,2,0,1,0,0.9697,7,低
2024-02,高雄大林,B,B級,中危害,警戒巡查,巡查會簽,是否轄區、監造、安衛人員或工地負責人巡查會簽,78,69,67,2,0,1,0,0.971,7,低
2024-02,高雄大林,B,B級,中危害,收工回簽,回簽收工確認,是否回簽時確認環境已整理並完成防護措施,78,73,71,2,0,1,0,0.9726,7,低
2024-02,高雄大林,B,B級,中危害,收工回簽,一般安全規定,是否遵守工安規定,78,75,73,2,0,1,0,0.9733,7,低
2024-02,高雄大林,B,B級,中危害,收工回簽,現場紀錄,是否拍照,78,67,65,2,0,1,0,0.9701,7,低
2024-02,高雄大林,C,C級,低危害,廠區,基本資料,工廠、日期、時間,55,55,54,1,0,0,0,0.9818,2,低
2024-02,高雄大林,C,C級,低危害,許可證,許可資訊,工程作業分級、申請時間、核准工作時間、工作許可證編號,55,52,51,1,0,0,0,0.9808,2,低
2024-02,高雄大林,C,C級,低危害,施工地點,場地關係人,施工部門、轄區部門、監造部門,55,46,45,1,0,0,0,0.9783,2,低
2024-02,高雄大林,C,C級,低危害,包商,承攬商與人員資格,承攬商、工作人數、車輛車號、工地負責人、安衛人員、特殊作業主管,55,50,49,1,0,0,0,0.98,2,低
2024-02,高雄大林,C,C級,低危害,危害等級,作業等級,施工地點、工程案號、工作內容、許可工作項目、作業分級,55,50,48,2,0,1,0,0.96,7,低
2024-02,高雄大林,C,C級,低危害,危害等級,管線設備危害物,可燃性氣體、易燃液體、有害性氣體、化學藥劑、酸鹼、熱水蒸氣、空氣、其他,55,55,53,2,0,1,0,0.9636,7,低
2024-02,高雄大林,C,C級,低危害,檢點與危害告知,簽發前安全檢點,是否安全檢點,55,50,49,1,0,0,0,0.98,2,低
2024-02,高雄大林,C,C級,低危害,檢點與危害告知,危害告知,是否危害告知,55,52,51,1,0,0,0,0.9808,2,低
2024-02,高雄大林,C,C級,低危害,危害排除與隔離,環境危害排除,是否設備管線危害物排除,55,47,45,2,1,1,0,0.9574,16,中
2024-02,高雄大林,C,C級,低危害,危害排除與隔離,隔離管制,設備管線是否加盲加鎖掛牌,55,51,49,2,1,1,0,0.9608,16,中
2024-02,高雄大林,C,C級,低危害,環境測定,氣體偵測數值,可燃性氣體%、氧氣%、一氧化碳PPM、硫化氫PPM,55,50,48,2,1,1,0,0.96,16,中
2024-02,高雄大林,C,C級,低危害,環境測定,測定基準,可燃性氣體 < 20%LEL；氧氣>= 18%；一氧化碳<50 PPM；硫化氫<10 PPM,55,53,51,2,1,1,0,0.9623,16,中
2024-02,高雄大林,C,C級,低危害,環境測定,測定頻率,上、下午施工前測定；A級或高風險作業需重複或連續測定；每小時/每兩小時紀錄表,55,49,47,2,1,1,0,0.9592,16,中
2024-02,高雄大林,C,C級,低危害,防火防爆,消防設備,是否有消防設備,55,53,51,2,1,1,0,0.9623,16,中
2024-02,高雄大林,C,C級,低危害,防火防爆,防爆安全工具,是否使用防爆電氣設備及安全工具,55,51,49,2,1,1,0,0.9608,16,中
2024-02,高雄大林,C,C級,低危害,高處作業,防墜措施,設標準施工架、安全網、安全母索、安全帶,55,47,45,2,1,0,0,0.9574,13,低
2024-02,高雄大林,C,C級,低危害,安全保護,個人防護具,是否有防護口罩、防毒面具、SCBA、防護手套、安全眼鏡、耳塞,55,48,47,1,0,0,0,0.9792,2,低
2024-02,高雄大林,C,C級,低危害,警戒巡查,警戒標示,是否有警戒標示,55,46,45,1,0,0,0,0.9783,2,低
2024-02,高雄大林,C,C級,低危害,警戒巡查,巡查會簽,是否轄區、監造、安衛人員或工地負責人巡查會簽,55,48,47,1,0,0,0,0.9792,2,低
2024-02,高雄大林,C,C級,低危害,收工回簽,回簽收工確認,是否回簽時確認環境已整理並完成防護措施,55,52,51,1,0,0,0,0.9808,2,低
2024-02,高雄大林,C,C級,低危害,收工回簽,一般安全規定,是否遵守工安規定,55,46,45,1,0,0,0,0.9783,2,低
2024-02,高雄大林,C,C級,低危害,收工回簽,現場紀錄,是否拍照,55,54,53,1,0,0,0,0.9815,2,低
2024-03,高雄大林,A,A級,高危害,廠區,基本資料,工廠、日期、時間,38,35,34,1,0,0,0,0.9714,2,低
2024-03,高雄大林,A,A級,高危害,許可證,許可資訊,工程作業分級、申請時間、核准工作時間、工作許可證編號,38,33,32,1,0,0,0,0.9697,2,低
2024-03,高雄大林,A,A級,高危害,施工地點,場地關係人,施工部門、轄區部門、監造部門,38,33,32,1,0,0,0,0.9697,2,低
2024-03,高雄大林,A,A級,高危害,包商,承攬商與人員資格,承攬商、工作人數、車輛車號、工地負責人、安衛人員、特殊作業主管,38,32,31,1,0,0,0,0.9688,2,低
2024-03,高雄大林,A,A級,高危害,危害等級,作業等級,施工地點、工程案號、工作內容、許可工作項目、作業分級,38,33,32,1,0,0,0,0.9697,2,低
2024-03,高雄大林,A,A級,高危害,危害等級,管線設備危害物,可燃性氣體、易燃液體、有害性氣體、化學藥劑、酸鹼、熱水蒸氣、空氣、其他,38,36,34,2,0,0,0,0.9444,4,低
2024-03,高雄大林,A,A級,高危害,檢點與危害告知,簽發前安全檢點,是否安全檢點,38,32,31,1,0,0,0,0.9688,2,低
2024-03,高雄大林,A,A級,高危害,檢點與危害告知,危害告知,是否危害告知,38,37,36,1,0,0,0,0.973,2,低
2024-03,高雄大林,A,A級,高危害,危害排除與隔離,環境危害排除,是否設備管線危害物排除,38,36,33,3,1,1,0,0.9167,18,中
2024-03,高雄大林,A,A級,高危害,危害排除與隔離,隔離管制,設備管線是否加盲加鎖掛牌,38,37,34,3,1,1,0,0.9189,18,中
2024-03,高雄大林,A,A級,高危害,環境測定,氣體偵測數值,可燃性氣體%、氧氣%、一氧化碳PPM、硫化氫PPM,38,32,30,2,1,0,0,0.9375,13,低
2024-03,高雄大林,A,A級,高危害,環境測定,測定基準,可燃性氣體 < 20%LEL；氧氣>= 18%；一氧化碳<50 PPM；硫化氫<10 PPM,38,34,31,3,1,2,0,0.9118,21,中
2024-03,高雄大林,A,A級,高危害,環境測定,測定頻率,上、下午施工前測定；A級或高風險作業需重複或連續測定；每小時/每兩小時紀錄表,38,37,35,2,1,0,0,0.9459,13,低
2024-03,高雄大林,A,A級,高危害,防火防爆,消防設備,是否有消防設備,38,32,30,2,1,1,0,0.9375,16,中
2024-03,高雄大林,A,A級,高危害,防火防爆,防爆安全工具,是否使用防爆電氣設備及安全工具,38,37,35,2,1,1,0,0.9459,16,中
2024-03,高雄大林,A,A級,高危害,高處作業,防墜措施,設標準施工架、安全網、安全母索、安全帶,38,37,35,2,1,0,0,0.9459,13,低
2024-03,高雄大林,A,A級,高危害,安全保護,個人防護具,是否有防護口罩、防毒面具、SCBA、防護手套、安全眼鏡、耳塞,38,37,35,2,0,1,0,0.9459,7,低
2024-03,高雄大林,A,A級,高危害,警戒巡查,警戒標示,是否有警戒標示,38,38,36,2,0,1,0,0.9474,7,低
2024-03,高雄大林,A,A級,高危害,警戒巡查,巡查會簽,是否轄區、監造、安衛人員或工地負責人巡查會簽,38,34,32,2,0,1,0,0.9412,7,低
2024-03,高雄大林,A,A級,高危害,收工回簽,回簽收工確認,是否回簽時確認環境已整理並完成防護措施,38,34,33,1,0,0,0,0.9706,2,低
2024-03,高雄大林,A,A級,高危害,收工回簽,一般安全規定,是否遵守工安規定,38,35,33,2,0,1,0,0.9429,7,低
2024-03,高雄大林,A,A級,高危害,收工回簽,現場紀錄,是否拍照,38,33,32,1,0,0,0,0.9697,2,低
2024-03,高雄大林,B,B級,中危害,廠區,基本資料,工廠、日期、時間,80,71,69,2,0,1,0,0.9718,7,低
2024-03,高雄大林,B,B級,中危害,許可證,許可資訊,工程作業分級、申請時間、核准工作時間、工作許可證編號,80,75,73,2,0,0,0,0.9733,4,低
2024-03,高雄大林,B,B級,中危害,施工地點,場地關係人,施工部門、轄區部門、監造部門,80,77,75,2,0,1,0,0.974,7,低
2024-03,高雄大林,B,B級,中危害,包商,承攬商與人員資格,承攬商、工作人數、車輛車號、工地負責人、安衛人員、特殊作業主管,80,76,74,2,0,1,0,0.9737,7,低
2024-03,高雄大林,B,B級,中危害,危害等級,作業等級,施工地點、工程案號、工作內容、許可工作項目、作業分級,80,73,71,2,0,1,0,0.9726,7,低
2024-03,高雄大林,B,B級,中危害,危害等級,管線設備危害物,可燃性氣體、易燃液體、有害性氣體、化學藥劑、酸鹼、熱水蒸氣、空氣、其他,80,77,74,3,1,1,0,0.961,18,中
2024-03,高雄大林,B,B級,中危害,檢點與危害告知,簽發前安全檢點,是否安全檢點,80,72,70,2,0,1,0,0.9722,7,低
2024-03,高雄大林,B,B級,中危害,檢點與危害告知,危害告知,是否危害告知,80,78,75,3,1,1,0,0.9615,18,中
2024-03,高雄大林,B,B級,中危害,危害排除與隔離,環境危害排除,是否設備管線危害物排除,80,75,71,4,1,1,0,0.9467,20,中
2024-03,高雄大林,B,B級,中危害,危害排除與隔離,隔離管制,設備管線是否加盲加鎖掛牌,80,75,71,4,1,1,0,0.9467,20,中
2024-03,高雄大林,B,B級,中危害,環境測定,氣體偵測數值,可燃性氣體%、氧氣%、一氧化碳PPM、硫化氫PPM,80,66,63,3,1,2,1,0.9545,26,中
2024-03,高雄大林,B,B級,中危害,環境測定,測定基準,可燃性氣體 < 20%LEL；氧氣>= 18%；一氧化碳<50 PPM；硫化氫<10 PPM,80,74,71,3,1,1,0,0.9595,18,中
2024-03,高雄大林,B,B級,中危害,環境測定,測定頻率,上、下午施工前測定；A級或高風險作業需重複或連續測定；每小時/每兩小時紀錄表,80,72,69,3,1,1,0,0.9583,18,中
2024-03,高雄大林,B,B級,中危害,防火防爆,消防設備,是否有消防設備,80,71,68,3,1,1,0,0.9577,18,中
2024-03,高雄大林,B,B級,中危害,防火防爆,防爆安全工具,是否使用防爆電氣設備及安全工具,80,66,63,3,1,1,0,0.9545,18,中
2024-03,高雄大林,B,B級,中危害,高處作業,防墜措施,設標準施工架、安全網、安全母索、安全帶,80,69,66,3,1,1,0,0.9565,18,中
2024-03,高雄大林,B,B級,中危害,安全保護,個人防護具,是否有防護口罩、防毒面具、SCBA、防護手套、安全眼鏡、耳塞,80,79,76,3,0,1,0,0.962,9,低
2024-03,高雄大林,B,B級,中危害,警戒巡查,警戒標示,是否有警戒標示,80,78,75,3,0,1,0,0.9615,9,低
2024-03,高雄大林,B,B級,中危害,警戒巡查,巡查會簽,是否轄區、監造、安衛人員或工地負責人巡查會簽,80,79,76,3,0,1,0,0.962,9,低
2024-03,高雄大林,B,B級,中危害,收工回簽,回簽收工確認,是否回簽時確認環境已整理並完成防護措施,80,68,66,2,0,1,0,0.9706,7,低
2024-03,高雄大林,B,B級,中危害,收工回簽,一般安全規定,是否遵守工安規定,80,79,77,2,0,1,0,0.9747,7,低
2024-03,高雄大林,B,B級,中危害,收工回簽,現場紀錄,是否拍照,80,66,64,2,0,1,0,0.9697,7,低
2024-03,高雄大林,C,C級,低危害,廠區,基本資料,工廠、日期、時間,61,53,52,1,0,0,0,0.9811,2,低
2024-03,高雄大林,C,C級,低危害,許可證,許可資訊,工程作業分級、申請時間、核准工作時間、工作許可證編號,61,52,51,1,0,0,0,0.9808,2,低
2024-03,高雄大林,C,C級,低危害,施工地點,場地關係人,施工部門、轄區部門、監造部門,61,51,50,1,0,0,0,0.9804,2,低
2024-03,高雄大林,C,C級,低危害,包商,承攬商與人員資格,承攬商、工作人數、車輛車號、工地負責人、安衛人員、特殊作業主管,61,55,54,1,0,0,0,0.9818,2,低
2024-03,高雄大林,C,C級,低危害,危害等級,作業等級,施工地點、工程案號、工作內容、許可工作項目、作業分級,61,51,49,2,0,1,0,0.9608,7,低
2024-03,高雄大林,C,C級,低危害,危害等級,管線設備危害物,可燃性氣體、易燃液體、有害性氣體、化學藥劑、酸鹼、熱水蒸氣、空氣、其他,61,56,54,2,0,1,0,0.9643,7,低
2024-03,高雄大林,C,C級,低危害,檢點與危害告知,簽發前安全檢點,是否安全檢點,61,51,50,1,0,0,0,0.9804,2,低
2024-03,高雄大林,C,C級,低危害,檢點與危害告知,危害告知,是否危害告知,61,57,55,2,0,1,0,0.9649,7,低
2024-03,高雄大林,C,C級,低危害,危害排除與隔離,環境危害排除,是否設備管線危害物排除,61,58,56,2,1,1,0,0.9655,16,中
2024-03,高雄大林,C,C級,低危害,危害排除與隔離,隔離管制,設備管線是否加盲加鎖掛牌,61,52,50,2,1,1,0,0.9615,16,中
2024-03,高雄大林,C,C級,低危害,環境測定,氣體偵測數值,可燃性氣體%、氧氣%、一氧化碳PPM、硫化氫PPM,61,57,55,2,1,1,0,0.9649,16,中
2024-03,高雄大林,C,C級,低危害,環境測定,測定基準,可燃性氣體 < 20%LEL；氧氣>= 18%；一氧化碳<50 PPM；硫化氫<10 PPM,61,51,49,2,1,1,0,0.9608,16,中
2024-03,高雄大林,C,C級,低危害,環境測定,測定頻率,上、下午施工前測定；A級或高風險作業需重複或連續測定；每小時/每兩小時紀錄表,61,61,59,2,1,1,0,0.9672,16,中
2024-03,高雄大林,C,C級,低危害,防火防爆,消防設備,是否有消防設備,61,50,48,2,1,1,0,0.96,16,中
2024-03,高雄大林,C,C級,低危害,防火防爆,防爆安全工具,是否使用防爆電氣設備及安全工具,61,54,52,2,1,1,0,0.963,16,中
2024-03,高雄大林,C,C級,低危害,高處作業,防墜措施,設標準施工架、安全網、安全母索、安全帶,61,59,57,2,1,1,0,0.9661,16,中
2024-03,高雄大林,C,C級,低危害,安全保護,個人防護具,是否有防護口罩、防毒面具、SCBA、防護手套、安全眼鏡、耳塞,61,51,49,2,0,1,0,0.9608,7,低
2024-03,高雄大林,C,C級,低危害,警戒巡查,警戒標示,是否有警戒標示,61,52,50,2,0,1,0,0.9615,7,低
2024-03,高雄大林,C,C級,低危害,警戒巡查,巡查會簽,是否轄區、監造、安衛人員或工地負責人巡查會簽,61,61,59,2,0,1,0,0.9672,7,低
2024-03,高雄大林,C,C級,低危害,收工回簽,回簽收工確認,是否回簽時確認環境已整理並完成防護措施,61,54,53,1,0,0,0,0.9815,2,低
2024-03,高雄大林,C,C級,低危害,收工回簽,一般安全規定,是否遵守工安規定,61,54,53,1,0,0,0,0.9815,2,低
2024-03,高雄大林,C,C級,低危害,收工回簽,現場紀錄,是否拍照,61,55,54,1,0,0,0,0.9818,2,低
2024-04,高雄大林,A,A級,高危害,廠區,基本資料,工廠、日期、時間,38,34,33,1,0,0,0,0.9706,2,低
2024-04,高雄大林,A,A級,高危害,許可證,許可資訊,工程作業分級、申請時間、核准工作時間、工作許可證編號,38,37,36,1,0,0,0,0.973,2,低
2024-04,高雄大林,A,A級,高危害,施工地點,場地關係人,施工部門、轄區部門、監造部門,38,32,31,1,0,0,0,0.9688,2,低
2024-04,高雄大林,A,A級,高危害,包商,承攬商與人員資格,承攬商、工作人數、車輛車號、工地負責人、安衛人員、特殊作業主管,38,32,30,2,0,1,0,0.9375,7,低
2024-04,高雄大林,A,A級,高危害,危害等級,作業等級,施工地點、工程案號、工作內容、許可工作項目、作業分級,38,38,36,2,0,1,0,0.9474,7,低
2024-04,高雄大林,A,A級,高危害,危害等級,管線設備危害物,可燃性氣體、易燃液體、有害性氣體、化學藥劑、酸鹼、熱水蒸氣、空氣、其他,38,34,33,1,0,0,0,0.9706,2,低
2024-04,高雄大林,A,A級,高危害,檢點與危害告知,簽發前安全檢點,是否安全檢點,38,34,33,1,0,0,0,0.9706,2,低
2024-04,高雄大林,A,A級,高危害,檢點與危害告知,危害告知,是否危害告知,38,35,34,1,0,0,0,0.9714,2,低
2024-04,高雄大林,A,A級,高危害,危害排除與隔離,環境危害排除,是否設備管線危害物排除,38,31,29,2,1,0,0,0.9355,13,低
2024-04,高雄大林,A,A級,高危害,危害排除與隔離,隔離管制,設備管線是否加盲加鎖掛牌,38,38,35,3,1,1,0,0.9211,18,中
2024-04,高雄大林,A,A級,高危害,環境測定,氣體偵測數值,可燃性氣體%、氧氣%、一氧化碳PPM、硫化氫PPM,38,33,31,2,1,1,0,0.9394,16,中
2024-04,高雄大林,A,A級,高危害,環境測定,測定基準,可燃性氣體 < 20%LEL；氧氣>= 18%；一氧化碳<50 PPM；硫化氫<10 PPM,38,35,33,2,1,1,0,0.9429,16,中
2024-04,高雄大林,A,A級,高危害,環境測定,測定頻率,上、下午施工前測定；A級或高風險作業需重複或連續測定；每小時/每兩小時紀錄表,38,32,30,2,1,1,0,0.9375,16,中
2024-04,高雄大林,A,A級,高危害,防火防爆,消防設備,是否有消防設備,38,33,31,2,1,1,0,0.9394,16,中
2024-04,高雄大林,A,A級,高危害,防火防爆,防爆安全工具,是否使用防爆電氣設備及安全工具,38,32,30,2,1,1,0,0.9375,16,中
2024-04,高雄大林,A,A級,高危害,高處作業,防墜措施,設標準施工架、安全網、安全母索、安全帶,38,36,34,2,1,1,0,0.9444,16,中
2024-04,高雄大林,A,A級,高危害,安全保護,個人防護具,是否有防護口罩、防毒面具、SCBA、防護手套、安全眼鏡、耳塞,38,38,37,1,0,0,0,0.9737,2,低
2024-04,高雄大林,A,A級,高危害,警戒巡查,警戒標示,是否有警戒標示,38,32,30,2,0,1,0,0.9375,7,低
2024-04,高雄大林,A,A級,高危害,警戒巡查,巡查會簽,是否轄區、監造、安衛人員或工地負責人巡查會簽,38,32,31,1,0,0,0,0.9688,2,低
2024-04,高雄大林,A,A級,高危害,收工回簽,回簽收工確認,是否回簽時確認環境已整理並完成防護措施,38,36,35,1,0,0,0,0.9722,2,低
2024-04,高雄大林,A,A級,高危害,收工回簽,一般安全規定,是否遵守工安規定,38,37,36,1,0,0,0,0.973,2,低
2024-04,高雄大林,A,A級,高危害,收工回簽,現場紀錄,是否拍照,38,36,35,1,0,0,0,0.9722,2,低
2024-04,高雄大林,B,B級,中危害,廠區,基本資料,工廠、日期、時間,77,66,64,2,0,1,0,0.9697,7,低
2024-04,高雄大林,B,B級,中危害,許可證,許可資訊,工程作業分級、申請時間、核准工作時間、工作許可證編號,77,68,66,2,0,1,0,0.9706,7,低
2024-04,高雄大林,B,B級,中危害,施工地點,場地關係人,施工部門、轄區部門、監造部門,77,73,71,2,0,1,0,0.9726,7,低
2024-04,高雄大林,B,B級,中危害,包商,承攬商與人員資格,承攬商、工作人數、車輛車號、工地負責人、安衛人員、特殊作業主管,77,76,74,2,0,1,0,0.9737,7,低
2024-04,高雄大林,B,B級,中危害,危害等級,作業等級,施工地點、工程案號、工作內容、許可工作項目、作業分級,77,75,72,3,0,1,0,0.96,9,低
2024-04,高雄大林,B,B級,中危害,危害等級,管線設備危害物,可燃性氣體、易燃液體、有害性氣體、化學藥劑、酸鹼、熱水蒸氣、空氣、其他,77,72,69,3,1,1,0,0.9583,18,中
2024-04,高雄大林,B,B級,中危害,檢點與危害告知,簽發前安全檢點,是否安全檢點,77,75,73,2,0,1,0,0.9733,7,低
2024-04,高雄大林,B,B級,中危害,檢點與危害告知,危害告知,是否危害告知,77,68,66,2,0,1,0,0.9706,7,低
2024-04,高雄大林,B,B級,中危害,危害排除與隔離,環境危害排除,是否設備管線危害物排除,77,76,72,4,1,2,0,0.9474,23,中
2024-04,高雄大林,B,B級,中危害,危害排除與隔離,隔離管制,設備管線是否加盲加鎖掛牌,77,63,61,2,1,1,0,0.9683,16,中
2024-04,高雄大林,B,B級,中危害,環境測定,氣體偵測數值,可燃性氣體%、氧氣%、一氧化碳PPM、硫化氫PPM,77,67,63,4,1,1,0,0.9403,20,中
2024-04,高雄大林,B,B級,中危害,環境測定,測定基準,可燃性氣體 < 20%LEL；氧氣>= 18%；一氧化碳<50 PPM；硫化氫<10 PPM,77,70,67,3,1,1,0,0.9571,18,中
2024-04,高雄大林,B,B級,中危害,環境測定,測定頻率,上、下午施工前測定；A級或高風險作業需重複或連續測定；每小時/每兩小時紀錄表,77,63,60,3,1,1,0,0.9524,18,中
2024-04,高雄大林,B,B級,中危害,防火防爆,消防設備,是否有消防設備,77,76,73,3,1,1,0,0.9605,18,中
2024-04,高雄大林,B,B級,中危害,防火防爆,防爆安全工具,是否使用防爆電氣設備及安全工具,77,65,62,3,1,1,0,0.9538,18,中
2024-04,高雄大林,B,B級,中危害,高處作業,防墜措施,設標準施工架、安全網、安全母索、安全帶,77,76,72,4,1,1,0,0.9474,20,中
2024-04,高雄大林,B,B級,中危害,安全保護,個人防護具,是否有防護口罩、防毒面具、SCBA、防護手套、安全眼鏡、耳塞,77,69,67,2,0,1,0,0.971,7,低
2024-04,高雄大林,B,B級,中危害,警戒巡查,警戒標示,是否有警戒標示,77,69,67,2,0,1,0,0.971,7,低
2024-04,高雄大林,B,B級,中危害,警戒巡查,巡查會簽,是否轄區、監造、安衛人員或工地負責人巡查會簽,77,75,72,3,0,1,0,0.96,9,低
2024-04,高雄大林,B,B級,中危害,收工回簽,回簽收工確認,是否回簽時確認環境已整理並完成防護措施,77,74,72,2,0,1,0,0.973,7,低
2024-04,高雄大林,B,B級,中危害,收工回簽,一般安全規定,是否遵守工安規定,77,66,64,2,0,1,0,0.9697,7,低
2024-04,高雄大林,B,B級,中危害,收工回簽,現場紀錄,是否拍照,77,67,65,2,0,1,0,0.9701,7,低
2024-04,高雄大林,C,C級,低危害,廠區,基本資料,工廠、日期、時間,52,45,44,1,0,0,0,0.9778,2,低
2024-04,高雄大林,C,C級,低危害,許可證,許可資訊,工程作業分級、申請時間、核准工作時間、工作許可證編號,52,45,44,1,0,0,0,0.9778,2,低
2024-04,高雄大林,C,C級,低危害,施工地點,場地關係人,施工部門、轄區部門、監造部門,52,49,48,1,0,0,0,0.9796,2,低
2024-04,高雄大林,C,C級,低危害,包商,承攬商與人員資格,承攬商、工作人數、車輛車號、工地負責人、安衛人員、特殊作業主管,52,46,45,1,0,0,0,0.9783,2,低
2024-04,高雄大林,C,C級,低危害,危害等級,作業等級,施工地點、工程案號、工作內容、許可工作項目、作業分級,52,50,49,1,0,0,0,0.98,2,低
2024-04,高雄大林,C,C級,低危害,危害等級,管線設備危害物,可燃性氣體、易燃液體、有害性氣體、化學藥劑、酸鹼、熱水蒸氣、空氣、其他,52,44,43,1,0,0,0,0.9773,2,低
2024-04,高雄大林,C,C級,低危害,檢點與危害告知,簽發前安全檢點,是否安全檢點,52,45,44,1,0,0,0,0.9778,2,低
2024-04,高雄大林,C,C級,低危害,檢點與危害告知,危害告知,是否危害告知,52,50,49,1,0,0,0,0.98,2,低
2024-04,高雄大林,C,C級,低危害,危害排除與隔離,環境危害排除,是否設備管線危害物排除,52,45,43,2,1,0,0,0.9556,13,低
2024-04,高雄大林,C,C級,低危害,危害排除與隔離,隔離管制,設備管線是否加盲加鎖掛牌,52,43,42,1,0,0,0,0.9767,2,低
2024-04,高雄大林,C,C級,低危害,環境測定,氣體偵測數值,可燃性氣體%、氧氣%、一氧化碳PPM、硫化氫PPM,52,43,41,2,1,1,0,0.9535,16,中
2024-04,高雄大林,C,C級,低危害,環境測定,測定基準,可燃性氣體 < 20%LEL；氧氣>= 18%；一氧化碳<50 PPM；硫化氫<10 PPM,52,51,49,2,1,1,0,0.9608,16,中
2024-04,高雄大林,C,C級,低危害,環境測定,測定頻率,上、下午施工前測定；A級或高風險作業需重複或連續測定；每小時/每兩小時紀錄表,52,48,46,2,1,1,0,0.9583,16,中
2024-04,高雄大林,C,C級,低危害,防火防爆,消防設備,是否有消防設備,52,47,45,2,1,1,0,0.9574,16,中
2024-04,高雄大林,C,C級,低危害,防火防爆,防爆安全工具,是否使用防爆電氣設備及安全工具,52,51,49,2,1,1,0,0.9608,16,中
2024-04,高雄大林,C,C級,低危害,高處作業,防墜措施,設標準施工架、安全網、安全母索、安全帶,52,44,43,1,0,0,0,0.9773,2,低
2024-04,高雄大林,C,C級,低危害,安全保護,個人防護具,是否有防護口罩、防毒面具、SCBA、防護手套、安全眼鏡、耳塞,52,49,48,1,0,0,0,0.9796,2,低
2024-04,高雄大林,C,C級,低危害,警戒巡查,警戒標示,是否有警戒標示,52,44,43,1,0,0,0,0.9773,2,低
2024-04,高雄大林,C,C級,低危害,警戒巡查,巡查會簽,是否轄區、監造、安衛人員或工地負責人巡查會簽,52,45,44,1,0,0,0,0.9778,2,低
2024-04,高雄大林,C,C級,低危害,收工回簽,回簽收工確認,是否回簽時確認環境已整理並完成防護措施,52,51,50,1,0,0,0,0.9804,2,低
2024-04,高雄大林,C,C級,低危害,收工回簽,一般安全規定,是否遵守工安規定,52,49,48,1,0,0,0,0.9796,2,低
2024-04,高雄大林,C,C級,低危害,收工回簽,現場紀錄,是否拍照,52,51,50,1,0,0,0,0.9804,2,低
2024-05,高雄大林,A,A級,高危害,廠區,基本資料,工廠、日期、時間,36,35,34,1,0,0,0,0.9714,2,低
2024-05,高雄大林,A,A級,高危害,許可證,許可資訊,工程作業分級、申請時間、核准工作時間、工作許可證編號,36,31,30,1,0,0,0,0.9677,2,低
2024-05,高雄大林,A,A級,高危害,施工地點,場地關係人,施工部門、轄區部門、監造部門,36,34,33,1,0,0,0,0.9706,2,低
2024-05,高雄大林,A,A級,高危害,包商,承攬商與人員資格,承攬商、工作人數、車輛車號、工地負責人、安衛人員、特殊作業主管,36,30,29,1,0,0,0,0.9667,2,低
2024-05,高雄大林,A,A級,高危害,危害等級,作業等級,施工地點、工程案號、工作內容、許可工作項目、作業分級,36,31,30,1,0,0,0,0.9677,2,低
2024-05,高雄大林,A,A級,高危害,危害等級,管線設備危害物,可燃性氣體、易燃液體、有害性氣體、化學藥劑、酸鹼、熱水蒸氣、空氣、其他,36,35,34,1,0,0,0,0.9714,2,低
2024-05,高雄大林,A,A級,高危害,檢點與危害告知,簽發前安全檢點,是否安全檢點,36,34,32,2,0,1,0,0.9412,7,低
2024-05,高雄大林,A,A級,高危害,檢點與危害告知,危害告知,是否危害告知,36,35,33,2,0,1,0,0.9429,7,低
2024-05,高雄大林,A,A級,高危害,危害排除與隔離,環境危害排除,是否設備管線危害物排除,36,34,31,3,1,1,0,0.9118,18,中
2024-05,高雄大林,A,A級,高危害,危害排除與隔離,隔離管制,設備管線是否加盲加鎖掛牌,36,34,32,2,1,1,0,0.9412,16,中
2024-05,高雄大林,A,A級,高危害,環境測定,氣體偵測數值,可燃性氣體%、氧氣%、一氧化碳PPM、硫化氫PPM,36,32,29,3,1,1,0,0.9062,18,中
2024-05,高雄大林,A,A級,高危害,環境測定,測定基準,可燃性氣體 < 20%LEL；氧氣>= 18%；一氧化碳<50 PPM；硫化氫<10 PPM,36,33,30,3,1,1,0,0.9091,18,中
2024-05,高雄大林,A,A級,高危害,環境測定,測定頻率,上、下午施工前測定；A級或高風險作業需重複或連續測定；每小時/每兩小時紀錄表,36,34,32,2,1,1,0,0.9412,16,中
2024-05,高雄大林,A,A級,高危害,防火防爆,消防設備,是否有消防設備,36,30,28,2,1,1,0,0.9333,16,中
2024-05,高雄大林,A,A級,高危害,防火防爆,防爆安全工具,是否使用防爆電氣設備及安全工具,36,34,31,3,1,1,0,0.9118,18,中
2024-05,高雄大林,A,A級,高危害,高處作業,防墜措施,設標準施工架、安全網、安全母索、安全帶,36,33,31,2,1,1,0,0.9394,16,中
2024-05,高雄大林,A,A級,高危害,安全保護,個人防護具,是否有防護口罩、防毒面具、SCBA、防護手套、安全眼鏡、耳塞,36,34,32,2,0,1,0,0.9412,7,低
2024-05,高雄大林,A,A級,高危害,警戒巡查,警戒標示,是否有警戒標示,36,30,28,2,0,1,0,0.9333,7,低
2024-05,高雄大林,A,A級,高危害,警戒巡查,巡查會簽,是否轄區、監造、安衛人員或工地負責人巡查會簽,36,36,35,1,0,0,0,0.9722,2,低
2024-05,高雄大林,A,A級,高危害,收工回簽,回簽收工確認,是否回簽時確認環境已整理並完成防護措施,36,34,33,1,0,0,0,0.9706,2,低
2024-05,高雄大林,A,A級,高危害,收工回簽,一般安全規定,是否遵守工安規定,36,35,34,1,0,0,0,0.9714,2,低
2024-05,高雄大林,A,A級,高危害,收工回簽,現場紀錄,是否拍照,36,34,33,1,0,0,0,0.9706,2,低
2024-05,高雄大林,B,B級,中危害,廠區,基本資料,工廠、日期、時間,72,59,57,2,0,1,0,0.9661,7,低
2024-05,高雄大林,B,B級,中危害,許可證,許可資訊,工程作業分級、申請時間、核准工作時間、工作許可證編號,72,64,62,2,0,0,0,0.9688,4,低
2024-05,高雄大林,B,B級,中危害,施工地點,場地關係人,施工部門、轄區部門、監造部門,72,61,60,1,0,0,0,0.9836,2,低
2024-05,高雄大林,B,B級,中危害,包商,承攬商與人員資格,承攬商、工作人數、車輛車號、工地負責人、安衛人員、特殊作業主管,72,68,66,2,0,1,0,0.9706,7,低
2024-05,高雄大林,B,B級,中危害,危害等級,作業等級,施工地點、工程案號、工作內容、許可工作項目、作業分級,72,65,62,3,1,1,0,0.9538,18,中
2024-05,高雄大林,B,B級,中危害,危害等級,管線設備危害物,可燃性氣體、易燃液體、有害性氣體、化學藥劑、酸鹼、熱水蒸氣、空氣、其他,72,66,63,3,0,1,0,0.9545,9,低
2024-05,高雄大林,B,B級,中危害,檢點與危害告知,簽發前安全檢點,是否安全檢點,72,62,60,2,0,1,0,0.9677,7,低
2024-05,高雄大林,B,B級,中危害,檢點與危害告知,危害告知,是否危害告知,72,64,62,2,0,1,0,0.9688,7,低
2024-05,高雄大林,B,B級,中危害,危害排除與隔離,環境危害排除,是否設備管線危害物排除,72,67,64,3,1,1,0,0.9552,18,中
2024-05,高雄大林,B,B級,中危害,危害排除與隔離,隔離管制,設備管線是否加盲加鎖掛牌,72,66,63,3,1,1,0,0.9545,18,中
2024-05,高雄大林,B,B級,中危害,環境測定,氣體偵測數值,可燃性氣體%、氧氣%、一氧化碳PPM、硫化氫PPM,72,62,59,3,1,1,0,0.9516,18,中
2024-05,高雄大林,B,B級,中危害,環境測定,測定基準,可燃性氣體 < 20%LEL；氧氣>= 18%；一氧化碳<50 PPM；硫化氫<10 PPM,72,64,60,4,1,1,0,0.9375,20,中
2024-05,高雄大林,B,B級,中危害,環境測定,測定頻率,上、下午施工前測定；A級或高風險作業需重複或連續測定；每小時/每兩小時紀錄表,72,64,61,3,1,1,0,0.9531,18,中
2024-05,高雄大林,B,B級,中危害,防火防爆,消防設備,是否有消防設備,72,64,62,2,1,1,0,0.9688,16,中
2024-05,高雄大林,B,B級,中危害,防火防爆,防爆安全工具,是否使用防爆電氣設備及安全工具,72,65,62,3,1,1,0,0.9538,18,中
2024-05,高雄大林,B,B級,中危害,高處作業,防墜措施,設標準施工架、安全網、安全母索、安全帶,72,60,57,3,1,1,0,0.95,18,中
2024-05,高雄大林,B,B級,中危害,安全保護,個人防護具,是否有防護口罩、防毒面具、SCBA、防護手套、安全眼鏡、耳塞,72,63,61,2,0,1,0,0.9683,7,低
2024-05,高雄大林,B,B級,中危害,警戒巡查,警戒標示,是否有警戒標示,72,60,58,2,0,1,0,0.9667,7,低
2024-05,高雄大林,B,B級,中危害,警戒巡查,巡查會簽,是否轄區、監造、安衛人員或工地負責人巡查會簽,72,60,58,2,0,0,0,0.9667,4,低
2024-05,高雄大林,B,B級,中危害,收工回簽,回簽收工確認,是否回簽時確認環境已整理並完成防護措施,72,59,57,2,0,1,0,0.9661,7,低
2024-05,高雄大林,B,B級,中危害,收工回簽,一般安全規定,是否遵守工安規定,72,70,68,2,0,1,0,0.9714,7,低
2024-05,高雄大林,B,B級,中危害,收工回簽,現場紀錄,是否拍照,72,68,66,2,0,1,0,0.9706,7,低
2024-05,高雄大林,C,C級,低危害,廠區,基本資料,工廠、日期、時間,59,53,52,1,0,0,0,0.9811,2,低
2024-05,高雄大林,C,C級,低危害,許可證,許可資訊,工程作業分級、申請時間、核准工作時間、工作許可證編號,59,58,57,1,0,0,0,0.9828,2,低
2024-05,高雄大林,C,C級,低危害,施工地點,場地關係人,施工部門、轄區部門、監造部門,59,49,48,1,0,0,0,0.9796,2,低
2024-05,高雄大林,C,C級,低危害,包商,承攬商與人員資格,承攬商、工作人數、車輛車號、工地負責人、安衛人員、特殊作業主管,59,52,51,1,0,0,0,0.9808,2,低
2024-05,高雄大林,C,C級,低危害,危害等級,作業等級,施工地點、工程案號、工作內容、許可工作項目、作業分級,59,57,55,2,0,1,0,0.9649,7,低
2024-05,高雄大林,C,C級,低危害,危害等級,管線設備危害物,可燃性氣體、易燃液體、有害性氣體、化學藥劑、酸鹼、熱水蒸氣、空氣、其他,59,52,50,2,0,0,0,0.9615,4,低
2024-05,高雄大林,C,C級,低危害,檢點與危害告知,簽發前安全檢點,是否安全檢點,59,55,54,1,0,0,0,0.9818,2,低
2024-05,高雄大林,C,C級,低危害,檢點與危害告知,危害告知,是否危害告知,59,54,53,1,0,0,0,0.9815,2,低
2024-05,高雄大林,C,C級,低危害,危害排除與隔離,環境危害排除,是否設備管線危害物排除,59,53,51,2,1,1,0,0.9623,16,中
2024-05,高雄大林,C,C級,低危害,危害排除與隔離,隔離管制,設備管線是否加盲加鎖掛牌,59,56,54,2,1,1,0,0.9643,16,中
2024-05,高雄大林,C,C級,低危害,環境測定,氣體偵測數值,可燃性氣體%、氧氣%、一氧化碳PPM、硫化氫PPM,59,53,51,2,1,1,0,0.9623,16,中
2024-05,高雄大林,C,C級,低危害,環境測定,測定基準,可燃性氣體 < 20%LEL；氧氣>= 18%；一氧化碳<50 PPM；硫化氫<10 PPM,59,58,55,3,1,1,0,0.9483,18,中
2024-05,高雄大林,C,C級,低危害,環境測定,測定頻率,上、下午施工前測定；A級或高風險作業需重複或連續測定；每小時/每兩小時紀錄表,59,53,51,2,1,0,0,0.9623,13,低
2024-05,高雄大林,C,C級,低危害,防火防爆,消防設備,是否有消防設備,59,55,53,2,1,1,0,0.9636,16,中
2024-05,高雄大林,C,C級,低危害,防火防爆,防爆安全工具,是否使用防爆電氣設備及安全工具,59,58,56,2,1,1,0,0.9655,16,中
2024-05,高雄大林,C,C級,低危害,高處作業,防墜措施,設標準施工架、安全網、安全母索、安全帶,59,53,51,2,1,1,0,0.9623,16,中
2024-05,高雄大林,C,C級,低危害,安全保護,個人防護具,是否有防護口罩、防毒面具、SCBA、防護手套、安全眼鏡、耳塞,59,57,55,2,0,0,0,0.9649,4,低
2024-05,高雄大林,C,C級,低危害,警戒巡查,警戒標示,是否有警戒標示,59,50,48,2,0,1,0,0.96,7,低
2024-05,高雄大林,C,C級,低危害,警戒巡查,巡查會簽,是否轄區、監造、安衛人員或工地負責人巡查會簽,59,56,55,1,0,0,0,0.9821,2,低
2024-05,高雄大林,C,C級,低危害,收工回簽,回簽收工確認,是否回簽時確認環境已整理並完成防護措施,59,58,57,1,0,0,0,0.9828,2,低
2024-05,高雄大林,C,C級,低危害,收工回簽,一般安全規定,是否遵守工安規定,59,56,55,1,0,0,0,0.9821,2,低
2024-05,高雄大林,C,C級,低危害,收工回簽,現場紀錄,是否拍照,59,56,55,1,0,0,0,0.9821,2,低
2024-06,高雄大林,A,A級,高危害,廠區,基本資料,工廠、日期、時間,29,28,27,1,0,0,0,0.9643,2,低
2024-06,高雄大林,A,A級,高危害,許可證,許可資訊,工程作業分級、申請時間、核准工作時間、工作許可證編號,29,26,25,1,0,0,0,0.9615,2,低
2024-06,高雄大林,A,A級,高危害,施工地點,場地關係人,施工部門、轄區部門、監造部門,29,28,27,1,0,0,0,0.9643,2,低
2024-06,高雄大林,A,A級,高危害,包商,承攬商與人員資格,承攬商、工作人數、車輛車號、工地負責人、安衛人員、特殊作業主管,29,25,24,1,0,0,0,0.96,2,低
2024-06,高雄大林,A,A級,高危害,危害等級,作業等級,施工地點、工程案號、工作內容、許可工作項目、作業分級,29,28,27,1,0,0,0,0.9643,2,低
2024-06,高雄大林,A,A級,高危害,危害等級,管線設備危害物,可燃性氣體、易燃液體、有害性氣體、化學藥劑、酸鹼、熱水蒸氣、空氣、其他,29,28,27,1,0,0,0,0.9643,2,低
2024-06,高雄大林,A,A級,高危害,檢點與危害告知,簽發前安全檢點,是否安全檢點,29,28,27,1,0,0,0,0.9643,2,低
2024-06,高雄大林,A,A級,高危害,檢點與危害告知,危害告知,是否危害告知,29,28,27,1,0,0,0,0.9643,2,低
2024-06,高雄大林,A,A級,高危害,危害排除與隔離,環境危害排除,是否設備管線危害物排除,29,28,26,2,1,1,0,0.9286,16,中
2024-06,高雄大林,A,A級,高危害,危害排除與隔離,隔離管制,設備管線是否加盲加鎖掛牌,29,28,26,2,1,1,0,0.9286,16,中
2024-06,高雄大林,A,A級,高危害,環境測定,氣體偵測數值,可燃性氣體%、氧氣%、一氧化碳PPM、硫化氫PPM,29,28,26,2,1,1,0,0.9286,16,中
2024-06,高雄大林,A,A級,高危害,環境測定,測定基準,可燃性氣體 < 20%LEL；氧氣>= 18%；一氧化碳<50 PPM；硫化氫<10 PPM,29,26,24,2,1,1,0,0.9231,16,中
2024-06,高雄大林,A,A級,高危害,環境測定,測定頻率,上、下午施工前測定；A級或高風險作業需重複或連續測定；每小時/每兩小時紀錄表,29,25,23,2,1,1,0,0.92,16,中
2024-06,高雄大林,A,A級,高危害,防火防爆,消防設備,是否有消防設備,29,28,26,2,1,0,0,0.9286,13,低
2024-06,高雄大林,A,A級,高危害,防火防爆,防爆安全工具,是否使用防爆電氣設備及安全工具,29,26,24,2,1,0,0,0.9231,13,低
2024-06,高雄大林,A,A級,高危害,高處作業,防墜措施,設標準施工架、安全網、安全母索、安全帶,29,24,23,1,0,0,0,0.9583,2,低
2024-06,高雄大林,A,A級,高危害,安全保護,個人防護具,是否有防護口罩、防毒面具、SCBA、防護手套、安全眼鏡、耳塞,29,26,25,1,0,0,0,0.9615,2,低
2024-06,高雄大林,A,A級,高危害,警戒巡查,警戒標示,是否有警戒標示,29,27,26,1,0,0,0,0.963,2,低
2024-06,高雄大林,A,A級,高危害,警戒巡查,巡查會簽,是否轄區、監造、安衛人員或工地負責人巡查會簽,29,27,26,1,0,0,0,0.963,2,低
2024-06,高雄大林,A,A級,高危害,收工回簽,回簽收工確認,是否回簽時確認環境已整理並完成防護措施,29,27,26,1,0,0,0,0.963,2,低
2024-06,高雄大林,A,A級,高危害,收工回簽,一般安全規定,是否遵守工安規定,29,25,24,1,0,1,0,0.96,5,低
2024-06,高雄大林,A,A級,高危害,收工回簽,現場紀錄,是否拍照,29,28,27,1,0,0,0,0.9643,2,低
2024-06,高雄大林,B,B級,中危害,廠區,基本資料,工廠、日期、時間,68,66,64,2,0,1,0,0.9697,7,低
2024-06,高雄大林,B,B級,中危害,許可證,許可資訊,工程作業分級、申請時間、核准工作時間、工作許可證編號,68,59,58,1,0,0,0,0.9831,2,低
2024-06,高雄大林,B,B級,中危害,施工地點,場地關係人,施工部門、轄區部門、監造部門,68,62,60,2,0,1,0,0.9677,7,低
2024-06,高雄大林,B,B級,中危害,包商,承攬商與人員資格,承攬商、工作人數、車輛車號、工地負責人、安衛人員、特殊作業主管,68,67,64,3,0,1,0,0.9552,9,低
2024-06,高雄大林,B,B級,中危害,危害等級,作業等級,施工地點、工程案號、工作內容、許可工作項目、作業分級,68,61,59,2,0,1,0,0.9672,7,低
2024-06,高雄大林,B,B級,中危害,危害等級,管線設備危害物,可燃性氣體、易燃液體、有害性氣體、化學藥劑、酸鹼、熱水蒸氣、空氣、其他,68,57,55,2,0,1,0,0.9649,7,低
2024-06,高雄大林,B,B級,中危害,檢點與危害告知,簽發前安全檢點,是否安全檢點,68,58,56,2,0,0,0,0.9655,4,低
2024-06,高雄大林,B,B級,中危害,檢點與危害告知,危害告知,是否危害告知,68,64,62,2,0,1,0,0.9688,7,低
2024-06,高雄大林,B,B級,中危害,危害排除與隔離,環境危害排除,是否設備管線危害物排除,68,67,64,3,1,2,1,0.9552,26,中
2024-06,高雄大林,B,B級,中危害,危害排除與隔離,隔離管制,設備管線是否加盲加鎖掛牌,68,64,61,3,1,1,0,0.9531,18,中
2024-06,高雄大林,B,B級,中危害,環境測定,氣體偵測數值,可燃性氣體%、氧氣%、一氧化碳PPM、硫化氫PPM,68,64,61,3,1,1,0,0.9531,18,中
2024-06,高雄大林,B,B級,中危害,環境測定,測定基準,可燃性氣體 < 20%LEL；氧氣>= 18%；一氧化碳<50 PPM；硫化氫<10 PPM,68,61,58,3,1,1,0,0.9508,18,中
2024-06,高雄大林,B,B級,中危害,環境測定,測定頻率,上、下午施工前測定；A級或高風險作業需重複或連續測定；每小時/每兩小時紀錄表,68,66,63,3,1,1,0,0.9545,18,中
2024-06,高雄大林,B,B級,中危害,防火防爆,消防設備,是否有消防設備,68,62,59,3,1,1,0,0.9516,18,中
2024-06,高雄大林,B,B級,中危害,防火防爆,防爆安全工具,是否使用防爆電氣設備及安全工具,68,64,62,2,1,1,0,0.9688,16,中
2024-06,高雄大林,B,B級,中危害,高處作業,防墜措施,設標準施工架、安全網、安全母索、安全帶,68,63,60,3,1,1,0,0.9524,18,中
2024-06,高雄大林,B,B級,中危害,安全保護,個人防護具,是否有防護口罩、防毒面具、SCBA、防護手套、安全眼鏡、耳塞,68,63,61,2,0,1,0,0.9683,7,低
2024-06,高雄大林,B,B級,中危害,警戒巡查,警戒標示,是否有警戒標示,68,63,61,2,0,0,0,0.9683,4,低
2024-06,高雄大林,B,B級,中危害,警戒巡查,巡查會簽,是否轄區、監造、安衛人員或工地負責人巡查會簽,68,58,56,2,0,1,0,0.9655,7,低
2024-06,高雄大林,B,B級,中危害,收工回簽,回簽收工確認,是否回簽時確認環境已整理並完成防護措施,68,64,62,2,0,1,0,0.9688,7,低
2024-06,高雄大林,B,B級,中危害,收工回簽,一般安全規定,是否遵守工安規定,68,58,56,2,0,1,0,0.9655,7,低
2024-06,高雄大林,B,B級,中危害,收工回簽,現場紀錄,是否拍照,68,66,64,2,0,0,0,0.9697,4,低
2024-06,高雄大林,C,C級,低危害,廠區,基本資料,工廠、日期、時間,52,48,47,1,0,0,0,0.9792,2,低
2024-06,高雄大林,C,C級,低危害,許可證,許可資訊,工程作業分級、申請時間、核准工作時間、工作許可證編號,52,47,46,1,0,0,0,0.9787,2,低
2024-06,高雄大林,C,C級,低危害,施工地點,場地關係人,施工部門、轄區部門、監造部門,52,47,46,1,0,0,0,0.9787,2,低
2024-06,高雄大林,C,C級,低危害,包商,承攬商與人員資格,承攬商、工作人數、車輛車號、工地負責人、安衛人員、特殊作業主管,52,44,43,1,0,0,0,0.9773,2,低
2024-06,高雄大林,C,C級,低危害,危害等級,作業等級,施工地點、工程案號、工作內容、許可工作項目、作業分級,52,50,48,2,0,0,0,0.96,4,低
2024-06,高雄大林,C,C級,低危害,危害等級,管線設備危害物,可燃性氣體、易燃液體、有害性氣體、化學藥劑、酸鹼、熱水蒸氣、空氣、其他,52,50,48,2,0,1,0,0.96,7,低
2024-06,高雄大林,C,C級,低危害,檢點與危害告知,簽發前安全檢點,是否安全檢點,52,46,45,1,0,0,0,0.9783,2,低
2024-06,高雄大林,C,C級,低危害,檢點與危害告知,危害告知,是否危害告知,52,49,48,1,0,0,0,0.9796,2,低
2024-06,高雄大林,C,C級,低危害,危害排除與隔離,環境危害排除,是否設備管線危害物排除,52,50,48,2,1,1,0,0.96,16,中
2024-06,高雄大林,C,C級,低危害,危害排除與隔離,隔離管制,設備管線是否加盲加鎖掛牌,52,48,46,2,1,1,0,0.9583,16,中
2024-06,高雄大林,C,C級,低危害,環境測定,氣體偵測數值,可燃性氣體%、氧氣%、一氧化碳PPM、硫化氫PPM,52,50,49,1,0,0,0,0.98,2,低
2024-06,高雄大林,C,C級,低危害,環境測定,測定基準,可燃性氣體 < 20%LEL；氧氣>= 18%；一氧化碳<50 PPM；硫化氫<10 PPM,52,46,44,2,1,1,0,0.9565,16,中
2024-06,高雄大林,C,C級,低危害,環境測定,測定頻率,上、下午施工前測定；A級或高風險作業需重複或連續測定；每小時/每兩小時紀錄表,52,48,46,2,1,1,0,0.9583,16,中
2024-06,高雄大林,C,C級,低危害,防火防爆,消防設備,是否有消防設備,52,46,44,2,1,0,0,0.9565,13,低
2024-06,高雄大林,C,C級,低危害,防火防爆,防爆安全工具,是否使用防爆電氣設備及安全工具,52,43,41,2,1,1,0,0.9535,16,中
2024-06,高雄大林,C,C級,低危害,高處作業,防墜措施,設標準施工架、安全網、安全母索、安全帶,52,43,42,1,0,0,0,0.9767,2,低
2024-06,高雄大林,C,C級,低危害,安全保護,個人防護具,是否有防護口罩、防毒面具、SCBA、防護手套、安全眼鏡、耳塞,52,48,47,1,0,0,0,0.9792,2,低
2024-06,高雄大林,C,C級,低危害,警戒巡查,警戒標示,是否有警戒標示,52,44,43,1,0,0,0,0.9773,2,低
2024-06,高雄大林,C,C級,低危害,警戒巡查,巡查會簽,是否轄區、監造、安衛人員或工地負責人巡查會簽,52,45,44,1,0,0,0,0.9778,2,低
2024-06,高雄大林,C,C級,低危害,收工回簽,回簽收工確認,是否回簽時確認環境已整理並完成防護措施,52,49,48,1,0,1,0,0.9796,5,低
2024-06,高雄大林,C,C級,低危害,收工回簽,一般安全規定,是否遵守工安規定,52,46,45,1,0,0,0,0.9783,2,低
2024-06,高雄大林,C,C級,低危害,收工回簽,現場紀錄,是否拍照,52,52,51,1,0,0,0,0.9808,2,低
2024-07,高雄大林,A,A級,高危害,廠區,基本資料,工廠、日期、時間,33,27,26,1,0,0,0,0.963,2,低
2024-07,高雄大林,A,A級,高危害,許可證,許可資訊,工程作業分級、申請時間、核准工作時間、工作許可證編號,33,27,26,1,0,0,0,0.963,2,低
2024-07,高雄大林,A,A級,高危害,施工地點,場地關係人,施工部門、轄區部門、監造部門,33,30,29,1,0,0,0,0.9667,2,低
2024-07,高雄大林,A,A級,高危害,包商,承攬商與人員資格,承攬商、工作人數、車輛車號、工地負責人、安衛人員、特殊作業主管,33,28,27,1,0,0,0,0.9643,2,低
2024-07,高雄大林,A,A級,高危害,危害等級,作業等級,施工地點、工程案號、工作內容、許可工作項目、作業分級,33,29,28,1,0,0,0,0.9655,2,低
2024-07,高雄大林,A,A級,高危害,危害等級,管線設備危害物,可燃性氣體、易燃液體、有害性氣體、化學藥劑、酸鹼、熱水蒸氣、空氣、其他,33,31,30,1,0,1,0,0.9677,5,低
2024-07,高雄大林,A,A級,高危害,檢點與危害告知,簽發前安全檢點,是否安全檢點,33,29,28,1,0,0,0,0.9655,2,低
2024-07,高雄大林,A,A級,高危害,檢點與危害告知,危害告知,是否危害告知,33,33,32,1,0,0,0,0.9697,2,低
2024-07,高雄大林,A,A級,高危害,危害排除與隔離,環境危害排除,是否設備管線危害物排除,33,29,27,2,1,1,0,0.931,16,中
2024-07,高雄大林,A,A級,高危害,危害排除與隔離,隔離管制,設備管線是否加盲加鎖掛牌,33,29,27,2,1,1,0,0.931,16,中
2024-07,高雄大林,A,A級,高危害,環境測定,氣體偵測數值,可燃性氣體%、氧氣%、一氧化碳PPM、硫化氫PPM,33,31,29,2,1,0,0,0.9355,13,低
2024-07,高雄大林,A,A級,高危害,環境測定,測定基準,可燃性氣體 < 20%LEL；氧氣>= 18%；一氧化碳<50 PPM；硫化氫<10 PPM,33,28,26,2,1,1,0,0.9286,16,中
2024-07,高雄大林,A,A級,高危害,環境測定,測定頻率,上、下午施工前測定；A級或高風險作業需重複或連續測定；每小時/每兩小時紀錄表,33,32,30,2,1,0,0,0.9375,13,低
2024-07,高雄大林,A,A級,高危害,防火防爆,消防設備,是否有消防設備,33,28,26,2,1,1,0,0.9286,16,中
2024-07,高雄大林,A,A級,高危害,防火防爆,防爆安全工具,是否使用防爆電氣設備及安全工具,33,29,27,2,1,0,0,0.931,13,低
2024-07,高雄大林,A,A級,高危害,高處作業,防墜措施,設標準施工架、安全網、安全母索、安全帶,33,27,25,2,1,0,0,0.9259,13,低
2024-07,高雄大林,A,A級,高危害,安全保護,個人防護具,是否有防護口罩、防毒面具、SCBA、防護手套、安全眼鏡、耳塞,33,33,32,1,0,0,0,0.9697,2,低
2024-07,高雄大林,A,A級,高危害,警戒巡查,警戒標示,是否有警戒標示,33,32,30,2,0,1,0,0.9375,7,低
2024-07,高雄大林,A,A級,高危害,警戒巡查,巡查會簽,是否轄區、監造、安衛人員或工地負責人巡查會簽,33,30,29,1,0,0,0,0.9667,2,低
2024-07,高雄大林,A,A級,高危害,收工回簽,回簽收工確認,是否回簽時確認環境已整理並完成防護措施,33,31,30,1,0,0,0,0.9677,2,低
2024-07,高雄大林,A,A級,高危害,收工回簽,一般安全規定,是否遵守工安規定,33,30,29,1,0,0,0,0.9667,2,低
2024-07,高雄大林,A,A級,高危害,收工回簽,現場紀錄,是否拍照,33,31,30,1,0,0,0,0.9677,2,低
2024-07,高雄大林,B,B級,中危害,廠區,基本資料,工廠、日期、時間,65,59,57,2,0,1,0,0.9661,7,低
2024-07,高雄大林,B,B級,中危害,許可證,許可資訊,工程作業分級、申請時間、核准工作時間、工作許可證編號,65,61,59,2,0,1,0,0.9672,7,低
2024-07,高雄大林,B,B級,中危害,施工地點,場地關係人,施工部門、轄區部門、監造部門,65,60,59,1,0,0,0,0.9833,2,低
2024-07,高雄大林,B,B級,中危害,包商,承攬商與人員資格,承攬商、工作人數、車輛車號、工地負責人、安衛人員、特殊作業主管,65,62,60,2,0,1,0,0.9677,7,低
2024-07,高雄大林,B,B級,中危害,危害等級,作業等級,施工地點、工程案號、工作內容、許可工作項目、作業分級,65,55,53,2,0,1,0,0.9636,7,低
2024-07,高雄大林,B,B級,中危害,危害等級,管線設備危害物,可燃性氣體、易燃液體、有害性氣體、化學藥劑、酸鹼、熱水蒸氣、空氣、其他,65,61,59,2,0,1,0,0.9672,7,低
2024-07,高雄大林,B,B級,中危害,檢點與危害告知,簽發前安全檢點,是否安全檢點,65,63,61,2,0,1,0,0.9683,7,低
2024-07,高雄大林,B,B級,中危害,檢點與危害告知,危害告知,是否危害告知,65,55,53,2,0,0,0,0.9636,4,低
2024-07,高雄大林,B,B級,中危害,危害排除與隔離,環境危害排除,是否設備管線危害物排除,65,53,51,2,1,1,0,0.9623,16,中
2024-07,高雄大林,B,B級,中危害,危害排除與隔離,隔離管制,設備管線是否加盲加鎖掛牌,65,60,57,3,1,1,0,0.95,18,中
2024-07,高雄大林,B,B級,中危害,環境測定,氣體偵測數值,可燃性氣體%、氧氣%、一氧化碳PPM、硫化氫PPM,65,55,53,2,1,1,0,0.9636,16,中
2024-07,高雄大林,B,B級,中危害,環境測定,測定基準,可燃性氣體 < 20%LEL；氧氣>= 18%；一氧化碳<50 PPM；硫化氫<10 PPM,65,57,55,2,1,1,0,0.9649,16,中
2024-07,高雄大林,B,B級,中危害,環境測定,測定頻率,上、下午施工前測定；A級或高風險作業需重複或連續測定；每小時/每兩小時紀錄表,65,59,57,2,1,0,0,0.9661,13,低
2024-07,高雄大林,B,B級,中危害,防火防爆,消防設備,是否有消防設備,65,63,60,3,1,1,0,0.9524,18,中
2024-07,高雄大林,B,B級,中危害,防火防爆,防爆安全工具,是否使用防爆電氣設備及安全工具,65,59,57,2,1,1,0,0.9661,16,中
2024-07,高雄大林,B,B級,中危害,高處作業,防墜措施,設標準施工架、安全網、安全母索、安全帶,65,64,61,3,1,1,0,0.9531,18,中
2024-07,高雄大林,B,B級,中危害,安全保護,個人防護具,是否有防護口罩、防毒面具、SCBA、防護手套、安全眼鏡、耳塞,65,61,58,3,0,1,0,0.9508,9,低
2024-07,高雄大林,B,B級,中危害,警戒巡查,警戒標示,是否有警戒標示,65,59,57,2,0,1,0,0.9661,7,低
2024-07,高雄大林,B,B級,中危害,警戒巡查,巡查會簽,是否轄區、監造、安衛人員或工地負責人巡查會簽,65,56,54,2,0,0,0,0.9643,4,低
2024-07,高雄大林,B,B級,中危害,收工回簽,回簽收工確認,是否回簽時確認環境已整理並完成防護措施,65,54,52,2,0,1,0,0.963,7,低
2024-07,高雄大林,B,B級,中危害,收工回簽,一般安全規定,是否遵守工安規定,65,63,61,2,0,0,0,0.9683,4,低
2024-07,高雄大林,B,B級,中危害,收工回簽,現場紀錄,是否拍照,65,64,62,2,0,1,0,0.9688,7,低
2024-07,高雄大林,C,C級,低危害,廠區,基本資料,工廠、日期、時間,48,41,40,1,0,1,0,0.9756,5,低
2024-07,高雄大林,C,C級,低危害,許可證,許可資訊,工程作業分級、申請時間、核准工作時間、工作許可證編號,48,46,45,1,0,0,0,0.9783,2,低
2024-07,高雄大林,C,C級,低危害,施工地點,場地關係人,施工部門、轄區部門、監造部門,48,42,41,1,0,0,0,0.9762,2,低
2024-07,高雄大林,C,C級,低危害,包商,承攬商與人員資格,承攬商、工作人數、車輛車號、工地負責人、安衛人員、特殊作業主管,48,41,40,1,0,0,0,0.9756,2,低
2024-07,高雄大林,C,C級,低危害,危害等級,作業等級,施工地點、工程案號、工作內容、許可工作項目、作業分級,48,40,39,1,0,0,0,0.975,2,低
2024-07,高雄大林,C,C級,低危害,危害等級,管線設備危害物,可燃性氣體、易燃液體、有害性氣體、化學藥劑、酸鹼、熱水蒸氣、空氣、其他,48,45,44,1,0,0,0,0.9778,2,低
2024-07,高雄大林,C,C級,低危害,檢點與危害告知,簽發前安全檢點,是否安全檢點,48,48,47,1,0,0,0,0.9792,2,低
2024-07,高雄大林,C,C級,低危害,檢點與危害告知,危害告知,是否危害告知,48,46,45,1,0,0,0,0.9783,2,低
2024-07,高雄大林,C,C級,低危害,危害排除與隔離,環境危害排除,是否設備管線危害物排除,48,45,43,2,1,1,0,0.9556,16,中
2024-07,高雄大林,C,C級,低危害,危害排除與隔離,隔離管制,設備管線是否加盲加鎖掛牌,48,44,43,1,0,0,0,0.9773,2,低
2024-07,高雄大林,C,C級,低危害,環境測定,氣體偵測數值,可燃性氣體%、氧氣%、一氧化碳PPM、硫化氫PPM,48,44,43,1,0,0,0,0.9773,2,低
2024-07,高雄大林,C,C級,低危害,環境測定,測定基準,可燃性氣體 < 20%LEL；氧氣>= 18%；一氧化碳<50 PPM；硫化氫<10 PPM,48,41,40,1,0,0,0,0.9756,2,低
2024-07,高雄大林,C,C級,低危害,環境測定,測定頻率,上、下午施工前測定；A級或高風險作業需重複或連續測定；每小時/每兩小時紀錄表,48,43,41,2,1,1,0,0.9535,16,中
2024-07,高雄大林,C,C級,低危害,防火防爆,消防設備,是否有消防設備,48,40,39,1,0,0,0,0.975,2,低
2024-07,高雄大林,C,C級,低危害,防火防爆,防爆安全工具,是否使用防爆電氣設備及安全工具,48,43,41,2,1,1,0,0.9535,16,中
2024-07,高雄大林,C,C級,低危害,高處作業,防墜措施,設標準施工架、安全網、安全母索、安全帶,48,39,38,1,0,0,0,0.9744,2,低
2024-07,高雄大林,C,C級,低危害,安全保護,個人防護具,是否有防護口罩、防毒面具、SCBA、防護手套、安全眼鏡、耳塞,48,40,39,1,0,0,0,0.975,2,低
2024-07,高雄大林,C,C級,低危害,警戒巡查,警戒標示,是否有警戒標示,48,41,40,1,0,0,0,0.9756,2,低
2024-07,高雄大林,C,C級,低危害,警戒巡查,巡查會簽,是否轄區、監造、安衛人員或工地負責人巡查會簽,48,42,41,1,0,0,0,0.9762,2,低
2024-07,高雄大林,C,C級,低危害,收工回簽,回簽收工確認,是否回簽時確認環境已整理並完成防護措施,48,46,45,1,0,0,0,0.9783,2,低
2024-07,高雄大林,C,C級,低危害,收工回簽,一般安全規定,是否遵守工安規定,48,45,44,1,0,0,0,0.9778,2,低
2024-07,高雄大林,C,C級,低危害,收工回簽,現場紀錄,是否拍照,48,40,39,1,0,0,0,0.975,2,低
2024-08,高雄大林,A,A級,高危害,廠區,基本資料,工廠、日期、時間,29,26,25,1,0,0,0,0.9615,2,低
2024-08,高雄大林,A,A級,高危害,許可證,許可資訊,工程作業分級、申請時間、核准工作時間、工作許可證編號,29,24,23,1,0,0,0,0.9583,2,低
2024-08,高雄大林,A,A級,高危害,施工地點,場地關係人,施工部門、轄區部門、監造部門,29,24,23,1,0,0,0,0.9583,2,低
2024-08,高雄大林,A,A級,高危害,包商,承攬商與人員資格,承攬商、工作人數、車輛車號、工地負責人、安衛人員、特殊作業主管,29,25,24,1,0,0,0,0.96,2,低
2024-08,高雄大林,A,A級,高危害,危害等級,作業等級,施工地點、工程案號、工作內容、許可工作項目、作業分級,29,25,24,1,0,0,0,0.96,2,低
2024-08,高雄大林,A,A級,高危害,危害等級,管線設備危害物,可燃性氣體、易燃液體、有害性氣體、化學藥劑、酸鹼、熱水蒸氣、空氣、其他,29,28,26,2,0,1,0,0.9286,7,低
2024-08,高雄大林,A,A級,高危害,檢點與危害告知,簽發前安全檢點,是否安全檢點,29,27,26,1,0,0,0,0.963,2,低
2024-08,高雄大林,A,A級,高危害,檢點與危害告知,危害告知,是否危害告知,29,24,23,1,0,0,0,0.9583,2,低
2024-08,高雄大林,A,A級,高危害,危害排除與隔離,環境危害排除,是否設備管線危害物排除,29,24,22,2,1,1,0,0.9167,16,中
2024-08,高雄大林,A,A級,高危害,危害排除與隔離,隔離管制,設備管線是否加盲加鎖掛牌,29,24,22,2,1,1,0,0.9167,16,中
2024-08,高雄大林,A,A級,高危害,環境測定,氣體偵測數值,可燃性氣體%、氧氣%、一氧化碳PPM、硫化氫PPM,29,24,22,2,1,1,0,0.9167,16,中
2024-08,高雄大林,A,A級,高危害,環境測定,測定基準,可燃性氣體 < 20%LEL；氧氣>= 18%；一氧化碳<50 PPM；硫化氫<10 PPM,29,25,23,2,1,1,0,0.92,16,中
2024-08,高雄大林,A,A級,高危害,環境測定,測定頻率,上、下午施工前測定；A級或高風險作業需重複或連續測定；每小時/每兩小時紀錄表,29,28,26,2,1,1,0,0.9286,16,中
2024-08,高雄大林,A,A級,高危害,防火防爆,消防設備,是否有消防設備,29,26,25,1,0,0,0,0.9615,2,低
2024-08,高雄大林,A,A級,高危害,防火防爆,防爆安全工具,是否使用防爆電氣設備及安全工具,29,28,26,2,1,1,0,0.9286,16,中
2024-08,高雄大林,A,A級,高危害,高處作業,防墜措施,設標準施工架、安全網、安全母索、安全帶,29,25,24,1,0,1,0,0.96,5,低
2024-08,高雄大林,A,A級,高危害,安全保護,個人防護具,是否有防護口罩、防毒面具、SCBA、防護手套、安全眼鏡、耳塞,29,26,25,1,0,1,0,0.9615,5,低
2024-08,高雄大林,A,A級,高危害,警戒巡查,警戒標示,是否有警戒標示,29,25,24,1,0,0,0,0.96,2,低
2024-08,高雄大林,A,A級,高危害,警戒巡查,巡查會簽,是否轄區、監造、安衛人員或工地負責人巡查會簽,29,29,28,1,0,0,0,0.9655,2,低
2024-08,高雄大林,A,A級,高危害,收工回簽,回簽收工確認,是否回簽時確認環境已整理並完成防護措施,29,29,28,1,0,0,0,0.9655,2,低
2024-08,高雄大林,A,A級,高危害,收工回簽,一般安全規定,是否遵守工安規定,29,28,27,1,0,0,0,0.9643,2,低
2024-08,高雄大林,A,A級,高危害,收工回簽,現場紀錄,是否拍照,29,25,24,1,0,0,0,0.96,2,低
2024-08,高雄大林,B,B級,中危害,廠區,基本資料,工廠、日期、時間,67,56,55,1,0,0,0,0.9821,2,低
2024-08,高雄大林,B,B級,中危害,許可證,許可資訊,工程作業分級、申請時間、核准工作時間、工作許可證編號,67,62,60,2,0,1,0,0.9677,7,低
2024-08,高雄大林,B,B級,中危害,施工地點,場地關係人,施工部門、轄區部門、監造部門,67,56,54,2,0,0,0,0.9643,4,低
2024-08,高雄大林,B,B級,中危害,包商,承攬商與人員資格,承攬商、工作人數、車輛車號、工地負責人、安衛人員、特殊作業主管,67,65,62,3,0,1,0,0.9538,9,低
2024-08,高雄大林,B,B級,中危害,危害等級,作業等級,施工地點、工程案號、工作內容、許可工作項目、作業分級,67,65,62,3,0,1,0,0.9538,9,低
2024-08,高雄大林,B,B級,中危害,危害等級,管線設備危害物,可燃性氣體、易燃液體、有害性氣體、化學藥劑、酸鹼、熱水蒸氣、空氣、其他,67,55,53,2,0,1,0,0.9636,7,低
2024-08,高雄大林,B,B級,中危害,檢點與危害告知,簽發前安全檢點,是否安全檢點,67,64,62,2,0,1,0,0.9688,7,低
2024-08,高雄大林,B,B級,中危害,檢點與危害告知,危害告知,是否危害告知,67,56,54,2,0,1,0,0.9643,7,低
2024-08,高雄大林,B,B級,中危害,危害排除與隔離,環境危害排除,是否設備管線危害物排除,67,57,54,3,1,1,0,0.9474,18,中
2024-08,高雄大林,B,B級,中危害,危害排除與隔離,隔離管制,設備管線是否加盲加鎖掛牌,67,56,54,2,1,1,0,0.9643,16,中
2024-08,高雄大林,B,B級,中危害,環境測定,氣體偵測數值,可燃性氣體%、氧氣%、一氧化碳PPM、硫化氫PPM,67,62,59,3,1,1,0,0.9516,18,中
2024-08,高雄大林,B,B級,中危害,環境測定,測定基準,可燃性氣體 < 20%LEL；氧氣>= 18%；一氧化碳<50 PPM；硫化氫<10 PPM,67,56,53,3,1,1,0,0.9464,18,中
2024-08,高雄大林,B,B級,中危害,環境測定,測定頻率,上、下午施工前測定；A級或高風險作業需重複或連續測定；每小時/每兩小時紀錄表,67,62,59,3,1,1,0,0.9516,18,中
2024-08,高雄大林,B,B級,中危害,防火防爆,消防設備,是否有消防設備,67,61,59,2,1,1,0,0.9672,16,中
2024-08,高雄大林,B,B級,中危害,防火防爆,防爆安全工具,是否使用防爆電氣設備及安全工具,67,62,59,3,1,1,0,0.9516,18,中
2024-08,高雄大林,B,B級,中危害,高處作業,防墜措施,設標準施工架、安全網、安全母索、安全帶,67,62,59,3,1,1,0,0.9516,18,中
2024-08,高雄大林,B,B級,中危害,安全保護,個人防護具,是否有防護口罩、防毒面具、SCBA、防護手套、安全眼鏡、耳塞,67,59,57,2,0,0,0,0.9661,4,低
2024-08,高雄大林,B,B級,中危害,警戒巡查,警戒標示,是否有警戒標示,67,64,62,2,0,0,0,0.9688,4,低
2024-08,高雄大林,B,B級,中危害,警戒巡查,巡查會簽,是否轄區、監造、安衛人員或工地負責人巡查會簽,67,66,63,3,1,1,0,0.9545,18,中
2024-08,高雄大林,B,B級,中危害,收工回簽,回簽收工確認,是否回簽時確認環境已整理並完成防護措施,67,64,62,2,0,1,0,0.9688,7,低
2024-08,高雄大林,B,B級,中危害,收工回簽,一般安全規定,是否遵守工安規定,67,59,58,1,0,0,0,0.9831,2,低
2024-08,高雄大林,B,B級,中危害,收工回簽,現場紀錄,是否拍照,67,58,56,2,0,1,0,0.9655,7,低
2024-08,高雄大林,C,C級,低危害,廠區,基本資料,工廠、日期、時間,46,38,37,1,0,0,0,0.9737,2,低
2024-08,高雄大林,C,C級,低危害,許可證,許可資訊,工程作業分級、申請時間、核准工作時間、工作許可證編號,46,45,44,1,0,0,0,0.9778,2,低
2024-08,高雄大林,C,C級,低危害,施工地點,場地關係人,施工部門、轄區部門、監造部門,46,45,44,1,0,0,0,0.9778,2,低
2024-08,高雄大林,C,C級,低危害,包商,承攬商與人員資格,承攬商、工作人數、車輛車號、工地負責人、安衛人員、特殊作業主管,46,45,44,1,0,1,0,0.9778,5,低
2024-08,高雄大林,C,C級,低危害,危害等級,作業等級,施工地點、工程案號、工作內容、許可工作項目、作業分級,46,43,42,1,0,0,0,0.9767,2,低
2024-08,高雄大林,C,C級,低危害,危害等級,管線設備危害物,可燃性氣體、易燃液體、有害性氣體、化學藥劑、酸鹼、熱水蒸氣、空氣、其他,46,44,43,1,0,0,0,0.9773,2,低
2024-08,高雄大林,C,C級,低危害,檢點與危害告知,簽發前安全檢點,是否安全檢點,46,41,40,1,0,0,0,0.9756,2,低
2024-08,高雄大林,C,C級,低危害,檢點與危害告知,危害告知,是否危害告知,46,45,44,1,0,0,0,0.9778,2,低
2024-08,高雄大林,C,C級,低危害,危害排除與隔離,環境危害排除,是否設備管線危害物排除,46,40,39,1,0,0,0,0.975,2,低
2024-08,高雄大林,C,C級,低危害,危害排除與隔離,隔離管制,設備管線是否加盲加鎖掛牌,46,39,38,1,0,0,0,0.9744,2,低
2024-08,高雄大林,C,C級,低危害,環境測定,氣體偵測數值,可燃性氣體%、氧氣%、一氧化碳PPM、硫化氫PPM,46,42,41,1,0,0,0,0.9762,2,低
2024-08,高雄大林,C,C級,低危害,環境測定,測定基準,可燃性氣體 < 20%LEL；氧氣>= 18%；一氧化碳<50 PPM；硫化氫<10 PPM,46,43,41,2,1,1,0,0.9535,16,中
2024-08,高雄大林,C,C級,低危害,環境測定,測定頻率,上、下午施工前測定；A級或高風險作業需重複或連續測定；每小時/每兩小時紀錄表,46,41,40,1,0,0,0,0.9756,2,低
2024-08,高雄大林,C,C級,低危害,防火防爆,消防設備,是否有消防設備,46,43,42,1,0,1,0,0.9767,5,低
2024-08,高雄大林,C,C級,低危害,防火防爆,防爆安全工具,是否使用防爆電氣設備及安全工具,46,42,41,1,0,0,0,0.9762,2,低
2024-08,高雄大林,C,C級,低危害,高處作業,防墜措施,設標準施工架、安全網、安全母索、安全帶,46,43,42,1,0,0,0,0.9767,2,低
2024-08,高雄大林,C,C級,低危害,安全保護,個人防護具,是否有防護口罩、防毒面具、SCBA、防護手套、安全眼鏡、耳塞,46,46,45,1,0,0,0,0.9783,2,低
2024-08,高雄大林,C,C級,低危害,警戒巡查,警戒標示,是否有警戒標示,46,46,45,1,0,1,0,0.9783,5,低
2024-08,高雄大林,C,C級,低危害,警戒巡查,巡查會簽,是否轄區、監造、安衛人員或工地負責人巡查會簽,46,42,41,1,0,1,0,0.9762,5,低
2024-08,高雄大林,C,C級,低危害,收工回簽,回簽收工確認,是否回簽時確認環境已整理並完成防護措施,46,40,39,1,0,0,0,0.975,2,低
2024-08,高雄大林,C,C級,低危害,收工回簽,一般安全規定,是否遵守工安規定,46,44,43,1,0,0,0,0.9773,2,低
2024-08,高雄大林,C,C級,低危害,收工回簽,現場紀錄,是否拍照,46,44,43,1,0,0,0,0.9773,2,低
2024-09,高雄大林,A,A級,高危害,廠區,基本資料,工廠、日期、時間,28,26,25,1,0,0,0,0.9615,2,低
2024-09,高雄大林,A,A級,高危害,許可證,許可資訊,工程作業分級、申請時間、核准工作時間、工作許可證編號,28,26,25,1,0,0,0,0.9615,2,低
2024-09,高雄大林,A,A級,高危害,施工地點,場地關係人,施工部門、轄區部門、監造部門,28,28,27,1,0,0,0,0.9643,2,低
2024-09,高雄大林,A,A級,高危害,包商,承攬商與人員資格,承攬商、工作人數、車輛車號、工地負責人、安衛人員、特殊作業主管,28,28,27,1,0,1,0,0.9643,5,低
2024-09,高雄大林,A,A級,高危害,危害等級,作業等級,施工地點、工程案號、工作內容、許可工作項目、作業分級,28,25,24,1,0,1,0,0.96,5,低
2024-09,高雄大林,A,A級,高危害,危害等級,管線設備危害物,可燃性氣體、易燃液體、有害性氣體、化學藥劑、酸鹼、熱水蒸氣、空氣、其他,28,24,23,1,0,0,0,0.9583,2,低
2024-09,高雄大林,A,A級,高危害,檢點與危害告知,簽發前安全檢點,是否安全檢點,28,27,26,1,0,0,0,0.963,2,低
2024-09,高雄大林,A,A級,高危害,檢點與危害告知,危害告知,是否危害告知,28,27,26,1,0,0,0,0.963,2,低
2024-09,高雄大林,A,A級,高危害,危害排除與隔離,環境危害排除,是否設備管線危害物排除,28,25,24,1,0,0,0,0.96,2,低
2024-09,高雄大林,A,A級,高危害,危害排除與隔離,隔離管制,設備管線是否加盲加鎖掛牌,28,23,22,1,0,0,0,0.9565,2,低
2024-09,高雄大林,A,A級,高危害,環境測定,氣體偵測數值,可燃性氣體%、氧氣%、一氧化碳PPM、硫化氫PPM,28,28,26,2,1,1,0,0.9286,16,中
2024-09,高雄大林,A,A級,高危害,環境測定,測定基準,可燃性氣體 < 20%LEL；氧氣>= 18%；一氧化碳<50 PPM；硫化氫<10 PPM,28,25,23,2,1,1,0,0.92,16,中
2024-09,高雄大林,A,A級,高危害,環境測定,測定頻率,上、下午施工前測定；A級或高風險作業需重複或連續測定；每小時/每兩小時紀錄表,28,24,23,1,0,0,0,0.9583,2,低
2024-09,高雄大林,A,A級,高危害,防火防爆,消防設備,是否有消防設備,28,26,24,2,1,0,0,0.9231,13,低
2024-09,高雄大林,A,A級,高危害,防火防爆,防爆安全工具,是否使用防爆電氣設備及安全工具,28,25,23,2,1,1,0,0.92,16,中
2024-09,高雄大林,A,A級,高危害,高處作業,防墜措施,設標準施工架、安全網、安全母索、安全帶,28,27,26,1,0,0,0,0.963,2,低
2024-09,高雄大林,A,A級,高危害,安全保護,個人防護具,是否有防護口罩、防毒面具、SCBA、防護手套、安全眼鏡、耳塞,28,26,25,1,0,0,0,0.9615,2,低
2024-09,高雄大林,A,A級,高危害,警戒巡查,警戒標示,是否有警戒標示,28,26,25,1,0,0,0,0.9615,2,低
2024-09,高雄大林,A,A級,高危害,警戒巡查,巡查會簽,是否轄區、監造、安衛人員或工地負責人巡查會簽,28,24,23,1,0,0,0,0.9583,2,低
2024-09,高雄大林,A,A級,高危害,收工回簽,回簽收工確認,是否回簽時確認環境已整理並完成防護措施,28,28,27,1,0,0,0,0.9643,2,低
2024-09,高雄大林,A,A級,高危害,收工回簽,一般安全規定,是否遵守工安規定,28,26,25,1,0,0,0,0.9615,2,低
2024-09,高雄大林,A,A級,高危害,收工回簽,現場紀錄,是否拍照,28,26,25,1,0,0,0,0.9615,2,低
2024-09,高雄大林,B,B級,中危害,廠區,基本資料,工廠、日期、時間,62,58,57,1,0,0,0,0.9828,2,低
2024-09,高雄大林,B,B級,中危害,許可證,許可資訊,工程作業分級、申請時間、核准工作時間、工作許可證編號,62,54,53,1,0,0,0,0.9815,2,低
2024-09,高雄大林,B,B級,中危害,施工地點,場地關係人,施工部門、轄區部門、監造部門,62,59,58,1,0,0,0,0.9831,2,低
2024-09,高雄大林,B,B級,中危害,包商,承攬商與人員資格,承攬商、工作人數、車輛車號、工地負責人、安衛人員、特殊作業主管,62,52,50,2,0,1,0,0.9615,7,低
2024-09,高雄大林,B,B級,中危害,危害等級,作業等級,施工地點、工程案號、工作內容、許可工作項目、作業分級,62,52,50,2,0,1,0,0.9615,7,低
2024-09,高雄大林,B,B級,中危害,危害等級,管線設備危害物,可燃性氣體、易燃液體、有害性氣體、化學藥劑、酸鹼、熱水蒸氣、空氣、其他,62,58,55,3,0,1,0,0.9483,9,低
2024-09,高雄大林,B,B級,中危害,檢點與危害告知,簽發前安全檢點,是否安全檢點,62,54,53,1,0,0,0,0.9815,2,低
2024-09,高雄大林,B,B級,中危害,檢點與危害告知,危害告知,是否危害告知,62,52,51,1,0,0,0,0.9808,2,低
2024-09,高雄大林,B,B級,中危害,危害排除與隔離,環境危害排除,是否設備管線危害物排除,62,59,57,2,1,1,0,0.9661,16,中
2024-09,高雄大林,B,B級,中危害,危害排除與隔離,隔離管制,設備管線是否加盲加鎖掛牌,62,60,58,2,1,1,0,0.9667,16,中
2024-09,高雄大林,B,B級,中危害,環境測定,氣體偵測數值,可燃性氣體%、氧氣%、一氧化碳PPM、硫化氫PPM,62,57,55,2,1,1,0,0.9649,16,中
2024-09,高雄大林,B,B級,中危害,環境測定,測定基準,可燃性氣體 < 20%LEL；氧氣>= 18%；一氧化碳<50 PPM；硫化氫<10 PPM,62,53,50,3,1,1,0,0.9434,18,中
2024-09,高雄大林,B,B級,中危害,環境測定,測定頻率,上、下午施工前測定；A級或高風險作業需重複或連續測定；每小時/每兩小時紀錄表,62,61,58,3,1,1,0,0.9508,18,中
2024-09,高雄大林,B,B級,中危害,防火防爆,消防設備,是否有消防設備,62,52,49,3,1,1,0,0.9423,18,中
2024-09,高雄大林,B,B級,中危害,防火防爆,防爆安全工具,是否使用防爆電氣設備及安全工具,62,56,53,3,1,1,0,0.9464,18,中
2024-09,高雄大林,B,B級,中危害,高處作業,防墜措施,設標準施工架、安全網、安全母索、安全帶,62,54,52,2,1,1,0,0.963,16,中
2024-09,高雄大林,B,B級,中危害,安全保護,個人防護具,是否有防護口罩、防毒面具、SCBA、防護手套、安全眼鏡、耳塞,62,51,49,2,0,1,0,0.9608,7,低
2024-09,高雄大林,B,B級,中危害,警戒巡查,警戒標示,是否有警戒標示,62,52,50,2,0,1,0,0.9615,7,低
2024-09,高雄大林,B,B級,中危害,警戒巡查,巡查會簽,是否轄區、監造、安衛人員或工地負責人巡查會簽,62,57,55,2,0,1,0,0.9649,7,低
2024-09,高雄大林,B,B級,中危害,收工回簽,回簽收工確認,是否回簽時確認環境已整理並完成防護措施,62,51,49,2,0,1,0,0.9608,7,低
2024-09,高雄大林,B,B級,中危害,收工回簽,一般安全規定,是否遵守工安規定,62,59,57,2,0,0,0,0.9661,4,低
2024-09,高雄大林,B,B級,中危害,收工回簽,現場紀錄,是否拍照,62,52,50,2,0,1,0,0.9615,7,低
2024-09,高雄大林,C,C級,低危害,廠區,基本資料,工廠、日期、時間,49,49,48,1,0,0,0,0.9796,2,低
2024-09,高雄大林,C,C級,低危害,許可證,許可資訊,工程作業分級、申請時間、核准工作時間、工作許可證編號,49,43,42,1,0,0,0,0.9767,2,低
2024-09,高雄大林,C,C級,低危害,施工地點,場地關係人,施工部門、轄區部門、監造部門,49,40,39,1,0,0,0,0.975,2,低
2024-09,高雄大林,C,C級,低危害,包商,承攬商與人員資格,承攬商、工作人數、車輛車號、工地負責人、安衛人員、特殊作業主管,49,45,44,1,0,0,0,0.9778,2,低
2024-09,高雄大林,C,C級,低危害,危害等級,作業等級,施工地點、工程案號、工作內容、許可工作項目、作業分級,49,49,47,2,0,1,0,0.9592,7,低
2024-09,高雄大林,C,C級,低危害,危害等級,管線設備危害物,可燃性氣體、易燃液體、有害性氣體、化學藥劑、酸鹼、熱水蒸氣、空氣、其他,49,49,47,2,0,0,0,0.9592,4,低
2024-09,高雄大林,C,C級,低危害,檢點與危害告知,簽發前安全檢點,是否安全檢點,49,41,40,1,0,0,0,0.9756,2,低
2024-09,高雄大林,C,C級,低危害,檢點與危害告知,危害告知,是否危害告知,49,45,44,1,0,0,0,0.9778,2,低
2024-09,高雄大林,C,C級,低危害,危害排除與隔離,環境危害排除,是否設備管線危害物排除,49,44,43,1,0,0,0,0.9773,2,低
2024-09,高雄大林,C,C級,低危害,危害排除與隔離,隔離管制,設備管線是否加盲加鎖掛牌,49,45,43,2,1,0,0,0.9556,13,低
2024-09,高雄大林,C,C級,低危害,環境測定,氣體偵測數值,可燃性氣體%、氧氣%、一氧化碳PPM、硫化氫PPM,49,46,44,2,1,1,0,0.9565,16,中
2024-09,高雄大林,C,C級,低危害,環境測定,測定基準,可燃性氣體 < 20%LEL；氧氣>= 18%；一氧化碳<50 PPM；硫化氫<10 PPM,49,46,45,1,0,0,0,0.9783,2,低
2024-09,高雄大林,C,C級,低危害,環境測定,測定頻率,上、下午施工前測定；A級或高風險作業需重複或連續測定；每小時/每兩小時紀錄表,49,49,47,2,1,1,0,0.9592,16,中
2024-09,高雄大林,C,C級,低危害,防火防爆,消防設備,是否有消防設備,49,44,43,1,0,0,0,0.9773,2,低
2024-09,高雄大林,C,C級,低危害,防火防爆,防爆安全工具,是否使用防爆電氣設備及安全工具,49,41,39,2,1,1,0,0.9512,16,中
2024-09,高雄大林,C,C級,低危害,高處作業,防墜措施,設標準施工架、安全網、安全母索、安全帶,49,44,43,1,0,0,0,0.9773,2,低
2024-09,高雄大林,C,C級,低危害,安全保護,個人防護具,是否有防護口罩、防毒面具、SCBA、防護手套、安全眼鏡、耳塞,49,48,47,1,0,0,0,0.9792,2,低
2024-09,高雄大林,C,C級,低危害,警戒巡查,警戒標示,是否有警戒標示,49,48,47,1,0,0,0,0.9792,2,低
2024-09,高雄大林,C,C級,低危害,警戒巡查,巡查會簽,是否轄區、監造、安衛人員或工地負責人巡查會簽,49,41,40,1,0,1,0,0.9756,5,低
2024-09,高雄大林,C,C級,低危害,收工回簽,回簽收工確認,是否回簽時確認環境已整理並完成防護措施,49,47,46,1,0,0,0,0.9787,2,低
2024-09,高雄大林,C,C級,低危害,收工回簽,一般安全規定,是否遵守工安規定,49,41,40,1,0,0,0,0.9756,2,低
2024-09,高雄大林,C,C級,低危害,收工回簽,現場紀錄,是否拍照,49,43,42,1,0,0,0,0.9767,2,低
2024-10,高雄大林,A,A級,高危害,廠區,基本資料,工廠、日期、時間,34,29,28,1,0,0,0,0.9655,2,低
2024-10,高雄大林,A,A級,高危害,許可證,許可資訊,工程作業分級、申請時間、核准工作時間、工作許可證編號,34,30,29,1,0,0,0,0.9667,2,低
2024-10,高雄大林,A,A級,高危害,施工地點,場地關係人,施工部門、轄區部門、監造部門,34,33,32,1,0,0,0,0.9697,2,低
2024-10,高雄大林,A,A級,高危害,包商,承攬商與人員資格,承攬商、工作人數、車輛車號、工地負責人、安衛人員、特殊作業主管,34,33,31,2,0,1,0,0.9394,7,低
2024-10,高雄大林,A,A級,高危害,危害等級,作業等級,施工地點、工程案號、工作內容、許可工作項目、作業分級,34,28,26,2,0,1,0,0.9286,7,低
2024-10,高雄大林,A,A級,高危害,危害等級,管線設備危害物,可燃性氣體、易燃液體、有害性氣體、化學藥劑、酸鹼、熱水蒸氣、空氣、其他,34,32,30,2,0,1,0,0.9375,7,低
2024-10,高雄大林,A,A級,高危害,檢點與危害告知,簽發前安全檢點,是否安全檢點,34,28,27,1,0,0,0,0.9643,2,低
2024-10,高雄大林,A,A級,高危害,檢點與危害告知,危害告知,是否危害告知,34,30,29,1,0,0,0,0.9667,2,低
2024-10,高雄大林,A,A級,高危害,危害排除與隔離,環境危害排除,是否設備管線危害物排除,34,29,27,2,1,0,0,0.931,13,低
2024-10,高雄大林,A,A級,高危害,危害排除與隔離,隔離管制,設備管線是否加盲加鎖掛牌,34,33,31,2,1,1,0,0.9394,16,中
2024-10,高雄大林,A,A級,高危害,環境測定,氣體偵測數值,可燃性氣體%、氧氣%、一氧化碳PPM、硫化氫PPM,34,30,28,2,1,1,0,0.9333,16,中
2024-10,高雄大林,A,A級,高危害,環境測定,測定基準,可燃性氣體 < 20%LEL；氧氣>= 18%；一氧化碳<50 PPM；硫化氫<10 PPM,34,31,28,3,1,1,0,0.9032,18,中
2024-10,高雄大林,A,A級,高危害,環境測定,測定頻率,上、下午施工前測定；A級或高風險作業需重複或連續測定；每小時/每兩小時紀錄表,34,31,29,2,1,1,0,0.9355,16,中
2024-10,高雄大林,A,A級,高危害,防火防爆,消防設備,是否有消防設備,34,33,31,2,1,1,0,0.9394,16,中
2024-10,高雄大林,A,A級,高危害,防火防爆,防爆安全工具,是否使用防爆電氣設備及安全工具,34,33,30,3,1,1,0,0.9091,18,中
2024-10,高雄大林,A,A級,高危害,高處作業,防墜措施,設標準施工架、安全網、安全母索、安全帶,34,33,31,2,1,0,0,0.9394,13,低
2024-10,高雄大林,A,A級,高危害,安全保護,個人防護具,是否有防護口罩、防毒面具、SCBA、防護手套、安全眼鏡、耳塞,34,32,30,2,0,1,0,0.9375,7,低
2024-10,高雄大林,A,A級,高危害,警戒巡查,警戒標示,是否有警戒標示,34,30,29,1,0,0,0,0.9667,2,低
2024-10,高雄大林,A,A級,高危害,警戒巡查,巡查會簽,是否轄區、監造、安衛人員或工地負責人巡查會簽,34,28,27,1,0,0,0,0.9643,2,低
2024-10,高雄大林,A,A級,高危害,收工回簽,回簽收工確認,是否回簽時確認環境已整理並完成防護措施,34,28,27,1,0,0,0,0.9643,2,低
2024-10,高雄大林,A,A級,高危害,收工回簽,一般安全規定,是否遵守工安規定,34,33,32,1,0,0,0,0.9697,2,低
2024-10,高雄大林,A,A級,高危害,收工回簽,現場紀錄,是否拍照,34,31,30,1,0,1,0,0.9677,5,低
2024-10,高雄大林,B,B級,中危害,廠區,基本資料,工廠、日期、時間,65,56,55,1,0,0,0,0.9821,2,低
2024-10,高雄大林,B,B級,中危害,許可證,許可資訊,工程作業分級、申請時間、核准工作時間、工作許可證編號,65,58,57,1,0,0,0,0.9828,2,低
2024-10,高雄大林,B,B級,中危害,施工地點,場地關係人,施工部門、轄區部門、監造部門,65,57,55,2,0,1,0,0.9649,7,低
2024-10,高雄大林,B,B級,中危害,包商,承攬商與人員資格,承攬商、工作人數、車輛車號、工地負責人、安衛人員、特殊作業主管,65,62,60,2,0,1,0,0.9677,7,低
2024-10,高雄大林,B,B級,中危害,危害等級,作業等級,施工地點、工程案號、工作內容、許可工作項目、作業分級,65,64,62,2,0,1,0,0.9688,7,低
2024-10,高雄大林,B,B級,中危害,危害等級,管線設備危害物,可燃性氣體、易燃液體、有害性氣體、化學藥劑、酸鹼、熱水蒸氣、空氣、其他,65,60,58,2,0,1,0,0.9667,7,低
2024-10,高雄大林,B,B級,中危害,檢點與危害告知,簽發前安全檢點,是否安全檢點,65,64,62,2,0,1,0,0.9688,7,低
2024-10,高雄大林,B,B級,中危害,檢點與危害告知,危害告知,是否危害告知,65,53,51,2,0,1,0,0.9623,7,低
2024-10,高雄大林,B,B級,中危害,危害排除與隔離,環境危害排除,是否設備管線危害物排除,65,65,62,3,1,1,0,0.9538,18,中
2024-10,高雄大林,B,B級,中危害,危害排除與隔離,隔離管制,設備管線是否加盲加鎖掛牌,65,56,53,3,1,1,0,0.9464,18,中
2024-10,高雄大林,B,B級,中危害,環境測定,氣體偵測數值,可燃性氣體%、氧氣%、一氧化碳PPM、硫化氫PPM,65,55,53,2,1,1,0,0.9636,16,中
2024-10,高雄大林,B,B級,中危害,環境測定,測定基準,可燃性氣體 < 20%LEL；氧氣>= 18%；一氧化碳<50 PPM；硫化氫<10 PPM,65,61,58,3,1,1,0,0.9508,18,中
2024-10,高雄大林,B,B級,中危害,環境測定,測定頻率,上、下午施工前測定；A級或高風險作業需重複或連續測定；每小時/每兩小時紀錄表,65,62,59,3,1,1,0,0.9516,18,中
2024-10,高雄大林,B,B級,中危害,防火防爆,消防設備,是否有消防設備,65,54,52,2,1,1,0,0.963,16,中
2024-10,高雄大林,B,B級,中危害,防火防爆,防爆安全工具,是否使用防爆電氣設備及安全工具,65,56,53,3,1,1,0,0.9464,18,中
2024-10,高雄大林,B,B級,中危害,高處作業,防墜措施,設標準施工架、安全網、安全母索、安全帶,65,62,60,2,1,1,0,0.9677,16,中
2024-10,高雄大林,B,B級,中危害,安全保護,個人防護具,是否有防護口罩、防毒面具、SCBA、防護手套、安全眼鏡、耳塞,65,56,54,2,0,0,0,0.9643,4,低
2024-10,高雄大林,B,B級,中危害,警戒巡查,警戒標示,是否有警戒標示,65,59,57,2,0,0,0,0.9661,4,低
2024-10,高雄大林,B,B級,中危害,警戒巡查,巡查會簽,是否轄區、監造、安衛人員或工地負責人巡查會簽,65,54,52,2,0,1,0,0.963,7,低
2024-10,高雄大林,B,B級,中危害,收工回簽,回簽收工確認,是否回簽時確認環境已整理並完成防護措施,65,58,56,2,0,0,0,0.9655,4,低
2024-10,高雄大林,B,B級,中危害,收工回簽,一般安全規定,是否遵守工安規定,65,58,56,2,0,1,0,0.9655,7,低
2024-10,高雄大林,B,B級,中危害,收工回簽,現場紀錄,是否拍照,65,62,60,2,0,1,0,0.9677,7,低
2024-10,高雄大林,C,C級,低危害,廠區,基本資料,工廠、日期、時間,51,50,49,1,0,0,0,0.98,2,低
2024-10,高雄大林,C,C級,低危害,許可證,許可資訊,工程作業分級、申請時間、核准工作時間、工作許可證編號,51,44,43,1,0,0,0,0.9773,2,低
2024-10,高雄大林,C,C級,低危害,施工地點,場地關係人,施工部門、轄區部門、監造部門,51,47,46,1,0,0,0,0.9787,2,低
2024-10,高雄大林,C,C級,低危害,包商,承攬商與人員資格,承攬商、工作人數、車輛車號、工地負責人、安衛人員、特殊作業主管,51,46,45,1,0,0,0,0.9783,2,低
2024-10,高雄大林,C,C級,低危害,危害等級,作業等級,施工地點、工程案號、工作內容、許可工作項目、作業分級,51,44,42,2,0,1,0,0.9545,7,低
2024-10,高雄大林,C,C級,低危害,危害等級,管線設備危害物,可燃性氣體、易燃液體、有害性氣體、化學藥劑、酸鹼、熱水蒸氣、空氣、其他,51,51,49,2,0,1,0,0.9608,7,低
2024-10,高雄大林,C,C級,低危害,檢點與危害告知,簽發前安全檢點,是否安全檢點,51,48,47,1,0,0,0,0.9792,2,低
2024-10,高雄大林,C,C級,低危害,檢點與危害告知,危害告知,是否危害告知,51,49,48,1,0,0,0,0.9796,2,低
2024-10,高雄大林,C,C級,低危害,危害排除與隔離,環境危害排除,是否設備管線危害物排除,51,49,47,2,1,1,0,0.9592,16,中
2024-10,高雄大林,C,C級,低危害,危害排除與隔離,隔離管制,設備管線是否加盲加鎖掛牌,51,43,41,2,1,0,0,0.9535,13,低
2024-10,高雄大林,C,C級,低危害,環境測定,氣體偵測數值,可燃性氣體%、氧氣%、一氧化碳PPM、硫化氫PPM,51,44,43,1,0,0,0,0.9773,2,低
2024-10,高雄大林,C,C級,低危害,環境測定,測定基準,可燃性氣體 < 20%LEL；氧氣>= 18%；一氧化碳<50 PPM；硫化氫<10 PPM,51,47,46,1,0,0,0,0.9787,2,低
2024-10,高雄大林,C,C級,低危害,環境測定,測定頻率,上、下午施工前測定；A級或高風險作業需重複或連續測定；每小時/每兩小時紀錄表,51,48,46,2,1,1,0,0.9583,16,中
2024-10,高雄大林,C,C級,低危害,防火防爆,消防設備,是否有消防設備,51,47,45,2,1,1,0,0.9574,16,中
2024-10,高雄大林,C,C級,低危害,防火防爆,防爆安全工具,是否使用防爆電氣設備及安全工具,51,44,42,2,1,1,0,0.9545,16,中
2024-10,高雄大林,C,C級,低危害,高處作業,防墜措施,設標準施工架、安全網、安全母索、安全帶,51,48,46,2,1,1,0,0.9583,16,中
2024-10,高雄大林,C,C級,低危害,安全保護,個人防護具,是否有防護口罩、防毒面具、SCBA、防護手套、安全眼鏡、耳塞,51,43,42,1,0,0,0,0.9767,2,低
2024-10,高雄大林,C,C級,低危害,警戒巡查,警戒標示,是否有警戒標示,51,48,47,1,0,0,0,0.9792,2,低
2024-10,高雄大林,C,C級,低危害,警戒巡查,巡查會簽,是否轄區、監造、安衛人員或工地負責人巡查會簽,51,47,46,1,0,0,0,0.9787,2,低
2024-10,高雄大林,C,C級,低危害,收工回簽,回簽收工確認,是否回簽時確認環境已整理並完成防護措施,51,43,42,1,0,0,0,0.9767,2,低
2024-10,高雄大林,C,C級,低危害,收工回簽,一般安全規定,是否遵守工安規定,51,46,45,1,0,0,0,0.9783,2,低
2024-10,高雄大林,C,C級,低危害,收工回簽,現場紀錄,是否拍照,51,50,49,1,0,0,0,0.98,2,低
2024-11,高雄大林,A,A級,高危害,廠區,基本資料,工廠、日期、時間,34,29,28,1,0,0,0,0.9655,2,低
2024-11,高雄大林,A,A級,高危害,許可證,許可資訊,工程作業分級、申請時間、核准工作時間、工作許可證編號,34,32,31,1,0,0,0,0.9688,2,低
2024-11,高雄大林,A,A級,高危害,施工地點,場地關係人,施工部門、轄區部門、監造部門,34,28,27,1,0,0,0,0.9643,2,低
2024-11,高雄大林,A,A級,高危害,包商,承攬商與人員資格,承攬商、工作人數、車輛車號、工地負責人、安衛人員、特殊作業主管,34,32,30,2,0,1,0,0.9375,7,低
2024-11,高雄大林,A,A級,高危害,危害等級,作業等級,施工地點、工程案號、工作內容、許可工作項目、作業分級,34,32,31,1,0,0,0,0.9688,2,低
2024-11,高雄大林,A,A級,高危害,危害等級,管線設備危害物,可燃性氣體、易燃液體、有害性氣體、化學藥劑、酸鹼、熱水蒸氣、空氣、其他,34,29,28,1,0,0,0,0.9655,2,低
2024-11,高雄大林,A,A級,高危害,檢點與危害告知,簽發前安全檢點,是否安全檢點,34,31,30,1,0,0,0,0.9677,2,低
2024-11,高雄大林,A,A級,高危害,檢點與危害告知,危害告知,是否危害告知,34,33,32,1,0,0,0,0.9697,2,低
2024-11,高雄大林,A,A級,高危害,危害排除與隔離,環境危害排除,是否設備管線危害物排除,34,34,32,2,1,1,0,0.9412,16,中
2024-11,高雄大林,A,A級,高危害,危害排除與隔離,隔離管制,設備管線是否加盲加鎖掛牌,34,34,32,2,1,1,0,0.9412,16,中
2024-11,高雄大林,A,A級,高危害,環境測定,氣體偵測數值,可燃性氣體%、氧氣%、一氧化碳PPM、硫化氫PPM,34,32,29,3,1,1,0,0.9062,18,中
2024-11,高雄大林,A,A級,高危害,環境測定,測定基準,可燃性氣體 < 20%LEL；氧氣>= 18%；一氧化碳<50 PPM；硫化氫<10 PPM,34,31,28,3,1,1,0,0.9032,18,中
2024-11,高雄大林,A,A級,高危害,環境測定,測定頻率,上、下午施工前測定；A級或高風險作業需重複或連續測定；每小時/每兩小時紀錄表,34,31,29,2,1,1,0,0.9355,16,中
2024-11,高雄大林,A,A級,高危害,防火防爆,消防設備,是否有消防設備,34,31,29,2,1,1,0,0.9355,16,中
2024-11,高雄大林,A,A級,高危害,防火防爆,防爆安全工具,是否使用防爆電氣設備及安全工具,34,33,31,2,1,0,0,0.9394,13,低
2024-11,高雄大林,A,A級,高危害,高處作業,防墜措施,設標準施工架、安全網、安全母索、安全帶,34,33,31,2,1,1,0,0.9394,16,中
2024-11,高雄大林,A,A級,高危害,安全保護,個人防護具,是否有防護口罩、防毒面具、SCBA、防護手套、安全眼鏡、耳塞,34,29,28,1,0,0,0,0.9655,2,低
2024-11,高雄大林,A,A級,高危害,警戒巡查,警戒標示,是否有警戒標示,34,30,29,1,0,0,0,0.9667,2,低
2024-11,高雄大林,A,A級,高危害,警戒巡查,巡查會簽,是否轄區、監造、安衛人員或工地負責人巡查會簽,34,30,29,1,0,0,0,0.9667,2,低
2024-11,高雄大林,A,A級,高危害,收工回簽,回簽收工確認,是否回簽時確認環境已整理並完成防護措施,34,28,27,1,0,0,0,0.9643,2,低
2024-11,高雄大林,A,A級,高危害,收工回簽,一般安全規定,是否遵守工安規定,34,33,32,1,0,0,0,0.9697,2,低
2024-11,高雄大林,A,A級,高危害,收工回簽,現場紀錄,是否拍照,34,29,28,1,0,0,0,0.9655,2,低
2024-11,高雄大林,B,B級,中危害,廠區,基本資料,工廠、日期、時間,70,66,65,1,0,0,0,0.9848,2,低
2024-11,高雄大林,B,B級,中危害,許可證,許可資訊,工程作業分級、申請時間、核准工作時間、工作許可證編號,70,60,59,1,0,0,0,0.9833,2,低
2024-11,高雄大林,B,B級,中危害,施工地點,場地關係人,施工部門、轄區部門、監造部門,70,65,63,2,0,1,0,0.9692,7,低
2024-11,高雄大林,B,B級,中危害,包商,承攬商與人員資格,承攬商、工作人數、車輛車號、工地負責人、安衛人員、特殊作業主管,70,58,56,2,0,1,0,0.9655,7,低
2024-11,高雄大林,B,B級,中危害,危害等級,作業等級,施工地點、工程案號、工作內容、許可工作項目、作業分級,70,58,56,2,0,1,0,0.9655,7,低
2024-11,高雄大林,B,B級,中危害,危害等級,管線設備危害物,可燃性氣體、易燃液體、有害性氣體、化學藥劑、酸鹼、熱水蒸氣、空氣、其他,70,63,61,2,0,1,0,0.9683,7,低
2024-11,高雄大林,B,B級,中危害,檢點與危害告知,簽發前安全檢點,是否安全檢點,70,59,57,2,0,1,0,0.9661,7,低
2024-11,高雄大林,B,B級,中危害,檢點與危害告知,危害告知,是否危害告知,70,61,59,2,0,1,0,0.9672,7,低
2024-11,高雄大林,B,B級,中危害,危害排除與隔離,環境危害排除,是否設備管線危害物排除,70,65,62,3,1,1,0,0.9538,18,中
2024-11,高雄大林,B,B級,中危害,危害排除與隔離,隔離管制,設備管線是否加盲加鎖掛牌,70,65,63,2,1,1,0,0.9692,16,中
2024-11,高雄大林,B,B級,中危害,環境測定,氣體偵測數值,可燃性氣體%、氧氣%、一氧化碳PPM、硫化氫PPM,70,69,66,3,1,2,1,0.9565,26,中
2024-11,高雄大林,B,B級,中危害,環境測定,測定基準,可燃性氣體 < 20%LEL；氧氣>= 18%；一氧化碳<50 PPM；硫化氫<10 PPM,70,65,63,2,1,1,0,0.9692,16,中
2024-11,高雄大林,B,B級,中危害,環境測定,測定頻率,上、下午施工前測定；A級或高風險作業需重複或連續測定；每小時/每兩小時紀錄表,70,67,64,3,1,1,0,0.9552,18,中
2024-11,高雄大林,B,B級,中危害,防火防爆,消防設備,是否有消防設備,70,69,67,2,1,1,0,0.971,16,中
2024-11,高雄大林,B,B級,中危害,防火防爆,防爆安全工具,是否使用防爆電氣設備及安全工具,70,58,55,3,1,1,0,0.9483,18,中
2024-11,高雄大林,B,B級,中危害,高處作業,防墜措施,設標準施工架、安全網、安全母索、安全帶,70,66,64,2,1,0,0,0.9697,13,低
2024-11,高雄大林,B,B級,中危害,安全保護,個人防護具,是否有防護口罩、防毒面具、SCBA、防護手套、安全眼鏡、耳塞,70,68,65,3,0,1,0,0.9559,9,低
2024-11,高雄大林,B,B級,中危害,警戒巡查,警戒標示,是否有警戒標示,70,65,63,2,0,1,0,0.9692,7,低
2024-11,高雄大林,B,B級,中危害,警戒巡查,巡查會簽,是否轄區、監造、安衛人員或工地負責人巡查會簽,70,68,65,3,1,1,0,0.9559,18,中
2024-11,高雄大林,B,B級,中危害,收工回簽,回簽收工確認,是否回簽時確認環境已整理並完成防護措施,70,60,58,2,0,1,0,0.9667,7,低
2024-11,高雄大林,B,B級,中危害,收工回簽,一般安全規定,是否遵守工安規定,70,66,64,2,0,1,0,0.9697,7,低
2024-11,高雄大林,B,B級,中危害,收工回簽,現場紀錄,是否拍照,70,62,60,2,0,1,0,0.9677,7,低
2024-11,高雄大林,C,C級,低危害,廠區,基本資料,工廠、日期、時間,50,47,46,1,0,0,0,0.9787,2,低
2024-11,高雄大林,C,C級,低危害,許可證,許可資訊,工程作業分級、申請時間、核准工作時間、工作許可證編號,50,43,42,1,0,0,0,0.9767,2,低
2024-11,高雄大林,C,C級,低危害,施工地點,場地關係人,施工部門、轄區部門、監造部門,50,47,46,1,0,0,0,0.9787,2,低
2024-11,高雄大林,C,C級,低危害,包商,承攬商與人員資格,承攬商、工作人數、車輛車號、工地負責人、安衛人員、特殊作業主管,50,48,47,1,0,0,0,0.9792,2,低
2024-11,高雄大林,C,C級,低危害,危害等級,作業等級,施工地點、工程案號、工作內容、許可工作項目、作業分級,50,44,43,1,0,0,0,0.9773,2,低
2024-11,高雄大林,C,C級,低危害,危害等級,管線設備危害物,可燃性氣體、易燃液體、有害性氣體、化學藥劑、酸鹼、熱水蒸氣、空氣、其他,50,48,46,2,0,1,0,0.9583,7,低
2024-11,高雄大林,C,C級,低危害,檢點與危害告知,簽發前安全檢點,是否安全檢點,50,45,44,1,0,0,0,0.9778,2,低
2024-11,高雄大林,C,C級,低危害,檢點與危害告知,危害告知,是否危害告知,50,42,41,1,0,0,0,0.9762,2,低
2024-11,高雄大林,C,C級,低危害,危害排除與隔離,環境危害排除,是否設備管線危害物排除,50,44,43,1,0,0,0,0.9773,2,低
2024-11,高雄大林,C,C級,低危害,危害排除與隔離,隔離管制,設備管線是否加盲加鎖掛牌,50,47,45,2,1,1,0,0.9574,16,中
2024-11,高雄大林,C,C級,低危害,環境測定,氣體偵測數值,可燃性氣體%、氧氣%、一氧化碳PPM、硫化氫PPM,50,49,47,2,1,0,0,0.9592,13,低
2024-11,高雄大林,C,C級,低危害,環境測定,測定基準,可燃性氣體 < 20%LEL；氧氣>= 18%；一氧化碳<50 PPM；硫化氫<10 PPM,50,42,40,2,1,1,0,0.9524,16,中
2024-11,高雄大林,C,C級,低危害,環境測定,測定頻率,上、下午施工前測定；A級或高風險作業需重複或連續測定；每小時/每兩小時紀錄表,50,43,42,1,0,0,0,0.9767,2,低
2024-11,高雄大林,C,C級,低危害,防火防爆,消防設備,是否有消防設備,50,46,44,2,1,1,0,0.9565,16,中
2024-11,高雄大林,C,C級,低危害,防火防爆,防爆安全工具,是否使用防爆電氣設備及安全工具,50,46,44,2,1,0,0,0.9565,13,低
2024-11,高雄大林,C,C級,低危害,高處作業,防墜措施,設標準施工架、安全網、安全母索、安全帶,50,42,40,2,1,1,0,0.9524,16,中
2024-11,高雄大林,C,C級,低危害,安全保護,個人防護具,是否有防護口罩、防毒面具、SCBA、防護手套、安全眼鏡、耳塞,50,50,49,1,0,0,0,0.98,2,低
2024-11,高雄大林,C,C級,低危害,警戒巡查,警戒標示,是否有警戒標示,50,41,40,1,0,1,0,0.9756,5,低
2024-11,高雄大林,C,C級,低危害,警戒巡查,巡查會簽,是否轄區、監造、安衛人員或工地負責人巡查會簽,50,43,42,1,0,0,0,0.9767,2,低
2024-11,高雄大林,C,C級,低危害,收工回簽,回簽收工確認,是否回簽時確認環境已整理並完成防護措施,50,47,46,1,0,0,0,0.9787,2,低
2024-11,高雄大林,C,C級,低危害,收工回簽,一般安全規定,是否遵守工安規定,50,47,46,1,0,0,0,0.9787,2,低
2024-11,高雄大林,C,C級,低危害,收工回簽,現場紀錄,是否拍照,50,44,43,1,0,0,0,0.9773,2,低
2024-12,高雄大林,A,A級,高危害,廠區,基本資料,工廠、日期、時間,29,27,26,1,0,0,0,0.963,2,低
2024-12,高雄大林,A,A級,高危害,許可證,許可資訊,工程作業分級、申請時間、核准工作時間、工作許可證編號,29,24,23,1,0,0,0,0.9583,2,低
2024-12,高雄大林,A,A級,高危害,施工地點,場地關係人,施工部門、轄區部門、監造部門,29,29,28,1,0,0,0,0.9655,2,低
2024-12,高雄大林,A,A級,高危害,包商,承攬商與人員資格,承攬商、工作人數、車輛車號、工地負責人、安衛人員、特殊作業主管,29,24,23,1,0,1,0,0.9583,5,低
2024-12,高雄大林,A,A級,高危害,危害等級,作業等級,施工地點、工程案號、工作內容、許可工作項目、作業分級,29,25,24,1,0,0,0,0.96,2,低
2024-12,高雄大林,A,A級,高危害,危害等級,管線設備危害物,可燃性氣體、易燃液體、有害性氣體、化學藥劑、酸鹼、熱水蒸氣、空氣、其他,29,27,26,1,0,0,0,0.963,2,低
2024-12,高雄大林,A,A級,高危害,檢點與危害告知,簽發前安全檢點,是否安全檢點,29,27,26,1,0,0,0,0.963,2,低
2024-12,高雄大林,A,A級,高危害,檢點與危害告知,危害告知,是否危害告知,29,26,25,1,0,0,0,0.9615,2,低
2024-12,高雄大林,A,A級,高危害,危害排除與隔離,環境危害排除,是否設備管線危害物排除,29,27,25,2,1,1,0,0.9259,16,中
2024-12,高雄大林,A,A級,高危害,危害排除與隔離,隔離管制,設備管線是否加盲加鎖掛牌,29,27,25,2,1,1,0,0.9259,16,中
2024-12,高雄大林,A,A級,高危害,環境測定,氣體偵測數值,可燃性氣體%、氧氣%、一氧化碳PPM、硫化氫PPM,29,28,26,2,1,1,0,0.9286,16,中
2024-12,高雄大林,A,A級,高危害,環境測定,測定基準,可燃性氣體 < 20%LEL；氧氣>= 18%；一氧化碳<50 PPM；硫化氫<10 PPM,29,25,23,2,1,1,0,0.92,16,中
2024-12,高雄大林,A,A級,高危害,環境測定,測定頻率,上、下午施工前測定；A級或高風險作業需重複或連續測定；每小時/每兩小時紀錄表,29,27,25,2,1,1,0,0.9259,16,中
2024-12,高雄大林,A,A級,高危害,防火防爆,消防設備,是否有消防設備,29,26,24,2,1,1,0,0.9231,16,中
2024-12,高雄大林,A,A級,高危害,防火防爆,防爆安全工具,是否使用防爆電氣設備及安全工具,29,26,24,2,1,1,0,0.9231,16,中
2024-12,高雄大林,A,A級,高危害,高處作業,防墜措施,設標準施工架、安全網、安全母索、安全帶,29,27,25,2,1,1,0,0.9259,16,中
2024-12,高雄大林,A,A級,高危害,安全保護,個人防護具,是否有防護口罩、防毒面具、SCBA、防護手套、安全眼鏡、耳塞,29,27,26,1,0,1,0,0.963,5,低
2024-12,高雄大林,A,A級,高危害,警戒巡查,警戒標示,是否有警戒標示,29,27,26,1,0,0,0,0.963,2,低
2024-12,高雄大林,A,A級,高危害,警戒巡查,巡查會簽,是否轄區、監造、安衛人員或工地負責人巡查會簽,29,28,27,1,0,0,0,0.9643,2,低
2024-12,高雄大林,A,A級,高危害,收工回簽,回簽收工確認,是否回簽時確認環境已整理並完成防護措施,29,26,25,1,0,0,0,0.9615,2,低
2024-12,高雄大林,A,A級,高危害,收工回簽,一般安全規定,是否遵守工安規定,29,24,23,1,0,0,0,0.9583,2,低
2024-12,高雄大林,A,A級,高危害,收工回簽,現場紀錄,是否拍照,29,28,27,1,0,0,0,0.9643,2,低
2024-12,高雄大林,B,B級,中危害,廠區,基本資料,工廠、日期、時間,73,63,61,2,0,1,0,0.9683,7,低
2024-12,高雄大林,B,B級,中危害,許可證,許可資訊,工程作業分級、申請時間、核准工作時間、工作許可證編號,73,70,69,1,0,0,0,0.9857,2,低
2024-12,高雄大林,B,B級,中危害,施工地點,場地關係人,施工部門、轄區部門、監造部門,73,61,59,2,0,1,0,0.9672,7,低
2024-12,高雄大林,B,B級,中危害,包商,承攬商與人員資格,承攬商、工作人數、車輛車號、工地負責人、安衛人員、特殊作業主管,73,69,67,2,0,1,0,0.971,7,低
2024-12,高雄大林,B,B級,中危害,危害等級,作業等級,施工地點、工程案號、工作內容、許可工作項目、作業分級,73,65,62,3,0,1,0,0.9538,9,低
2024-12,高雄大林,B,B級,中危害,危害等級,管線設備危害物,可燃性氣體、易燃液體、有害性氣體、化學藥劑、酸鹼、熱水蒸氣、空氣、其他,73,65,62,3,0,1,0,0.9538,9,低
2024-12,高雄大林,B,B級,中危害,檢點與危害告知,簽發前安全檢點,是否安全檢點,73,70,68,2,0,1,0,0.9714,7,低
2024-12,高雄大林,B,B級,中危害,檢點與危害告知,危害告知,是否危害告知,73,69,67,2,0,1,0,0.971,7,低
2024-12,高雄大林,B,B級,中危害,危害排除與隔離,環境危害排除,是否設備管線危害物排除,73,64,61,3,1,1,0,0.9531,18,中
2024-12,高雄大林,B,B級,中危害,危害排除與隔離,隔離管制,設備管線是否加盲加鎖掛牌,73,63,60,3,1,1,0,0.9524,18,中
2024-12,高雄大林,B,B級,中危害,環境測定,氣體偵測數值,可燃性氣體%、氧氣%、一氧化碳PPM、硫化氫PPM,73,64,61,3,1,1,0,0.9531,18,中
2024-12,高雄大林,B,B級,中危害,環境測定,測定基準,可燃性氣體 < 20%LEL；氧氣>= 18%；一氧化碳<50 PPM；硫化氫<10 PPM,73,72,69,3,1,1,0,0.9583,18,中
2024-12,高雄大林,B,B級,中危害,環境測定,測定頻率,上、下午施工前測定；A級或高風險作業需重複或連續測定；每小時/每兩小時紀錄表,73,71,68,3,1,1,0,0.9577,18,中
2024-12,高雄大林,B,B級,中危害,防火防爆,消防設備,是否有消防設備,73,61,58,3,1,1,0,0.9508,18,中
2024-12,高雄大林,B,B級,中危害,防火防爆,防爆安全工具,是否使用防爆電氣設備及安全工具,73,66,63,3,1,1,0,0.9545,18,中
2024-12,高雄大林,B,B級,中危害,高處作業,防墜措施,設標準施工架、安全網、安全母索、安全帶,73,71,68,3,1,1,0,0.9577,18,中
2024-12,高雄大林,B,B級,中危害,安全保護,個人防護具,是否有防護口罩、防毒面具、SCBA、防護手套、安全眼鏡、耳塞,73,62,59,3,0,1,0,0.9516,9,低
2024-12,高雄大林,B,B級,中危害,警戒巡查,警戒標示,是否有警戒標示,73,68,65,3,0,1,0,0.9559,9,低
2024-12,高雄大林,B,B級,中危害,警戒巡查,巡查會簽,是否轄區、監造、安衛人員或工地負責人巡查會簽,73,73,70,3,0,1,0,0.9589,9,低
2024-12,高雄大林,B,B級,中危害,收工回簽,回簽收工確認,是否回簽時確認環境已整理並完成防護措施,73,62,60,2,0,1,0,0.9677,7,低
2024-12,高雄大林,B,B級,中危害,收工回簽,一般安全規定,是否遵守工安規定,73,70,68,2,0,1,0,0.9714,7,低
2024-12,高雄大林,B,B級,中危害,收工回簽,現場紀錄,是否拍照,73,65,63,2,0,1,0,0.9692,7,低
2024-12,高雄大林,C,C級,低危害,廠區,基本資料,工廠、日期、時間,51,47,46,1,0,0,0,0.9787,2,低
2024-12,高雄大林,C,C級,低危害,許可證,許可資訊,工程作業分級、申請時間、核准工作時間、工作許可證編號,51,43,42,1,0,0,0,0.9767,2,低
2024-12,高雄大林,C,C級,低危害,施工地點,場地關係人,施工部門、轄區部門、監造部門,51,49,48,1,0,0,0,0.9796,2,低
2024-12,高雄大林,C,C級,低危害,包商,承攬商與人員資格,承攬商、工作人數、車輛車號、工地負責人、安衛人員、特殊作業主管,51,48,47,1,0,0,0,0.9792,2,低
2024-12,高雄大林,C,C級,低危害,危害等級,作業等級,施工地點、工程案號、工作內容、許可工作項目、作業分級,51,51,50,1,0,0,0,0.9804,2,低
2024-12,高雄大林,C,C級,低危害,危害等級,管線設備危害物,可燃性氣體、易燃液體、有害性氣體、化學藥劑、酸鹼、熱水蒸氣、空氣、其他,51,43,41,2,0,1,0,0.9535,7,低
2024-12,高雄大林,C,C級,低危害,檢點與危害告知,簽發前安全檢點,是否安全檢點,51,50,49,1,0,0,0,0.98,2,低
2024-12,高雄大林,C,C級,低危害,檢點與危害告知,危害告知,是否危害告知,51,45,44,1,0,0,0,0.9778,2,低
2024-12,高雄大林,C,C級,低危害,危害排除與隔離,環境危害排除,是否設備管線危害物排除,51,43,42,1,0,0,0,0.9767,2,低
2024-12,高雄大林,C,C級,低危害,危害排除與隔離,隔離管制,設備管線是否加盲加鎖掛牌,51,48,47,1,0,0,0,0.9792,2,低
2024-12,高雄大林,C,C級,低危害,環境測定,氣體偵測數值,可燃性氣體%、氧氣%、一氧化碳PPM、硫化氫PPM,51,44,43,1,0,0,0,0.9773,2,低
2024-12,高雄大林,C,C級,低危害,環境測定,測定基準,可燃性氣體 < 20%LEL；氧氣>= 18%；一氧化碳<50 PPM；硫化氫<10 PPM,51,47,46,1,0,0,0,0.9787,2,低
2024-12,高雄大林,C,C級,低危害,環境測定,測定頻率,上、下午施工前測定；A級或高風險作業需重複或連續測定；每小時/每兩小時紀錄表,51,44,42,2,1,1,0,0.9545,16,中
2024-12,高雄大林,C,C級,低危害,防火防爆,消防設備,是否有消防設備,51,48,47,1,0,0,0,0.9792,2,低
2024-12,高雄大林,C,C級,低危害,防火防爆,防爆安全工具,是否使用防爆電氣設備及安全工具,51,43,42,1,0,0,0,0.9767,2,低
2024-12,高雄大林,C,C級,低危害,高處作業,防墜措施,設標準施工架、安全網、安全母索、安全帶,51,47,46,1,0,0,0,0.9787,2,低
2024-12,高雄大林,C,C級,低危害,安全保護,個人防護具,是否有防護口罩、防毒面具、SCBA、防護手套、安全眼鏡、耳塞,51,48,47,1,0,0,0,0.9792,2,低
2024-12,高雄大林,C,C級,低危害,警戒巡查,警戒標示,是否有警戒標示,51,51,49,2,0,1,0,0.9608,7,低
2024-12,高雄大林,C,C級,低危害,警戒巡查,巡查會簽,是否轄區、監造、安衛人員或工地負責人巡查會簽,51,45,44,1,0,1,0,0.9778,5,低
2024-12,高雄大林,C,C級,低危害,收工回簽,回簽收工確認,是否回簽時確認環境已整理並完成防護措施,51,43,42,1,0,0,0,0.9767,2,低
2024-12,高雄大林,C,C級,低危害,收工回簽,一般安全規定,是否遵守工安規定,51,47,46,1,0,0,0,0.9787,2,低
2024-12,高雄大林,C,C級,低危害,收工回簽,現場紀錄,是否拍照,51,43,42,1,0,0,0,0.9767,2,低
2025-01,高雄大林,A,A級,高危害,廠區,基本資料,工廠、日期、時間,37,31,30,1,0,0,0,0.9677,2,低
2025-01,高雄大林,A,A級,高危害,許可證,許可資訊,工程作業分級、申請時間、核准工作時間、工作許可證編號,37,34,33,1,0,0,0,0.9706,2,低
2025-01,高雄大林,A,A級,高危害,施工地點,場地關係人,施工部門、轄區部門、監造部門,37,35,34,1,0,0,0,0.9714,2,低
2025-01,高雄大林,A,A級,高危害,包商,承攬商與人員資格,承攬商、工作人數、車輛車號、工地負責人、安衛人員、特殊作業主管,37,37,35,2,0,1,0,0.9459,7,低
2025-01,高雄大林,A,A級,高危害,危害等級,作業等級,施工地點、工程案號、工作內容、許可工作項目、作業分級,37,33,31,2,0,1,0,0.9394,7,低
2025-01,高雄大林,A,A級,高危害,危害等級,管線設備危害物,可燃性氣體、易燃液體、有害性氣體、化學藥劑、酸鹼、熱水蒸氣、空氣、其他,37,31,29,2,0,0,0,0.9355,4,低
2025-01,高雄大林,A,A級,高危害,檢點與危害告知,簽發前安全檢點,是否安全檢點,37,34,33,1,0,0,0,0.9706,2,低
2025-01,高雄大林,A,A級,高危害,檢點與危害告知,危害告知,是否危害告知,37,31,30,1,0,0,0,0.9677,2,低
2025-01,高雄大林,A,A級,高危害,危害排除與隔離,環境危害排除,是否設備管線危害物排除,37,31,29,2,1,1,0,0.9355,16,中
2025-01,高雄大林,A,A級,高危害,危害排除與隔離,隔離管制,設備管線是否加盲加鎖掛牌,37,32,30,2,1,1,0,0.9375,16,中
2025-01,高雄大林,A,A級,高危害,環境測定,氣體偵測數值,可燃性氣體%、氧氣%、一氧化碳PPM、硫化氫PPM,37,36,34,2,1,1,0,0.9444,16,中
2025-01,高雄大林,A,A級,高危害,環境測定,測定基準,可燃性氣體 < 20%LEL；氧氣>= 18%；一氧化碳<50 PPM；硫化氫<10 PPM,37,32,30,2,1,1,0,0.9375,16,中
2025-01,高雄大林,A,A級,高危害,環境測定,測定頻率,上、下午施工前測定；A級或高風險作業需重複或連續測定；每小時/每兩小時紀錄表,37,36,34,2,1,1,0,0.9444,16,中
2025-01,高雄大林,A,A級,高危害,防火防爆,消防設備,是否有消防設備,37,34,32,2,1,1,0,0.9412,16,中
2025-01,高雄大林,A,A級,高危害,防火防爆,防爆安全工具,是否使用防爆電氣設備及安全工具,37,32,30,2,1,1,0,0.9375,16,中
2025-01,高雄大林,A,A級,高危害,高處作業,防墜措施,設標準施工架、安全網、安全母索、安全帶,37,32,31,1,0,0,0,0.9688,2,低
2025-01,高雄大林,A,A級,高危害,安全保護,個人防護具,是否有防護口罩、防毒面具、SCBA、防護手套、安全眼鏡、耳塞,37,36,35,1,0,0,0,0.9722,2,低
2025-01,高雄大林,A,A級,高危害,警戒巡查,警戒標示,是否有警戒標示,37,35,33,2,0,1,0,0.9429,7,低
2025-01,高雄大林,A,A級,高危害,警戒巡查,巡查會簽,是否轄區、監造、安衛人員或工地負責人巡查會簽,37,30,29,1,0,0,0,0.9667,2,低
2025-01,高雄大林,A,A級,高危害,收工回簽,回簽收工確認,是否回簽時確認環境已整理並完成防護措施,37,32,31,1,0,0,0,0.9688,2,低
2025-01,高雄大林,A,A級,高危害,收工回簽,一般安全規定,是否遵守工安規定,37,35,34,1,0,0,0,0.9714,2,低
2025-01,高雄大林,A,A級,高危害,收工回簽,現場紀錄,是否拍照,37,35,33,2,0,1,0,0.9429,7,低
2025-01,高雄大林,B,B級,中危害,廠區,基本資料,工廠、日期、時間,72,65,64,1,0,0,0,0.9846,2,低
2025-01,高雄大林,B,B級,中危害,許可證,許可資訊,工程作業分級、申請時間、核准工作時間、工作許可證編號,72,68,66,2,0,0,0,0.9706,4,低
2025-01,高雄大林,B,B級,中危害,施工地點,場地關係人,施工部門、轄區部門、監造部門,72,61,59,2,0,1,0,0.9672,7,低
2025-01,高雄大林,B,B級,中危害,包商,承攬商與人員資格,承攬商、工作人數、車輛車號、工地負責人、安衛人員、特殊作業主管,72,64,62,2,0,1,0,0.9688,7,低
2025-01,高雄大林,B,B級,中危害,危害等級,作業等級,施工地點、工程案號、工作內容、許可工作項目、作業分級,72,63,61,2,0,1,0,0.9683,7,低
2025-01,高雄大林,B,B級,中危害,危害等級,管線設備危害物,可燃性氣體、易燃液體、有害性氣體、化學藥劑、酸鹼、熱水蒸氣、空氣、其他,72,62,60,2,0,1,0,0.9677,7,低
2025-01,高雄大林,B,B級,中危害,檢點與危害告知,簽發前安全檢點,是否安全檢點,72,62,60,2,0,1,0,0.9677,7,低
2025-01,高雄大林,B,B級,中危害,檢點與危害告知,危害告知,是否危害告知,72,67,65,2,0,1,0,0.9701,7,低
2025-01,高雄大林,B,B級,中危害,危害排除與隔離,環境危害排除,是否設備管線危害物排除,72,61,58,3,1,1,0,0.9508,18,中
2025-01,高雄大林,B,B級,中危害,危害排除與隔離,隔離管制,設備管線是否加盲加鎖掛牌,72,63,60,3,1,1,0,0.9524,18,中
2025-01,高雄大林,B,B級,中危害,環境測定,氣體偵測數值,可燃性氣體%、氧氣%、一氧化碳PPM、硫化氫PPM,72,63,59,4,1,1,0,0.9365,20,中
2025-01,高雄大林,B,B級,中危害,環境測定,測定基準,可燃性氣體 < 20%LEL；氧氣>= 18%；一氧化碳<50 PPM；硫化氫<10 PPM,72,72,68,4,1,1,0,0.9444,20,中
2025-01,高雄大林,B,B級,中危害,環境測定,測定頻率,上、下午施工前測定；A級或高風險作業需重複或連續測定；每小時/每兩小時紀錄表,72,65,62,3,1,1,0,0.9538,18,中
2025-01,高雄大林,B,B級,中危害,防火防爆,消防設備,是否有消防設備,72,63,61,2,1,1,0,0.9683,16,中
2025-01,高雄大林,B,B級,中危害,防火防爆,防爆安全工具,是否使用防爆電氣設備及安全工具,72,72,68,4,1,1,0,0.9444,20,中
2025-01,高雄大林,B,B級,中危害,高處作業,防墜措施,設標準施工架、安全網、安全母索、安全帶,72,60,58,2,1,0,0,0.9667,13,低
2025-01,高雄大林,B,B級,中危害,安全保護,個人防護具,是否有防護口罩、防毒面具、SCBA、防護手套、安全眼鏡、耳塞,72,67,65,2,0,1,0,0.9701,7,低
2025-01,高雄大林,B,B級,中危害,警戒巡查,警戒標示,是否有警戒標示,72,60,58,2,0,1,0,0.9667,7,低
2025-01,高雄大林,B,B級,中危害,警戒巡查,巡查會簽,是否轄區、監造、安衛人員或工地負責人巡查會簽,72,61,59,2,0,1,0,0.9672,7,低
2025-01,高雄大林,B,B級,中危害,收工回簽,回簽收工確認,是否回簽時確認環境已整理並完成防護措施,72,66,64,2,0,1,0,0.9697,7,低
2025-01,高雄大林,B,B級,中危害,收工回簽,一般安全規定,是否遵守工安規定,72,72,70,2,0,1,0,0.9722,7,低
2025-01,高雄大林,B,B級,中危害,收工回簽,現場紀錄,是否拍照,72,65,63,2,0,1,0,0.9692,7,低
2025-01,高雄大林,C,C級,低危害,廠區,基本資料,工廠、日期、時間,57,51,50,1,0,0,0,0.9804,2,低
2025-01,高雄大林,C,C級,低危害,許可證,許可資訊,工程作業分級、申請時間、核准工作時間、工作許可證編號,57,54,53,1,0,0,0,0.9815,2,低
2025-01,高雄大林,C,C級,低危害,施工地點,場地關係人,施工部門、轄區部門、監造部門,57,56,55,1,0,0,0,0.9821,2,低
2025-01,高雄大林,C,C級,低危害,包商,承攬商與人員資格,承攬商、工作人數、車輛車號、工地負責人、安衛人員、特殊作業主管,57,55,53,2,0,1,0,0.9636,7,低
2025-01,高雄大林,C,C級,低危害,危害等級,作業等級,施工地點、工程案號、工作內容、許可工作項目、作業分級,57,52,50,2,0,1,0,0.9615,7,低
2025-01,高雄大林,C,C級,低危害,危害等級,管線設備危害物,可燃性氣體、易燃液體、有害性氣體、化學藥劑、酸鹼、熱水蒸氣、空氣、其他,57,57,56,1,0,0,0,0.9825,2,低
2025-01,高雄大林,C,C級,低危害,檢點與危害告知,簽發前安全檢點,是否安全檢點,57,47,46,1,0,0,0,0.9787,2,低
2025-01,高雄大林,C,C級,低危害,檢點與危害告知,危害告知,是否危害告知,57,55,53,2,0,1,0,0.9636,7,低
2025-01,高雄大林,C,C級,低危害,危害排除與隔離,環境危害排除,是否設備管線危害物排除,57,49,47,2,1,1,0,0.9592,16,中
2025-01,高雄大林,C,C級,低危害,危害排除與隔離,隔離管制,設備管線是否加盲加鎖掛牌,57,51,49,2,1,1,0,0.9608,16,中
2025-01,高雄大林,C,C級,低危害,環境測定,氣體偵測數值,可燃性氣體%、氧氣%、一氧化碳PPM、硫化氫PPM,57,57,55,2,1,1,0,0.9649,16,中
2025-01,高雄大林,C,C級,低危害,環境測定,測定基準,可燃性氣體 < 20%LEL；氧氣>= 18%；一氧化碳<50 PPM；硫化氫<10 PPM,57,50,48,2,1,1,0,0.96,16,中
2025-01,高雄大林,C,C級,低危害,環境測定,測定頻率,上、下午施工前測定；A級或高風險作業需重複或連續測定；每小時/每兩小時紀錄表,57,54,52,2,1,0,0,0.963,13,低
2025-01,高雄大林,C,C級,低危害,防火防爆,消防設備,是否有消防設備,57,52,50,2,1,1,0,0.9615,16,中
2025-01,高雄大林,C,C級,低危害,防火防爆,防爆安全工具,是否使用防爆電氣設備及安全工具,57,53,51,2,1,0,0,0.9623,13,低
2025-01,高雄大林,C,C級,低危害,高處作業,防墜措施,設標準施工架、安全網、安全母索、安全帶,57,50,48,2,1,1,0,0.96,16,中
2025-01,高雄大林,C,C級,低危害,安全保護,個人防護具,是否有防護口罩、防毒面具、SCBA、防護手套、安全眼鏡、耳塞,57,51,50,1,0,0,0,0.9804,2,低
2025-01,高雄大林,C,C級,低危害,警戒巡查,警戒標示,是否有警戒標示,57,51,50,1,0,0,0,0.9804,2,低
2025-01,高雄大林,C,C級,低危害,警戒巡查,巡查會簽,是否轄區、監造、安衛人員或工地負責人巡查會簽,57,49,48,1,0,0,0,0.9796,2,低
2025-01,高雄大林,C,C級,低危害,收工回簽,回簽收工確認,是否回簽時確認環境已整理並完成防護措施,57,54,53,1,0,0,0,0.9815,2,低
2025-01,高雄大林,C,C級,低危害,收工回簽,一般安全規定,是否遵守工安規定,57,52,51,1,0,0,0,0.9808,2,低
2025-01,高雄大林,C,C級,低危害,收工回簽,現場紀錄,是否拍照,57,53,51,2,0,1,0,0.9623,7,低
2025-02,高雄大林,A,A級,高危害,廠區,基本資料,工廠、日期、時間,35,32,31,1,0,0,0,0.9688,2,低
2025-02,高雄大林,A,A級,高危害,許可證,許可資訊,工程作業分級、申請時間、核准工作時間、工作許可證編號,35,31,30,1,0,0,0,0.9677,2,低
2025-02,高雄大林,A,A級,高危害,施工地點,場地關係人,施工部門、轄區部門、監造部門,35,32,31,1,0,0,0,0.9688,2,低
2025-02,高雄大林,A,A級,高危害,包商,承攬商與人員資格,承攬商、工作人數、車輛車號、工地負責人、安衛人員、特殊作業主管,35,32,31,1,0,0,0,0.9688,2,低
2025-02,高雄大林,A,A級,高危害,危害等級,作業等級,施工地點、工程案號、工作內容、許可工作項目、作業分級,35,30,28,2,0,1,0,0.9333,7,低
2025-02,高雄大林,A,A級,高危害,危害等級,管線設備危害物,可燃性氣體、易燃液體、有害性氣體、化學藥劑、酸鹼、熱水蒸氣、空氣、其他,35,33,31,2,0,1,0,0.9394,7,低
2025-02,高雄大林,A,A級,高危害,檢點與危害告知,簽發前安全檢點,是否安全檢點,35,32,31,1,0,0,0,0.9688,2,低
2025-02,高雄大林,A,A級,高危害,檢點與危害告知,危害告知,是否危害告知,35,32,30,2,0,1,0,0.9375,7,低
2025-02,高雄大林,A,A級,高危害,危害排除與隔離,環境危害排除,是否設備管線危害物排除,35,33,31,2,1,1,0,0.9394,16,中
2025-02,高雄大林,A,A級,高危害,危害排除與隔離,隔離管制,設備管線是否加盲加鎖掛牌,35,29,27,2,1,1,0,0.931,16,中
2025-02,高雄大林,A,A級,高危害,環境測定,氣體偵測數值,可燃性氣體%、氧氣%、一氧化碳PPM、硫化氫PPM,35,34,32,2,1,1,0,0.9412,16,中
2025-02,高雄大林,A,A級,高危害,環境測定,測定基準,可燃性氣體 < 20%LEL；氧氣>= 18%；一氧化碳<50 PPM；硫化氫<10 PPM,35,30,28,2,1,1,0,0.9333,16,中
2025-02,高雄大林,A,A級,高危害,環境測定,測定頻率,上、下午施工前測定；A級或高風險作業需重複或連續測定；每小時/每兩小時紀錄表,35,35,33,2,1,1,0,0.9429,16,中
2025-02,高雄大林,A,A級,高危害,防火防爆,消防設備,是否有消防設備,35,33,31,2,1,1,0,0.9394,16,中
2025-02,高雄大林,A,A級,高危害,防火防爆,防爆安全工具,是否使用防爆電氣設備及安全工具,35,29,27,2,1,1,0,0.931,16,中
2025-02,高雄大林,A,A級,高危害,高處作業,防墜措施,設標準施工架、安全網、安全母索、安全帶,35,31,29,2,1,1,0,0.9355,16,中
2025-02,高雄大林,A,A級,高危害,安全保護,個人防護具,是否有防護口罩、防毒面具、SCBA、防護手套、安全眼鏡、耳塞,35,30,29,1,0,0,0,0.9667,2,低
2025-02,高雄大林,A,A級,高危害,警戒巡查,警戒標示,是否有警戒標示,35,33,31,2,0,1,0,0.9394,7,低
2025-02,高雄大林,A,A級,高危害,警戒巡查,巡查會簽,是否轄區、監造、安衛人員或工地負責人巡查會簽,35,32,30,2,0,1,0,0.9375,7,低
2025-02,高雄大林,A,A級,高危害,收工回簽,回簽收工確認,是否回簽時確認環境已整理並完成防護措施,35,35,34,1,0,0,0,0.9714,2,低
2025-02,高雄大林,A,A級,高危害,收工回簽,一般安全規定,是否遵守工安規定,35,31,30,1,0,0,0,0.9677,2,低
2025-02,高雄大林,A,A級,高危害,收工回簽,現場紀錄,是否拍照,35,34,33,1,0,0,0,0.9706,2,低
2025-02,高雄大林,B,B級,中危害,廠區,基本資料,工廠、日期、時間,76,68,67,1,0,0,0,0.9853,2,低
2025-02,高雄大林,B,B級,中危害,許可證,許可資訊,工程作業分級、申請時間、核准工作時間、工作許可證編號,76,63,61,2,0,1,0,0.9683,7,低
2025-02,高雄大林,B,B級,中危害,施工地點,場地關係人,施工部門、轄區部門、監造部門,76,63,61,2,0,1,0,0.9683,7,低
2025-02,高雄大林,B,B級,中危害,包商,承攬商與人員資格,承攬商、工作人數、車輛車號、工地負責人、安衛人員、特殊作業主管,76,74,71,3,0,1,0,0.9595,9,低
2025-02,高雄大林,B,B級,中危害,危害等級,作業等級,施工地點、工程案號、工作內容、許可工作項目、作業分級,76,68,65,3,0,1,0,0.9559,9,低
2025-02,高雄大林,B,B級,中危害,危害等級,管線設備危害物,可燃性氣體、易燃液體、有害性氣體、化學藥劑、酸鹼、熱水蒸氣、空氣、其他,76,65,63,2,0,0,0,0.9692,4,低
2025-02,高雄大林,B,B級,中危害,檢點與危害告知,簽發前安全檢點,是否安全檢點,76,70,67,3,0,1,0,0.9571,9,低
2025-02,高雄大林,B,B級,中危害,檢點與危害告知,危害告知,是否危害告知,76,73,71,2,0,1,0,0.9726,7,低
2025-02,高雄大林,B,B級,中危害,危害排除與隔離,環境危害排除,是否設備管線危害物排除,76,69,66,3,1,1,0,0.9565,18,中
2025-02,高雄大林,B,B級,中危害,危害排除與隔離,隔離管制,設備管線是否加盲加鎖掛牌,76,64,62,2,1,1,0,0.9688,16,中
2025-02,高雄大林,B,B級,中危害,環境測定,氣體偵測數值,可燃性氣體%、氧氣%、一氧化碳PPM、硫化氫PPM,76,72,69,3,1,1,0,0.9583,18,中
2025-02,高雄大林,B,B級,中危害,環境測定,測定基準,可燃性氣體 < 20%LEL；氧氣>= 18%；一氧化碳<50 PPM；硫化氫<10 PPM,76,69,66,3,1,1,0,0.9565,18,中
2025-02,高雄大林,B,B級,中危害,環境測定,測定頻率,上、下午施工前測定；A級或高風險作業需重複或連續測定；每小時/每兩小時紀錄表,76,70,66,4,1,1,0,0.9429,20,中
2025-02,高雄大林,B,B級,中危害,防火防爆,消防設備,是否有消防設備,76,71,67,4,1,2,1,0.9437,28,中
2025-02,高雄大林,B,B級,中危害,防火防爆,防爆安全工具,是否使用防爆電氣設備及安全工具,76,69,67,2,1,1,0,0.971,16,中
2025-02,高雄大林,B,B級,中危害,高處作業,防墜措施,設標準施工架、安全網、安全母索、安全帶,76,74,71,3,1,1,0,0.9595,18,中
2025-02,高雄大林,B,B級,中危害,安全保護,個人防護具,是否有防護口罩、防毒面具、SCBA、防護手套、安全眼鏡、耳塞,76,71,68,3,1,1,0,0.9577,18,中
2025-02,高雄大林,B,B級,中危害,警戒巡查,警戒標示,是否有警戒標示,76,63,61,2,0,1,0,0.9683,7,低
2025-02,高雄大林,B,B級,中危害,警戒巡查,巡查會簽,是否轄區、監造、安衛人員或工地負責人巡查會簽,76,70,68,2,0,0,0,0.9714,4,低
2025-02,高雄大林,B,B級,中危害,收工回簽,回簽收工確認,是否回簽時確認環境已整理並完成防護措施,76,65,63,2,0,1,0,0.9692,7,低
2025-02,高雄大林,B,B級,中危害,收工回簽,一般安全規定,是否遵守工安規定,76,64,62,2,0,1,0,0.9688,7,低
2025-02,高雄大林,B,B級,中危害,收工回簽,現場紀錄,是否拍照,76,66,64,2,0,0,0,0.9697,4,低
2025-02,高雄大林,C,C級,低危害,廠區,基本資料,工廠、日期、時間,60,59,58,1,0,0,0,0.9831,2,低
2025-02,高雄大林,C,C級,低危害,許可證,許可資訊,工程作業分級、申請時間、核准工作時間、工作許可證編號,60,50,49,1,0,0,0,0.98,2,低
2025-02,高雄大林,C,C級,低危害,施工地點,場地關係人,施工部門、轄區部門、監造部門,60,51,50,1,0,0,0,0.9804,2,低
2025-02,高雄大林,C,C級,低危害,包商,承攬商與人員資格,承攬商、工作人數、車輛車號、工地負責人、安衛人員、特殊作業主管,60,53,52,1,0,0,0,0.9811,2,低
2025-02,高雄大林,C,C級,低危害,危害等級,作業等級,施工地點、工程案號、工作內容、許可工作項目、作業分級,60,55,54,1,0,0,0,0.9818,2,低
2025-02,高雄大林,C,C級,低危害,危害等級,管線設備危害物,可燃性氣體、易燃液體、有害性氣體、化學藥劑、酸鹼、熱水蒸氣、空氣、其他,60,51,49,2,0,1,0,0.9608,7,低
2025-02,高雄大林,C,C級,低危害,檢點與危害告知,簽發前安全檢點,是否安全檢點,60,54,53,1,0,0,0,0.9815,2,低
2025-02,高雄大林,C,C級,低危害,檢點與危害告知,危害告知,是否危害告知,60,53,52,1,0,0,0,0.9811,2,低
2025-02,高雄大林,C,C級,低危害,危害排除與隔離,環境危害排除,是否設備管線危害物排除,60,57,55,2,1,1,0,0.9649,16,中
2025-02,高雄大林,C,C級,低危害,危害排除與隔離,隔離管制,設備管線是否加盲加鎖掛牌,60,59,57,2,1,1,0,0.9661,16,中
2025-02,高雄大林,C,C級,低危害,環境測定,氣體偵測數值,可燃性氣體%、氧氣%、一氧化碳PPM、硫化氫PPM,60,59,57,2,1,1,0,0.9661,16,中
2025-02,高雄大林,C,C級,低危害,環境測定,測定基準,可燃性氣體 < 20%LEL；氧氣>= 18%；一氧化碳<50 PPM；硫化氫<10 PPM,60,53,51,2,1,1,0,0.9623,16,中
2025-02,高雄大林,C,C級,低危害,環境測定,測定頻率,上、下午施工前測定；A級或高風險作業需重複或連續測定；每小時/每兩小時紀錄表,60,51,49,2,1,1,0,0.9608,16,中
2025-02,高雄大林,C,C級,低危害,防火防爆,消防設備,是否有消防設備,60,55,53,2,1,0,0,0.9636,13,低
2025-02,高雄大林,C,C級,低危害,防火防爆,防爆安全工具,是否使用防爆電氣設備及安全工具,60,58,56,2,1,0,0,0.9655,13,低
2025-02,高雄大林,C,C級,低危害,高處作業,防墜措施,設標準施工架、安全網、安全母索、安全帶,60,60,58,2,1,1,0,0.9667,16,中
2025-02,高雄大林,C,C級,低危害,安全保護,個人防護具,是否有防護口罩、防毒面具、SCBA、防護手套、安全眼鏡、耳塞,60,55,53,2,0,1,0,0.9636,7,低
2025-02,高雄大林,C,C級,低危害,警戒巡查,警戒標示,是否有警戒標示,60,51,50,1,0,0,0,0.9804,2,低
2025-02,高雄大林,C,C級,低危害,警戒巡查,巡查會簽,是否轄區、監造、安衛人員或工地負責人巡查會簽,60,51,50,1,0,0,0,0.9804,2,低
2025-02,高雄大林,C,C級,低危害,收工回簽,回簽收工確認,是否回簽時確認環境已整理並完成防護措施,60,59,58,1,0,0,0,0.9831,2,低
2025-02,高雄大林,C,C級,低危害,收工回簽,一般安全規定,是否遵守工安規定,60,56,55,1,0,0,0,0.9821,2,低
2025-02,高雄大林,C,C級,低危害,收工回簽,現場紀錄,是否拍照,60,52,51,1,0,0,0,0.9808,2,低
2025-03,高雄大林,A,A級,高危害,廠區,基本資料,工廠、日期、時間,37,36,35,1,0,0,0,0.9722,2,低
2025-03,高雄大林,A,A級,高危害,許可證,許可資訊,工程作業分級、申請時間、核准工作時間、工作許可證編號,37,37,36,1,0,0,0,0.973,2,低
2025-03,高雄大林,A,A級,高危害,施工地點,場地關係人,施工部門、轄區部門、監造部門,37,34,33,1,0,0,0,0.9706,2,低
2025-03,高雄大林,A,A級,高危害,包商,承攬商與人員資格,承攬商、工作人數、車輛車號、工地負責人、安衛人員、特殊作業主管,37,31,30,1,0,0,0,0.9677,2,低
2025-03,高雄大林,A,A級,高危害,危害等級,作業等級,施工地點、工程案號、工作內容、許可工作項目、作業分級,37,32,31,1,0,0,0,0.9688,2,低
2025-03,高雄大林,A,A級,高危害,危害等級,管線設備危害物,可燃性氣體、易燃液體、有害性氣體、化學藥劑、酸鹼、熱水蒸氣、空氣、其他,37,36,35,1,0,0,0,0.9722,2,低
2025-03,高雄大林,A,A級,高危害,檢點與危害告知,簽發前安全檢點,是否安全檢點,37,34,33,1,0,0,0,0.9706,2,低
2025-03,高雄大林,A,A級,高危害,檢點與危害告知,危害告知,是否危害告知,37,32,31,1,0,0,0,0.9688,2,低
2025-03,高雄大林,A,A級,高危害,危害排除與隔離,環境危害排除,是否設備管線危害物排除,37,32,30,2,1,0,0,0.9375,13,低
2025-03,高雄大林,A,A級,高危害,危害排除與隔離,隔離管制,設備管線是否加盲加鎖掛牌,37,37,34,3,1,1,0,0.9189,18,中
2025-03,高雄大林,A,A級,高危害,環境測定,氣體偵測數值,可燃性氣體%、氧氣%、一氧化碳PPM、硫化氫PPM,37,31,29,2,1,1,0,0.9355,16,中
2025-03,高雄大林,A,A級,高危害,環境測定,測定基準,可燃性氣體 < 20%LEL；氧氣>= 18%；一氧化碳<50 PPM；硫化氫<10 PPM,37,35,32,3,1,1,0,0.9143,18,中
2025-03,高雄大林,A,A級,高危害,環境測定,測定頻率,上、下午施工前測定；A級或高風險作業需重複或連續測定；每小時/每兩小時紀錄表,37,31,29,2,1,1,0,0.9355,16,中
2025-03,高雄大林,A,A級,高危害,防火防爆,消防設備,是否有消防設備,37,36,34,2,1,1,0,0.9444,16,中
2025-03,高雄大林,A,A級,高危害,防火防爆,防爆安全工具,是否使用防爆電氣設備及安全工具,37,34,31,3,1,1,0,0.9118,18,中
2025-03,高雄大林,A,A級,高危害,高處作業,防墜措施,設標準施工架、安全網、安全母索、安全帶,37,36,34,2,1,1,0,0.9444,16,中
2025-03,高雄大林,A,A級,高危害,安全保護,個人防護具,是否有防護口罩、防毒面具、SCBA、防護手套、安全眼鏡、耳塞,37,36,34,2,0,1,0,0.9444,7,低
2025-03,高雄大林,A,A級,高危害,警戒巡查,警戒標示,是否有警戒標示,37,37,36,1,0,0,0,0.973,2,低
2025-03,高雄大林,A,A級,高危害,警戒巡查,巡查會簽,是否轄區、監造、安衛人員或工地負責人巡查會簽,37,36,34,2,0,1,0,0.9444,7,低
2025-03,高雄大林,A,A級,高危害,收工回簽,回簽收工確認,是否回簽時確認環境已整理並完成防護措施,37,33,32,1,0,1,0,0.9697,5,低
2025-03,高雄大林,A,A級,高危害,收工回簽,一般安全規定,是否遵守工安規定,37,35,34,1,0,0,0,0.9714,2,低
2025-03,高雄大林,A,A級,高危害,收工回簽,現場紀錄,是否拍照,37,31,30,1,0,0,0,0.9677,2,低
2025-03,高雄大林,B,B級,中危害,廠區,基本資料,工廠、日期、時間,76,71,69,2,0,1,0,0.9718,7,低
2025-03,高雄大林,B,B級,中危害,許可證,許可資訊,工程作業分級、申請時間、核准工作時間、工作許可證編號,76,69,67,2,0,1,0,0.971,7,低
2025-03,高雄大林,B,B級,中危害,施工地點,場地關係人,施工部門、轄區部門、監造部門,76,72,70,2,0,1,0,0.9722,7,低
2025-03,高雄大林,B,B級,中危害,包商,承攬商與人員資格,承攬商、工作人數、車輛車號、工地負責人、安衛人員、特殊作業主管,76,75,73,2,0,0,0,0.9733,4,低
2025-03,高雄大林,B,B級,中危害,危害等級,作業等級,施工地點、工程案號、工作內容、許可工作項目、作業分級,76,75,73,2,0,0,0,0.9733,4,低
2025-03,高雄大林,B,B級,中危害,危害等級,管線設備危害物,可燃性氣體、易燃液體、有害性氣體、化學藥劑、酸鹼、熱水蒸氣、空氣、其他,76,64,61,3,0,1,0,0.9531,9,低
2025-03,高雄大林,B,B級,中危害,檢點與危害告知,簽發前安全檢點,是否安全檢點,76,69,67,2,0,1,0,0.971,7,低
2025-03,高雄大林,B,B級,中危害,檢點與危害告知,危害告知,是否危害告知,76,70,67,3,0,1,0,0.9571,9,低
2025-03,高雄大林,B,B級,中危害,危害排除與隔離,環境危害排除,是否設備管線危害物排除,76,63,60,3,1,1,0,0.9524,18,中
2025-03,高雄大林,B,B級,中危害,危害排除與隔離,隔離管制,設備管線是否加盲加鎖掛牌,76,75,72,3,1,1,0,0.96,18,中
2025-03,高雄大林,B,B級,中危害,環境測定,氣體偵測數值,可燃性氣體%、氧氣%、一氧化碳PPM、硫化氫PPM,76,63,59,4,1,2,0,0.9365,23,中
2025-03,高雄大林,B,B級,中危害,環境測定,測定基準,可燃性氣體 < 20%LEL；氧氣>= 18%；一氧化碳<50 PPM；硫化氫<10 PPM,76,73,70,3,1,1,0,0.9589,18,中
2025-03,高雄大林,B,B級,中危害,環境測定,測定頻率,上、下午施工前測定；A級或高風險作業需重複或連續測定；每小時/每兩小時紀錄表,76,67,64,3,1,1,0,0.9552,18,中
2025-03,高雄大林,B,B級,中危害,防火防爆,消防設備,是否有消防設備,76,72,69,3,1,1,0,0.9583,18,中
2025-03,高雄大林,B,B級,中危害,防火防爆,防爆安全工具,是否使用防爆電氣設備及安全工具,76,69,66,3,1,1,0,0.9565,18,中
2025-03,高雄大林,B,B級,中危害,高處作業,防墜措施,設標準施工架、安全網、安全母索、安全帶,76,70,66,4,1,2,1,0.9429,28,中
2025-03,高雄大林,B,B級,中危害,安全保護,個人防護具,是否有防護口罩、防毒面具、SCBA、防護手套、安全眼鏡、耳塞,76,63,60,3,0,1,0,0.9524,9,低
2025-03,高雄大林,B,B級,中危害,警戒巡查,警戒標示,是否有警戒標示,76,73,70,3,0,2,1,0.9589,17,中
2025-03,高雄大林,B,B級,中危害,警戒巡查,巡查會簽,是否轄區、監造、安衛人員或工地負責人巡查會簽,76,76,74,2,0,1,0,0.9737,7,低
2025-03,高雄大林,B,B級,中危害,收工回簽,回簽收工確認,是否回簽時確認環境已整理並完成防護措施,76,73,70,3,0,1,0,0.9589,9,低
2025-03,高雄大林,B,B級,中危害,收工回簽,一般安全規定,是否遵守工安規定,76,70,68,2,0,1,0,0.9714,7,低
2025-03,高雄大林,B,B級,中危害,收工回簽,現場紀錄,是否拍照,76,75,73,2,0,1,0,0.9733,7,低
2025-03,高雄大林,C,C級,低危害,廠區,基本資料,工廠、日期、時間,54,45,44,1,0,1,0,0.9778,5,低
2025-03,高雄大林,C,C級,低危害,許可證,許可資訊,工程作業分級、申請時間、核准工作時間、工作許可證編號,54,44,43,1,0,0,0,0.9773,2,低
2025-03,高雄大林,C,C級,低危害,施工地點,場地關係人,施工部門、轄區部門、監造部門,54,49,48,1,0,0,0,0.9796,2,低
2025-03,高雄大林,C,C級,低危害,包商,承攬商與人員資格,承攬商、工作人數、車輛車號、工地負責人、安衛人員、特殊作業主管,54,48,47,1,0,0,0,0.9792,2,低
2025-03,高雄大林,C,C級,低危害,危害等級,作業等級,施工地點、工程案號、工作內容、許可工作項目、作業分級,54,45,43,2,0,1,0,0.9556,7,低
2025-03,高雄大林,C,C級,低危害,危害等級,管線設備危害物,可燃性氣體、易燃液體、有害性氣體、化學藥劑、酸鹼、熱水蒸氣、空氣、其他,54,46,45,1,0,0,0,0.9783,2,低
2025-03,高雄大林,C,C級,低危害,檢點與危害告知,簽發前安全檢點,是否安全檢點,54,52,50,2,0,1,0,0.9615,7,低
2025-03,高雄大林,C,C級,低危害,檢點與危害告知,危害告知,是否危害告知,54,45,44,1,0,0,0,0.9778,2,低
2025-03,高雄大林,C,C級,低危害,危害排除與隔離,環境危害排除,是否設備管線危害物排除,54,52,50,2,1,1,0,0.9615,16,中
2025-03,高雄大林,C,C級,低危害,危害排除與隔離,隔離管制,設備管線是否加盲加鎖掛牌,54,45,44,1,0,0,0,0.9778,2,低
2025-03,高雄大林,C,C級,低危害,環境測定,氣體偵測數值,可燃性氣體%、氧氣%、一氧化碳PPM、硫化氫PPM,54,51,49,2,1,1,0,0.9608,16,中
2025-03,高雄大林,C,C級,低危害,環境測定,測定基準,可燃性氣體 < 20%LEL；氧氣>= 18%；一氧化碳<50 PPM；硫化氫<10 PPM,54,53,51,2,1,1,0,0.9623,16,中
2025-03,高雄大林,C,C級,低危害,環境測定,測定頻率,上、下午施工前測定；A級或高風險作業需重複或連續測定；每小時/每兩小時紀錄表,54,50,48,2,1,1,0,0.96,16,中
2025-03,高雄大林,C,C級,低危害,防火防爆,消防設備,是否有消防設備,54,50,48,2,1,1,0,0.96,16,中
2025-03,高雄大林,C,C級,低危害,防火防爆,防爆安全工具,是否使用防爆電氣設備及安全工具,54,51,49,2,1,1,0,0.9608,16,中
2025-03,高雄大林,C,C級,低危害,高處作業,防墜措施,設標準施工架、安全網、安全母索、安全帶,54,47,46,1,0,0,0,0.9787,2,低
2025-03,高雄大林,C,C級,低危害,安全保護,個人防護具,是否有防護口罩、防毒面具、SCBA、防護手套、安全眼鏡、耳塞,54,49,47,2,0,1,0,0.9592,7,低
2025-03,高雄大林,C,C級,低危害,警戒巡查,警戒標示,是否有警戒標示,54,49,48,1,0,0,0,0.9796,2,低
2025-03,高雄大林,C,C級,低危害,警戒巡查,巡查會簽,是否轄區、監造、安衛人員或工地負責人巡查會簽,54,49,47,2,0,1,0,0.9592,7,低
2025-03,高雄大林,C,C級,低危害,收工回簽,回簽收工確認,是否回簽時確認環境已整理並完成防護措施,54,51,50,1,0,0,0,0.9804,2,低
2025-03,高雄大林,C,C級,低危害,收工回簽,一般安全規定,是否遵守工安規定,54,54,53,1,0,0,0,0.9815,2,低
2025-03,高雄大林,C,C級,低危害,收工回簽,現場紀錄,是否拍照,54,51,50,1,0,0,0,0.9804,2,低
2025-04,高雄大林,A,A級,高危害,廠區,基本資料,工廠、日期、時間,36,34,33,1,0,0,0,0.9706,2,低
2025-04,高雄大林,A,A級,高危害,許可證,許可資訊,工程作業分級、申請時間、核准工作時間、工作許可證編號,36,31,30,1,0,0,0,0.9677,2,低
2025-04,高雄大林,A,A級,高危害,施工地點,場地關係人,施工部門、轄區部門、監造部門,36,32,31,1,0,0,0,0.9688,2,低
2025-04,高雄大林,A,A級,高危害,包商,承攬商與人員資格,承攬商、工作人數、車輛車號、工地負責人、安衛人員、特殊作業主管,36,33,32,1,0,0,0,0.9697,2,低
2025-04,高雄大林,A,A級,高危害,危害等級,作業等級,施工地點、工程案號、工作內容、許可工作項目、作業分級,36,33,31,2,0,1,0,0.9394,7,低
2025-04,高雄大林,A,A級,高危害,危害等級,管線設備危害物,可燃性氣體、易燃液體、有害性氣體、化學藥劑、酸鹼、熱水蒸氣、空氣、其他,36,34,32,2,0,1,0,0.9412,7,低
2025-04,高雄大林,A,A級,高危害,檢點與危害告知,簽發前安全檢點,是否安全檢點,36,36,35,1,0,0,0,0.9722,2,低
2025-04,高雄大林,A,A級,高危害,檢點與危害告知,危害告知,是否危害告知,36,34,33,1,0,0,0,0.9706,2,低
2025-04,高雄大林,A,A級,高危害,危害排除與隔離,環境危害排除,是否設備管線危害物排除,36,34,31,3,1,1,0,0.9118,18,中
2025-04,高雄大林,A,A級,高危害,危害排除與隔離,隔離管制,設備管線是否加盲加鎖掛牌,36,33,30,3,1,1,0,0.9091,18,中
2025-04,高雄大林,A,A級,高危害,環境測定,氣體偵測數值,可燃性氣體%、氧氣%、一氧化碳PPM、硫化氫PPM,36,36,33,3,1,1,0,0.9167,18,中
2025-04,高雄大林,A,A級,高危害,環境測定,測定基準,可燃性氣體 < 20%LEL；氧氣>= 18%；一氧化碳<50 PPM；硫化氫<10 PPM,36,35,32,3,1,1,0,0.9143,18,中
2025-04,高雄大林,A,A級,高危害,環境測定,測定頻率,上、下午施工前測定；A級或高風險作業需重複或連續測定；每小時/每兩小時紀錄表,36,30,28,2,1,1,0,0.9333,16,中
2025-04,高雄大林,A,A級,高危害,防火防爆,消防設備,是否有消防設備,36,34,32,2,1,1,0,0.9412,16,中
2025-04,高雄大林,A,A級,高危害,防火防爆,防爆安全工具,是否使用防爆電氣設備及安全工具,36,36,34,2,1,1,0,0.9444,16,中
2025-04,高雄大林,A,A級,高危害,高處作業,防墜措施,設標準施工架、安全網、安全母索、安全帶,36,30,28,2,1,1,0,0.9333,16,中
2025-04,高雄大林,A,A級,高危害,安全保護,個人防護具,是否有防護口罩、防毒面具、SCBA、防護手套、安全眼鏡、耳塞,36,34,33,1,0,0,0,0.9706,2,低
2025-04,高雄大林,A,A級,高危害,警戒巡查,警戒標示,是否有警戒標示,36,34,33,1,0,0,0,0.9706,2,低
2025-04,高雄大林,A,A級,高危害,警戒巡查,巡查會簽,是否轄區、監造、安衛人員或工地負責人巡查會簽,36,31,30,1,0,0,0,0.9677,2,低
2025-04,高雄大林,A,A級,高危害,收工回簽,回簽收工確認,是否回簽時確認環境已整理並完成防護措施,36,31,30,1,0,0,0,0.9677,2,低
2025-04,高雄大林,A,A級,高危害,收工回簽,一般安全規定,是否遵守工安規定,36,35,34,1,0,0,0,0.9714,2,低
2025-04,高雄大林,A,A級,高危害,收工回簽,現場紀錄,是否拍照,36,36,35,1,0,0,0,0.9722,2,低
2025-04,高雄大林,B,B級,中危害,廠區,基本資料,工廠、日期、時間,79,76,74,2,0,1,0,0.9737,7,低
2025-04,高雄大林,B,B級,中危害,許可證,許可資訊,工程作業分級、申請時間、核准工作時間、工作許可證編號,79,65,64,1,0,1,0,0.9846,5,低
2025-04,高雄大林,B,B級,中危害,施工地點,場地關係人,施工部門、轄區部門、監造部門,79,74,72,2,0,0,0,0.973,4,低
2025-04,高雄大林,B,B級,中危害,包商,承攬商與人員資格,承攬商、工作人數、車輛車號、工地負責人、安衛人員、特殊作業主管,79,68,66,2,0,1,0,0.9706,7,低
2025-04,高雄大林,B,B級,中危害,危害等級,作業等級,施工地點、工程案號、工作內容、許可工作項目、作業分級,79,79,76,3,1,1,0,0.962,18,中
2025-04,高雄大林,B,B級,中危害,危害等級,管線設備危害物,可燃性氣體、易燃液體、有害性氣體、化學藥劑、酸鹼、熱水蒸氣、空氣、其他,79,68,65,3,0,1,0,0.9559,9,低
2025-04,高雄大林,B,B級,中危害,檢點與危害告知,簽發前安全檢點,是否安全檢點,79,67,65,2,0,1,0,0.9701,7,低
2025-04,高雄大林,B,B級,中危害,檢點與危害告知,危害告知,是否危害告知,79,78,76,2,0,1,0,0.9744,7,低
2025-04,高雄大林,B,B級,中危害,危害排除與隔離,環境危害排除,是否設備管線危害物排除,79,78,75,3,1,1,0,0.9615,18,中
2025-04,高雄大林,B,B級,中危害,危害排除與隔離,隔離管制,設備管線是否加盲加鎖掛牌,79,68,64,4,1,1,0,0.9412,20,中
2025-04,高雄大林,B,B級,中危害,環境測定,氣體偵測數值,可燃性氣體%、氧氣%、一氧化碳PPM、硫化氫PPM,79,75,72,3,1,1,0,0.96,18,中
2025-04,高雄大林,B,B級,中危害,環境測定,測定基準,可燃性氣體 < 20%LEL；氧氣>= 18%；一氧化碳<50 PPM；硫化氫<10 PPM,79,76,72,4,1,1,0,0.9474,20,中
2025-04,高雄大林,B,B級,中危害,環境測定,測定頻率,上、下午施工前測定；A級或高風險作業需重複或連續測定；每小時/每兩小時紀錄表,79,72,68,4,1,1,0,0.9444,20,中
2025-04,高雄大林,B,B級,中危害,防火防爆,消防設備,是否有消防設備,79,73,69,4,1,1,0,0.9452,20,中
2025-04,高雄大林,B,B級,中危害,防火防爆,防爆安全工具,是否使用防爆電氣設備及安全工具,79,67,64,3,1,1,0,0.9552,18,中
2025-04,高雄大林,B,B級,中危害,高處作業,防墜措施,設標準施工架、安全網、安全母索、安全帶,79,70,67,3,1,1,0,0.9571,18,中
2025-04,高雄大林,B,B級,中危害,安全保護,個人防護具,是否有防護口罩、防毒面具、SCBA、防護手套、安全眼鏡、耳塞,79,73,71,2,0,1,0,0.9726,7,低
2025-04,高雄大林,B,B級,中危害,警戒巡查,警戒標示,是否有警戒標示,79,68,66,2,0,0,0,0.9706,4,低
2025-04,高雄大林,B,B級,中危害,警戒巡查,巡查會簽,是否轄區、監造、安衛人員或工地負責人巡查會簽,79,75,72,3,0,1,0,0.96,9,低
2025-04,高雄大林,B,B級,中危害,收工回簽,回簽收工確認,是否回簽時確認環境已整理並完成防護措施,79,68,66,2,0,1,0,0.9706,7,低
2025-04,高雄大林,B,B級,中危害,收工回簽,一般安全規定,是否遵守工安規定,79,67,65,2,0,1,0,0.9701,7,低
2025-04,高雄大林,B,B級,中危害,收工回簽,現場紀錄,是否拍照,79,77,74,3,0,1,0,0.961,9,低
2025-04,高雄大林,C,C級,低危害,廠區,基本資料,工廠、日期、時間,55,49,48,1,0,0,0,0.9796,2,低
2025-04,高雄大林,C,C級,低危害,許可證,許可資訊,工程作業分級、申請時間、核准工作時間、工作許可證編號,55,54,53,1,0,0,0,0.9815,2,低
2025-04,高雄大林,C,C級,低危害,施工地點,場地關係人,施工部門、轄區部門、監造部門,55,54,53,1,0,0,0,0.9815,2,低
2025-04,高雄大林,C,C級,低危害,包商,承攬商與人員資格,承攬商、工作人數、車輛車號、工地負責人、安衛人員、特殊作業主管,55,51,49,2,0,1,0,0.9608,7,低
2025-04,高雄大林,C,C級,低危害,危害等級,作業等級,施工地點、工程案號、工作內容、許可工作項目、作業分級,55,49,48,1,0,0,0,0.9796,2,低
2025-04,高雄大林,C,C級,低危害,危害等級,管線設備危害物,可燃性氣體、易燃液體、有害性氣體、化學藥劑、酸鹼、熱水蒸氣、空氣、其他,55,54,52,2,0,1,0,0.963,7,低
2025-04,高雄大林,C,C級,低危害,檢點與危害告知,簽發前安全檢點,是否安全檢點,55,51,50,1,0,0,0,0.9804,2,低
2025-04,高雄大林,C,C級,低危害,檢點與危害告知,危害告知,是否危害告知,55,51,50,1,0,0,0,0.9804,2,低
2025-04,高雄大林,C,C級,低危害,危害排除與隔離,環境危害排除,是否設備管線危害物排除,55,49,48,1,0,0,0,0.9796,2,低
2025-04,高雄大林,C,C級,低危害,危害排除與隔離,隔離管制,設備管線是否加盲加鎖掛牌,55,46,44,2,1,1,0,0.9565,16,中
2025-04,高雄大林,C,C級,低危害,環境測定,氣體偵測數值,可燃性氣體%、氧氣%、一氧化碳PPM、硫化氫PPM,55,47,45,2,1,1,0,0.9574,16,中
2025-04,高雄大林,C,C級,低危害,環境測定,測定基準,可燃性氣體 < 20%LEL；氧氣>= 18%；一氧化碳<50 PPM；硫化氫<10 PPM,55,46,44,2,1,1,0,0.9565,16,中
2025-04,高雄大林,C,C級,低危害,環境測定,測定頻率,上、下午施工前測定；A級或高風險作業需重複或連續測定；每小時/每兩小時紀錄表,55,51,49,2,1,1,0,0.9608,16,中
2025-04,高雄大林,C,C級,低危害,防火防爆,消防設備,是否有消防設備,55,49,47,2,1,1,0,0.9592,16,中
2025-04,高雄大林,C,C級,低危害,防火防爆,防爆安全工具,是否使用防爆電氣設備及安全工具,55,47,46,1,0,0,0,0.9787,2,低
2025-04,高雄大林,C,C級,低危害,高處作業,防墜措施,設標準施工架、安全網、安全母索、安全帶,55,50,48,2,1,1,0,0.96,16,中
2025-04,高雄大林,C,C級,低危害,安全保護,個人防護具,是否有防護口罩、防毒面具、SCBA、防護手套、安全眼鏡、耳塞,55,51,50,1,0,0,0,0.9804,2,低
2025-04,高雄大林,C,C級,低危害,警戒巡查,警戒標示,是否有警戒標示,55,53,52,1,0,0,0,0.9811,2,低
2025-04,高雄大林,C,C級,低危害,警戒巡查,巡查會簽,是否轄區、監造、安衛人員或工地負責人巡查會簽,55,54,53,1,0,0,0,0.9815,2,低
2025-04,高雄大林,C,C級,低危害,收工回簽,回簽收工確認,是否回簽時確認環境已整理並完成防護措施,55,50,49,1,0,0,0,0.98,2,低
2025-04,高雄大林,C,C級,低危害,收工回簽,一般安全規定,是否遵守工安規定,55,49,48,1,0,0,0,0.9796,2,低
2025-04,高雄大林,C,C級,低危害,收工回簽,現場紀錄,是否拍照,55,50,49,1,0,0,0,0.98,2,低
2025-05,高雄大林,A,A級,高危害,廠區,基本資料,工廠、日期、時間,33,28,27,1,0,0,0,0.9643,2,低
2025-05,高雄大林,A,A級,高危害,許可證,許可資訊,工程作業分級、申請時間、核准工作時間、工作許可證編號,33,30,29,1,0,0,0,0.9667,2,低
2025-05,高雄大林,A,A級,高危害,施工地點,場地關係人,施工部門、轄區部門、監造部門,33,30,29,1,0,0,0,0.9667,2,低
2025-05,高雄大林,A,A級,高危害,包商,承攬商與人員資格,承攬商、工作人數、車輛車號、工地負責人、安衛人員、特殊作業主管,33,32,31,1,0,0,0,0.9688,2,低
2025-05,高雄大林,A,A級,高危害,危害等級,作業等級,施工地點、工程案號、工作內容、許可工作項目、作業分級,33,33,31,2,0,1,0,0.9394,7,低
2025-05,高雄大林,A,A級,高危害,危害等級,管線設備危害物,可燃性氣體、易燃液體、有害性氣體、化學藥劑、酸鹼、熱水蒸氣、空氣、其他,33,30,29,1,0,0,0,0.9667,2,低
2025-05,高雄大林,A,A級,高危害,檢點與危害告知,簽發前安全檢點,是否安全檢點,33,30,29,1,0,0,0,0.9667,2,低
2025-05,高雄大林,A,A級,高危害,檢點與危害告知,危害告知,是否危害告知,33,30,29,1,0,0,0,0.9667,2,低
2025-05,高雄大林,A,A級,高危害,危害排除與隔離,環境危害排除,是否設備管線危害物排除,33,29,27,2,1,1,0,0.931,16,中
2025-05,高雄大林,A,A級,高危害,危害排除與隔離,隔離管制,設備管線是否加盲加鎖掛牌,33,32,30,2,1,1,0,0.9375,16,中
2025-05,高雄大林,A,A級,高危害,環境測定,氣體偵測數值,可燃性氣體%、氧氣%、一氧化碳PPM、硫化氫PPM,33,29,27,2,1,1,0,0.931,16,中
2025-05,高雄大林,A,A級,高危害,環境測定,測定基準,可燃性氣體 < 20%LEL；氧氣>= 18%；一氧化碳<50 PPM；硫化氫<10 PPM,33,28,26,2,1,1,0,0.9286,16,中
2025-05,高雄大林,A,A級,高危害,環境測定,測定頻率,上、下午施工前測定；A級或高風險作業需重複或連續測定；每小時/每兩小時紀錄表,33,29,27,2,1,1,0,0.931,16,中
2025-05,高雄大林,A,A級,高危害,防火防爆,消防設備,是否有消防設備,33,29,27,2,1,1,0,0.931,16,中
2025-05,高雄大林,A,A級,高危害,防火防爆,防爆安全工具,是否使用防爆電氣設備及安全工具,33,33,30,3,1,1,0,0.9091,18,中
2025-05,高雄大林,A,A級,高危害,高處作業,防墜措施,設標準施工架、安全網、安全母索、安全帶,33,29,28,1,0,0,0,0.9655,2,低
2025-05,高雄大林,A,A級,高危害,安全保護,個人防護具,是否有防護口罩、防毒面具、SCBA、防護手套、安全眼鏡、耳塞,33,29,28,1,0,0,0,0.9655,2,低
2025-05,高雄大林,A,A級,高危害,警戒巡查,警戒標示,是否有警戒標示,33,30,29,1,0,0,0,0.9667,2,低
2025-05,高雄大林,A,A級,高危害,警戒巡查,巡查會簽,是否轄區、監造、安衛人員或工地負責人巡查會簽,33,28,27,1,0,0,0,0.9643,2,低
2025-05,高雄大林,A,A級,高危害,收工回簽,回簽收工確認,是否回簽時確認環境已整理並完成防護措施,33,28,27,1,0,0,0,0.9643,2,低
2025-05,高雄大林,A,A級,高危害,收工回簽,一般安全規定,是否遵守工安規定,33,31,30,1,0,0,0,0.9677,2,低
2025-05,高雄大林,A,A級,高危害,收工回簽,現場紀錄,是否拍照,33,32,31,1,0,0,0,0.9688,2,低
2025-05,高雄大林,B,B級,中危害,廠區,基本資料,工廠、日期、時間,76,66,65,1,0,0,0,0.9848,2,低
2025-05,高雄大林,B,B級,中危害,許可證,許可資訊,工程作業分級、申請時間、核准工作時間、工作許可證編號,76,66,64,2,0,0,0,0.9697,4,低
2025-05,高雄大林,B,B級,中危害,施工地點,場地關係人,施工部門、轄區部門、監造部門,76,64,62,2,0,1,0,0.9688,7,低
2025-05,高雄大林,B,B級,中危害,包商,承攬商與人員資格,承攬商、工作人數、車輛車號、工地負責人、安衛人員、特殊作業主管,76,70,67,3,1,1,0,0.9571,18,中
2025-05,高雄大林,B,B級,中危害,危害等級,作業等級,施工地點、工程案號、工作內容、許可工作項目、作業分級,76,63,61,2,0,1,0,0.9683,7,低
2025-05,高雄大林,B,B級,中危害,危害等級,管線設備危害物,可燃性氣體、易燃液體、有害性氣體、化學藥劑、酸鹼、熱水蒸氣、空氣、其他,76,66,64,2,0,1,0,0.9697,7,低
2025-05,高雄大林,B,B級,中危害,檢點與危害告知,簽發前安全檢點,是否安全檢點,76,69,67,2,0,1,0,0.971,7,低
2025-05,高雄大林,B,B級,中危害,檢點與危害告知,危害告知,是否危害告知,76,67,65,2,0,0,0,0.9701,4,低
2025-05,高雄大林,B,B級,中危害,危害排除與隔離,環境危害排除,是否設備管線危害物排除,76,70,67,3,1,1,0,0.9571,18,中
2025-05,高雄大林,B,B級,中危害,危害排除與隔離,隔離管制,設備管線是否加盲加鎖掛牌,76,71,68,3,1,1,0,0.9577,18,中
2025-05,高雄大林,B,B級,中危害,環境測定,氣體偵測數值,可燃性氣體%、氧氣%、一氧化碳PPM、硫化氫PPM,76,62,60,2,1,1,0,0.9677,16,中
2025-05,高雄大林,B,B級,中危害,環境測定,測定基準,可燃性氣體 < 20%LEL；氧氣>= 18%；一氧化碳<50 PPM；硫化氫<10 PPM,76,65,61,4,1,2,1,0.9385,28,中
2025-05,高雄大林,B,B級,中危害,環境測定,測定頻率,上、下午施工前測定；A級或高風險作業需重複或連續測定；每小時/每兩小時紀錄表,76,65,62,3,1,1,0,0.9538,18,中
2025-05,高雄大林,B,B級,中危害,防火防爆,消防設備,是否有消防設備,76,71,68,3,1,1,0,0.9577,18,中
2025-05,高雄大林,B,B級,中危害,防火防爆,防爆安全工具,是否使用防爆電氣設備及安全工具,76,63,60,3,1,1,0,0.9524,18,中
2025-05,高雄大林,B,B級,中危害,高處作業,防墜措施,設標準施工架、安全網、安全母索、安全帶,76,65,62,3,1,1,0,0.9538,18,中
2025-05,高雄大林,B,B級,中危害,安全保護,個人防護具,是否有防護口罩、防毒面具、SCBA、防護手套、安全眼鏡、耳塞,76,62,60,2,0,1,0,0.9677,7,低
2025-05,高雄大林,B,B級,中危害,警戒巡查,警戒標示,是否有警戒標示,76,65,63,2,0,1,0,0.9692,7,低
2025-05,高雄大林,B,B級,中危害,警戒巡查,巡查會簽,是否轄區、監造、安衛人員或工地負責人巡查會簽,76,71,69,2,0,1,0,0.9718,7,低
2025-05,高雄大林,B,B級,中危害,收工回簽,回簽收工確認,是否回簽時確認環境已整理並完成防護措施,76,67,65,2,0,1,0,0.9701,7,低
2025-05,高雄大林,B,B級,中危害,收工回簽,一般安全規定,是否遵守工安規定,76,65,63,2,0,1,0,0.9692,7,低
2025-05,高雄大林,B,B級,中危害,收工回簽,現場紀錄,是否拍照,76,72,69,3,0,1,0,0.9583,9,低
2025-05,高雄大林,C,C級,低危害,廠區,基本資料,工廠、日期、時間,59,51,50,1,0,1,0,0.9804,5,低
2025-05,高雄大林,C,C級,低危害,許可證,許可資訊,工程作業分級、申請時間、核准工作時間、工作許可證編號,59,54,53,1,0,0,0,0.9815,2,低
2025-05,高雄大林,C,C級,低危害,施工地點,場地關係人,施工部門、轄區部門、監造部門,59,50,49,1,0,0,0,0.98,2,低
2025-05,高雄大林,C,C級,低危害,包商,承攬商與人員資格,承攬商、工作人數、車輛車號、工地負責人、安衛人員、特殊作業主管,59,54,53,1,0,0,0,0.9815,2,低
2025-05,高雄大林,C,C級,低危害,危害等級,作業等級,施工地點、工程案號、工作內容、許可工作項目、作業分級,59,56,55,1,0,0,0,0.9821,2,低
2025-05,高雄大林,C,C級,低危害,危害等級,管線設備危害物,可燃性氣體、易燃液體、有害性氣體、化學藥劑、酸鹼、熱水蒸氣、空氣、其他,59,52,50,2,0,1,0,0.9615,7,低
2025-05,高雄大林,C,C級,低危害,檢點與危害告知,簽發前安全檢點,是否安全檢點,59,57,55,2,0,1,0,0.9649,7,低
2025-05,高雄大林,C,C級,低危害,檢點與危害告知,危害告知,是否危害告知,59,56,55,1,0,0,0,0.9821,2,低
2025-05,高雄大林,C,C級,低危害,危害排除與隔離,環境危害排除,是否設備管線危害物排除,59,57,55,2,1,1,0,0.9649,16,中
2025-05,高雄大林,C,C級,低危害,危害排除與隔離,隔離管制,設備管線是否加盲加鎖掛牌,59,51,49,2,1,0,0,0.9608,13,低
2025-05,高雄大林,C,C級,低危害,環境測定,氣體偵測數值,可燃性氣體%、氧氣%、一氧化碳PPM、硫化氫PPM,59,59,57,2,1,1,0,0.9661,16,中
2025-05,高雄大林,C,C級,低危害,環境測定,測定基準,可燃性氣體 < 20%LEL；氧氣>= 18%；一氧化碳<50 PPM；硫化氫<10 PPM,59,56,54,2,1,1,0,0.9643,16,中
2025-05,高雄大林,C,C級,低危害,環境測定,測定頻率,上、下午施工前測定；A級或高風險作業需重複或連續測定；每小時/每兩小時紀錄表,59,59,56,3,1,1,0,0.9492,18,中
2025-05,高雄大林,C,C級,低危害,防火防爆,消防設備,是否有消防設備,59,58,56,2,1,1,0,0.9655,16,中
2025-05,高雄大林,C,C級,低危害,防火防爆,防爆安全工具,是否使用防爆電氣設備及安全工具,59,51,49,2,1,1,0,0.9608,16,中
2025-05,高雄大林,C,C級,低危害,高處作業,防墜措施,設標準施工架、安全網、安全母索、安全帶,59,54,52,2,1,1,0,0.963,16,中
2025-05,高雄大林,C,C級,低危害,安全保護,個人防護具,是否有防護口罩、防毒面具、SCBA、防護手套、安全眼鏡、耳塞,59,56,54,2,0,1,0,0.9643,7,低
2025-05,高雄大林,C,C級,低危害,警戒巡查,警戒標示,是否有警戒標示,59,53,52,1,0,0,0,0.9811,2,低
2025-05,高雄大林,C,C級,低危害,警戒巡查,巡查會簽,是否轄區、監造、安衛人員或工地負責人巡查會簽,59,57,55,2,0,0,0,0.9649,4,低
2025-05,高雄大林,C,C級,低危害,收工回簽,回簽收工確認,是否回簽時確認環境已整理並完成防護措施,59,50,49,1,0,0,0,0.98,2,低
2025-05,高雄大林,C,C級,低危害,收工回簽,一般安全規定,是否遵守工安規定,59,49,48,1,0,1,0,0.9796,5,低
2025-05,高雄大林,C,C級,低危害,收工回簽,現場紀錄,是否拍照,59,50,49,1,0,0,0,0.98,2,低
2025-06,高雄大林,A,A級,高危害,廠區,基本資料,工廠、日期、時間,33,29,28,1,0,0,0,0.9655,2,低
2025-06,高雄大林,A,A級,高危害,許可證,許可資訊,工程作業分級、申請時間、核准工作時間、工作許可證編號,33,30,29,1,0,0,0,0.9667,2,低
2025-06,高雄大林,A,A級,高危害,施工地點,場地關係人,施工部門、轄區部門、監造部門,33,31,30,1,0,0,0,0.9677,2,低
2025-06,高雄大林,A,A級,高危害,包商,承攬商與人員資格,承攬商、工作人數、車輛車號、工地負責人、安衛人員、特殊作業主管,33,29,28,1,0,0,0,0.9655,2,低
2025-06,高雄大林,A,A級,高危害,危害等級,作業等級,施工地點、工程案號、工作內容、許可工作項目、作業分級,33,32,30,2,0,0,0,0.9375,4,低
2025-06,高雄大林,A,A級,高危害,危害等級,管線設備危害物,可燃性氣體、易燃液體、有害性氣體、化學藥劑、酸鹼、熱水蒸氣、空氣、其他,33,28,27,1,0,0,0,0.9643,2,低
2025-06,高雄大林,A,A級,高危害,檢點與危害告知,簽發前安全檢點,是否安全檢點,33,27,26,1,0,1,0,0.963,5,低
2025-06,高雄大林,A,A級,高危害,檢點與危害告知,危害告知,是否危害告知,33,28,27,1,0,0,0,0.9643,2,低
2025-06,高雄大林,A,A級,高危害,危害排除與隔離,環境危害排除,是否設備管線危害物排除,33,32,30,2,1,0,0,0.9375,13,低
2025-06,高雄大林,A,A級,高危害,危害排除與隔離,隔離管制,設備管線是否加盲加鎖掛牌,33,28,26,2,1,1,0,0.9286,16,中
2025-06,高雄大林,A,A級,高危害,環境測定,氣體偵測數值,可燃性氣體%、氧氣%、一氧化碳PPM、硫化氫PPM,33,30,28,2,1,1,0,0.9333,16,中
2025-06,高雄大林,A,A級,高危害,環境測定,測定基準,可燃性氣體 < 20%LEL；氧氣>= 18%；一氧化碳<50 PPM；硫化氫<10 PPM,33,31,29,2,1,0,0,0.9355,13,低
2025-06,高雄大林,A,A級,高危害,環境測定,測定頻率,上、下午施工前測定；A級或高風險作業需重複或連續測定；每小時/每兩小時紀錄表,33,31,29,2,1,1,0,0.9355,16,中
2025-06,高雄大林,A,A級,高危害,防火防爆,消防設備,是否有消防設備,33,30,28,2,1,1,0,0.9333,16,中
2025-06,高雄大林,A,A級,高危害,防火防爆,防爆安全工具,是否使用防爆電氣設備及安全工具,33,30,28,2,1,1,0,0.9333,16,中
2025-06,高雄大林,A,A級,高危害,高處作業,防墜措施,設標準施工架、安全網、安全母索、安全帶,33,27,26,1,0,0,0,0.963,2,低
2025-06,高雄大林,A,A級,高危害,安全保護,個人防護具,是否有防護口罩、防毒面具、SCBA、防護手套、安全眼鏡、耳塞,33,30,28,2,0,1,0,0.9333,7,低
2025-06,高雄大林,A,A級,高危害,警戒巡查,警戒標示,是否有警戒標示,33,28,27,1,0,0,0,0.9643,2,低
2025-06,高雄大林,A,A級,高危害,警戒巡查,巡查會簽,是否轄區、監造、安衛人員或工地負責人巡查會簽,33,30,28,2,0,0,0,0.9333,4,低
2025-06,高雄大林,A,A級,高危害,收工回簽,回簽收工確認,是否回簽時確認環境已整理並完成防護措施,33,29,28,1,0,0,0,0.9655,2,低
2025-06,高雄大林,A,A級,高危害,收工回簽,一般安全規定,是否遵守工安規定,33,28,27,1,0,0,0,0.9643,2,低
2025-06,高雄大林,A,A級,高危害,收工回簽,現場紀錄,是否拍照,33,28,27,1,0,0,0,0.9643,2,低
2025-06,高雄大林,B,B級,中危害,廠區,基本資料,工廠、日期、時間,67,64,63,1,0,0,0,0.9844,2,低
2025-06,高雄大林,B,B級,中危害,許可證,許可資訊,工程作業分級、申請時間、核准工作時間、工作許可證編號,67,58,56,2,0,1,0,0.9655,7,低
2025-06,高雄大林,B,B級,中危害,施工地點,場地關係人,施工部門、轄區部門、監造部門,67,56,54,2,0,1,0,0.9643,7,低
2025-06,高雄大林,B,B級,中危害,包商,承攬商與人員資格,承攬商、工作人數、車輛車號、工地負責人、安衛人員、特殊作業主管,67,59,57,2,0,1,0,0.9661,7,低
2025-06,高雄大林,B,B級,中危害,危害等級,作業等級,施工地點、工程案號、工作內容、許可工作項目、作業分級,67,65,63,2,0,1,0,0.9692,7,低
2025-06,高雄大林,B,B級,中危害,危害等級,管線設備危害物,可燃性氣體、易燃液體、有害性氣體、化學藥劑、酸鹼、熱水蒸氣、空氣、其他,67,59,57,2,0,1,0,0.9661,7,低
2025-06,高雄大林,B,B級,中危害,檢點與危害告知,簽發前安全檢點,是否安全檢點,67,65,63,2,0,1,0,0.9692,7,低
2025-06,高雄大林,B,B級,中危害,檢點與危害告知,危害告知,是否危害告知,67,66,64,2,0,1,0,0.9697,7,低
2025-06,高雄大林,B,B級,中危害,危害排除與隔離,環境危害排除,是否設備管線危害物排除,67,55,53,2,1,1,0,0.9636,16,中
2025-06,高雄大林,B,B級,中危害,危害排除與隔離,隔離管制,設備管線是否加盲加鎖掛牌,67,55,53,2,1,1,0,0.9636,16,中
2025-06,高雄大林,B,B級,中危害,環境測定,氣體偵測數值,可燃性氣體%、氧氣%、一氧化碳PPM、硫化氫PPM,67,57,54,3,1,1,0,0.9474,18,中
2025-06,高雄大林,B,B級,中危害,環境測定,測定基準,可燃性氣體 < 20%LEL；氧氣>= 18%；一氧化碳<50 PPM；硫化氫<10 PPM,67,55,53,2,1,0,0,0.9636,13,低
2025-06,高雄大林,B,B級,中危害,環境測定,測定頻率,上、下午施工前測定；A級或高風險作業需重複或連續測定；每小時/每兩小時紀錄表,67,67,64,3,1,1,0,0.9552,18,中
2025-06,高雄大林,B,B級,中危害,防火防爆,消防設備,是否有消防設備,67,63,59,4,1,1,0,0.9365,20,中
2025-06,高雄大林,B,B級,中危害,防火防爆,防爆安全工具,是否使用防爆電氣設備及安全工具,67,57,54,3,1,1,0,0.9474,18,中
2025-06,高雄大林,B,B級,中危害,高處作業,防墜措施,設標準施工架、安全網、安全母索、安全帶,67,63,61,2,1,1,0,0.9683,16,中
2025-06,高雄大林,B,B級,中危害,安全保護,個人防護具,是否有防護口罩、防毒面具、SCBA、防護手套、安全眼鏡、耳塞,67,56,54,2,0,1,0,0.9643,7,低
2025-06,高雄大林,B,B級,中危害,警戒巡查,警戒標示,是否有警戒標示,67,56,54,2,0,1,0,0.9643,7,低
2025-06,高雄大林,B,B級,中危害,警戒巡查,巡查會簽,是否轄區、監造、安衛人員或工地負責人巡查會簽,67,66,63,3,0,1,0,0.9545,9,低
2025-06,高雄大林,B,B級,中危害,收工回簽,回簽收工確認,是否回簽時確認環境已整理並完成防護措施,67,58,56,2,0,1,0,0.9655,7,低
2025-06,高雄大林,B,B級,中危害,收工回簽,一般安全規定,是否遵守工安規定,67,65,63,2,0,1,0,0.9692,7,低
2025-06,高雄大林,B,B級,中危害,收工回簽,現場紀錄,是否拍照,67,63,61,2,0,1,0,0.9683,7,低
2025-06,高雄大林,C,C級,低危害,廠區,基本資料,工廠、日期、時間,53,45,44,1,0,0,0,0.9778,2,低
2025-06,高雄大林,C,C級,低危害,許可證,許可資訊,工程作業分級、申請時間、核准工作時間、工作許可證編號,53,50,49,1,0,0,0,0.98,2,低
2025-06,高雄大林,C,C級,低危害,施工地點,場地關係人,施工部門、轄區部門、監造部門,53,49,48,1,0,0,0,0.9796,2,低
2025-06,高雄大林,C,C級,低危害,包商,承攬商與人員資格,承攬商、工作人數、車輛車號、工地負責人、安衛人員、特殊作業主管,53,49,48,1,0,0,0,0.9796,2,低
2025-06,高雄大林,C,C級,低危害,危害等級,作業等級,施工地點、工程案號、工作內容、許可工作項目、作業分級,53,48,47,1,0,0,0,0.9792,2,低
2025-06,高雄大林,C,C級,低危害,危害等級,管線設備危害物,可燃性氣體、易燃液體、有害性氣體、化學藥劑、酸鹼、熱水蒸氣、空氣、其他,53,44,43,1,0,0,0,0.9773,2,低
2025-06,高雄大林,C,C級,低危害,檢點與危害告知,簽發前安全檢點,是否安全檢點,53,51,49,2,0,1,0,0.9608,7,低
2025-06,高雄大林,C,C級,低危害,檢點與危害告知,危害告知,是否危害告知,53,53,52,1,0,0,0,0.9811,2,低
2025-06,高雄大林,C,C級,低危害,危害排除與隔離,環境危害排除,是否設備管線危害物排除,53,50,48,2,1,1,0,0.96,16,中
2025-06,高雄大林,C,C級,低危害,危害排除與隔離,隔離管制,設備管線是否加盲加鎖掛牌,53,44,42,2,1,1,0,0.9545,16,中
2025-06,高雄大林,C,C級,低危害,環境測定,氣體偵測數值,可燃性氣體%、氧氣%、一氧化碳PPM、硫化氫PPM,53,47,45,2,1,0,0,0.9574,13,低
2025-06,高雄大林,C,C級,低危害,環境測定,測定基準,可燃性氣體 < 20%LEL；氧氣>= 18%；一氧化碳<50 PPM；硫化氫<10 PPM,53,46,44,2,1,0,0,0.9565,13,低
2025-06,高雄大林,C,C級,低危害,環境測定,測定頻率,上、下午施工前測定；A級或高風險作業需重複或連續測定；每小時/每兩小時紀錄表,53,45,44,1,0,1,0,0.9778,5,低
2025-06,高雄大林,C,C級,低危害,防火防爆,消防設備,是否有消防設備,53,51,50,1,0,0,0,0.9804,2,低
2025-06,高雄大林,C,C級,低危害,防火防爆,防爆安全工具,是否使用防爆電氣設備及安全工具,53,46,44,2,1,1,0,0.9565,16,中
2025-06,高雄大林,C,C級,低危害,高處作業,防墜措施,設標準施工架、安全網、安全母索、安全帶,53,49,47,2,1,1,0,0.9592,16,中
2025-06,高雄大林,C,C級,低危害,安全保護,個人防護具,是否有防護口罩、防毒面具、SCBA、防護手套、安全眼鏡、耳塞,53,52,50,2,0,1,0,0.9615,7,低
2025-06,高雄大林,C,C級,低危害,警戒巡查,警戒標示,是否有警戒標示,53,48,47,1,0,1,0,0.9792,5,低
2025-06,高雄大林,C,C級,低危害,警戒巡查,巡查會簽,是否轄區、監造、安衛人員或工地負責人巡查會簽,53,45,44,1,0,0,0,0.9778,2,低
2025-06,高雄大林,C,C級,低危害,收工回簽,回簽收工確認,是否回簽時確認環境已整理並完成防護措施,53,45,44,1,0,0,0,0.9778,2,低
2025-06,高雄大林,C,C級,低危害,收工回簽,一般安全規定,是否遵守工安規定,53,47,46,1,0,0,0,0.9787,2,低
2025-06,高雄大林,C,C級,低危害,收工回簽,現場紀錄,是否拍照,53,48,47,1,0,0,0,0.9792,2,低
2025-07,高雄大林,A,A級,高危害,廠區,基本資料,工廠、日期、時間,29,25,24,1,0,0,0,0.96,2,低
2025-07,高雄大林,A,A級,高危害,許可證,許可資訊,工程作業分級、申請時間、核准工作時間、工作許可證編號,29,27,26,1,0,1,0,0.963,5,低
2025-07,高雄大林,A,A級,高危害,施工地點,場地關係人,施工部門、轄區部門、監造部門,29,28,27,1,0,0,0,0.9643,2,低
2025-07,高雄大林,A,A級,高危害,包商,承攬商與人員資格,承攬商、工作人數、車輛車號、工地負責人、安衛人員、特殊作業主管,29,26,25,1,0,1,0,0.9615,5,低
2025-07,高雄大林,A,A級,高危害,危害等級,作業等級,施工地點、工程案號、工作內容、許可工作項目、作業分級,29,25,24,1,0,0,0,0.96,2,低
2025-07,高雄大林,A,A級,高危害,危害等級,管線設備危害物,可燃性氣體、易燃液體、有害性氣體、化學藥劑、酸鹼、熱水蒸氣、空氣、其他,29,24,23,1,0,0,0,0.9583,2,低
2025-07,高雄大林,A,A級,高危害,檢點與危害告知,簽發前安全檢點,是否安全檢點,29,26,25,1,0,0,0,0.9615,2,低
2025-07,高雄大林,A,A級,高危害,檢點與危害告知,危害告知,是否危害告知,29,26,25,1,0,0,0,0.9615,2,低
2025-07,高雄大林,A,A級,高危害,危害排除與隔離,環境危害排除,是否設備管線危害物排除,29,26,24,2,1,1,0,0.9231,16,中
2025-07,高雄大林,A,A級,高危害,危害排除與隔離,隔離管制,設備管線是否加盲加鎖掛牌,29,27,25,2,1,1,0,0.9259,16,中
2025-07,高雄大林,A,A級,高危害,環境測定,氣體偵測數值,可燃性氣體%、氧氣%、一氧化碳PPM、硫化氫PPM,29,28,26,2,1,1,0,0.9286,16,中
2025-07,高雄大林,A,A級,高危害,環境測定,測定基準,可燃性氣體 < 20%LEL；氧氣>= 18%；一氧化碳<50 PPM；硫化氫<10 PPM,29,29,27,2,1,1,0,0.931,16,中
2025-07,高雄大林,A,A級,高危害,環境測定,測定頻率,上、下午施工前測定；A級或高風險作業需重複或連續測定；每小時/每兩小時紀錄表,29,27,25,2,1,1,0,0.9259,16,中
2025-07,高雄大林,A,A級,高危害,防火防爆,消防設備,是否有消防設備,29,25,23,2,1,0,0,0.92,13,低
2025-07,高雄大林,A,A級,高危害,防火防爆,防爆安全工具,是否使用防爆電氣設備及安全工具,29,27,25,2,1,1,0,0.9259,16,中
2025-07,高雄大林,A,A級,高危害,高處作業,防墜措施,設標準施工架、安全網、安全母索、安全帶,29,27,26,1,0,0,0,0.963,2,低
2025-07,高雄大林,A,A級,高危害,安全保護,個人防護具,是否有防護口罩、防毒面具、SCBA、防護手套、安全眼鏡、耳塞,29,25,24,1,0,0,0,0.96,2,低
2025-07,高雄大林,A,A級,高危害,警戒巡查,警戒標示,是否有警戒標示,29,28,27,1,0,0,0,0.9643,2,低
2025-07,高雄大林,A,A級,高危害,警戒巡查,巡查會簽,是否轄區、監造、安衛人員或工地負責人巡查會簽,29,28,27,1,0,0,0,0.9643,2,低
2025-07,高雄大林,A,A級,高危害,收工回簽,回簽收工確認,是否回簽時確認環境已整理並完成防護措施,29,27,26,1,0,0,0,0.963,2,低
2025-07,高雄大林,A,A級,高危害,收工回簽,一般安全規定,是否遵守工安規定,29,26,25,1,0,0,0,0.9615,2,低
2025-07,高雄大林,A,A級,高危害,收工回簽,現場紀錄,是否拍照,29,28,27,1,0,0,0,0.9643,2,低
2025-07,高雄大林,B,B級,中危害,廠區,基本資料,工廠、日期、時間,63,54,53,1,0,0,0,0.9815,2,低
2025-07,高雄大林,B,B級,中危害,許可證,許可資訊,工程作業分級、申請時間、核准工作時間、工作許可證編號,63,55,54,1,0,0,0,0.9818,2,低
2025-07,高雄大林,B,B級,中危害,施工地點,場地關係人,施工部門、轄區部門、監造部門,63,61,59,2,0,1,0,0.9672,7,低
2025-07,高雄大林,B,B級,中危害,包商,承攬商與人員資格,承攬商、工作人數、車輛車號、工地負責人、安衛人員、特殊作業主管,63,63,61,2,0,1,0,0.9683,7,低
2025-07,高雄大林,B,B級,中危害,危害等級,作業等級,施工地點、工程案號、工作內容、許可工作項目、作業分級,63,62,60,2,0,1,0,0.9677,7,低
2025-07,高雄大林,B,B級,中危害,危害等級,管線設備危害物,可燃性氣體、易燃液體、有害性氣體、化學藥劑、酸鹼、熱水蒸氣、空氣、其他,63,52,50,2,0,1,0,0.9615,7,低
2025-07,高雄大林,B,B級,中危害,檢點與危害告知,簽發前安全檢點,是否安全檢點,63,54,52,2,0,0,0,0.963,4,低
2025-07,高雄大林,B,B級,中危害,檢點與危害告知,危害告知,是否危害告知,63,54,52,2,0,1,0,0.963,7,低
2025-07,高雄大林,B,B級,中危害,危害排除與隔離,環境危害排除,是否設備管線危害物排除,63,60,58,2,1,1,0,0.9667,16,中
2025-07,高雄大林,B,B級,中危害,危害排除與隔離,隔離管制,設備管線是否加盲加鎖掛牌,63,58,55,3,1,1,0,0.9483,18,中
2025-07,高雄大林,B,B級,中危害,環境測定,氣體偵測數值,可燃性氣體%、氧氣%、一氧化碳PPM、硫化氫PPM,63,56,53,3,1,1,0,0.9464,18,中
2025-07,高雄大林,B,B級,中危害,環境測定,測定基準,可燃性氣體 < 20%LEL；氧氣>= 18%；一氧化碳<50 PPM；硫化氫<10 PPM,63,56,53,3,1,1,0,0.9464,18,中
2025-07,高雄大林,B,B級,中危害,環境測定,測定頻率,上、下午施工前測定；A級或高風險作業需重複或連續測定；每小時/每兩小時紀錄表,63,52,50,2,1,1,0,0.9615,16,中
2025-07,高雄大林,B,B級,中危害,防火防爆,消防設備,是否有消防設備,63,63,60,3,1,1,0,0.9524,18,中
2025-07,高雄大林,B,B級,中危害,防火防爆,防爆安全工具,是否使用防爆電氣設備及安全工具,63,54,51,3,1,1,0,0.9444,18,中
2025-07,高雄大林,B,B級,中危害,高處作業,防墜措施,設標準施工架、安全網、安全母索、安全帶,63,62,60,2,1,1,0,0.9677,16,中
2025-07,高雄大林,B,B級,中危害,安全保護,個人防護具,是否有防護口罩、防毒面具、SCBA、防護手套、安全眼鏡、耳塞,63,57,55,2,0,1,0,0.9649,7,低
2025-07,高雄大林,B,B級,中危害,警戒巡查,警戒標示,是否有警戒標示,63,55,53,2,0,1,0,0.9636,7,低
2025-07,高雄大林,B,B級,中危害,警戒巡查,巡查會簽,是否轄區、監造、安衛人員或工地負責人巡查會簽,63,57,55,2,0,0,0,0.9649,4,低
2025-07,高雄大林,B,B級,中危害,收工回簽,回簽收工確認,是否回簽時確認環境已整理並完成防護措施,63,63,61,2,0,1,0,0.9683,7,低
2025-07,高雄大林,B,B級,中危害,收工回簽,一般安全規定,是否遵守工安規定,63,56,54,2,0,1,0,0.9643,7,低
2025-07,高雄大林,B,B級,中危害,收工回簽,現場紀錄,是否拍照,63,53,51,2,0,1,0,0.9623,7,低
2025-07,高雄大林,C,C級,低危害,廠區,基本資料,工廠、日期、時間,53,48,47,1,0,0,0,0.9792,2,低
2025-07,高雄大林,C,C級,低危害,許可證,許可資訊,工程作業分級、申請時間、核准工作時間、工作許可證編號,53,46,45,1,0,0,0,0.9783,2,低
2025-07,高雄大林,C,C級,低危害,施工地點,場地關係人,施工部門、轄區部門、監造部門,53,53,52,1,0,0,0,0.9811,2,低
2025-07,高雄大林,C,C級,低危害,包商,承攬商與人員資格,承攬商、工作人數、車輛車號、工地負責人、安衛人員、特殊作業主管,53,52,51,1,0,0,0,0.9808,2,低
2025-07,高雄大林,C,C級,低危害,危害等級,作業等級,施工地點、工程案號、工作內容、許可工作項目、作業分級,53,53,52,1,0,0,0,0.9811,2,低
2025-07,高雄大林,C,C級,低危害,危害等級,管線設備危害物,可燃性氣體、易燃液體、有害性氣體、化學藥劑、酸鹼、熱水蒸氣、空氣、其他,53,47,46,1,0,0,0,0.9787,2,低
2025-07,高雄大林,C,C級,低危害,檢點與危害告知,簽發前安全檢點,是否安全檢點,53,48,47,1,0,0,0,0.9792,2,低
2025-07,高雄大林,C,C級,低危害,檢點與危害告知,危害告知,是否危害告知,53,44,43,1,0,0,0,0.9773,2,低
2025-07,高雄大林,C,C級,低危害,危害排除與隔離,環境危害排除,是否設備管線危害物排除,53,45,43,2,1,1,0,0.9556,16,中
2025-07,高雄大林,C,C級,低危害,危害排除與隔離,隔離管制,設備管線是否加盲加鎖掛牌,53,50,48,2,1,1,0,0.96,16,中
2025-07,高雄大林,C,C級,低危害,環境測定,氣體偵測數值,可燃性氣體%、氧氣%、一氧化碳PPM、硫化氫PPM,53,51,49,2,1,1,0,0.9608,16,中
2025-07,高雄大林,C,C級,低危害,環境測定,測定基準,可燃性氣體 < 20%LEL；氧氣>= 18%；一氧化碳<50 PPM；硫化氫<10 PPM,53,50,48,2,1,1,0,0.96,16,中
2025-07,高雄大林,C,C級,低危害,環境測定,測定頻率,上、下午施工前測定；A級或高風險作業需重複或連續測定；每小時/每兩小時紀錄表,53,50,48,2,1,1,0,0.96,16,中
2025-07,高雄大林,C,C級,低危害,防火防爆,消防設備,是否有消防設備,53,47,45,2,1,1,0,0.9574,16,中
2025-07,高雄大林,C,C級,低危害,防火防爆,防爆安全工具,是否使用防爆電氣設備及安全工具,53,44,42,2,1,0,0,0.9545,13,低
2025-07,高雄大林,C,C級,低危害,高處作業,防墜措施,設標準施工架、安全網、安全母索、安全帶,53,46,45,1,0,0,0,0.9783,2,低
2025-07,高雄大林,C,C級,低危害,安全保護,個人防護具,是否有防護口罩、防毒面具、SCBA、防護手套、安全眼鏡、耳塞,53,47,45,2,0,1,0,0.9574,7,低
2025-07,高雄大林,C,C級,低危害,警戒巡查,警戒標示,是否有警戒標示,53,45,44,1,0,0,0,0.9778,2,低
2025-07,高雄大林,C,C級,低危害,警戒巡查,巡查會簽,是否轄區、監造、安衛人員或工地負責人巡查會簽,53,52,51,1,0,0,0,0.9808,2,低
2025-07,高雄大林,C,C級,低危害,收工回簽,回簽收工確認,是否回簽時確認環境已整理並完成防護措施,53,45,44,1,0,0,0,0.9778,2,低
2025-07,高雄大林,C,C級,低危害,收工回簽,一般安全規定,是否遵守工安規定,53,47,46,1,0,0,0,0.9787,2,低
2025-07,高雄大林,C,C級,低危害,收工回簽,現場紀錄,是否拍照,53,49,48,1,0,0,0,0.9796,2,低
2025-08,高雄大林,A,A級,高危害,廠區,基本資料,工廠、日期、時間,30,25,24,1,0,0,0,0.96,2,低
2025-08,高雄大林,A,A級,高危害,許可證,許可資訊,工程作業分級、申請時間、核准工作時間、工作許可證編號,30,26,25,1,0,0,0,0.9615,2,低
2025-08,高雄大林,A,A級,高危害,施工地點,場地關係人,施工部門、轄區部門、監造部門,30,26,25,1,0,0,0,0.9615,2,低
2025-08,高雄大林,A,A級,高危害,包商,承攬商與人員資格,承攬商、工作人數、車輛車號、工地負責人、安衛人員、特殊作業主管,30,26,25,1,0,0,0,0.9615,2,低
2025-08,高雄大林,A,A級,高危害,危害等級,作業等級,施工地點、工程案號、工作內容、許可工作項目、作業分級,30,29,28,1,0,0,0,0.9655,2,低
2025-08,高雄大林,A,A級,高危害,危害等級,管線設備危害物,可燃性氣體、易燃液體、有害性氣體、化學藥劑、酸鹼、熱水蒸氣、空氣、其他,30,26,25,1,0,0,0,0.9615,2,低
2025-08,高雄大林,A,A級,高危害,檢點與危害告知,簽發前安全檢點,是否安全檢點,30,26,25,1,0,0,0,0.9615,2,低
2025-08,高雄大林,A,A級,高危害,檢點與危害告知,危害告知,是否危害告知,30,28,27,1,0,0,0,0.9643,2,低
2025-08,高雄大林,A,A級,高危害,危害排除與隔離,環境危害排除,是否設備管線危害物排除,30,27,25,2,1,1,0,0.9259,16,中
2025-08,高雄大林,A,A級,高危害,危害排除與隔離,隔離管制,設備管線是否加盲加鎖掛牌,30,28,26,2,1,1,0,0.9286,16,中
2025-08,高雄大林,A,A級,高危害,環境測定,氣體偵測數值,可燃性氣體%、氧氣%、一氧化碳PPM、硫化氫PPM,30,28,26,2,1,1,0,0.9286,16,中
2025-08,高雄大林,A,A級,高危害,環境測定,測定基準,可燃性氣體 < 20%LEL；氧氣>= 18%；一氧化碳<50 PPM；硫化氫<10 PPM,30,30,28,2,1,1,0,0.9333,16,中
2025-08,高雄大林,A,A級,高危害,環境測定,測定頻率,上、下午施工前測定；A級或高風險作業需重複或連續測定；每小時/每兩小時紀錄表,30,28,26,2,1,1,0,0.9286,16,中
2025-08,高雄大林,A,A級,高危害,防火防爆,消防設備,是否有消防設備,30,26,24,2,1,1,0,0.9231,16,中
2025-08,高雄大林,A,A級,高危害,防火防爆,防爆安全工具,是否使用防爆電氣設備及安全工具,30,27,25,2,1,0,0,0.9259,13,低
2025-08,高雄大林,A,A級,高危害,高處作業,防墜措施,設標準施工架、安全網、安全母索、安全帶,30,30,28,2,1,1,0,0.9333,16,中
2025-08,高雄大林,A,A級,高危害,安全保護,個人防護具,是否有防護口罩、防毒面具、SCBA、防護手套、安全眼鏡、耳塞,30,29,28,1,0,1,0,0.9655,5,低
2025-08,高雄大林,A,A級,高危害,警戒巡查,警戒標示,是否有警戒標示,30,27,26,1,0,0,0,0.963,2,低
2025-08,高雄大林,A,A級,高危害,警戒巡查,巡查會簽,是否轄區、監造、安衛人員或工地負責人巡查會簽,30,28,27,1,0,0,0,0.9643,2,低
2025-08,高雄大林,A,A級,高危害,收工回簽,回簽收工確認,是否回簽時確認環境已整理並完成防護措施,30,26,25,1,0,0,0,0.9615,2,低
2025-08,高雄大林,A,A級,高危害,收工回簽,一般安全規定,是否遵守工安規定,30,28,27,1,0,0,0,0.9643,2,低
2025-08,高雄大林,A,A級,高危害,收工回簽,現場紀錄,是否拍照,30,28,27,1,0,0,0,0.9643,2,低
2025-08,高雄大林,B,B級,中危害,廠區,基本資料,工廠、日期、時間,66,57,56,1,0,0,0,0.9825,2,低
2025-08,高雄大林,B,B級,中危害,許可證,許可資訊,工程作業分級、申請時間、核准工作時間、工作許可證編號,66,59,57,2,0,1,0,0.9661,7,低
2025-08,高雄大林,B,B級,中危害,施工地點,場地關係人,施工部門、轄區部門、監造部門,66,58,57,1,0,0,0,0.9828,2,低
2025-08,高雄大林,B,B級,中危害,包商,承攬商與人員資格,承攬商、工作人數、車輛車號、工地負責人、安衛人員、特殊作業主管,66,60,58,2,0,1,0,0.9667,7,低
2025-08,高雄大林,B,B級,中危害,危害等級,作業等級,施工地點、工程案號、工作內容、許可工作項目、作業分級,66,57,55,2,0,1,0,0.9649,7,低
2025-08,高雄大林,B,B級,中危害,危害等級,管線設備危害物,可燃性氣體、易燃液體、有害性氣體、化學藥劑、酸鹼、熱水蒸氣、空氣、其他,66,54,52,2,0,1,0,0.963,7,低
2025-08,高雄大林,B,B級,中危害,檢點與危害告知,簽發前安全檢點,是否安全檢點,66,65,63,2,0,0,0,0.9692,4,低
2025-08,高雄大林,B,B級,中危害,檢點與危害告知,危害告知,是否危害告知,66,62,60,2,0,1,0,0.9677,7,低
2025-08,高雄大林,B,B級,中危害,危害排除與隔離,環境危害排除,是否設備管線危害物排除,66,64,61,3,1,1,0,0.9531,18,中
2025-08,高雄大林,B,B級,中危害,危害排除與隔離,隔離管制,設備管線是否加盲加鎖掛牌,66,62,59,3,1,1,0,0.9516,18,中
2025-08,高雄大林,B,B級,中危害,環境測定,氣體偵測數值,可燃性氣體%、氧氣%、一氧化碳PPM、硫化氫PPM,66,66,62,4,1,2,1,0.9394,28,中
2025-08,高雄大林,B,B級,中危害,環境測定,測定基準,可燃性氣體 < 20%LEL；氧氣>= 18%；一氧化碳<50 PPM；硫化氫<10 PPM,66,64,61,3,1,1,0,0.9531,18,中
2025-08,高雄大林,B,B級,中危害,環境測定,測定頻率,上、下午施工前測定；A級或高風險作業需重複或連續測定；每小時/每兩小時紀錄表,66,66,63,3,1,1,0,0.9545,18,中
2025-08,高雄大林,B,B級,中危害,防火防爆,消防設備,是否有消防設備,66,56,54,2,1,1,0,0.9643,16,中
2025-08,高雄大林,B,B級,中危害,防火防爆,防爆安全工具,是否使用防爆電氣設備及安全工具,66,66,62,4,1,2,1,0.9394,28,中
2025-08,高雄大林,B,B級,中危害,高處作業,防墜措施,設標準施工架、安全網、安全母索、安全帶,66,64,61,3,1,1,0,0.9531,18,中
2025-08,高雄大林,B,B級,中危害,安全保護,個人防護具,是否有防護口罩、防毒面具、SCBA、防護手套、安全眼鏡、耳塞,66,62,60,2,0,1,0,0.9677,7,低
2025-08,高雄大林,B,B級,中危害,警戒巡查,警戒標示,是否有警戒標示,66,61,59,2,0,1,0,0.9672,7,低
2025-08,高雄大林,B,B級,中危害,警戒巡查,巡查會簽,是否轄區、監造、安衛人員或工地負責人巡查會簽,66,57,55,2,0,1,0,0.9649,7,低
2025-08,高雄大林,B,B級,中危害,收工回簽,回簽收工確認,是否回簽時確認環境已整理並完成防護措施,66,64,62,2,0,0,0,0.9688,4,低
2025-08,高雄大林,B,B級,中危害,收工回簽,一般安全規定,是否遵守工安規定,66,66,64,2,0,0,0,0.9697,4,低
2025-08,高雄大林,B,B級,中危害,收工回簽,現場紀錄,是否拍照,66,57,55,2,0,1,0,0.9649,7,低
2025-08,高雄大林,C,C級,低危害,廠區,基本資料,工廠、日期、時間,45,43,42,1,0,0,0,0.9767,2,低
2025-08,高雄大林,C,C級,低危害,許可證,許可資訊,工程作業分級、申請時間、核准工作時間、工作許可證編號,45,37,36,1,0,0,0,0.973,2,低
2025-08,高雄大林,C,C級,低危害,施工地點,場地關係人,施工部門、轄區部門、監造部門,45,42,41,1,0,0,0,0.9762,2,低
2025-08,高雄大林,C,C級,低危害,包商,承攬商與人員資格,承攬商、工作人數、車輛車號、工地負責人、安衛人員、特殊作業主管,45,44,43,1,0,0,0,0.9773,2,低
2025-08,高雄大林,C,C級,低危害,危害等級,作業等級,施工地點、工程案號、工作內容、許可工作項目、作業分級,45,44,43,1,0,0,0,0.9773,2,低
2025-08,高雄大林,C,C級,低危害,危害等級,管線設備危害物,可燃性氣體、易燃液體、有害性氣體、化學藥劑、酸鹼、熱水蒸氣、空氣、其他,45,43,42,1,0,0,0,0.9767,2,低
2025-08,高雄大林,C,C級,低危害,檢點與危害告知,簽發前安全檢點,是否安全檢點,45,42,41,1,0,0,0,0.9762,2,低
2025-08,高雄大林,C,C級,低危害,檢點與危害告知,危害告知,是否危害告知,45,40,39,1,0,0,0,0.975,2,低
2025-08,高雄大林,C,C級,低危害,危害排除與隔離,環境危害排除,是否設備管線危害物排除,45,44,43,1,0,0,0,0.9773,2,低
2025-08,高雄大林,C,C級,低危害,危害排除與隔離,隔離管制,設備管線是否加盲加鎖掛牌,45,44,42,2,1,1,0,0.9545,16,中
2025-08,高雄大林,C,C級,低危害,環境測定,氣體偵測數值,可燃性氣體%、氧氣%、一氧化碳PPM、硫化氫PPM,45,45,43,2,1,1,0,0.9556,16,中
2025-08,高雄大林,C,C級,低危害,環境測定,測定基準,可燃性氣體 < 20%LEL；氧氣>= 18%；一氧化碳<50 PPM；硫化氫<10 PPM,45,41,39,2,1,1,0,0.9512,16,中
2025-08,高雄大林,C,C級,低危害,環境測定,測定頻率,上、下午施工前測定；A級或高風險作業需重複或連續測定；每小時/每兩小時紀錄表,45,42,40,2,1,1,0,0.9524,16,中
2025-08,高雄大林,C,C級,低危害,防火防爆,消防設備,是否有消防設備,45,39,38,1,0,1,0,0.9744,5,低
2025-08,高雄大林,C,C級,低危害,防火防爆,防爆安全工具,是否使用防爆電氣設備及安全工具,45,39,38,1,0,0,0,0.9744,2,低
2025-08,高雄大林,C,C級,低危害,高處作業,防墜措施,設標準施工架、安全網、安全母索、安全帶,45,37,36,1,0,0,0,0.973,2,低
2025-08,高雄大林,C,C級,低危害,安全保護,個人防護具,是否有防護口罩、防毒面具、SCBA、防護手套、安全眼鏡、耳塞,45,43,42,1,0,0,0,0.9767,2,低
2025-08,高雄大林,C,C級,低危害,警戒巡查,警戒標示,是否有警戒標示,45,45,44,1,0,0,0,0.9778,2,低
2025-08,高雄大林,C,C級,低危害,警戒巡查,巡查會簽,是否轄區、監造、安衛人員或工地負責人巡查會簽,45,41,40,1,0,0,0,0.9756,2,低
2025-08,高雄大林,C,C級,低危害,收工回簽,回簽收工確認,是否回簽時確認環境已整理並完成防護措施,45,43,42,1,0,0,0,0.9767,2,低
2025-08,高雄大林,C,C級,低危害,收工回簽,一般安全規定,是否遵守工安規定,45,39,38,1,0,0,0,0.9744,2,低
2025-08,高雄大林,C,C級,低危害,收工回簽,現場紀錄,是否拍照,45,40,39,1,0,0,0,0.975,2,低
2025-09,高雄大林,A,A級,高危害,廠區,基本資料,工廠、日期、時間,34,30,29,1,0,0,0,0.9667,2,低
2025-09,高雄大林,A,A級,高危害,許可證,許可資訊,工程作業分級、申請時間、核准工作時間、工作許可證編號,34,28,27,1,0,0,0,0.9643,2,低
2025-09,高雄大林,A,A級,高危害,施工地點,場地關係人,施工部門、轄區部門、監造部門,34,33,32,1,0,0,0,0.9697,2,低
2025-09,高雄大林,A,A級,高危害,包商,承攬商與人員資格,承攬商、工作人數、車輛車號、工地負責人、安衛人員、特殊作業主管,34,34,32,2,0,1,0,0.9412,7,低
2025-09,高雄大林,A,A級,高危害,危害等級,作業等級,施工地點、工程案號、工作內容、許可工作項目、作業分級,34,31,30,1,0,0,0,0.9677,2,低
2025-09,高雄大林,A,A級,高危害,危害等級,管線設備危害物,可燃性氣體、易燃液體、有害性氣體、化學藥劑、酸鹼、熱水蒸氣、空氣、其他,34,33,31,2,0,1,0,0.9394,7,低
2025-09,高雄大林,A,A級,高危害,檢點與危害告知,簽發前安全檢點,是否安全檢點,34,29,28,1,0,0,0,0.9655,2,低
2025-09,高雄大林,A,A級,高危害,檢點與危害告知,危害告知,是否危害告知,34,30,29,1,0,0,0,0.9667,2,低
2025-09,高雄大林,A,A級,高危害,危害排除與隔離,環境危害排除,是否設備管線危害物排除,34,30,28,2,1,1,0,0.9333,16,中
2025-09,高雄大林,A,A級,高危害,危害排除與隔離,隔離管制,設備管線是否加盲加鎖掛牌,34,31,29,2,1,1,0,0.9355,16,中
2025-09,高雄大林,A,A級,高危害,環境測定,氣體偵測數值,可燃性氣體%、氧氣%、一氧化碳PPM、硫化氫PPM,34,34,31,3,1,1,0,0.9118,18,中
2025-09,高雄大林,A,A級,高危害,環境測定,測定基準,可燃性氣體 < 20%LEL；氧氣>= 18%；一氧化碳<50 PPM；硫化氫<10 PPM,34,34,32,2,1,1,0,0.9412,16,中
2025-09,高雄大林,A,A級,高危害,環境測定,測定頻率,上、下午施工前測定；A級或高風險作業需重複或連續測定；每小時/每兩小時紀錄表,34,28,26,2,1,1,0,0.9286,16,中
2025-09,高雄大林,A,A級,高危害,防火防爆,消防設備,是否有消防設備,34,30,28,2,1,0,0,0.9333,13,低
2025-09,高雄大林,A,A級,高危害,防火防爆,防爆安全工具,是否使用防爆電氣設備及安全工具,34,28,26,2,1,1,0,0.9286,16,中
2025-09,高雄大林,A,A級,高危害,高處作業,防墜措施,設標準施工架、安全網、安全母索、安全帶,34,28,26,2,1,1,0,0.9286,16,中
2025-09,高雄大林,A,A級,高危害,安全保護,個人防護具,是否有防護口罩、防毒面具、SCBA、防護手套、安全眼鏡、耳塞,34,31,29,2,0,1,0,0.9355,7,低
2025-09,高雄大林,A,A級,高危害,警戒巡查,警戒標示,是否有警戒標示,34,31,30,1,0,0,0,0.9677,2,低
2025-09,高雄大林,A,A級,高危害,警戒巡查,巡查會簽,是否轄區、監造、安衛人員或工地負責人巡查會簽,34,32,31,1,0,0,0,0.9688,2,低
2025-09,高雄大林,A,A級,高危害,收工回簽,回簽收工確認,是否回簽時確認環境已整理並完成防護措施,34,30,29,1,0,1,0,0.9667,5,低
2025-09,高雄大林,A,A級,高危害,收工回簽,一般安全規定,是否遵守工安規定,34,32,31,1,0,0,0,0.9688,2,低
2025-09,高雄大林,A,A級,高危害,收工回簽,現場紀錄,是否拍照,34,34,33,1,0,0,0,0.9706,2,低
2025-09,高雄大林,B,B級,中危害,廠區,基本資料,工廠、日期、時間,62,61,60,1,0,0,0,0.9836,2,低
2025-09,高雄大林,B,B級,中危害,許可證,許可資訊,工程作業分級、申請時間、核准工作時間、工作許可證編號,62,58,57,1,0,0,0,0.9828,2,低
2025-09,高雄大林,B,B級,中危害,施工地點,場地關係人,施工部門、轄區部門、監造部門,62,51,49,2,0,1,0,0.9608,7,低
2025-09,高雄大林,B,B級,中危害,包商,承攬商與人員資格,承攬商、工作人數、車輛車號、工地負責人、安衛人員、特殊作業主管,62,59,56,3,0,1,0,0.9492,9,低
2025-09,高雄大林,B,B級,中危害,危害等級,作業等級,施工地點、工程案號、工作內容、許可工作項目、作業分級,62,56,54,2,0,1,0,0.9643,7,低
2025-09,高雄大林,B,B級,中危害,危害等級,管線設備危害物,可燃性氣體、易燃液體、有害性氣體、化學藥劑、酸鹼、熱水蒸氣、空氣、其他,62,56,54,2,0,1,0,0.9643,7,低
2025-09,高雄大林,B,B級,中危害,檢點與危害告知,簽發前安全檢點,是否安全檢點,62,51,49,2,0,1,0,0.9608,7,低
2025-09,高雄大林,B,B級,中危害,檢點與危害告知,危害告知,是否危害告知,62,51,50,1,0,0,0,0.9804,2,低
2025-09,高雄大林,B,B級,中危害,危害排除與隔離,環境危害排除,是否設備管線危害物排除,62,59,56,3,1,1,0,0.9492,18,中
2025-09,高雄大林,B,B級,中危害,危害排除與隔離,隔離管制,設備管線是否加盲加鎖掛牌,62,53,51,2,1,1,0,0.9623,16,中
2025-09,高雄大林,B,B級,中危害,環境測定,氣體偵測數值,可燃性氣體%、氧氣%、一氧化碳PPM、硫化氫PPM,62,54,51,3,1,1,0,0.9444,18,中
2025-09,高雄大林,B,B級,中危害,環境測定,測定基準,可燃性氣體 < 20%LEL；氧氣>= 18%；一氧化碳<50 PPM；硫化氫<10 PPM,62,62,59,3,1,1,0,0.9516,18,中
2025-09,高雄大林,B,B級,中危害,環境測定,測定頻率,上、下午施工前測定；A級或高風險作業需重複或連續測定；每小時/每兩小時紀錄表,62,62,59,3,1,1,0,0.9516,18,中
2025-09,高雄大林,B,B級,中危害,防火防爆,消防設備,是否有消防設備,62,54,52,2,1,1,0,0.963,16,中
2025-09,高雄大林,B,B級,中危害,防火防爆,防爆安全工具,是否使用防爆電氣設備及安全工具,62,61,58,3,1,1,0,0.9508,18,中
2025-09,高雄大林,B,B級,中危害,高處作業,防墜措施,設標準施工架、安全網、安全母索、安全帶,62,59,56,3,1,1,0,0.9492,18,中
2025-09,高雄大林,B,B級,中危害,安全保護,個人防護具,是否有防護口罩、防毒面具、SCBA、防護手套、安全眼鏡、耳塞,62,51,49,2,0,1,0,0.9608,7,低
2025-09,高雄大林,B,B級,中危害,警戒巡查,警戒標示,是否有警戒標示,62,57,55,2,0,1,0,0.9649,7,低
2025-09,高雄大林,B,B級,中危害,警戒巡查,巡查會簽,是否轄區、監造、安衛人員或工地負責人巡查會簽,62,61,59,2,0,1,0,0.9672,7,低
2025-09,高雄大林,B,B級,中危害,收工回簽,回簽收工確認,是否回簽時確認環境已整理並完成防護措施,62,60,58,2,0,1,0,0.9667,7,低
2025-09,高雄大林,B,B級,中危害,收工回簽,一般安全規定,是否遵守工安規定,62,56,55,1,0,0,0,0.9821,2,低
2025-09,高雄大林,B,B級,中危害,收工回簽,現場紀錄,是否拍照,62,57,55,2,0,1,0,0.9649,7,低
2025-09,高雄大林,C,C級,低危害,廠區,基本資料,工廠、日期、時間,46,46,45,1,0,0,0,0.9783,2,低
2025-09,高雄大林,C,C級,低危害,許可證,許可資訊,工程作業分級、申請時間、核准工作時間、工作許可證編號,46,41,40,1,0,1,0,0.9756,5,低
2025-09,高雄大林,C,C級,低危害,施工地點,場地關係人,施工部門、轄區部門、監造部門,46,42,41,1,0,1,0,0.9762,5,低
2025-09,高雄大林,C,C級,低危害,包商,承攬商與人員資格,承攬商、工作人數、車輛車號、工地負責人、安衛人員、特殊作業主管,46,42,41,1,0,0,0,0.9762,2,低
2025-09,高雄大林,C,C級,低危害,危害等級,作業等級,施工地點、工程案號、工作內容、許可工作項目、作業分級,46,45,44,1,0,0,0,0.9778,2,低
2025-09,高雄大林,C,C級,低危害,危害等級,管線設備危害物,可燃性氣體、易燃液體、有害性氣體、化學藥劑、酸鹼、熱水蒸氣、空氣、其他,46,40,39,1,0,0,0,0.975,2,低
2025-09,高雄大林,C,C級,低危害,檢點與危害告知,簽發前安全檢點,是否安全檢點,46,42,41,1,0,0,0,0.9762,2,低
2025-09,高雄大林,C,C級,低危害,檢點與危害告知,危害告知,是否危害告知,46,42,41,1,0,0,0,0.9762,2,低
2025-09,高雄大林,C,C級,低危害,危害排除與隔離,環境危害排除,是否設備管線危害物排除,46,43,42,1,0,0,0,0.9767,2,低
2025-09,高雄大林,C,C級,低危害,危害排除與隔離,隔離管制,設備管線是否加盲加鎖掛牌,46,45,43,2,1,1,0,0.9556,16,中
2025-09,高雄大林,C,C級,低危害,環境測定,氣體偵測數值,可燃性氣體%、氧氣%、一氧化碳PPM、硫化氫PPM,46,43,42,1,0,0,0,0.9767,2,低
2025-09,高雄大林,C,C級,低危害,環境測定,測定基準,可燃性氣體 < 20%LEL；氧氣>= 18%；一氧化碳<50 PPM；硫化氫<10 PPM,46,44,43,1,0,0,0,0.9773,2,低
2025-09,高雄大林,C,C級,低危害,環境測定,測定頻率,上、下午施工前測定；A級或高風險作業需重複或連續測定；每小時/每兩小時紀錄表,46,40,39,1,0,0,0,0.975,2,低
2025-09,高雄大林,C,C級,低危害,防火防爆,消防設備,是否有消防設備,46,44,42,2,1,1,0,0.9545,16,中
2025-09,高雄大林,C,C級,低危害,防火防爆,防爆安全工具,是否使用防爆電氣設備及安全工具,46,38,37,1,0,1,0,0.9737,5,低
2025-09,高雄大林,C,C級,低危害,高處作業,防墜措施,設標準施工架、安全網、安全母索、安全帶,46,43,42,1,0,0,0,0.9767,2,低
2025-09,高雄大林,C,C級,低危害,安全保護,個人防護具,是否有防護口罩、防毒面具、SCBA、防護手套、安全眼鏡、耳塞,46,40,39,1,0,1,0,0.975,5,低
2025-09,高雄大林,C,C級,低危害,警戒巡查,警戒標示,是否有警戒標示,46,39,38,1,0,0,0,0.9744,2,低
2025-09,高雄大林,C,C級,低危害,警戒巡查,巡查會簽,是否轄區、監造、安衛人員或工地負責人巡查會簽,46,42,41,1,0,0,0,0.9762,2,低
2025-09,高雄大林,C,C級,低危害,收工回簽,回簽收工確認,是否回簽時確認環境已整理並完成防護措施,46,45,44,1,0,0,0,0.9778,2,低
2025-09,高雄大林,C,C級,低危害,收工回簽,一般安全規定,是否遵守工安規定,46,46,45,1,0,0,0,0.9783,2,低
2025-09,高雄大林,C,C級,低危害,收工回簽,現場紀錄,是否拍照,46,44,43,1,0,0,0,0.9773,2,低
2025-10,高雄大林,A,A級,高危害,廠區,基本資料,工廠、日期、時間,29,24,23,1,0,1,0,0.9583,5,低
2025-10,高雄大林,A,A級,高危害,許可證,許可資訊,工程作業分級、申請時間、核准工作時間、工作許可證編號,29,27,26,1,0,0,0,0.963,2,低
2025-10,高雄大林,A,A級,高危害,施工地點,場地關係人,施工部門、轄區部門、監造部門,29,25,24,1,0,1,0,0.96,5,低
2025-10,高雄大林,A,A級,高危害,包商,承攬商與人員資格,承攬商、工作人數、車輛車號、工地負責人、安衛人員、特殊作業主管,29,25,24,1,0,0,0,0.96,2,低
2025-10,高雄大林,A,A級,高危害,危害等級,作業等級,施工地點、工程案號、工作內容、許可工作項目、作業分級,29,26,24,2,0,1,0,0.9231,7,低
2025-10,高雄大林,A,A級,高危害,危害等級,管線設備危害物,可燃性氣體、易燃液體、有害性氣體、化學藥劑、酸鹼、熱水蒸氣、空氣、其他,29,28,27,1,0,0,0,0.9643,2,低
2025-10,高雄大林,A,A級,高危害,檢點與危害告知,簽發前安全檢點,是否安全檢點,29,29,28,1,0,0,0,0.9655,2,低
2025-10,高雄大林,A,A級,高危害,檢點與危害告知,危害告知,是否危害告知,29,28,27,1,0,0,0,0.9643,2,低
2025-10,高雄大林,A,A級,高危害,危害排除與隔離,環境危害排除,是否設備管線危害物排除,29,25,23,2,1,0,0,0.92,13,低
2025-10,高雄大林,A,A級,高危害,危害排除與隔離,隔離管制,設備管線是否加盲加鎖掛牌,29,28,26,2,1,1,0,0.9286,16,中
2025-10,高雄大林,A,A級,高危害,環境測定,氣體偵測數值,可燃性氣體%、氧氣%、一氧化碳PPM、硫化氫PPM,29,25,23,2,1,1,0,0.92,16,中
2025-10,高雄大林,A,A級,高危害,環境測定,測定基準,可燃性氣體 < 20%LEL；氧氣>= 18%；一氧化碳<50 PPM；硫化氫<10 PPM,29,27,25,2,1,1,0,0.9259,16,中
2025-10,高雄大林,A,A級,高危害,環境測定,測定頻率,上、下午施工前測定；A級或高風險作業需重複或連續測定；每小時/每兩小時紀錄表,29,26,24,2,1,1,0,0.9231,16,中
2025-10,高雄大林,A,A級,高危害,防火防爆,消防設備,是否有消防設備,29,25,24,1,0,0,0,0.96,2,低
2025-10,高雄大林,A,A級,高危害,防火防爆,防爆安全工具,是否使用防爆電氣設備及安全工具,29,25,24,1,0,0,0,0.96,2,低
2025-10,高雄大林,A,A級,高危害,高處作業,防墜措施,設標準施工架、安全網、安全母索、安全帶,29,24,23,1,0,0,0,0.9583,2,低
2025-10,高雄大林,A,A級,高危害,安全保護,個人防護具,是否有防護口罩、防毒面具、SCBA、防護手套、安全眼鏡、耳塞,29,27,26,1,0,0,0,0.963,2,低
2025-10,高雄大林,A,A級,高危害,警戒巡查,警戒標示,是否有警戒標示,29,26,25,1,0,0,0,0.9615,2,低
2025-10,高雄大林,A,A級,高危害,警戒巡查,巡查會簽,是否轄區、監造、安衛人員或工地負責人巡查會簽,29,27,26,1,0,0,0,0.963,2,低
2025-10,高雄大林,A,A級,高危害,收工回簽,回簽收工確認,是否回簽時確認環境已整理並完成防護措施,29,24,23,1,0,0,0,0.9583,2,低
2025-10,高雄大林,A,A級,高危害,收工回簽,一般安全規定,是否遵守工安規定,29,27,26,1,0,0,0,0.963,2,低
2025-10,高雄大林,A,A級,高危害,收工回簽,現場紀錄,是否拍照,29,28,27,1,0,1,0,0.9643,5,低
2025-10,高雄大林,B,B級,中危害,廠區,基本資料,工廠、日期、時間,62,57,55,2,0,0,0,0.9649,4,低
2025-10,高雄大林,B,B級,中危害,許可證,許可資訊,工程作業分級、申請時間、核准工作時間、工作許可證編號,62,59,58,1,0,0,0,0.9831,2,低
2025-10,高雄大林,B,B級,中危害,施工地點,場地關係人,施工部門、轄區部門、監造部門,62,60,58,2,0,1,0,0.9667,7,低
2025-10,高雄大林,B,B級,中危害,包商,承攬商與人員資格,承攬商、工作人數、車輛車號、工地負責人、安衛人員、特殊作業主管,62,54,52,2,0,1,0,0.963,7,低
2025-10,高雄大林,B,B級,中危害,危害等級,作業等級,施工地點、工程案號、工作內容、許可工作項目、作業分級,62,55,53,2,0,1,0,0.9636,7,低
2025-10,高雄大林,B,B級,中危害,危害等級,管線設備危害物,可燃性氣體、易燃液體、有害性氣體、化學藥劑、酸鹼、熱水蒸氣、空氣、其他,62,60,58,2,0,1,0,0.9667,7,低
2025-10,高雄大林,B,B級,中危害,檢點與危害告知,簽發前安全檢點,是否安全檢點,62,62,60,2,0,1,0,0.9677,7,低
2025-10,高雄大林,B,B級,中危害,檢點與危害告知,危害告知,是否危害告知,62,59,57,2,0,1,0,0.9661,7,低
2025-10,高雄大林,B,B級,中危害,危害排除與隔離,環境危害排除,是否設備管線危害物排除,62,57,54,3,1,1,0,0.9474,18,中
2025-10,高雄大林,B,B級,中危害,危害排除與隔離,隔離管制,設備管線是否加盲加鎖掛牌,62,55,52,3,1,1,0,0.9455,18,中
2025-10,高雄大林,B,B級,中危害,環境測定,氣體偵測數值,可燃性氣體%、氧氣%、一氧化碳PPM、硫化氫PPM,62,60,57,3,1,1,0,0.95,18,中
2025-10,高雄大林,B,B級,中危害,環境測定,測定基準,可燃性氣體 < 20%LEL；氧氣>= 18%；一氧化碳<50 PPM；硫化氫<10 PPM,62,52,49,3,1,1,0,0.9423,18,中
2025-10,高雄大林,B,B級,中危害,環境測定,測定頻率,上、下午施工前測定；A級或高風險作業需重複或連續測定；每小時/每兩小時紀錄表,62,60,57,3,1,1,0,0.95,18,中
2025-10,高雄大林,B,B級,中危害,防火防爆,消防設備,是否有消防設備,62,60,57,3,1,1,0,0.95,18,中
2025-10,高雄大林,B,B級,中危害,防火防爆,防爆安全工具,是否使用防爆電氣設備及安全工具,62,60,57,3,1,1,0,0.95,18,中
2025-10,高雄大林,B,B級,中危害,高處作業,防墜措施,設標準施工架、安全網、安全母索、安全帶,62,57,55,2,1,0,0,0.9649,13,低
2025-10,高雄大林,B,B級,中危害,安全保護,個人防護具,是否有防護口罩、防毒面具、SCBA、防護手套、安全眼鏡、耳塞,62,57,55,2,0,0,0,0.9649,4,低
2025-10,高雄大林,B,B級,中危害,警戒巡查,警戒標示,是否有警戒標示,62,51,49,2,0,1,0,0.9608,7,低
2025-10,高雄大林,B,B級,中危害,警戒巡查,巡查會簽,是否轄區、監造、安衛人員或工地負責人巡查會簽,62,53,51,2,0,1,0,0.9623,7,低
2025-10,高雄大林,B,B級,中危害,收工回簽,回簽收工確認,是否回簽時確認環境已整理並完成防護措施,62,55,53,2,0,1,0,0.9636,7,低
2025-10,高雄大林,B,B級,中危害,收工回簽,一般安全規定,是否遵守工安規定,62,62,60,2,0,1,0,0.9677,7,低
2025-10,高雄大林,B,B級,中危害,收工回簽,現場紀錄,是否拍照,62,61,59,2,0,0,0,0.9672,4,低
2025-10,高雄大林,C,C級,低危害,廠區,基本資料,工廠、日期、時間,51,47,46,1,0,0,0,0.9787,2,低
2025-10,高雄大林,C,C級,低危害,許可證,許可資訊,工程作業分級、申請時間、核准工作時間、工作許可證編號,51,51,50,1,0,0,0,0.9804,2,低
2025-10,高雄大林,C,C級,低危害,施工地點,場地關係人,施工部門、轄區部門、監造部門,51,45,44,1,0,0,0,0.9778,2,低
2025-10,高雄大林,C,C級,低危害,包商,承攬商與人員資格,承攬商、工作人數、車輛車號、工地負責人、安衛人員、特殊作業主管,51,51,49,2,0,1,0,0.9608,7,低
2025-10,高雄大林,C,C級,低危害,危害等級,作業等級,施工地點、工程案號、工作內容、許可工作項目、作業分級,51,44,43,1,0,0,0,0.9773,2,低
2025-10,高雄大林,C,C級,低危害,危害等級,管線設備危害物,可燃性氣體、易燃液體、有害性氣體、化學藥劑、酸鹼、熱水蒸氣、空氣、其他,51,44,43,1,0,1,0,0.9773,5,低
2025-10,高雄大林,C,C級,低危害,檢點與危害告知,簽發前安全檢點,是否安全檢點,51,43,42,1,0,0,0,0.9767,2,低
2025-10,高雄大林,C,C級,低危害,檢點與危害告知,危害告知,是否危害告知,51,48,47,1,0,0,0,0.9792,2,低
2025-10,高雄大林,C,C級,低危害,危害排除與隔離,環境危害排除,是否設備管線危害物排除,51,49,47,2,1,1,0,0.9592,16,中
2025-10,高雄大林,C,C級,低危害,危害排除與隔離,隔離管制,設備管線是否加盲加鎖掛牌,51,43,42,1,0,0,0,0.9767,2,低
2025-10,高雄大林,C,C級,低危害,環境測定,氣體偵測數值,可燃性氣體%、氧氣%、一氧化碳PPM、硫化氫PPM,51,43,41,2,1,1,0,0.9535,16,中
2025-10,高雄大林,C,C級,低危害,環境測定,測定基準,可燃性氣體 < 20%LEL；氧氣>= 18%；一氧化碳<50 PPM；硫化氫<10 PPM,51,51,49,2,1,1,0,0.9608,16,中
2025-10,高雄大林,C,C級,低危害,環境測定,測定頻率,上、下午施工前測定；A級或高風險作業需重複或連續測定；每小時/每兩小時紀錄表,51,50,48,2,1,1,0,0.96,16,中
2025-10,高雄大林,C,C級,低危害,防火防爆,消防設備,是否有消防設備,51,45,43,2,1,1,0,0.9556,16,中
2025-10,高雄大林,C,C級,低危害,防火防爆,防爆安全工具,是否使用防爆電氣設備及安全工具,51,44,42,2,1,1,0,0.9545,16,中
2025-10,高雄大林,C,C級,低危害,高處作業,防墜措施,設標準施工架、安全網、安全母索、安全帶,51,46,44,2,1,0,0,0.9565,13,低
2025-10,高雄大林,C,C級,低危害,安全保護,個人防護具,是否有防護口罩、防毒面具、SCBA、防護手套、安全眼鏡、耳塞,51,43,42,1,0,0,0,0.9767,2,低
2025-10,高雄大林,C,C級,低危害,警戒巡查,警戒標示,是否有警戒標示,51,46,45,1,0,0,0,0.9783,2,低
2025-10,高雄大林,C,C級,低危害,警戒巡查,巡查會簽,是否轄區、監造、安衛人員或工地負責人巡查會簽,51,42,41,1,0,0,0,0.9762,2,低
2025-10,高雄大林,C,C級,低危害,收工回簽,回簽收工確認,是否回簽時確認環境已整理並完成防護措施,51,43,42,1,0,0,0,0.9767,2,低
2025-10,高雄大林,C,C級,低危害,收工回簽,一般安全規定,是否遵守工安規定,51,47,46,1,0,0,0,0.9787,2,低
2025-10,高雄大林,C,C級,低危害,收工回簽,現場紀錄,是否拍照,51,45,44,1,0,0,0,0.9778,2,低
2025-11,高雄大林,A,A級,高危害,廠區,基本資料,工廠、日期、時間,35,30,29,1,0,0,0,0.9667,2,低
2025-11,高雄大林,A,A級,高危害,許可證,許可資訊,工程作業分級、申請時間、核准工作時間、工作許可證編號,35,31,30,1,0,0,0,0.9677,2,低
2025-11,高雄大林,A,A級,高危害,施工地點,場地關係人,施工部門、轄區部門、監造部門,35,29,28,1,0,0,0,0.9655,2,低
2025-11,高雄大林,A,A級,高危害,包商,承攬商與人員資格,承攬商、工作人數、車輛車號、工地負責人、安衛人員、特殊作業主管,35,31,30,1,0,0,0,0.9677,2,低
2025-11,高雄大林,A,A級,高危害,危害等級,作業等級,施工地點、工程案號、工作內容、許可工作項目、作業分級,35,29,28,1,0,0,0,0.9655,2,低
2025-11,高雄大林,A,A級,高危害,危害等級,管線設備危害物,可燃性氣體、易燃液體、有害性氣體、化學藥劑、酸鹼、熱水蒸氣、空氣、其他,35,30,29,1,0,0,0,0.9667,2,低
2025-11,高雄大林,A,A級,高危害,檢點與危害告知,簽發前安全檢點,是否安全檢點,35,33,32,1,0,0,0,0.9697,2,低
2025-11,高雄大林,A,A級,高危害,檢點與危害告知,危害告知,是否危害告知,35,31,30,1,0,0,0,0.9677,2,低
2025-11,高雄大林,A,A級,高危害,危害排除與隔離,環境危害排除,是否設備管線危害物排除,35,35,32,3,1,1,0,0.9143,18,中
2025-11,高雄大林,A,A級,高危害,危害排除與隔離,隔離管制,設備管線是否加盲加鎖掛牌,35,30,28,2,1,1,0,0.9333,16,中
2025-11,高雄大林,A,A級,高危害,環境測定,氣體偵測數值,可燃性氣體%、氧氣%、一氧化碳PPM、硫化氫PPM,35,32,29,3,1,1,0,0.9062,18,中
2025-11,高雄大林,A,A級,高危害,環境測定,測定基準,可燃性氣體 < 20%LEL；氧氣>= 18%；一氧化碳<50 PPM；硫化氫<10 PPM,35,30,28,2,1,1,0,0.9333,16,中
2025-11,高雄大林,A,A級,高危害,環境測定,測定頻率,上、下午施工前測定；A級或高風險作業需重複或連續測定；每小時/每兩小時紀錄表,35,30,28,2,1,1,0,0.9333,16,中
2025-11,高雄大林,A,A級,高危害,防火防爆,消防設備,是否有消防設備,35,33,30,3,1,2,0,0.9091,21,中
2025-11,高雄大林,A,A級,高危害,防火防爆,防爆安全工具,是否使用防爆電氣設備及安全工具,35,30,28,2,1,1,0,0.9333,16,中
2025-11,高雄大林,A,A級,高危害,高處作業,防墜措施,設標準施工架、安全網、安全母索、安全帶,35,34,33,1,0,0,0,0.9706,2,低
2025-11,高雄大林,A,A級,高危害,安全保護,個人防護具,是否有防護口罩、防毒面具、SCBA、防護手套、安全眼鏡、耳塞,35,31,29,2,0,1,0,0.9355,7,低
2025-11,高雄大林,A,A級,高危害,警戒巡查,警戒標示,是否有警戒標示,35,29,28,1,0,0,0,0.9655,2,低
2025-11,高雄大林,A,A級,高危害,警戒巡查,巡查會簽,是否轄區、監造、安衛人員或工地負責人巡查會簽,35,34,33,1,0,0,0,0.9706,2,低
2025-11,高雄大林,A,A級,高危害,收工回簽,回簽收工確認,是否回簽時確認環境已整理並完成防護措施,35,33,32,1,0,1,0,0.9697,5,低
2025-11,高雄大林,A,A級,高危害,收工回簽,一般安全規定,是否遵守工安規定,35,30,29,1,0,0,0,0.9667,2,低
2025-11,高雄大林,A,A級,高危害,收工回簽,現場紀錄,是否拍照,35,34,32,2,0,1,0,0.9412,7,低
2025-11,高雄大林,B,B級,中危害,廠區,基本資料,工廠、日期、時間,69,59,58,1,0,0,0,0.9831,2,低
2025-11,高雄大林,B,B級,中危害,許可證,許可資訊,工程作業分級、申請時間、核准工作時間、工作許可證編號,69,65,63,2,0,0,0,0.9692,4,低
2025-11,高雄大林,B,B級,中危害,施工地點,場地關係人,施工部門、轄區部門、監造部門,69,58,56,2,0,1,0,0.9655,7,低
2025-11,高雄大林,B,B級,中危害,包商,承攬商與人員資格,承攬商、工作人數、車輛車號、工地負責人、安衛人員、特殊作業主管,69,57,55,2,0,1,0,0.9649,7,低
2025-11,高雄大林,B,B級,中危害,危害等級,作業等級,施工地點、工程案號、工作內容、許可工作項目、作業分級,69,63,61,2,0,1,0,0.9683,7,低
2025-11,高雄大林,B,B級,中危害,危害等級,管線設備危害物,可燃性氣體、易燃液體、有害性氣體、化學藥劑、酸鹼、熱水蒸氣、空氣、其他,69,62,60,2,0,1,0,0.9677,7,低
2025-11,高雄大林,B,B級,中危害,檢點與危害告知,簽發前安全檢點,是否安全檢點,69,64,62,2,0,0,0,0.9688,4,低
2025-11,高雄大林,B,B級,中危害,檢點與危害告知,危害告知,是否危害告知,69,67,65,2,0,1,0,0.9701,7,低
2025-11,高雄大林,B,B級,中危害,危害排除與隔離,環境危害排除,是否設備管線危害物排除,69,57,54,3,1,1,0,0.9474,18,中
2025-11,高雄大林,B,B級,中危害,危害排除與隔離,隔離管制,設備管線是否加盲加鎖掛牌,69,68,65,3,1,1,0,0.9559,18,中
2025-11,高雄大林,B,B級,中危害,環境測定,氣體偵測數值,可燃性氣體%、氧氣%、一氧化碳PPM、硫化氫PPM,69,60,58,2,1,1,0,0.9667,16,中
2025-11,高雄大林,B,B級,中危害,環境測定,測定基準,可燃性氣體 < 20%LEL；氧氣>= 18%；一氧化碳<50 PPM；硫化氫<10 PPM,69,63,60,3,1,1,0,0.9524,18,中
2025-11,高雄大林,B,B級,中危害,環境測定,測定頻率,上、下午施工前測定；A級或高風險作業需重複或連續測定；每小時/每兩小時紀錄表,69,57,54,3,1,2,0,0.9474,21,中
2025-11,高雄大林,B,B級,中危害,防火防爆,消防設備,是否有消防設備,69,66,63,3,1,1,0,0.9545,18,中
2025-11,高雄大林,B,B級,中危害,防火防爆,防爆安全工具,是否使用防爆電氣設備及安全工具,69,57,54,3,1,1,0,0.9474,18,中
2025-11,高雄大林,B,B級,中危害,高處作業,防墜措施,設標準施工架、安全網、安全母索、安全帶,69,67,65,2,1,1,0,0.9701,16,中
2025-11,高雄大林,B,B級,中危害,安全保護,個人防護具,是否有防護口罩、防毒面具、SCBA、防護手套、安全眼鏡、耳塞,69,59,57,2,0,1,0,0.9661,7,低
2025-11,高雄大林,B,B級,中危害,警戒巡查,警戒標示,是否有警戒標示,69,66,63,3,0,1,0,0.9545,9,低
2025-11,高雄大林,B,B級,中危害,警戒巡查,巡查會簽,是否轄區、監造、安衛人員或工地負責人巡查會簽,69,60,58,2,0,0,0,0.9667,4,低
2025-11,高雄大林,B,B級,中危害,收工回簽,回簽收工確認,是否回簽時確認環境已整理並完成防護措施,69,63,61,2,0,0,0,0.9683,4,低
2025-11,高雄大林,B,B級,中危害,收工回簽,一般安全規定,是否遵守工安規定,69,63,61,2,0,1,0,0.9683,7,低
2025-11,高雄大林,B,B級,中危害,收工回簽,現場紀錄,是否拍照,69,57,55,2,0,1,0,0.9649,7,低
2025-11,高雄大林,C,C級,低危害,廠區,基本資料,工廠、日期、時間,51,46,45,1,0,0,0,0.9783,2,低
2025-11,高雄大林,C,C級,低危害,許可證,許可資訊,工程作業分級、申請時間、核准工作時間、工作許可證編號,51,44,43,1,0,0,0,0.9773,2,低
2025-11,高雄大林,C,C級,低危害,施工地點,場地關係人,施工部門、轄區部門、監造部門,51,42,41,1,0,0,0,0.9762,2,低
2025-11,高雄大林,C,C級,低危害,包商,承攬商與人員資格,承攬商、工作人數、車輛車號、工地負責人、安衛人員、特殊作業主管,51,45,44,1,0,0,0,0.9778,2,低
2025-11,高雄大林,C,C級,低危害,危害等級,作業等級,施工地點、工程案號、工作內容、許可工作項目、作業分級,51,44,43,1,0,0,0,0.9773,2,低
2025-11,高雄大林,C,C級,低危害,危害等級,管線設備危害物,可燃性氣體、易燃液體、有害性氣體、化學藥劑、酸鹼、熱水蒸氣、空氣、其他,51,50,48,2,0,1,0,0.96,7,低
2025-11,高雄大林,C,C級,低危害,檢點與危害告知,簽發前安全檢點,是否安全檢點,51,43,42,1,0,0,0,0.9767,2,低
2025-11,高雄大林,C,C級,低危害,檢點與危害告知,危害告知,是否危害告知,51,47,46,1,0,1,0,0.9787,5,低
2025-11,高雄大林,C,C級,低危害,危害排除與隔離,環境危害排除,是否設備管線危害物排除,51,43,41,2,1,1,0,0.9535,16,中
2025-11,高雄大林,C,C級,低危害,危害排除與隔離,隔離管制,設備管線是否加盲加鎖掛牌,51,50,48,2,1,1,0,0.96,16,中
2025-11,高雄大林,C,C級,低危害,環境測定,氣體偵測數值,可燃性氣體%、氧氣%、一氧化碳PPM、硫化氫PPM,51,45,44,1,0,0,0,0.9778,2,低
2025-11,高雄大林,C,C級,低危害,環境測定,測定基準,可燃性氣體 < 20%LEL；氧氣>= 18%；一氧化碳<50 PPM；硫化氫<10 PPM,51,49,47,2,1,1,0,0.9592,16,中
2025-11,高雄大林,C,C級,低危害,環境測定,測定頻率,上、下午施工前測定；A級或高風險作業需重複或連續測定；每小時/每兩小時紀錄表,51,44,43,1,0,0,0,0.9773,2,低
2025-11,高雄大林,C,C級,低危害,防火防爆,消防設備,是否有消防設備,51,44,43,1,0,0,0,0.9773,2,低
2025-11,高雄大林,C,C級,低危害,防火防爆,防爆安全工具,是否使用防爆電氣設備及安全工具,51,51,50,1,0,0,0,0.9804,2,低
2025-11,高雄大林,C,C級,低危害,高處作業,防墜措施,設標準施工架、安全網、安全母索、安全帶,51,46,45,1,0,0,0,0.9783,2,低
2025-11,高雄大林,C,C級,低危害,安全保護,個人防護具,是否有防護口罩、防毒面具、SCBA、防護手套、安全眼鏡、耳塞,51,45,44,1,0,1,0,0.9778,5,低
2025-11,高雄大林,C,C級,低危害,警戒巡查,警戒標示,是否有警戒標示,51,47,46,1,0,0,0,0.9787,2,低
2025-11,高雄大林,C,C級,低危害,警戒巡查,巡查會簽,是否轄區、監造、安衛人員或工地負責人巡查會簽,51,47,46,1,0,0,0,0.9787,2,低
2025-11,高雄大林,C,C級,低危害,收工回簽,回簽收工確認,是否回簽時確認環境已整理並完成防護措施,51,49,48,1,0,0,0,0.9796,2,低
2025-11,高雄大林,C,C級,低危害,收工回簽,一般安全規定,是否遵守工安規定,51,50,49,1,0,0,0,0.98,2,低
2025-11,高雄大林,C,C級,低危害,收工回簽,現場紀錄,是否拍照,51,50,49,1,0,0,0,0.98,2,低
2025-12,高雄大林,A,A級,高危害,廠區,基本資料,工廠、日期、時間,33,33,32,1,0,0,0,0.9697,2,低
2025-12,高雄大林,A,A級,高危害,許可證,許可資訊,工程作業分級、申請時間、核准工作時間、工作許可證編號,33,30,29,1,0,0,0,0.9667,2,低
2025-12,高雄大林,A,A級,高危害,施工地點,場地關係人,施工部門、轄區部門、監造部門,33,29,28,1,0,1,0,0.9655,5,低
2025-12,高雄大林,A,A級,高危害,包商,承攬商與人員資格,承攬商、工作人數、車輛車號、工地負責人、安衛人員、特殊作業主管,33,30,29,1,0,0,0,0.9667,2,低
2025-12,高雄大林,A,A級,高危害,危害等級,作業等級,施工地點、工程案號、工作內容、許可工作項目、作業分級,33,30,29,1,0,0,0,0.9667,2,低
2025-12,高雄大林,A,A級,高危害,危害等級,管線設備危害物,可燃性氣體、易燃液體、有害性氣體、化學藥劑、酸鹼、熱水蒸氣、空氣、其他,33,32,30,2,0,0,0,0.9375,4,低
2025-12,高雄大林,A,A級,高危害,檢點與危害告知,簽發前安全檢點,是否安全檢點,33,33,32,1,0,0,0,0.9697,2,低
2025-12,高雄大林,A,A級,高危害,檢點與危害告知,危害告知,是否危害告知,33,33,32,1,0,0,0,0.9697,2,低
2025-12,高雄大林,A,A級,高危害,危害排除與隔離,環境危害排除,是否設備管線危害物排除,33,30,28,2,1,1,0,0.9333,16,中
2025-12,高雄大林,A,A級,高危害,危害排除與隔離,隔離管制,設備管線是否加盲加鎖掛牌,33,29,27,2,1,1,0,0.931,16,中
2025-12,高雄大林,A,A級,高危害,環境測定,氣體偵測數值,可燃性氣體%、氧氣%、一氧化碳PPM、硫化氫PPM,33,30,28,2,1,1,0,0.9333,16,中
2025-12,高雄大林,A,A級,高危害,環境測定,測定基準,可燃性氣體 < 20%LEL；氧氣>= 18%；一氧化碳<50 PPM；硫化氫<10 PPM,33,30,28,2,1,1,0,0.9333,16,中
2025-12,高雄大林,A,A級,高危害,環境測定,測定頻率,上、下午施工前測定；A級或高風險作業需重複或連續測定；每小時/每兩小時紀錄表,33,32,30,2,1,1,0,0.9375,16,中
2025-12,高雄大林,A,A級,高危害,防火防爆,消防設備,是否有消防設備,33,31,29,2,1,1,0,0.9355,16,中
2025-12,高雄大林,A,A級,高危害,防火防爆,防爆安全工具,是否使用防爆電氣設備及安全工具,33,27,25,2,1,1,0,0.9259,16,中
2025-12,高雄大林,A,A級,高危害,高處作業,防墜措施,設標準施工架、安全網、安全母索、安全帶,33,29,27,2,1,1,0,0.931,16,中
2025-12,高雄大林,A,A級,高危害,安全保護,個人防護具,是否有防護口罩、防毒面具、SCBA、防護手套、安全眼鏡、耳塞,33,29,28,1,0,0,0,0.9655,2,低
2025-12,高雄大林,A,A級,高危害,警戒巡查,警戒標示,是否有警戒標示,33,31,29,2,0,0,0,0.9355,4,低
2025-12,高雄大林,A,A級,高危害,警戒巡查,巡查會簽,是否轄區、監造、安衛人員或工地負責人巡查會簽,33,29,28,1,0,0,0,0.9655,2,低
2025-12,高雄大林,A,A級,高危害,收工回簽,回簽收工確認,是否回簽時確認環境已整理並完成防護措施,33,33,32,1,0,0,0,0.9697,2,低
2025-12,高雄大林,A,A級,高危害,收工回簽,一般安全規定,是否遵守工安規定,33,30,29,1,0,1,0,0.9667,5,低
2025-12,高雄大林,A,A級,高危害,收工回簽,現場紀錄,是否拍照,33,27,26,1,0,0,0,0.963,2,低
2025-12,高雄大林,B,B級,中危害,廠區,基本資料,工廠、日期、時間,68,59,58,1,0,0,0,0.9831,2,低
2025-12,高雄大林,B,B級,中危害,許可證,許可資訊,工程作業分級、申請時間、核准工作時間、工作許可證編號,68,56,55,1,0,0,0,0.9821,2,低
2025-12,高雄大林,B,B級,中危害,施工地點,場地關係人,施工部門、轄區部門、監造部門,68,64,63,1,0,0,0,0.9844,2,低
2025-12,高雄大林,B,B級,中危害,包商,承攬商與人員資格,承攬商、工作人數、車輛車號、工地負責人、安衛人員、特殊作業主管,68,66,64,2,0,1,0,0.9697,7,低
2025-12,高雄大林,B,B級,中危害,危害等級,作業等級,施工地點、工程案號、工作內容、許可工作項目、作業分級,68,61,58,3,0,1,0,0.9508,9,低
2025-12,高雄大林,B,B級,中危害,危害等級,管線設備危害物,可燃性氣體、易燃液體、有害性氣體、化學藥劑、酸鹼、熱水蒸氣、空氣、其他,68,57,55,2,0,1,0,0.9649,7,低
2025-12,高雄大林,B,B級,中危害,檢點與危害告知,簽發前安全檢點,是否安全檢點,68,57,55,2,0,1,0,0.9649,7,低
2025-12,高雄大林,B,B級,中危害,檢點與危害告知,危害告知,是否危害告知,68,68,66,2,0,1,0,0.9706,7,低
2025-12,高雄大林,B,B級,中危害,危害排除與隔離,環境危害排除,是否設備管線危害物排除,68,62,60,2,1,1,0,0.9677,16,中
2025-12,高雄大林,B,B級,中危害,危害排除與隔離,隔離管制,設備管線是否加盲加鎖掛牌,68,56,54,2,1,1,0,0.9643,16,中
2025-12,高雄大林,B,B級,中危害,環境測定,氣體偵測數值,可燃性氣體%、氧氣%、一氧化碳PPM、硫化氫PPM,68,63,61,2,1,1,0,0.9683,16,中
2025-12,高雄大林,B,B級,中危害,環境測定,測定基準,可燃性氣體 < 20%LEL；氧氣>= 18%；一氧化碳<50 PPM；硫化氫<10 PPM,68,60,58,2,1,0,0,0.9667,13,低
2025-12,高雄大林,B,B級,中危害,環境測定,測定頻率,上、下午施工前測定；A級或高風險作業需重複或連續測定；每小時/每兩小時紀錄表,68,64,62,2,1,1,0,0.9688,16,中
2025-12,高雄大林,B,B級,中危害,防火防爆,消防設備,是否有消防設備,68,63,60,3,1,1,0,0.9524,18,中
2025-12,高雄大林,B,B級,中危害,防火防爆,防爆安全工具,是否使用防爆電氣設備及安全工具,68,67,64,3,1,1,0,0.9552,18,中
2025-12,高雄大林,B,B級,中危害,高處作業,防墜措施,設標準施工架、安全網、安全母索、安全帶,68,59,56,3,1,1,0,0.9492,18,中
2025-12,高雄大林,B,B級,中危害,安全保護,個人防護具,是否有防護口罩、防毒面具、SCBA、防護手套、安全眼鏡、耳塞,68,58,56,2,0,1,0,0.9655,7,低
2025-12,高雄大林,B,B級,中危害,警戒巡查,警戒標示,是否有警戒標示,68,62,59,3,0,1,0,0.9516,9,低
2025-12,高雄大林,B,B級,中危害,警戒巡查,巡查會簽,是否轄區、監造、安衛人員或工地負責人巡查會簽,68,62,60,2,0,1,0,0.9677,7,低
2025-12,高雄大林,B,B級,中危害,收工回簽,回簽收工確認,是否回簽時確認環境已整理並完成防護措施,68,65,63,2,0,1,0,0.9692,7,低
2025-12,高雄大林,B,B級,中危害,收工回簽,一般安全規定,是否遵守工安規定,68,62,60,2,0,1,0,0.9677,7,低
2025-12,高雄大林,B,B級,中危害,收工回簽,現場紀錄,是否拍照,68,57,55,2,0,1,0,0.9649,7,低
2025-12,高雄大林,C,C級,低危害,廠區,基本資料,工廠、日期、時間,57,52,51,1,0,0,0,0.9808,2,低
2025-12,高雄大林,C,C級,低危害,許可證,許可資訊,工程作業分級、申請時間、核准工作時間、工作許可證編號,57,48,47,1,0,0,0,0.9792,2,低
2025-12,高雄大林,C,C級,低危害,施工地點,場地關係人,施工部門、轄區部門、監造部門,57,51,50,1,0,0,0,0.9804,2,低
2025-12,高雄大林,C,C級,低危害,包商,承攬商與人員資格,承攬商、工作人數、車輛車號、工地負責人、安衛人員、特殊作業主管,57,57,55,2,0,1,0,0.9649,7,低
2025-12,高雄大林,C,C級,低危害,危害等級,作業等級,施工地點、工程案號、工作內容、許可工作項目、作業分級,57,53,51,2,0,1,0,0.9623,7,低
2025-12,高雄大林,C,C級,低危害,危害等級,管線設備危害物,可燃性氣體、易燃液體、有害性氣體、化學藥劑、酸鹼、熱水蒸氣、空氣、其他,57,52,51,1,0,0,0,0.9808,2,低
2025-12,高雄大林,C,C級,低危害,檢點與危害告知,簽發前安全檢點,是否安全檢點,57,47,46,1,0,0,0,0.9787,2,低
2025-12,高雄大林,C,C級,低危害,檢點與危害告知,危害告知,是否危害告知,57,53,51,2,0,1,0,0.9623,7,低
2025-12,高雄大林,C,C級,低危害,危害排除與隔離,環境危害排除,是否設備管線危害物排除,57,56,54,2,1,1,0,0.9643,16,中
2025-12,高雄大林,C,C級,低危害,危害排除與隔離,隔離管制,設備管線是否加盲加鎖掛牌,57,52,50,2,1,0,0,0.9615,13,低
2025-12,高雄大林,C,C級,低危害,環境測定,氣體偵測數值,可燃性氣體%、氧氣%、一氧化碳PPM、硫化氫PPM,57,55,53,2,1,0,0,0.9636,13,低
2025-12,高雄大林,C,C級,低危害,環境測定,測定基準,可燃性氣體 < 20%LEL；氧氣>= 18%；一氧化碳<50 PPM；硫化氫<10 PPM,57,51,49,2,1,0,0,0.9608,13,低
2025-12,高雄大林,C,C級,低危害,環境測定,測定頻率,上、下午施工前測定；A級或高風險作業需重複或連續測定；每小時/每兩小時紀錄表,57,56,54,2,1,1,0,0.9643,16,中
2025-12,高雄大林,C,C級,低危害,防火防爆,消防設備,是否有消防設備,57,56,54,2,1,0,0,0.9643,13,低
2025-12,高雄大林,C,C級,低危害,防火防爆,防爆安全工具,是否使用防爆電氣設備及安全工具,57,49,47,2,1,1,0,0.9592,16,中
2025-12,高雄大林,C,C級,低危害,高處作業,防墜措施,設標準施工架、安全網、安全母索、安全帶,57,50,48,2,1,1,0,0.96,16,中
2025-12,高雄大林,C,C級,低危害,安全保護,個人防護具,是否有防護口罩、防毒面具、SCBA、防護手套、安全眼鏡、耳塞,57,51,50,1,0,1,0,0.9804,5,低
2025-12,高雄大林,C,C級,低危害,警戒巡查,警戒標示,是否有警戒標示,57,54,52,2,0,1,0,0.963,7,低
2025-12,高雄大林,C,C級,低危害,警戒巡查,巡查會簽,是否轄區、監造、安衛人員或工地負責人巡查會簽,57,48,47,1,0,0,0,0.9792,2,低
2025-12,高雄大林,C,C級,低危害,收工回簽,回簽收工確認,是否回簽時確認環境已整理並完成防護措施,57,55,54,1,0,0,0,0.9818,2,低
2025-12,高雄大林,C,C級,低危害,收工回簽,一般安全規定,是否遵守工安規定,57,48,47,1,0,0,0,0.9792,2,低
2025-12,高雄大林,C,C級,低危害,收工回簽,現場紀錄,是否拍照,57,56,54,2,0,1,0,0.9643,7,低
2026-01,高雄大林,A,A級,高危害,廠區,基本資料,工廠、日期、時間,38,33,32,1,0,0,0,0.9697,2,低
2026-01,高雄大林,A,A級,高危害,許可證,許可資訊,工程作業分級、申請時間、核准工作時間、工作許可證編號,38,33,32,1,0,0,0,0.9697,2,低
2026-01,高雄大林,A,A級,高危害,施工地點,場地關係人,施工部門、轄區部門、監造部門,38,34,33,1,0,1,0,0.9706,5,低
2026-01,高雄大林,A,A級,高危害,包商,承攬商與人員資格,承攬商、工作人數、車輛車號、工地負責人、安衛人員、特殊作業主管,38,36,34,2,0,1,0,0.9444,7,低
2026-01,高雄大林,A,A級,高危害,危害等級,作業等級,施工地點、工程案號、工作內容、許可工作項目、作業分級,38,32,31,1,0,0,0,0.9688,2,低
2026-01,高雄大林,A,A級,高危害,危害等級,管線設備危害物,可燃性氣體、易燃液體、有害性氣體、化學藥劑、酸鹼、熱水蒸氣、空氣、其他,38,37,35,2,0,1,0,0.9459,7,低
2026-01,高雄大林,A,A級,高危害,檢點與危害告知,簽發前安全檢點,是否安全檢點,38,32,31,1,0,0,0,0.9688,2,低
2026-01,高雄大林,A,A級,高危害,檢點與危害告知,危害告知,是否危害告知,38,38,36,2,0,1,0,0.9474,7,低
2026-01,高雄大林,A,A級,高危害,危害排除與隔離,環境危害排除,是否設備管線危害物排除,38,34,32,2,1,0,0,0.9412,13,低
2026-01,高雄大林,A,A級,高危害,危害排除與隔離,隔離管制,設備管線是否加盲加鎖掛牌,38,35,32,3,1,1,0,0.9143,18,中
2026-01,高雄大林,A,A級,高危害,環境測定,氣體偵測數值,可燃性氣體%、氧氣%、一氧化碳PPM、硫化氫PPM,38,36,34,2,1,0,0,0.9444,13,低
2026-01,高雄大林,A,A級,高危害,環境測定,測定基準,可燃性氣體 < 20%LEL；氧氣>= 18%；一氧化碳<50 PPM；硫化氫<10 PPM,38,33,31,2,1,1,0,0.9394,16,中
2026-01,高雄大林,A,A級,高危害,環境測定,測定頻率,上、下午施工前測定；A級或高風險作業需重複或連續測定；每小時/每兩小時紀錄表,38,37,34,3,1,2,0,0.9189,21,中
2026-01,高雄大林,A,A級,高危害,防火防爆,消防設備,是否有消防設備,38,33,30,3,1,1,0,0.9091,18,中
2026-01,高雄大林,A,A級,高危害,防火防爆,防爆安全工具,是否使用防爆電氣設備及安全工具,38,38,35,3,1,1,0,0.9211,18,中
2026-01,高雄大林,A,A級,高危害,高處作業,防墜措施,設標準施工架、安全網、安全母索、安全帶,38,32,30,2,1,1,0,0.9375,16,中
2026-01,高雄大林,A,A級,高危害,安全保護,個人防護具,是否有防護口罩、防毒面具、SCBA、防護手套、安全眼鏡、耳塞,38,37,35,2,0,1,0,0.9459,7,低
2026-01,高雄大林,A,A級,高危害,警戒巡查,警戒標示,是否有警戒標示,38,34,32,2,0,1,0,0.9412,7,低
2026-01,高雄大林,A,A級,高危害,警戒巡查,巡查會簽,是否轄區、監造、安衛人員或工地負責人巡查會簽,38,36,35,1,0,1,0,0.9722,5,低
2026-01,高雄大林,A,A級,高危害,收工回簽,回簽收工確認,是否回簽時確認環境已整理並完成防護措施,38,31,30,1,0,0,0,0.9677,2,低
2026-01,高雄大林,A,A級,高危害,收工回簽,一般安全規定,是否遵守工安規定,38,37,35,2,0,0,0,0.9459,4,低
2026-01,高雄大林,A,A級,高危害,收工回簽,現場紀錄,是否拍照,38,32,31,1,0,0,0,0.9688,2,低
2026-01,高雄大林,B,B級,中危害,廠區,基本資料,工廠、日期、時間,77,76,75,1,0,0,0,0.9868,2,低
2026-01,高雄大林,B,B級,中危害,許可證,許可資訊,工程作業分級、申請時間、核准工作時間、工作許可證編號,77,71,69,2,0,1,0,0.9718,7,低
2026-01,高雄大林,B,B級,中危害,施工地點,場地關係人,施工部門、轄區部門、監造部門,77,73,71,2,0,1,0,0.9726,7,低
2026-01,高雄大林,B,B級,中危害,包商,承攬商與人員資格,承攬商、工作人數、車輛車號、工地負責人、安衛人員、特殊作業主管,77,75,73,2,0,0,0,0.9733,4,低
2026-01,高雄大林,B,B級,中危害,危害等級,作業等級,施工地點、工程案號、工作內容、許可工作項目、作業分級,77,68,65,3,1,1,0,0.9559,18,中
2026-01,高雄大林,B,B級,中危害,危害等級,管線設備危害物,可燃性氣體、易燃液體、有害性氣體、化學藥劑、酸鹼、熱水蒸氣、空氣、其他,77,70,68,2,0,1,0,0.9714,7,低
2026-01,高雄大林,B,B級,中危害,檢點與危害告知,簽發前安全檢點,是否安全檢點,77,66,64,2,0,1,0,0.9697,7,低
2026-01,高雄大林,B,B級,中危害,檢點與危害告知,危害告知,是否危害告知,77,66,63,3,0,1,0,0.9545,9,低
2026-01,高雄大林,B,B級,中危害,危害排除與隔離,環境危害排除,是否設備管線危害物排除,77,74,71,3,1,1,0,0.9595,18,中
2026-01,高雄大林,B,B級,中危害,危害排除與隔離,隔離管制,設備管線是否加盲加鎖掛牌,77,67,64,3,1,1,0,0.9552,18,中
2026-01,高雄大林,B,B級,中危害,環境測定,氣體偵測數值,可燃性氣體%、氧氣%、一氧化碳PPM、硫化氫PPM,77,64,60,4,1,2,1,0.9375,28,中
2026-01,高雄大林,B,B級,中危害,環境測定,測定基準,可燃性氣體 < 20%LEL；氧氣>= 18%；一氧化碳<50 PPM；硫化氫<10 PPM,77,76,72,4,1,2,0,0.9474,23,中
2026-01,高雄大林,B,B級,中危害,環境測定,測定頻率,上、下午施工前測定；A級或高風險作業需重複或連續測定；每小時/每兩小時紀錄表,77,71,67,4,1,2,1,0.9437,28,中
2026-01,高雄大林,B,B級,中危害,防火防爆,消防設備,是否有消防設備,77,64,61,3,1,1,0,0.9531,18,中
2026-01,高雄大林,B,B級,中危害,防火防爆,防爆安全工具,是否使用防爆電氣設備及安全工具,77,73,69,4,1,2,1,0.9452,28,中
2026-01,高雄大林,B,B級,中危害,高處作業,防墜措施,設標準施工架、安全網、安全母索、安全帶,77,68,65,3,1,1,0,0.9559,18,中
2026-01,高雄大林,B,B級,中危害,安全保護,個人防護具,是否有防護口罩、防毒面具、SCBA、防護手套、安全眼鏡、耳塞,77,74,72,2,0,1,0,0.973,7,低
2026-01,高雄大林,B,B級,中危害,警戒巡查,警戒標示,是否有警戒標示,77,76,73,3,0,1,0,0.9605,9,低
2026-01,高雄大林,B,B級,中危害,警戒巡查,巡查會簽,是否轄區、監造、安衛人員或工地負責人巡查會簽,77,70,67,3,0,1,0,0.9571,9,低
2026-01,高雄大林,B,B級,中危害,收工回簽,回簽收工確認,是否回簽時確認環境已整理並完成防護措施,77,76,74,2,0,1,0,0.9737,7,低
2026-01,高雄大林,B,B級,中危害,收工回簽,一般安全規定,是否遵守工安規定,77,64,62,2,0,1,0,0.9688,7,低
2026-01,高雄大林,B,B級,中危害,收工回簽,現場紀錄,是否拍照,77,73,70,3,1,1,0,0.9589,18,中
2026-01,高雄大林,C,C級,低危害,廠區,基本資料,工廠、日期、時間,53,45,44,1,0,0,0,0.9778,2,低
2026-01,高雄大林,C,C級,低危害,許可證,許可資訊,工程作業分級、申請時間、核准工作時間、工作許可證編號,53,52,51,1,0,0,0,0.9808,2,低
2026-01,高雄大林,C,C級,低危害,施工地點,場地關係人,施工部門、轄區部門、監造部門,53,52,51,1,0,0,0,0.9808,2,低
2026-01,高雄大林,C,C級,低危害,包商,承攬商與人員資格,承攬商、工作人數、車輛車號、工地負責人、安衛人員、特殊作業主管,53,52,51,1,0,0,0,0.9808,2,低
2026-01,高雄大林,C,C級,低危害,危害等級,作業等級,施工地點、工程案號、工作內容、許可工作項目、作業分級,53,49,47,2,0,0,0,0.9592,4,低
2026-01,高雄大林,C,C級,低危害,危害等級,管線設備危害物,可燃性氣體、易燃液體、有害性氣體、化學藥劑、酸鹼、熱水蒸氣、空氣、其他,53,50,49,1,0,0,0,0.98,2,低
2026-01,高雄大林,C,C級,低危害,檢點與危害告知,簽發前安全檢點,是否安全檢點,53,46,45,1,0,0,0,0.9783,2,低
2026-01,高雄大林,C,C級,低危害,檢點與危害告知,危害告知,是否危害告知,53,49,48,1,0,0,0,0.9796,2,低
2026-01,高雄大林,C,C級,低危害,危害排除與隔離,環境危害排除,是否設備管線危害物排除,53,50,48,2,1,1,0,0.96,16,中
2026-01,高雄大林,C,C級,低危害,危害排除與隔離,隔離管制,設備管線是否加盲加鎖掛牌,53,44,42,2,1,1,0,0.9545,16,中
2026-01,高雄大林,C,C級,低危害,環境測定,氣體偵測數值,可燃性氣體%、氧氣%、一氧化碳PPM、硫化氫PPM,53,48,46,2,1,1,0,0.9583,16,中
2026-01,高雄大林,C,C級,低危害,環境測定,測定基準,可燃性氣體 < 20%LEL；氧氣>= 18%；一氧化碳<50 PPM；硫化氫<10 PPM,53,44,42,2,1,1,0,0.9545,16,中
2026-01,高雄大林,C,C級,低危害,環境測定,測定頻率,上、下午施工前測定；A級或高風險作業需重複或連續測定；每小時/每兩小時紀錄表,53,50,48,2,1,1,0,0.96,16,中
2026-01,高雄大林,C,C級,低危害,防火防爆,消防設備,是否有消防設備,53,52,50,2,1,1,0,0.9615,16,中
2026-01,高雄大林,C,C級,低危害,防火防爆,防爆安全工具,是否使用防爆電氣設備及安全工具,53,47,45,2,1,1,0,0.9574,16,中
2026-01,高雄大林,C,C級,低危害,高處作業,防墜措施,設標準施工架、安全網、安全母索、安全帶,53,45,44,1,0,0,0,0.9778,2,低
2026-01,高雄大林,C,C級,低危害,安全保護,個人防護具,是否有防護口罩、防毒面具、SCBA、防護手套、安全眼鏡、耳塞,53,45,44,1,0,0,0,0.9778,2,低
2026-01,高雄大林,C,C級,低危害,警戒巡查,警戒標示,是否有警戒標示,53,45,44,1,0,0,0,0.9778,2,低
2026-01,高雄大林,C,C級,低危害,警戒巡查,巡查會簽,是否轄區、監造、安衛人員或工地負責人巡查會簽,53,53,51,2,0,0,0,0.9623,4,低
2026-01,高雄大林,C,C級,低危害,收工回簽,回簽收工確認,是否回簽時確認環境已整理並完成防護措施,53,53,52,1,0,0,0,0.9811,2,低
2026-01,高雄大林,C,C級,低危害,收工回簽,一般安全規定,是否遵守工安規定,53,52,50,2,0,1,0,0.9615,7,低
2026-01,高雄大林,C,C級,低危害,收工回簽,現場紀錄,是否拍照,53,44,43,1,0,0,0,0.9773,2,低
2026-02,高雄大林,A,A級,高危害,廠區,基本資料,工廠、日期、時間,36,32,31,1,0,0,0,0.9688,2,低
2026-02,高雄大林,A,A級,高危害,許可證,許可資訊,工程作業分級、申請時間、核准工作時間、工作許可證編號,36,30,29,1,0,0,0,0.9667,2,低
2026-02,高雄大林,A,A級,高危害,施工地點,場地關係人,施工部門、轄區部門、監造部門,36,31,30,1,0,0,0,0.9677,2,低
2026-02,高雄大林,A,A級,高危害,包商,承攬商與人員資格,承攬商、工作人數、車輛車號、工地負責人、安衛人員、特殊作業主管,36,31,30,1,0,0,0,0.9677,2,低
2026-02,高雄大林,A,A級,高危害,危害等級,作業等級,施工地點、工程案號、工作內容、許可工作項目、作業分級,36,36,34,2,0,0,0,0.9444,4,低
2026-02,高雄大林,A,A級,高危害,危害等級,管線設備危害物,可燃性氣體、易燃液體、有害性氣體、化學藥劑、酸鹼、熱水蒸氣、空氣、其他,36,36,34,2,0,1,0,0.9444,7,低
2026-02,高雄大林,A,A級,高危害,檢點與危害告知,簽發前安全檢點,是否安全檢點,36,35,33,2,0,1,0,0.9429,7,低
2026-02,高雄大林,A,A級,高危害,檢點與危害告知,危害告知,是否危害告知,36,30,29,1,0,0,0,0.9667,2,低
2026-02,高雄大林,A,A級,高危害,危害排除與隔離,環境危害排除,是否設備管線危害物排除,36,30,28,2,1,1,0,0.9333,16,中
2026-02,高雄大林,A,A級,高危害,危害排除與隔離,隔離管制,設備管線是否加盲加鎖掛牌,36,34,32,2,1,1,0,0.9412,16,中
2026-02,高雄大林,A,A級,高危害,環境測定,氣體偵測數值,可燃性氣體%、氧氣%、一氧化碳PPM、硫化氫PPM,36,35,32,3,1,1,0,0.9143,18,中
2026-02,高雄大林,A,A級,高危害,環境測定,測定基準,可燃性氣體 < 20%LEL；氧氣>= 18%；一氧化碳<50 PPM；硫化氫<10 PPM,36,30,28,2,1,1,0,0.9333,16,中
2026-02,高雄大林,A,A級,高危害,環境測定,測定頻率,上、下午施工前測定；A級或高風險作業需重複或連續測定；每小時/每兩小時紀錄表,36,32,30,2,1,1,0,0.9375,16,中
2026-02,高雄大林,A,A級,高危害,防火防爆,消防設備,是否有消防設備,36,32,30,2,1,1,0,0.9375,16,中
2026-02,高雄大林,A,A級,高危害,防火防爆,防爆安全工具,是否使用防爆電氣設備及安全工具,36,30,28,2,1,1,0,0.9333,16,中
2026-02,高雄大林,A,A級,高危害,高處作業,防墜措施,設標準施工架、安全網、安全母索、安全帶,36,30,29,1,0,0,0,0.9667,2,低
2026-02,高雄大林,A,A級,高危害,安全保護,個人防護具,是否有防護口罩、防毒面具、SCBA、防護手套、安全眼鏡、耳塞,36,30,29,1,0,0,0,0.9667,2,低
2026-02,高雄大林,A,A級,高危害,警戒巡查,警戒標示,是否有警戒標示,36,35,34,1,0,0,0,0.9714,2,低
2026-02,高雄大林,A,A級,高危害,警戒巡查,巡查會簽,是否轄區、監造、安衛人員或工地負責人巡查會簽,36,30,29,1,0,0,0,0.9667,2,低
2026-02,高雄大林,A,A級,高危害,收工回簽,回簽收工確認,是否回簽時確認環境已整理並完成防護措施,36,33,32,1,0,0,0,0.9697,2,低
2026-02,高雄大林,A,A級,高危害,收工回簽,一般安全規定,是否遵守工安規定,36,32,31,1,0,0,0,0.9688,2,低
2026-02,高雄大林,A,A級,高危害,收工回簽,現場紀錄,是否拍照,36,31,30,1,0,0,0,0.9677,2,低
2026-02,高雄大林,B,B級,中危害,廠區,基本資料,工廠、日期、時間,81,78,76,2,0,0,0,0.9744,4,低
2026-02,高雄大林,B,B級,中危害,許可證,許可資訊,工程作業分級、申請時間、核准工作時間、工作許可證編號,81,77,75,2,0,1,0,0.974,7,低
2026-02,高雄大林,B,B級,中危害,施工地點,場地關係人,施工部門、轄區部門、監造部門,81,78,76,2,0,0,0,0.9744,4,低
2026-02,高雄大林,B,B級,中危害,包商,承攬商與人員資格,承攬商、工作人數、車輛車號、工地負責人、安衛人員、特殊作業主管,81,80,77,3,0,1,0,0.9625,9,低
2026-02,高雄大林,B,B級,中危害,危害等級,作業等級,施工地點、工程案號、工作內容、許可工作項目、作業分級,81,70,68,2,0,1,0,0.9714,7,低
2026-02,高雄大林,B,B級,中危害,危害等級,管線設備危害物,可燃性氣體、易燃液體、有害性氣體、化學藥劑、酸鹼、熱水蒸氣、空氣、其他,81,73,70,3,0,2,0,0.9589,12,低
2026-02,高雄大林,B,B級,中危害,檢點與危害告知,簽發前安全檢點,是否安全檢點,81,78,76,2,0,1,0,0.9744,7,低
2026-02,高雄大林,B,B級,中危害,檢點與危害告知,危害告知,是否危害告知,81,69,66,3,0,1,0,0.9565,9,低
2026-02,高雄大林,B,B級,中危害,危害排除與隔離,環境危害排除,是否設備管線危害物排除,81,72,69,3,1,1,0,0.9583,18,中
2026-02,高雄大林,B,B級,中危害,危害排除與隔離,隔離管制,設備管線是否加盲加鎖掛牌,81,79,75,4,1,2,0,0.9494,23,中
2026-02,高雄大林,B,B級,中危害,環境測定,氣體偵測數值,可燃性氣體%、氧氣%、一氧化碳PPM、硫化氫PPM,81,71,67,4,1,2,1,0.9437,28,中
2026-02,高雄大林,B,B級,中危害,環境測定,測定基準,可燃性氣體 < 20%LEL；氧氣>= 18%；一氧化碳<50 PPM；硫化氫<10 PPM,81,73,69,4,1,1,0,0.9452,20,中
2026-02,高雄大林,B,B級,中危害,環境測定,測定頻率,上、下午施工前測定；A級或高風險作業需重複或連續測定；每小時/每兩小時紀錄表,81,71,67,4,1,1,0,0.9437,20,中
2026-02,高雄大林,B,B級,中危害,防火防爆,消防設備,是否有消防設備,81,79,75,4,1,1,0,0.9494,20,中
2026-02,高雄大林,B,B級,中危害,防火防爆,防爆安全工具,是否使用防爆電氣設備及安全工具,81,77,74,3,1,1,0,0.961,18,中
2026-02,高雄大林,B,B級,中危害,高處作業,防墜措施,設標準施工架、安全網、安全母索、安全帶,81,77,73,4,1,1,0,0.9481,20,中
2026-02,高雄大林,B,B級,中危害,安全保護,個人防護具,是否有防護口罩、防毒面具、SCBA、防護手套、安全眼鏡、耳塞,81,76,74,2,0,1,0,0.9737,7,低
2026-02,高雄大林,B,B級,中危害,警戒巡查,警戒標示,是否有警戒標示,81,71,68,3,1,1,0,0.9577,18,中
2026-02,高雄大林,B,B級,中危害,警戒巡查,巡查會簽,是否轄區、監造、安衛人員或工地負責人巡查會簽,81,77,75,2,0,1,0,0.974,7,低
2026-02,高雄大林,B,B級,中危害,收工回簽,回簽收工確認,是否回簽時確認環境已整理並完成防護措施,81,70,68,2,0,0,0,0.9714,4,低
2026-02,高雄大林,B,B級,中危害,收工回簽,一般安全規定,是否遵守工安規定,81,77,74,3,0,1,0,0.961,9,低
2026-02,高雄大林,B,B級,中危害,收工回簽,現場紀錄,是否拍照,81,70,68,2,0,1,0,0.9714,7,低
2026-02,高雄大林,C,C級,低危害,廠區,基本資料,工廠、日期、時間,62,59,58,1,0,0,0,0.9831,2,低
2026-02,高雄大林,C,C級,低危害,許可證,許可資訊,工程作業分級、申請時間、核准工作時間、工作許可證編號,62,55,54,1,0,0,0,0.9818,2,低
2026-02,高雄大林,C,C級,低危害,施工地點,場地關係人,施工部門、轄區部門、監造部門,62,55,54,1,0,0,0,0.9818,2,低
2026-02,高雄大林,C,C級,低危害,包商,承攬商與人員資格,承攬商、工作人數、車輛車號、工地負責人、安衛人員、特殊作業主管,62,59,57,2,0,0,0,0.9661,4,低
2026-02,高雄大林,C,C級,低危害,危害等級,作業等級,施工地點、工程案號、工作內容、許可工作項目、作業分級,62,60,59,1,0,0,0,0.9833,2,低
2026-02,高雄大林,C,C級,低危害,危害等級,管線設備危害物,可燃性氣體、易燃液體、有害性氣體、化學藥劑、酸鹼、熱水蒸氣、空氣、其他,62,51,49,2,0,1,0,0.9608,7,低
2026-02,高雄大林,C,C級,低危害,檢點與危害告知,簽發前安全檢點,是否安全檢點,62,53,52,1,0,0,0,0.9811,2,低
2026-02,高雄大林,C,C級,低危害,檢點與危害告知,危害告知,是否危害告知,62,62,60,2,0,0,0,0.9677,4,低
2026-02,高雄大林,C,C級,低危害,危害排除與隔離,環境危害排除,是否設備管線危害物排除,62,56,54,2,1,1,0,0.9643,16,中
2026-02,高雄大林,C,C級,低危害,危害排除與隔離,隔離管制,設備管線是否加盲加鎖掛牌,62,60,58,2,1,1,0,0.9667,16,中
2026-02,高雄大林,C,C級,低危害,環境測定,氣體偵測數值,可燃性氣體%、氧氣%、一氧化碳PPM、硫化氫PPM,62,60,58,2,1,1,0,0.9667,16,中
2026-02,高雄大林,C,C級,低危害,環境測定,測定基準,可燃性氣體 < 20%LEL；氧氣>= 18%；一氧化碳<50 PPM；硫化氫<10 PPM,62,57,55,2,1,1,0,0.9649,16,中
2026-02,高雄大林,C,C級,低危害,環境測定,測定頻率,上、下午施工前測定；A級或高風險作業需重複或連續測定；每小時/每兩小時紀錄表,62,56,54,2,1,1,0,0.9643,16,中
2026-02,高雄大林,C,C級,低危害,防火防爆,消防設備,是否有消防設備,62,57,55,2,1,0,0,0.9649,13,低
2026-02,高雄大林,C,C級,低危害,防火防爆,防爆安全工具,是否使用防爆電氣設備及安全工具,62,53,51,2,1,1,0,0.9623,16,中
2026-02,高雄大林,C,C級,低危害,高處作業,防墜措施,設標準施工架、安全網、安全母索、安全帶,62,59,57,2,1,1,0,0.9661,16,中
2026-02,高雄大林,C,C級,低危害,安全保護,個人防護具,是否有防護口罩、防毒面具、SCBA、防護手套、安全眼鏡、耳塞,62,52,51,1,0,0,0,0.9808,2,低
2026-02,高雄大林,C,C級,低危害,警戒巡查,警戒標示,是否有警戒標示,62,60,58,2,0,1,0,0.9667,7,低
2026-02,高雄大林,C,C級,低危害,警戒巡查,巡查會簽,是否轄區、監造、安衛人員或工地負責人巡查會簽,62,57,56,1,0,0,0,0.9825,2,低
2026-02,高雄大林,C,C級,低危害,收工回簽,回簽收工確認,是否回簽時確認環境已整理並完成防護措施,62,59,58,1,0,0,0,0.9831,2,低
2026-02,高雄大林,C,C級,低危害,收工回簽,一般安全規定,是否遵守工安規定,62,56,55,1,0,0,0,0.9821,2,低
2026-02,高雄大林,C,C級,低危害,收工回簽,現場紀錄,是否拍照,62,56,55,1,0,0,0,0.9821,2,低
2026-03,高雄大林,A,A級,高危害,廠區,基本資料,工廠、日期、時間,34,29,28,1,0,0,0,0.9655,2,低
2026-03,高雄大林,A,A級,高危害,許可證,許可資訊,工程作業分級、申請時間、核准工作時間、工作許可證編號,34,32,31,1,0,0,0,0.9688,2,低
2026-03,高雄大林,A,A級,高危害,施工地點,場地關係人,施工部門、轄區部門、監造部門,34,28,27,1,0,0,0,0.9643,2,低
2026-03,高雄大林,A,A級,高危害,包商,承攬商與人員資格,承攬商、工作人數、車輛車號、工地負責人、安衛人員、特殊作業主管,34,33,32,1,0,0,0,0.9697,2,低
2026-03,高雄大林,A,A級,高危害,危害等級,作業等級,施工地點、工程案號、工作內容、許可工作項目、作業分級,34,31,30,1,0,0,0,0.9677,2,低
2026-03,高雄大林,A,A級,高危害,危害等級,管線設備危害物,可燃性氣體、易燃液體、有害性氣體、化學藥劑、酸鹼、熱水蒸氣、空氣、其他,34,33,31,2,0,1,0,0.9394,7,低
2026-03,高雄大林,A,A級,高危害,檢點與危害告知,簽發前安全檢點,是否安全檢點,34,31,30,1,0,0,0,0.9677,2,低
2026-03,高雄大林,A,A級,高危害,檢點與危害告知,危害告知,是否危害告知,34,31,30,1,0,0,0,0.9677,2,低
2026-03,高雄大林,A,A級,高危害,危害排除與隔離,環境危害排除,是否設備管線危害物排除,34,31,29,2,1,1,0,0.9355,16,中
2026-03,高雄大林,A,A級,高危害,危害排除與隔離,隔離管制,設備管線是否加盲加鎖掛牌,34,29,27,2,1,1,0,0.931,16,中
2026-03,高雄大林,A,A級,高危害,環境測定,氣體偵測數值,可燃性氣體%、氧氣%、一氧化碳PPM、硫化氫PPM,34,29,27,2,1,1,0,0.931,16,中
2026-03,高雄大林,A,A級,高危害,環境測定,測定基準,可燃性氣體 < 20%LEL；氧氣>= 18%；一氧化碳<50 PPM；硫化氫<10 PPM,34,31,29,2,1,1,0,0.9355,16,中
2026-03,高雄大林,A,A級,高危害,環境測定,測定頻率,上、下午施工前測定；A級或高風險作業需重複或連續測定；每小時/每兩小時紀錄表,34,28,26,2,1,0,0,0.9286,13,低
2026-03,高雄大林,A,A級,高危害,防火防爆,消防設備,是否有消防設備,34,30,28,2,1,1,0,0.9333,16,中
2026-03,高雄大林,A,A級,高危害,防火防爆,防爆安全工具,是否使用防爆電氣設備及安全工具,34,28,26,2,1,1,0,0.9286,16,中
2026-03,高雄大林,A,A級,高危害,高處作業,防墜措施,設標準施工架、安全網、安全母索、安全帶,34,32,30,2,1,1,0,0.9375,16,中
2026-03,高雄大林,A,A級,高危害,安全保護,個人防護具,是否有防護口罩、防毒面具、SCBA、防護手套、安全眼鏡、耳塞,34,34,32,2,0,1,0,0.9412,7,低
2026-03,高雄大林,A,A級,高危害,警戒巡查,警戒標示,是否有警戒標示,34,34,32,2,0,1,0,0.9412,7,低
2026-03,高雄大林,A,A級,高危害,警戒巡查,巡查會簽,是否轄區、監造、安衛人員或工地負責人巡查會簽,34,32,31,1,0,0,0,0.9688,2,低
2026-03,高雄大林,A,A級,高危害,收工回簽,回簽收工確認,是否回簽時確認環境已整理並完成防護措施,34,33,31,2,0,1,0,0.9394,7,低
2026-03,高雄大林,A,A級,高危害,收工回簽,一般安全規定,是否遵守工安規定,34,30,29,1,0,0,0,0.9667,2,低
2026-03,高雄大林,A,A級,高危害,收工回簽,現場紀錄,是否拍照,34,28,27,1,0,0,0,0.9643,2,低
2026-03,高雄大林,B,B級,中危害,廠區,基本資料,工廠、日期、時間,78,68,66,2,0,1,0,0.9706,7,低
2026-03,高雄大林,B,B級,中危害,許可證,許可資訊,工程作業分級、申請時間、核准工作時間、工作許可證編號,78,68,66,2,0,0,0,0.9706,4,低
2026-03,高雄大林,B,B級,中危害,施工地點,場地關係人,施工部門、轄區部門、監造部門,78,66,65,1,0,0,0,0.9848,2,低
2026-03,高雄大林,B,B級,中危害,包商,承攬商與人員資格,承攬商、工作人數、車輛車號、工地負責人、安衛人員、特殊作業主管,78,68,65,3,1,1,0,0.9559,18,中
2026-03,高雄大林,B,B級,中危害,危害等級,作業等級,施工地點、工程案號、工作內容、許可工作項目、作業分級,78,75,72,3,0,1,0,0.96,9,低
2026-03,高雄大林,B,B級,中危害,危害等級,管線設備危害物,可燃性氣體、易燃液體、有害性氣體、化學藥劑、酸鹼、熱水蒸氣、空氣、其他,78,74,72,2,0,1,0,0.973,7,低
2026-03,高雄大林,B,B級,中危害,檢點與危害告知,簽發前安全檢點,是否安全檢點,78,65,63,2,0,1,0,0.9692,7,低
2026-03,高雄大林,B,B級,中危害,檢點與危害告知,危害告知,是否危害告知,78,65,63,2,0,1,0,0.9692,7,低
2026-03,高雄大林,B,B級,中危害,危害排除與隔離,環境危害排除,是否設備管線危害物排除,78,69,66,3,1,1,0,0.9565,18,中
2026-03,高雄大林,B,B級,中危害,危害排除與隔離,隔離管制,設備管線是否加盲加鎖掛牌,78,72,68,4,1,1,0,0.9444,20,中
2026-03,高雄大林,B,B級,中危害,環境測定,氣體偵測數值,可燃性氣體%、氧氣%、一氧化碳PPM、硫化氫PPM,78,67,63,4,1,1,0,0.9403,20,中
2026-03,高雄大林,B,B級,中危害,環境測定,測定基準,可燃性氣體 < 20%LEL；氧氣>= 18%；一氧化碳<50 PPM；硫化氫<10 PPM,78,70,66,4,1,2,0,0.9429,23,中
2026-03,高雄大林,B,B級,中危害,環境測定,測定頻率,上、下午施工前測定；A級或高風險作業需重複或連續測定；每小時/每兩小時紀錄表,78,70,67,3,1,1,0,0.9571,18,中
2026-03,高雄大林,B,B級,中危害,防火防爆,消防設備,是否有消防設備,78,77,74,3,1,1,0,0.961,18,中
2026-03,高雄大林,B,B級,中危害,防火防爆,防爆安全工具,是否使用防爆電氣設備及安全工具,78,77,73,4,1,1,0,0.9481,20,中
2026-03,高雄大林,B,B級,中危害,高處作業,防墜措施,設標準施工架、安全網、安全母索、安全帶,78,73,70,3,1,2,1,0.9589,26,中
2026-03,高雄大林,B,B級,中危害,安全保護,個人防護具,是否有防護口罩、防毒面具、SCBA、防護手套、安全眼鏡、耳塞,78,77,74,3,0,1,0,0.961,9,低
2026-03,高雄大林,B,B級,中危害,警戒巡查,警戒標示,是否有警戒標示,78,65,63,2,0,1,0,0.9692,7,低
2026-03,高雄大林,B,B級,中危害,警戒巡查,巡查會簽,是否轄區、監造、安衛人員或工地負責人巡查會簽,78,66,64,2,0,1,0,0.9697,7,低
2026-03,高雄大林,B,B級,中危害,收工回簽,回簽收工確認,是否回簽時確認環境已整理並完成防護措施,78,71,69,2,0,1,0,0.9718,7,低
2026-03,高雄大林,B,B級,中危害,收工回簽,一般安全規定,是否遵守工安規定,78,73,71,2,0,1,0,0.9726,7,低
2026-03,高雄大林,B,B級,中危害,收工回簽,現場紀錄,是否拍照,78,73,71,2,0,1,0,0.9726,7,低
2026-03,高雄大林,C,C級,低危害,廠區,基本資料,工廠、日期、時間,56,47,46,1,0,0,0,0.9787,2,低
2026-03,高雄大林,C,C級,低危害,許可證,許可資訊,工程作業分級、申請時間、核准工作時間、工作許可證編號,56,53,52,1,0,0,0,0.9811,2,低
2026-03,高雄大林,C,C級,低危害,施工地點,場地關係人,施工部門、轄區部門、監造部門,56,48,47,1,0,0,0,0.9792,2,低
2026-03,高雄大林,C,C級,低危害,包商,承攬商與人員資格,承攬商、工作人數、車輛車號、工地負責人、安衛人員、特殊作業主管,56,52,51,1,0,0,0,0.9808,2,低
2026-03,高雄大林,C,C級,低危害,危害等級,作業等級,施工地點、工程案號、工作內容、許可工作項目、作業分級,56,48,47,1,0,0,0,0.9792,2,低
2026-03,高雄大林,C,C級,低危害,危害等級,管線設備危害物,可燃性氣體、易燃液體、有害性氣體、化學藥劑、酸鹼、熱水蒸氣、空氣、其他,56,50,49,1,0,0,0,0.98,2,低
2026-03,高雄大林,C,C級,低危害,檢點與危害告知,簽發前安全檢點,是否安全檢點,56,55,54,1,0,0,0,0.9818,2,低
2026-03,高雄大林,C,C級,低危害,檢點與危害告知,危害告知,是否危害告知,56,46,45,1,0,0,0,0.9783,2,低
2026-03,高雄大林,C,C級,低危害,危害排除與隔離,環境危害排除,是否設備管線危害物排除,56,54,52,2,1,1,0,0.963,16,中
2026-03,高雄大林,C,C級,低危害,危害排除與隔離,隔離管制,設備管線是否加盲加鎖掛牌,56,51,49,2,1,1,0,0.9608,16,中
2026-03,高雄大林,C,C級,低危害,環境測定,氣體偵測數值,可燃性氣體%、氧氣%、一氧化碳PPM、硫化氫PPM,56,54,52,2,1,1,0,0.963,16,中
2026-03,高雄大林,C,C級,低危害,環境測定,測定基準,可燃性氣體 < 20%LEL；氧氣>= 18%；一氧化碳<50 PPM；硫化氫<10 PPM,56,51,49,2,1,0,0,0.9608,13,低
2026-03,高雄大林,C,C級,低危害,環境測定,測定頻率,上、下午施工前測定；A級或高風險作業需重複或連續測定；每小時/每兩小時紀錄表,56,55,53,2,1,1,0,0.9636,16,中
2026-03,高雄大林,C,C級,低危害,防火防爆,消防設備,是否有消防設備,56,47,45,2,1,1,0,0.9574,16,中
2026-03,高雄大林,C,C級,低危害,防火防爆,防爆安全工具,是否使用防爆電氣設備及安全工具,56,48,46,2,1,1,0,0.9583,16,中
2026-03,高雄大林,C,C級,低危害,高處作業,防墜措施,設標準施工架、安全網、安全母索、安全帶,56,51,49,2,1,1,0,0.9608,16,中
2026-03,高雄大林,C,C級,低危害,安全保護,個人防護具,是否有防護口罩、防毒面具、SCBA、防護手套、安全眼鏡、耳塞,56,48,46,2,0,1,0,0.9583,7,低
2026-03,高雄大林,C,C級,低危害,警戒巡查,警戒標示,是否有警戒標示,56,55,54,1,0,0,0,0.9818,2,低
2026-03,高雄大林,C,C級,低危害,警戒巡查,巡查會簽,是否轄區、監造、安衛人員或工地負責人巡查會簽,56,49,48,1,0,0,0,0.9796,2,低
2026-03,高雄大林,C,C級,低危害,收工回簽,回簽收工確認,是否回簽時確認環境已整理並完成防護措施,56,51,49,2,0,1,0,0.9608,7,低
2026-03,高雄大林,C,C級,低危害,收工回簽,一般安全規定,是否遵守工安規定,56,53,52,1,0,0,0,0.9811,2,低
2026-03,高雄大林,C,C級,低危害,收工回簽,現場紀錄,是否拍照,56,53,52,1,0,0,0,0.9811,2,低
2026-04,高雄大林,A,A級,高危害,廠區,基本資料,工廠、日期、時間,38,33,32,1,0,0,0,0.9697,2,低
2026-04,高雄大林,A,A級,高危害,許可證,許可資訊,工程作業分級、申請時間、核准工作時間、工作許可證編號,38,34,33,1,0,0,0,0.9706,2,低
2026-04,高雄大林,A,A級,高危害,施工地點,場地關係人,施工部門、轄區部門、監造部門,38,33,32,1,0,0,0,0.9697,2,低
2026-04,高雄大林,A,A級,高危害,包商,承攬商與人員資格,承攬商、工作人數、車輛車號、工地負責人、安衛人員、特殊作業主管,38,37,36,1,0,0,0,0.973,2,低
2026-04,高雄大林,A,A級,高危害,危害等級,作業等級,施工地點、工程案號、工作內容、許可工作項目、作業分級,38,33,31,2,0,0,0,0.9394,4,低
2026-04,高雄大林,A,A級,高危害,危害等級,管線設備危害物,可燃性氣體、易燃液體、有害性氣體、化學藥劑、酸鹼、熱水蒸氣、空氣、其他,38,35,33,2,0,1,0,0.9429,7,低
2026-04,高雄大林,A,A級,高危害,檢點與危害告知,簽發前安全檢點,是否安全檢點,38,36,35,1,0,0,0,0.9722,2,低
2026-04,高雄大林,A,A級,高危害,檢點與危害告知,危害告知,是否危害告知,38,36,34,2,0,1,0,0.9444,7,低
2026-04,高雄大林,A,A級,高危害,危害排除與隔離,環境危害排除,是否設備管線危害物排除,38,31,29,2,1,1,0,0.9355,16,中
2026-04,高雄大林,A,A級,高危害,危害排除與隔離,隔離管制,設備管線是否加盲加鎖掛牌,38,33,30,3,1,1,0,0.9091,18,中
2026-04,高雄大林,A,A級,高危害,環境測定,氣體偵測數值,可燃性氣體%、氧氣%、一氧化碳PPM、硫化氫PPM,38,37,35,2,1,0,0,0.9459,13,低
2026-04,高雄大林,A,A級,高危害,環境測定,測定基準,可燃性氣體 < 20%LEL；氧氣>= 18%；一氧化碳<50 PPM；硫化氫<10 PPM,38,34,32,2,1,1,0,0.9412,16,中
2026-04,高雄大林,A,A級,高危害,環境測定,測定頻率,上、下午施工前測定；A級或高風險作業需重複或連續測定；每小時/每兩小時紀錄表,38,34,32,2,1,1,0,0.9412,16,中
2026-04,高雄大林,A,A級,高危害,防火防爆,消防設備,是否有消防設備,38,33,31,2,1,0,0,0.9394,13,低
2026-04,高雄大林,A,A級,高危害,防火防爆,防爆安全工具,是否使用防爆電氣設備及安全工具,38,31,29,2,1,1,0,0.9355,16,中
2026-04,高雄大林,A,A級,高危害,高處作業,防墜措施,設標準施工架、安全網、安全母索、安全帶,38,37,35,2,1,1,0,0.9459,16,中
2026-04,高雄大林,A,A級,高危害,安全保護,個人防護具,是否有防護口罩、防毒面具、SCBA、防護手套、安全眼鏡、耳塞,38,31,30,1,0,0,0,0.9677,2,低
2026-04,高雄大林,A,A級,高危害,警戒巡查,警戒標示,是否有警戒標示,38,32,31,1,0,1,0,0.9688,5,低
2026-04,高雄大林,A,A級,高危害,警戒巡查,巡查會簽,是否轄區、監造、安衛人員或工地負責人巡查會簽,38,38,37,1,0,0,0,0.9737,2,低
2026-04,高雄大林,A,A級,高危害,收工回簽,回簽收工確認,是否回簽時確認環境已整理並完成防護措施,38,33,32,1,0,0,0,0.9697,2,低
2026-04,高雄大林,A,A級,高危害,收工回簽,一般安全規定,是否遵守工安規定,38,32,31,1,0,0,0,0.9688,2,低
2026-04,高雄大林,A,A級,高危害,收工回簽,現場紀錄,是否拍照,38,34,33,1,0,0,0,0.9706,2,低
2026-04,高雄大林,B,B級,中危害,廠區,基本資料,工廠、日期、時間,79,70,69,1,0,0,0,0.9857,2,低
2026-04,高雄大林,B,B級,中危害,許可證,許可資訊,工程作業分級、申請時間、核准工作時間、工作許可證編號,79,71,69,2,0,1,0,0.9718,7,低
2026-04,高雄大林,B,B級,中危害,施工地點,場地關係人,施工部門、轄區部門、監造部門,79,79,77,2,0,1,0,0.9747,7,低
2026-04,高雄大林,B,B級,中危害,包商,承攬商與人員資格,承攬商、工作人數、車輛車號、工地負責人、安衛人員、特殊作業主管,79,74,72,2,0,1,0,0.973,7,低
2026-04,高雄大林,B,B級,中危害,危害等級,作業等級,施工地點、工程案號、工作內容、許可工作項目、作業分級,79,71,69,2,0,1,0,0.9718,7,低
2026-04,高雄大林,B,B級,中危害,危害等級,管線設備危害物,可燃性氣體、易燃液體、有害性氣體、化學藥劑、酸鹼、熱水蒸氣、空氣、其他,79,79,76,3,0,1,0,0.962,9,低
2026-04,高雄大林,B,B級,中危害,檢點與危害告知,簽發前安全檢點,是否安全檢點,79,71,69,2,0,1,0,0.9718,7,低
2026-04,高雄大林,B,B級,中危害,檢點與危害告知,危害告知,是否危害告知,79,70,68,2,0,1,0,0.9714,7,低
2026-04,高雄大林,B,B級,中危害,危害排除與隔離,環境危害排除,是否設備管線危害物排除,79,69,66,3,1,1,0,0.9565,18,中
2026-04,高雄大林,B,B級,中危害,危害排除與隔離,隔離管制,設備管線是否加盲加鎖掛牌,79,76,73,3,1,1,0,0.9605,18,中
2026-04,高雄大林,B,B級,中危害,環境測定,氣體偵測數值,可燃性氣體%、氧氣%、一氧化碳PPM、硫化氫PPM,79,69,66,3,1,1,0,0.9565,18,中
2026-04,高雄大林,B,B級,中危害,環境測定,測定基準,可燃性氣體 < 20%LEL；氧氣>= 18%；一氧化碳<50 PPM；硫化氫<10 PPM,79,71,68,3,1,1,0,0.9577,18,中
2026-04,高雄大林,B,B級,中危害,環境測定,測定頻率,上、下午施工前測定；A級或高風險作業需重複或連續測定；每小時/每兩小時紀錄表,79,67,64,3,1,1,0,0.9552,18,中
2026-04,高雄大林,B,B級,中危害,防火防爆,消防設備,是否有消防設備,79,79,76,3,1,1,0,0.962,18,中
2026-04,高雄大林,B,B級,中危害,防火防爆,防爆安全工具,是否使用防爆電氣設備及安全工具,79,72,68,4,1,1,0,0.9444,20,中
2026-04,高雄大林,B,B級,中危害,高處作業,防墜措施,設標準施工架、安全網、安全母索、安全帶,79,74,71,3,1,1,0,0.9595,18,中
2026-04,高雄大林,B,B級,中危害,安全保護,個人防護具,是否有防護口罩、防毒面具、SCBA、防護手套、安全眼鏡、耳塞,79,71,68,3,0,1,0,0.9577,9,低
2026-04,高雄大林,B,B級,中危害,警戒巡查,警戒標示,是否有警戒標示,79,66,64,2,0,0,0,0.9697,4,低
2026-04,高雄大林,B,B級,中危害,警戒巡查,巡查會簽,是否轄區、監造、安衛人員或工地負責人巡查會簽,79,70,68,2,0,1,0,0.9714,7,低
2026-04,高雄大林,B,B級,中危害,收工回簽,回簽收工確認,是否回簽時確認環境已整理並完成防護措施,79,71,69,2,0,1,0,0.9718,7,低
2026-04,高雄大林,B,B級,中危害,收工回簽,一般安全規定,是否遵守工安規定,79,73,71,2,0,1,0,0.9726,7,低
2026-04,高雄大林,B,B級,中危害,收工回簽,現場紀錄,是否拍照,79,70,68,2,0,1,0,0.9714,7,低
2026-04,高雄大林,C,C級,低危害,廠區,基本資料,工廠、日期、時間,60,58,57,1,0,0,0,0.9828,2,低
2026-04,高雄大林,C,C級,低危害,許可證,許可資訊,工程作業分級、申請時間、核准工作時間、工作許可證編號,60,53,52,1,0,0,0,0.9811,2,低
2026-04,高雄大林,C,C級,低危害,施工地點,場地關係人,施工部門、轄區部門、監造部門,60,54,53,1,0,0,0,0.9815,2,低
2026-04,高雄大林,C,C級,低危害,包商,承攬商與人員資格,承攬商、工作人數、車輛車號、工地負責人、安衛人員、特殊作業主管,60,52,50,2,0,1,0,0.9615,7,低
2026-04,高雄大林,C,C級,低危害,危害等級,作業等級,施工地點、工程案號、工作內容、許可工作項目、作業分級,60,54,52,2,0,1,0,0.963,7,低
2026-04,高雄大林,C,C級,低危害,危害等級,管線設備危害物,可燃性氣體、易燃液體、有害性氣體、化學藥劑、酸鹼、熱水蒸氣、空氣、其他,60,50,49,1,0,0,0,0.98,2,低
2026-04,高雄大林,C,C級,低危害,檢點與危害告知,簽發前安全檢點,是否安全檢點,60,56,55,1,0,0,0,0.9821,2,低
2026-04,高雄大林,C,C級,低危害,檢點與危害告知,危害告知,是否危害告知,60,55,53,2,0,1,0,0.9636,7,低
2026-04,高雄大林,C,C級,低危害,危害排除與隔離,環境危害排除,是否設備管線危害物排除,60,57,55,2,1,0,0,0.9649,13,低
2026-04,高雄大林,C,C級,低危害,危害排除與隔離,隔離管制,設備管線是否加盲加鎖掛牌,60,52,50,2,1,1,0,0.9615,16,中
2026-04,高雄大林,C,C級,低危害,環境測定,氣體偵測數值,可燃性氣體%、氧氣%、一氧化碳PPM、硫化氫PPM,60,50,48,2,1,1,0,0.96,16,中
2026-04,高雄大林,C,C級,低危害,環境測定,測定基準,可燃性氣體 < 20%LEL；氧氣>= 18%；一氧化碳<50 PPM；硫化氫<10 PPM,60,50,49,1,0,0,0,0.98,2,低
2026-04,高雄大林,C,C級,低危害,環境測定,測定頻率,上、下午施工前測定；A級或高風險作業需重複或連續測定；每小時/每兩小時紀錄表,60,56,54,2,1,0,0,0.9643,13,低
2026-04,高雄大林,C,C級,低危害,防火防爆,消防設備,是否有消防設備,60,59,57,2,1,1,0,0.9661,16,中
2026-04,高雄大林,C,C級,低危害,防火防爆,防爆安全工具,是否使用防爆電氣設備及安全工具,60,51,49,2,1,1,0,0.9608,16,中
2026-04,高雄大林,C,C級,低危害,高處作業,防墜措施,設標準施工架、安全網、安全母索、安全帶,60,52,50,2,1,1,0,0.9615,16,中
2026-04,高雄大林,C,C級,低危害,安全保護,個人防護具,是否有防護口罩、防毒面具、SCBA、防護手套、安全眼鏡、耳塞,60,51,50,1,0,0,0,0.9804,2,低
2026-04,高雄大林,C,C級,低危害,警戒巡查,警戒標示,是否有警戒標示,60,59,57,2,0,1,0,0.9661,7,低
2026-04,高雄大林,C,C級,低危害,警戒巡查,巡查會簽,是否轄區、監造、安衛人員或工地負責人巡查會簽,60,59,57,2,0,1,0,0.9661,7,低
2026-04,高雄大林,C,C級,低危害,收工回簽,回簽收工確認,是否回簽時確認環境已整理並完成防護措施,60,55,54,1,0,0,0,0.9818,2,低
2026-04,高雄大林,C,C級,低危害,收工回簽,一般安全規定,是否遵守工安規定,60,50,49,1,0,0,0,0.98,2,低
2026-04,高雄大林,C,C級,低危害,收工回簽,現場紀錄,是否拍照,60,58,56,2,0,1,0,0.9655,7,低
2026-05,高雄大林,A,A級,高危害,廠區,基本資料,工廠、日期、時間,38,32,31,1,0,0,0,0.9688,2,低
2026-05,高雄大林,A,A級,高危害,許可證,許可資訊,工程作業分級、申請時間、核准工作時間、工作許可證編號,38,33,32,1,0,0,0,0.9697,2,低
2026-05,高雄大林,A,A級,高危害,施工地點,場地關係人,施工部門、轄區部門、監造部門,38,32,31,1,0,0,0,0.9688,2,低
2026-05,高雄大林,A,A級,高危害,包商,承攬商與人員資格,承攬商、工作人數、車輛車號、工地負責人、安衛人員、特殊作業主管,38,37,35,2,0,1,0,0.9459,7,低
2026-05,高雄大林,A,A級,高危害,危害等級,作業等級,施工地點、工程案號、工作內容、許可工作項目、作業分級,38,38,36,2,0,1,0,0.9474,7,低
2026-05,高雄大林,A,A級,高危害,危害等級,管線設備危害物,可燃性氣體、易燃液體、有害性氣體、化學藥劑、酸鹼、熱水蒸氣、空氣、其他,38,35,33,2,0,1,0,0.9429,7,低
2026-05,高雄大林,A,A級,高危害,檢點與危害告知,簽發前安全檢點,是否安全檢點,38,32,30,2,0,1,0,0.9375,7,低
2026-05,高雄大林,A,A級,高危害,檢點與危害告知,危害告知,是否危害告知,38,37,35,2,0,1,0,0.9459,7,低
2026-05,高雄大林,A,A級,高危害,危害排除與隔離,環境危害排除,是否設備管線危害物排除,38,36,33,3,1,1,0,0.9167,18,中
2026-05,高雄大林,A,A級,高危害,危害排除與隔離,隔離管制,設備管線是否加盲加鎖掛牌,38,32,30,2,1,1,0,0.9375,16,中
2026-05,高雄大林,A,A級,高危害,環境測定,氣體偵測數值,可燃性氣體%、氧氣%、一氧化碳PPM、硫化氫PPM,38,35,32,3,1,2,1,0.9143,26,中
2026-05,高雄大林,A,A級,高危害,環境測定,測定基準,可燃性氣體 < 20%LEL；氧氣>= 18%；一氧化碳<50 PPM；硫化氫<10 PPM,38,36,34,2,1,1,0,0.9444,16,中
2026-05,高雄大林,A,A級,高危害,環境測定,測定頻率,上、下午施工前測定；A級或高風險作業需重複或連續測定；每小時/每兩小時紀錄表,38,35,32,3,1,1,0,0.9143,18,中
2026-05,高雄大林,A,A級,高危害,防火防爆,消防設備,是否有消防設備,38,32,30,2,1,1,0,0.9375,16,中
2026-05,高雄大林,A,A級,高危害,防火防爆,防爆安全工具,是否使用防爆電氣設備及安全工具,38,37,35,2,1,1,0,0.9459,16,中
2026-05,高雄大林,A,A級,高危害,高處作業,防墜措施,設標準施工架、安全網、安全母索、安全帶,38,38,36,2,1,0,0,0.9474,13,低
2026-05,高雄大林,A,A級,高危害,安全保護,個人防護具,是否有防護口罩、防毒面具、SCBA、防護手套、安全眼鏡、耳塞,38,38,37,1,0,0,0,0.9737,2,低
2026-05,高雄大林,A,A級,高危害,警戒巡查,警戒標示,是否有警戒標示,38,35,34,1,0,0,0,0.9714,2,低
2026-05,高雄大林,A,A級,高危害,警戒巡查,巡查會簽,是否轄區、監造、安衛人員或工地負責人巡查會簽,38,35,34,1,0,0,0,0.9714,2,低
2026-05,高雄大林,A,A級,高危害,收工回簽,回簽收工確認,是否回簽時確認環境已整理並完成防護措施,38,34,33,1,0,0,0,0.9706,2,低
2026-05,高雄大林,A,A級,高危害,收工回簽,一般安全規定,是否遵守工安規定,38,33,32,1,0,0,0,0.9697,2,低
2026-05,高雄大林,A,A級,高危害,收工回簽,現場紀錄,是否拍照,38,36,34,2,0,1,0,0.9444,7,低
2026-05,高雄大林,B,B級,中危害,廠區,基本資料,工廠、日期、時間,73,71,69,2,0,1,0,0.9718,7,低
2026-05,高雄大林,B,B級,中危害,許可證,許可資訊,工程作業分級、申請時間、核准工作時間、工作許可證編號,73,61,59,2,0,1,0,0.9672,7,低
2026-05,高雄大林,B,B級,中危害,施工地點,場地關係人,施工部門、轄區部門、監造部門,73,63,61,2,0,1,0,0.9683,7,低
2026-05,高雄大林,B,B級,中危害,包商,承攬商與人員資格,承攬商、工作人數、車輛車號、工地負責人、安衛人員、特殊作業主管,73,62,60,2,0,1,0,0.9677,7,低
2026-05,高雄大林,B,B級,中危害,危害等級,作業等級,施工地點、工程案號、工作內容、許可工作項目、作業分級,73,61,59,2,0,1,0,0.9672,7,低
2026-05,高雄大林,B,B級,中危害,危害等級,管線設備危害物,可燃性氣體、易燃液體、有害性氣體、化學藥劑、酸鹼、熱水蒸氣、空氣、其他,73,70,68,2,0,1,0,0.9714,7,低
2026-05,高雄大林,B,B級,中危害,檢點與危害告知,簽發前安全檢點,是否安全檢點,73,65,63,2,0,1,0,0.9692,7,低
2026-05,高雄大林,B,B級,中危害,檢點與危害告知,危害告知,是否危害告知,73,62,60,2,0,1,0,0.9677,7,低
2026-05,高雄大林,B,B級,中危害,危害排除與隔離,環境危害排除,是否設備管線危害物排除,73,67,64,3,1,1,0,0.9552,18,中
2026-05,高雄大林,B,B級,中危害,危害排除與隔離,隔離管制,設備管線是否加盲加鎖掛牌,73,64,62,2,1,1,0,0.9688,16,中
2026-05,高雄大林,B,B級,中危害,環境測定,氣體偵測數值,可燃性氣體%、氧氣%、一氧化碳PPM、硫化氫PPM,73,63,61,2,1,0,0,0.9683,13,低
2026-05,高雄大林,B,B級,中危害,環境測定,測定基準,可燃性氣體 < 20%LEL；氧氣>= 18%；一氧化碳<50 PPM；硫化氫<10 PPM,73,62,59,3,1,1,0,0.9516,18,中
2026-05,高雄大林,B,B級,中危害,環境測定,測定頻率,上、下午施工前測定；A級或高風險作業需重複或連續測定；每小時/每兩小時紀錄表,73,70,66,4,1,1,0,0.9429,20,中
2026-05,高雄大林,B,B級,中危害,防火防爆,消防設備,是否有消防設備,73,64,61,3,1,1,0,0.9531,18,中
2026-05,高雄大林,B,B級,中危害,防火防爆,防爆安全工具,是否使用防爆電氣設備及安全工具,73,63,60,3,1,1,0,0.9524,18,中
2026-05,高雄大林,B,B級,中危害,高處作業,防墜措施,設標準施工架、安全網、安全母索、安全帶,73,71,68,3,1,1,0,0.9577,18,中
2026-05,高雄大林,B,B級,中危害,安全保護,個人防護具,是否有防護口罩、防毒面具、SCBA、防護手套、安全眼鏡、耳塞,73,65,63,2,0,1,0,0.9692,7,低
2026-05,高雄大林,B,B級,中危害,警戒巡查,警戒標示,是否有警戒標示,73,61,59,2,0,1,0,0.9672,7,低
2026-05,高雄大林,B,B級,中危害,警戒巡查,巡查會簽,是否轄區、監造、安衛人員或工地負責人巡查會簽,73,64,62,2,0,1,0,0.9688,7,低
2026-05,高雄大林,B,B級,中危害,收工回簽,回簽收工確認,是否回簽時確認環境已整理並完成防護措施,73,66,64,2,0,1,0,0.9697,7,低
2026-05,高雄大林,B,B級,中危害,收工回簽,一般安全規定,是否遵守工安規定,73,67,65,2,0,1,0,0.9701,7,低
2026-05,高雄大林,B,B級,中危害,收工回簽,現場紀錄,是否拍照,73,67,65,2,0,1,0,0.9701,7,低
2026-05,高雄大林,C,C級,低危害,廠區,基本資料,工廠、日期、時間,57,54,53,1,0,0,0,0.9815,2,低
2026-05,高雄大林,C,C級,低危害,許可證,許可資訊,工程作業分級、申請時間、核准工作時間、工作許可證編號,57,50,49,1,0,0,0,0.98,2,低
2026-05,高雄大林,C,C級,低危害,施工地點,場地關係人,施工部門、轄區部門、監造部門,57,55,54,1,0,0,0,0.9818,2,低
2026-05,高雄大林,C,C級,低危害,包商,承攬商與人員資格,承攬商、工作人數、車輛車號、工地負責人、安衛人員、特殊作業主管,57,48,46,2,0,0,0,0.9583,4,低
2026-05,高雄大林,C,C級,低危害,危害等級,作業等級,施工地點、工程案號、工作內容、許可工作項目、作業分級,57,52,51,1,0,0,0,0.9808,2,低
2026-05,高雄大林,C,C級,低危害,危害等級,管線設備危害物,可燃性氣體、易燃液體、有害性氣體、化學藥劑、酸鹼、熱水蒸氣、空氣、其他,57,52,51,1,0,0,0,0.9808,2,低
2026-05,高雄大林,C,C級,低危害,檢點與危害告知,簽發前安全檢點,是否安全檢點,57,54,53,1,0,0,0,0.9815,2,低
2026-05,高雄大林,C,C級,低危害,檢點與危害告知,危害告知,是否危害告知,57,50,49,1,0,0,0,0.98,2,低
2026-05,高雄大林,C,C級,低危害,危害排除與隔離,環境危害排除,是否設備管線危害物排除,57,56,54,2,1,0,0,0.9643,13,低
2026-05,高雄大林,C,C級,低危害,危害排除與隔離,隔離管制,設備管線是否加盲加鎖掛牌,57,53,51,2,1,0,0,0.9623,13,低
2026-05,高雄大林,C,C級,低危害,環境測定,氣體偵測數值,可燃性氣體%、氧氣%、一氧化碳PPM、硫化氫PPM,57,50,48,2,1,1,0,0.96,16,中
2026-05,高雄大林,C,C級,低危害,環境測定,測定基準,可燃性氣體 < 20%LEL；氧氣>= 18%；一氧化碳<50 PPM；硫化氫<10 PPM,57,56,54,2,1,1,0,0.9643,16,中
2026-05,高雄大林,C,C級,低危害,環境測定,測定頻率,上、下午施工前測定；A級或高風險作業需重複或連續測定；每小時/每兩小時紀錄表,57,49,47,2,1,1,0,0.9592,16,中
2026-05,高雄大林,C,C級,低危害,防火防爆,消防設備,是否有消防設備,57,55,53,2,1,1,0,0.9636,16,中
2026-05,高雄大林,C,C級,低危害,防火防爆,防爆安全工具,是否使用防爆電氣設備及安全工具,57,49,47,2,1,1,0,0.9592,16,中
2026-05,高雄大林,C,C級,低危害,高處作業,防墜措施,設標準施工架、安全網、安全母索、安全帶,57,53,52,1,0,0,0,0.9811,2,低
2026-05,高雄大林,C,C級,低危害,安全保護,個人防護具,是否有防護口罩、防毒面具、SCBA、防護手套、安全眼鏡、耳塞,57,48,47,1,0,0,0,0.9792,2,低
2026-05,高雄大林,C,C級,低危害,警戒巡查,警戒標示,是否有警戒標示,57,56,55,1,0,0,0,0.9821,2,低
2026-05,高雄大林,C,C級,低危害,警戒巡查,巡查會簽,是否轄區、監造、安衛人員或工地負責人巡查會簽,57,50,49,1,0,0,0,0.98,2,低
2026-05,高雄大林,C,C級,低危害,收工回簽,回簽收工確認,是否回簽時確認環境已整理並完成防護措施,57,47,46,1,0,0,0,0.9787,2,低
2026-05,高雄大林,C,C級,低危害,收工回簽,一般安全規定,是否遵守工安規定,57,55,53,2,0,1,0,0.9636,7,低
2026-05,高雄大林,C,C級,低危害,收工回簽,現場紀錄,是否拍照,57,50,49,1,0,0,0,0.98,2,低
2026-06,高雄大林,A,A級,高危害,廠區,基本資料,工廠、日期、時間,36,31,30,1,0,0,0,0.9677,2,低
2026-06,高雄大林,A,A級,高危害,許可證,許可資訊,工程作業分級、申請時間、核准工作時間、工作許可證編號,36,33,32,1,0,0,0,0.9697,2,低
2026-06,高雄大林,A,A級,高危害,施工地點,場地關係人,施工部門、轄區部門、監造部門,36,30,29,1,0,0,0,0.9667,2,低
2026-06,高雄大林,A,A級,高危害,包商,承攬商與人員資格,承攬商、工作人數、車輛車號、工地負責人、安衛人員、特殊作業主管,36,36,34,2,0,0,0,0.9444,4,低
2026-06,高雄大林,A,A級,高危害,危害等級,作業等級,施工地點、工程案號、工作內容、許可工作項目、作業分級,36,32,31,1,0,0,0,0.9688,2,低
2026-06,高雄大林,A,A級,高危害,危害等級,管線設備危害物,可燃性氣體、易燃液體、有害性氣體、化學藥劑、酸鹼、熱水蒸氣、空氣、其他,36,30,29,1,0,0,0,0.9667,2,低
2026-06,高雄大林,A,A級,高危害,檢點與危害告知,簽發前安全檢點,是否安全檢點,36,35,33,2,0,1,0,0.9429,7,低
2026-06,高雄大林,A,A級,高危害,檢點與危害告知,危害告知,是否危害告知,36,32,31,1,0,0,0,0.9688,2,低
2026-06,高雄大林,A,A級,高危害,危害排除與隔離,環境危害排除,是否設備管線危害物排除,36,31,29,2,1,1,0,0.9355,16,中
2026-06,高雄大林,A,A級,高危害,危害排除與隔離,隔離管制,設備管線是否加盲加鎖掛牌,36,34,32,2,1,1,0,0.9412,16,中
2026-06,高雄大林,A,A級,高危害,環境測定,氣體偵測數值,可燃性氣體%、氧氣%、一氧化碳PPM、硫化氫PPM,36,30,28,2,1,1,0,0.9333,16,中
2026-06,高雄大林,A,A級,高危害,環境測定,測定基準,可燃性氣體 < 20%LEL；氧氣>= 18%；一氧化碳<50 PPM；硫化氫<10 PPM,36,36,34,2,1,1,0,0.9444,16,中
2026-06,高雄大林,A,A級,高危害,環境測定,測定頻率,上、下午施工前測定；A級或高風險作業需重複或連續測定；每小時/每兩小時紀錄表,36,36,34,2,1,1,0,0.9444,16,中
2026-06,高雄大林,A,A級,高危害,防火防爆,消防設備,是否有消防設備,36,32,30,2,1,1,0,0.9375,16,中
2026-06,高雄大林,A,A級,高危害,防火防爆,防爆安全工具,是否使用防爆電氣設備及安全工具,36,35,32,3,1,1,0,0.9143,18,中
2026-06,高雄大林,A,A級,高危害,高處作業,防墜措施,設標準施工架、安全網、安全母索、安全帶,36,31,29,2,1,1,0,0.9355,16,中
2026-06,高雄大林,A,A級,高危害,安全保護,個人防護具,是否有防護口罩、防毒面具、SCBA、防護手套、安全眼鏡、耳塞,36,36,34,2,0,1,0,0.9444,7,低
2026-06,高雄大林,A,A級,高危害,警戒巡查,警戒標示,是否有警戒標示,36,35,33,2,0,1,0,0.9429,7,低
2026-06,高雄大林,A,A級,高危害,警戒巡查,巡查會簽,是否轄區、監造、安衛人員或工地負責人巡查會簽,36,35,34,1,0,0,0,0.9714,2,低
2026-06,高雄大林,A,A級,高危害,收工回簽,回簽收工確認,是否回簽時確認環境已整理並完成防護措施,36,36,35,1,0,0,0,0.9722,2,低
2026-06,高雄大林,A,A級,高危害,收工回簽,一般安全規定,是否遵守工安規定,36,36,35,1,0,0,0,0.9722,2,低
2026-06,高雄大林,A,A級,高危害,收工回簽,現場紀錄,是否拍照,36,30,29,1,0,0,0,0.9667,2,低
2026-06,高雄大林,B,B級,中危害,廠區,基本資料,工廠、日期、時間,73,62,61,1,0,0,0,0.9839,2,低
2026-06,高雄大林,B,B級,中危害,許可證,許可資訊,工程作業分級、申請時間、核准工作時間、工作許可證編號,73,66,64,2,0,1,0,0.9697,7,低
2026-06,高雄大林,B,B級,中危害,施工地點,場地關係人,施工部門、轄區部門、監造部門,73,63,61,2,0,1,0,0.9683,7,低
2026-06,高雄大林,B,B級,中危害,包商,承攬商與人員資格,承攬商、工作人數、車輛車號、工地負責人、安衛人員、特殊作業主管,73,66,64,2,0,0,0,0.9697,4,低
2026-06,高雄大林,B,B級,中危害,危害等級,作業等級,施工地點、工程案號、工作內容、許可工作項目、作業分級,73,63,61,2,0,1,0,0.9683,7,低
2026-06,高雄大林,B,B級,中危害,危害等級,管線設備危害物,可燃性氣體、易燃液體、有害性氣體、化學藥劑、酸鹼、熱水蒸氣、空氣、其他,73,68,65,3,0,2,1,0.9559,17,中
2026-06,高雄大林,B,B級,中危害,檢點與危害告知,簽發前安全檢點,是否安全檢點,73,71,68,3,0,1,0,0.9577,9,低
2026-06,高雄大林,B,B級,中危害,檢點與危害告知,危害告知,是否危害告知,73,72,70,2,0,1,0,0.9722,7,低
2026-06,高雄大林,B,B級,中危害,危害排除與隔離,環境危害排除,是否設備管線危害物排除,73,70,67,3,1,1,0,0.9571,18,中
2026-06,高雄大林,B,B級,中危害,危害排除與隔離,隔離管制,設備管線是否加盲加鎖掛牌,73,68,64,4,1,1,0,0.9412,20,中
2026-06,高雄大林,B,B級,中危害,環境測定,氣體偵測數值,可燃性氣體%、氧氣%、一氧化碳PPM、硫化氫PPM,73,67,64,3,1,1,0,0.9552,18,中
2026-06,高雄大林,B,B級,中危害,環境測定,測定基準,可燃性氣體 < 20%LEL；氧氣>= 18%；一氧化碳<50 PPM；硫化氫<10 PPM,73,70,67,3,1,1,0,0.9571,18,中
2026-06,高雄大林,B,B級,中危害,環境測定,測定頻率,上、下午施工前測定；A級或高風險作業需重複或連續測定；每小時/每兩小時紀錄表,73,67,63,4,1,1,0,0.9403,20,中
2026-06,高雄大林,B,B級,中危害,防火防爆,消防設備,是否有消防設備,73,72,69,3,1,1,0,0.9583,18,中
2026-06,高雄大林,B,B級,中危害,防火防爆,防爆安全工具,是否使用防爆電氣設備及安全工具,73,66,64,2,1,1,0,0.9697,16,中
2026-06,高雄大林,B,B級,中危害,高處作業,防墜措施,設標準施工架、安全網、安全母索、安全帶,73,67,63,4,1,1,0,0.9403,20,中
2026-06,高雄大林,B,B級,中危害,安全保護,個人防護具,是否有防護口罩、防毒面具、SCBA、防護手套、安全眼鏡、耳塞,73,66,63,3,1,1,0,0.9545,18,中
2026-06,高雄大林,B,B級,中危害,警戒巡查,警戒標示,是否有警戒標示,73,65,63,2,0,0,0,0.9692,4,低
2026-06,高雄大林,B,B級,中危害,警戒巡查,巡查會簽,是否轄區、監造、安衛人員或工地負責人巡查會簽,73,67,65,2,0,1,0,0.9701,7,低
2026-06,高雄大林,B,B級,中危害,收工回簽,回簽收工確認,是否回簽時確認環境已整理並完成防護措施,73,71,68,3,0,1,0,0.9577,9,低
2026-06,高雄大林,B,B級,中危害,收工回簽,一般安全規定,是否遵守工安規定,73,63,61,2,0,1,0,0.9683,7,低
2026-06,高雄大林,B,B級,中危害,收工回簽,現場紀錄,是否拍照,73,71,69,2,0,1,0,0.9718,7,低
2026-06,高雄大林,C,C級,低危害,廠區,基本資料,工廠、日期、時間,51,47,46,1,0,0,0,0.9787,2,低
2026-06,高雄大林,C,C級,低危害,許可證,許可資訊,工程作業分級、申請時間、核准工作時間、工作許可證編號,51,49,48,1,0,0,0,0.9796,2,低
2026-06,高雄大林,C,C級,低危害,施工地點,場地關係人,施工部門、轄區部門、監造部門,51,42,41,1,0,0,0,0.9762,2,低
2026-06,高雄大林,C,C級,低危害,包商,承攬商與人員資格,承攬商、工作人數、車輛車號、工地負責人、安衛人員、特殊作業主管,51,42,41,1,0,0,0,0.9762,2,低
2026-06,高雄大林,C,C級,低危害,危害等級,作業等級,施工地點、工程案號、工作內容、許可工作項目、作業分級,51,43,42,1,0,0,0,0.9767,2,低
2026-06,高雄大林,C,C級,低危害,危害等級,管線設備危害物,可燃性氣體、易燃液體、有害性氣體、化學藥劑、酸鹼、熱水蒸氣、空氣、其他,51,48,47,1,0,0,0,0.9792,2,低
2026-06,高雄大林,C,C級,低危害,檢點與危害告知,簽發前安全檢點,是否安全檢點,51,47,46,1,0,0,0,0.9787,2,低
2026-06,高雄大林,C,C級,低危害,檢點與危害告知,危害告知,是否危害告知,51,48,47,1,0,0,0,0.9792,2,低
2026-06,高雄大林,C,C級,低危害,危害排除與隔離,環境危害排除,是否設備管線危害物排除,51,45,44,1,0,1,0,0.9778,5,低
2026-06,高雄大林,C,C級,低危害,危害排除與隔離,隔離管制,設備管線是否加盲加鎖掛牌,51,47,46,1,0,0,0,0.9787,2,低
2026-06,高雄大林,C,C級,低危害,環境測定,氣體偵測數值,可燃性氣體%、氧氣%、一氧化碳PPM、硫化氫PPM,51,50,49,1,0,0,0,0.98,2,低
2026-06,高雄大林,C,C級,低危害,環境測定,測定基準,可燃性氣體 < 20%LEL；氧氣>= 18%；一氧化碳<50 PPM；硫化氫<10 PPM,51,46,45,1,0,0,0,0.9783,2,低
2026-06,高雄大林,C,C級,低危害,環境測定,測定頻率,上、下午施工前測定；A級或高風險作業需重複或連續測定；每小時/每兩小時紀錄表,51,49,47,2,1,1,0,0.9592,16,中
2026-06,高雄大林,C,C級,低危害,防火防爆,消防設備,是否有消防設備,51,45,43,2,1,0,0,0.9556,13,低
2026-06,高雄大林,C,C級,低危害,防火防爆,防爆安全工具,是否使用防爆電氣設備及安全工具,51,51,49,2,1,1,0,0.9608,16,中
2026-06,高雄大林,C,C級,低危害,高處作業,防墜措施,設標準施工架、安全網、安全母索、安全帶,51,47,45,2,1,1,0,0.9574,16,中
2026-06,高雄大林,C,C級,低危害,安全保護,個人防護具,是否有防護口罩、防毒面具、SCBA、防護手套、安全眼鏡、耳塞,51,50,49,1,0,0,0,0.98,2,低
2026-06,高雄大林,C,C級,低危害,警戒巡查,警戒標示,是否有警戒標示,51,47,46,1,0,0,0,0.9787,2,低
2026-06,高雄大林,C,C級,低危害,警戒巡查,巡查會簽,是否轄區、監造、安衛人員或工地負責人巡查會簽,51,48,47,1,0,0,0,0.9792,2,低
2026-06,高雄大林,C,C級,低危害,收工回簽,回簽收工確認,是否回簽時確認環境已整理並完成防護措施,51,45,44,1,0,0,0,0.9778,2,低
2026-06,高雄大林,C,C級,低危害,收工回簽,一般安全規定,是否遵守工安規定,51,49,48,1,0,0,0,0.9796,2,低
2026-06,高雄大林,C,C級,低危害,收工回簽,現場紀錄,是否拍照,51,44,43,1,0,0,0,0.9773,2,低
2026-07,高雄大林,A,A級,高危害,廠區,基本資料,工廠、日期、時間,36,36,35,1,0,1,0,0.9722,5,低
2026-07,高雄大林,A,A級,高危害,許可證,許可資訊,工程作業分級、申請時間、核准工作時間、工作許可證編號,36,33,32,1,0,0,0,0.9697,2,低
2026-07,高雄大林,A,A級,高危害,施工地點,場地關係人,施工部門、轄區部門、監造部門,36,35,34,1,0,0,0,0.9714,2,低
2026-07,高雄大林,A,A級,高危害,包商,承攬商與人員資格,承攬商、工作人數、車輛車號、工地負責人、安衛人員、特殊作業主管,36,33,31,2,0,1,0,0.9394,7,低
2026-07,高雄大林,A,A級,高危害,危害等級,作業等級,施工地點、工程案號、工作內容、許可工作項目、作業分級,36,34,32,2,0,1,0,0.9412,7,低
2026-07,高雄大林,A,A級,高危害,危害等級,管線設備危害物,可燃性氣體、易燃液體、有害性氣體、化學藥劑、酸鹼、熱水蒸氣、空氣、其他,36,31,29,2,0,1,0,0.9355,7,低
2026-07,高雄大林,A,A級,高危害,檢點與危害告知,簽發前安全檢點,是否安全檢點,36,34,33,1,0,0,0,0.9706,2,低
2026-07,高雄大林,A,A級,高危害,檢點與危害告知,危害告知,是否危害告知,36,31,30,1,0,0,0,0.9677,2,低
2026-07,高雄大林,A,A級,高危害,危害排除與隔離,環境危害排除,是否設備管線危害物排除,36,34,31,3,1,1,0,0.9118,18,中
2026-07,高雄大林,A,A級,高危害,危害排除與隔離,隔離管制,設備管線是否加盲加鎖掛牌,36,34,32,2,1,1,0,0.9412,16,中
2026-07,高雄大林,A,A級,高危害,環境測定,氣體偵測數值,可燃性氣體%、氧氣%、一氧化碳PPM、硫化氫PPM,36,32,30,2,1,1,0,0.9375,16,中
2026-07,高雄大林,A,A級,高危害,環境測定,測定基準,可燃性氣體 < 20%LEL；氧氣>= 18%；一氧化碳<50 PPM；硫化氫<10 PPM,36,35,32,3,1,1,0,0.9143,18,中
2026-07,高雄大林,A,A級,高危害,環境測定,測定頻率,上、下午施工前測定；A級或高風險作業需重複或連續測定；每小時/每兩小時紀錄表,36,30,28,2,1,1,0,0.9333,16,中
2026-07,高雄大林,A,A級,高危害,防火防爆,消防設備,是否有消防設備,36,35,32,3,1,1,0,0.9143,18,中
2026-07,高雄大林,A,A級,高危害,防火防爆,防爆安全工具,是否使用防爆電氣設備及安全工具,36,36,34,2,1,1,0,0.9444,16,中
2026-07,高雄大林,A,A級,高危害,高處作業,防墜措施,設標準施工架、安全網、安全母索、安全帶,36,32,31,1,0,0,0,0.9688,2,低
2026-07,高雄大林,A,A級,高危害,安全保護,個人防護具,是否有防護口罩、防毒面具、SCBA、防護手套、安全眼鏡、耳塞,36,35,33,2,0,0,0,0.9429,4,低
2026-07,高雄大林,A,A級,高危害,警戒巡查,警戒標示,是否有警戒標示,36,35,33,2,0,1,0,0.9429,7,低
2026-07,高雄大林,A,A級,高危害,警戒巡查,巡查會簽,是否轄區、監造、安衛人員或工地負責人巡查會簽,36,36,35,1,0,0,0,0.9722,2,低
2026-07,高雄大林,A,A級,高危害,收工回簽,回簽收工確認,是否回簽時確認環境已整理並完成防護措施,36,32,31,1,0,0,0,0.9688,2,低
2026-07,高雄大林,A,A級,高危害,收工回簽,一般安全規定,是否遵守工安規定,36,32,31,1,0,0,0,0.9688,2,低
2026-07,高雄大林,A,A級,高危害,收工回簽,現場紀錄,是否拍照,36,34,33,1,0,0,0,0.9706,2,低
2026-07,高雄大林,B,B級,中危害,廠區,基本資料,工廠、日期、時間,65,64,63,1,0,0,0,0.9844,2,低
2026-07,高雄大林,B,B級,中危害,許可證,許可資訊,工程作業分級、申請時間、核准工作時間、工作許可證編號,65,61,59,2,0,1,0,0.9672,7,低
2026-07,高雄大林,B,B級,中危害,施工地點,場地關係人,施工部門、轄區部門、監造部門,65,60,58,2,0,1,0,0.9667,7,低
2026-07,高雄大林,B,B級,中危害,包商,承攬商與人員資格,承攬商、工作人數、車輛車號、工地負責人、安衛人員、特殊作業主管,65,59,57,2,0,1,0,0.9661,7,低
2026-07,高雄大林,B,B級,中危害,危害等級,作業等級,施工地點、工程案號、工作內容、許可工作項目、作業分級,65,54,52,2,0,1,0,0.963,7,低
2026-07,高雄大林,B,B級,中危害,危害等級,管線設備危害物,可燃性氣體、易燃液體、有害性氣體、化學藥劑、酸鹼、熱水蒸氣、空氣、其他,65,59,57,2,0,1,0,0.9661,7,低
2026-07,高雄大林,B,B級,中危害,檢點與危害告知,簽發前安全檢點,是否安全檢點,65,57,56,1,0,0,0,0.9825,2,低
2026-07,高雄大林,B,B級,中危害,檢點與危害告知,危害告知,是否危害告知,65,55,54,1,0,0,0,0.9818,2,低
2026-07,高雄大林,B,B級,中危害,危害排除與隔離,環境危害排除,是否設備管線危害物排除,65,58,55,3,1,1,0,0.9483,18,中
2026-07,高雄大林,B,B級,中危害,危害排除與隔離,隔離管制,設備管線是否加盲加鎖掛牌,65,64,61,3,1,1,0,0.9531,18,中
2026-07,高雄大林,B,B級,中危害,環境測定,氣體偵測數值,可燃性氣體%、氧氣%、一氧化碳PPM、硫化氫PPM,65,64,61,3,1,1,0,0.9531,18,中
2026-07,高雄大林,B,B級,中危害,環境測定,測定基準,可燃性氣體 < 20%LEL；氧氣>= 18%；一氧化碳<50 PPM；硫化氫<10 PPM,65,60,57,3,1,1,0,0.95,18,中
2026-07,高雄大林,B,B級,中危害,環境測定,測定頻率,上、下午施工前測定；A級或高風險作業需重複或連續測定；每小時/每兩小時紀錄表,65,60,57,3,1,1,0,0.95,18,中
2026-07,高雄大林,B,B級,中危害,防火防爆,消防設備,是否有消防設備,65,60,57,3,1,1,0,0.95,18,中
2026-07,高雄大林,B,B級,中危害,防火防爆,防爆安全工具,是否使用防爆電氣設備及安全工具,65,65,61,4,1,1,0,0.9385,20,中
2026-07,高雄大林,B,B級,中危害,高處作業,防墜措施,設標準施工架、安全網、安全母索、安全帶,65,60,57,3,1,1,0,0.95,18,中
2026-07,高雄大林,B,B級,中危害,安全保護,個人防護具,是否有防護口罩、防毒面具、SCBA、防護手套、安全眼鏡、耳塞,65,62,60,2,0,1,0,0.9677,7,低
2026-07,高雄大林,B,B級,中危害,警戒巡查,警戒標示,是否有警戒標示,65,64,61,3,0,1,0,0.9531,9,低
2026-07,高雄大林,B,B級,中危害,警戒巡查,巡查會簽,是否轄區、監造、安衛人員或工地負責人巡查會簽,65,61,59,2,0,1,0,0.9672,7,低
2026-07,高雄大林,B,B級,中危害,收工回簽,回簽收工確認,是否回簽時確認環境已整理並完成防護措施,65,57,55,2,0,1,0,0.9649,7,低
2026-07,高雄大林,B,B級,中危害,收工回簽,一般安全規定,是否遵守工安規定,65,62,60,2,0,0,0,0.9677,4,低
2026-07,高雄大林,B,B級,中危害,收工回簽,現場紀錄,是否拍照,65,60,58,2,0,0,0,0.9667,4,低
2026-07,高雄大林,C,C級,低危害,廠區,基本資料,工廠、日期、時間,53,44,43,1,0,0,0,0.9773,2,低
2026-07,高雄大林,C,C級,低危害,許可證,許可資訊,工程作業分級、申請時間、核准工作時間、工作許可證編號,53,52,51,1,0,0,0,0.9808,2,低
2026-07,高雄大林,C,C級,低危害,施工地點,場地關係人,施工部門、轄區部門、監造部門,53,52,51,1,0,0,0,0.9808,2,低
2026-07,高雄大林,C,C級,低危害,包商,承攬商與人員資格,承攬商、工作人數、車輛車號、工地負責人、安衛人員、特殊作業主管,53,49,47,2,0,1,0,0.9592,7,低
2026-07,高雄大林,C,C級,低危害,危害等級,作業等級,施工地點、工程案號、工作內容、許可工作項目、作業分級,53,48,46,2,0,1,0,0.9583,7,低
2026-07,高雄大林,C,C級,低危害,危害等級,管線設備危害物,可燃性氣體、易燃液體、有害性氣體、化學藥劑、酸鹼、熱水蒸氣、空氣、其他,53,51,49,2,0,0,0,0.9608,4,低
2026-07,高雄大林,C,C級,低危害,檢點與危害告知,簽發前安全檢點,是否安全檢點,53,49,48,1,0,0,0,0.9796,2,低
2026-07,高雄大林,C,C級,低危害,檢點與危害告知,危害告知,是否危害告知,53,44,43,1,0,0,0,0.9773,2,低
2026-07,高雄大林,C,C級,低危害,危害排除與隔離,環境危害排除,是否設備管線危害物排除,53,51,49,2,1,1,0,0.9608,16,中
2026-07,高雄大林,C,C級,低危害,危害排除與隔離,隔離管制,設備管線是否加盲加鎖掛牌,53,49,48,1,0,0,0,0.9796,2,低
2026-07,高雄大林,C,C級,低危害,環境測定,氣體偵測數值,可燃性氣體%、氧氣%、一氧化碳PPM、硫化氫PPM,53,48,46,2,1,1,0,0.9583,16,中
2026-07,高雄大林,C,C級,低危害,環境測定,測定基準,可燃性氣體 < 20%LEL；氧氣>= 18%；一氧化碳<50 PPM；硫化氫<10 PPM,53,48,46,2,1,1,0,0.9583,16,中
2026-07,高雄大林,C,C級,低危害,環境測定,測定頻率,上、下午施工前測定；A級或高風險作業需重複或連續測定；每小時/每兩小時紀錄表,53,48,46,2,1,1,0,0.9583,16,中
2026-07,高雄大林,C,C級,低危害,防火防爆,消防設備,是否有消防設備,53,49,47,2,1,1,0,0.9592,16,中
2026-07,高雄大林,C,C級,低危害,防火防爆,防爆安全工具,是否使用防爆電氣設備及安全工具,53,46,44,2,1,1,0,0.9565,16,中
2026-07,高雄大林,C,C級,低危害,高處作業,防墜措施,設標準施工架、安全網、安全母索、安全帶,53,50,49,1,0,0,0,0.98,2,低
2026-07,高雄大林,C,C級,低危害,安全保護,個人防護具,是否有防護口罩、防毒面具、SCBA、防護手套、安全眼鏡、耳塞,53,52,50,2,0,1,0,0.9615,7,低
2026-07,高雄大林,C,C級,低危害,警戒巡查,警戒標示,是否有警戒標示,53,44,43,1,0,0,0,0.9773,2,低
2026-07,高雄大林,C,C級,低危害,警戒巡查,巡查會簽,是否轄區、監造、安衛人員或工地負責人巡查會簽,53,49,48,1,0,0,0,0.9796,2,低
2026-07,高雄大林,C,C級,低危害,收工回簽,回簽收工確認,是否回簽時確認環境已整理並完成防護措施,53,48,47,1,0,0,0,0.9792,2,低
2026-07,高雄大林,C,C級,低危害,收工回簽,一般安全規定,是否遵守工安規定,53,49,48,1,0,0,0,0.9796,2,低
2026-07,高雄大林,C,C級,低危害,收工回簽,現場紀錄,是否拍照,53,44,43,1,0,0,0,0.9773,2,低
2026-08,高雄大林,A,A級,高危害,廠區,基本資料,工廠、日期、時間,32,28,27,1,0,0,0,0.9643,2,低
2026-08,高雄大林,A,A級,高危害,許可證,許可資訊,工程作業分級、申請時間、核准工作時間、工作許可證編號,32,30,29,1,0,0,0,0.9667,2,低
2026-08,高雄大林,A,A級,高危害,施工地點,場地關係人,施工部門、轄區部門、監造部門,32,31,30,1,0,0,0,0.9677,2,低
2026-08,高雄大林,A,A級,高危害,包商,承攬商與人員資格,承攬商、工作人數、車輛車號、工地負責人、安衛人員、特殊作業主管,32,27,26,1,0,0,0,0.963,2,低
2026-08,高雄大林,A,A級,高危害,危害等級,作業等級,施工地點、工程案號、工作內容、許可工作項目、作業分級,32,30,29,1,0,0,0,0.9667,2,低
2026-08,高雄大林,A,A級,高危害,危害等級,管線設備危害物,可燃性氣體、易燃液體、有害性氣體、化學藥劑、酸鹼、熱水蒸氣、空氣、其他,32,29,27,2,0,1,0,0.931,7,低
2026-08,高雄大林,A,A級,高危害,檢點與危害告知,簽發前安全檢點,是否安全檢點,32,29,28,1,0,0,0,0.9655,2,低
2026-08,高雄大林,A,A級,高危害,檢點與危害告知,危害告知,是否危害告知,32,27,26,1,0,0,0,0.963,2,低
2026-08,高雄大林,A,A級,高危害,危害排除與隔離,環境危害排除,是否設備管線危害物排除,32,31,29,2,1,1,0,0.9355,16,中
2026-08,高雄大林,A,A級,高危害,危害排除與隔離,隔離管制,設備管線是否加盲加鎖掛牌,32,31,29,2,1,1,0,0.9355,16,中
2026-08,高雄大林,A,A級,高危害,環境測定,氣體偵測數值,可燃性氣體%、氧氣%、一氧化碳PPM、硫化氫PPM,32,28,26,2,1,1,0,0.9286,16,中
2026-08,高雄大林,A,A級,高危害,環境測定,測定基準,可燃性氣體 < 20%LEL；氧氣>= 18%；一氧化碳<50 PPM；硫化氫<10 PPM,32,31,28,3,1,1,0,0.9032,18,中
2026-08,高雄大林,A,A級,高危害,環境測定,測定頻率,上、下午施工前測定；A級或高風險作業需重複或連續測定；每小時/每兩小時紀錄表,32,29,27,2,1,1,0,0.931,16,中
2026-08,高雄大林,A,A級,高危害,防火防爆,消防設備,是否有消防設備,32,30,28,2,1,1,0,0.9333,16,中
2026-08,高雄大林,A,A級,高危害,防火防爆,防爆安全工具,是否使用防爆電氣設備及安全工具,32,31,29,2,1,0,0,0.9355,13,低
2026-08,高雄大林,A,A級,高危害,高處作業,防墜措施,設標準施工架、安全網、安全母索、安全帶,32,29,28,1,0,1,0,0.9655,5,低
2026-08,高雄大林,A,A級,高危害,安全保護,個人防護具,是否有防護口罩、防毒面具、SCBA、防護手套、安全眼鏡、耳塞,32,29,28,1,0,0,0,0.9655,2,低
2026-08,高雄大林,A,A級,高危害,警戒巡查,警戒標示,是否有警戒標示,32,27,26,1,0,0,0,0.963,2,低
2026-08,高雄大林,A,A級,高危害,警戒巡查,巡查會簽,是否轄區、監造、安衛人員或工地負責人巡查會簽,32,28,27,1,0,0,0,0.9643,2,低
2026-08,高雄大林,A,A級,高危害,收工回簽,回簽收工確認,是否回簽時確認環境已整理並完成防護措施,32,30,29,1,0,0,0,0.9667,2,低
2026-08,高雄大林,A,A級,高危害,收工回簽,一般安全規定,是否遵守工安規定,32,27,26,1,0,1,0,0.963,5,低
2026-08,高雄大林,A,A級,高危害,收工回簽,現場紀錄,是否拍照,32,27,26,1,0,0,0,0.963,2,低
2026-08,高雄大林,B,B級,中危害,廠區,基本資料,工廠、日期、時間,67,58,57,1,0,0,0,0.9828,2,低
2026-08,高雄大林,B,B級,中危害,許可證,許可資訊,工程作業分級、申請時間、核准工作時間、工作許可證編號,67,56,55,1,0,1,0,0.9821,5,低
2026-08,高雄大林,B,B級,中危害,施工地點,場地關係人,施工部門、轄區部門、監造部門,67,59,58,1,0,0,0,0.9831,2,低
2026-08,高雄大林,B,B級,中危害,包商,承攬商與人員資格,承攬商、工作人數、車輛車號、工地負責人、安衛人員、特殊作業主管,67,64,62,2,0,1,0,0.9688,7,低
2026-08,高雄大林,B,B級,中危害,危害等級,作業等級,施工地點、工程案號、工作內容、許可工作項目、作業分級,67,56,54,2,0,1,0,0.9643,7,低
2026-08,高雄大林,B,B級,中危害,危害等級,管線設備危害物,可燃性氣體、易燃液體、有害性氣體、化學藥劑、酸鹼、熱水蒸氣、空氣、其他,67,60,58,2,0,1,0,0.9667,7,低
2026-08,高雄大林,B,B級,中危害,檢點與危害告知,簽發前安全檢點,是否安全檢點,67,65,63,2,0,1,0,0.9692,7,低
2026-08,高雄大林,B,B級,中危害,檢點與危害告知,危害告知,是否危害告知,67,56,55,1,0,0,0,0.9821,2,低
2026-08,高雄大林,B,B級,中危害,危害排除與隔離,環境危害排除,是否設備管線危害物排除,67,57,54,3,1,1,0,0.9474,18,中
2026-08,高雄大林,B,B級,中危害,危害排除與隔離,隔離管制,設備管線是否加盲加鎖掛牌,67,65,63,2,1,1,0,0.9692,16,中
2026-08,高雄大林,B,B級,中危害,環境測定,氣體偵測數值,可燃性氣體%、氧氣%、一氧化碳PPM、硫化氫PPM,67,65,62,3,1,1,0,0.9538,18,中
2026-08,高雄大林,B,B級,中危害,環境測定,測定基準,可燃性氣體 < 20%LEL；氧氣>= 18%；一氧化碳<50 PPM；硫化氫<10 PPM,67,58,55,3,1,1,0,0.9483,18,中
2026-08,高雄大林,B,B級,中危害,環境測定,測定頻率,上、下午施工前測定；A級或高風險作業需重複或連續測定；每小時/每兩小時紀錄表,67,59,56,3,1,1,0,0.9492,18,中
2026-08,高雄大林,B,B級,中危害,防火防爆,消防設備,是否有消防設備,67,65,62,3,1,1,0,0.9538,18,中
2026-08,高雄大林,B,B級,中危害,防火防爆,防爆安全工具,是否使用防爆電氣設備及安全工具,67,67,64,3,1,1,0,0.9552,18,中
2026-08,高雄大林,B,B級,中危害,高處作業,防墜措施,設標準施工架、安全網、安全母索、安全帶,67,58,56,2,1,1,0,0.9655,16,中
2026-08,高雄大林,B,B級,中危害,安全保護,個人防護具,是否有防護口罩、防毒面具、SCBA、防護手套、安全眼鏡、耳塞,67,66,64,2,0,0,0,0.9697,4,低
2026-08,高雄大林,B,B級,中危害,警戒巡查,警戒標示,是否有警戒標示,67,57,55,2,0,1,0,0.9649,7,低
2026-08,高雄大林,B,B級,中危害,警戒巡查,巡查會簽,是否轄區、監造、安衛人員或工地負責人巡查會簽,67,56,54,2,0,0,0,0.9643,4,低
2026-08,高雄大林,B,B級,中危害,收工回簽,回簽收工確認,是否回簽時確認環境已整理並完成防護措施,67,60,58,2,0,1,0,0.9667,7,低
2026-08,高雄大林,B,B級,中危害,收工回簽,一般安全規定,是否遵守工安規定,67,59,57,2,0,1,0,0.9661,7,低
2026-08,高雄大林,B,B級,中危害,收工回簽,現場紀錄,是否拍照,67,60,58,2,0,1,0,0.9667,7,低
2026-08,高雄大林,C,C級,低危害,廠區,基本資料,工廠、日期、時間,49,48,47,1,0,0,0,0.9792,2,低
2026-08,高雄大林,C,C級,低危害,許可證,許可資訊,工程作業分級、申請時間、核准工作時間、工作許可證編號,49,44,43,1,0,0,0,0.9773,2,低
2026-08,高雄大林,C,C級,低危害,施工地點,場地關係人,施工部門、轄區部門、監造部門,49,42,41,1,0,0,0,0.9762,2,低
2026-08,高雄大林,C,C級,低危害,包商,承攬商與人員資格,承攬商、工作人數、車輛車號、工地負責人、安衛人員、特殊作業主管,49,48,46,2,0,1,0,0.9583,7,低
2026-08,高雄大林,C,C級,低危害,危害等級,作業等級,施工地點、工程案號、工作內容、許可工作項目、作業分級,49,43,42,1,0,0,0,0.9767,2,低
2026-08,高雄大林,C,C級,低危害,危害等級,管線設備危害物,可燃性氣體、易燃液體、有害性氣體、化學藥劑、酸鹼、熱水蒸氣、空氣、其他,49,46,45,1,0,0,0,0.9783,2,低
2026-08,高雄大林,C,C級,低危害,檢點與危害告知,簽發前安全檢點,是否安全檢點,49,46,45,1,0,0,0,0.9783,2,低
2026-08,高雄大林,C,C級,低危害,檢點與危害告知,危害告知,是否危害告知,49,46,45,1,0,0,0,0.9783,2,低
2026-08,高雄大林,C,C級,低危害,危害排除與隔離,環境危害排除,是否設備管線危害物排除,49,47,45,2,1,1,0,0.9574,16,中
2026-08,高雄大林,C,C級,低危害,危害排除與隔離,隔離管制,設備管線是否加盲加鎖掛牌,49,44,42,2,1,1,0,0.9545,16,中
2026-08,高雄大林,C,C級,低危害,環境測定,氣體偵測數值,可燃性氣體%、氧氣%、一氧化碳PPM、硫化氫PPM,49,43,41,2,1,1,0,0.9535,16,中
2026-08,高雄大林,C,C級,低危害,環境測定,測定基準,可燃性氣體 < 20%LEL；氧氣>= 18%；一氧化碳<50 PPM；硫化氫<10 PPM,49,43,41,2,1,1,0,0.9535,16,中
2026-08,高雄大林,C,C級,低危害,環境測定,測定頻率,上、下午施工前測定；A級或高風險作業需重複或連續測定；每小時/每兩小時紀錄表,49,41,39,2,1,1,0,0.9512,16,中
2026-08,高雄大林,C,C級,低危害,防火防爆,消防設備,是否有消防設備,49,49,47,2,1,1,0,0.9592,16,中
2026-08,高雄大林,C,C級,低危害,防火防爆,防爆安全工具,是否使用防爆電氣設備及安全工具,49,44,42,2,1,0,0,0.9545,13,低
2026-08,高雄大林,C,C級,低危害,高處作業,防墜措施,設標準施工架、安全網、安全母索、安全帶,49,41,40,1,0,0,0,0.9756,2,低
2026-08,高雄大林,C,C級,低危害,安全保護,個人防護具,是否有防護口罩、防毒面具、SCBA、防護手套、安全眼鏡、耳塞,49,49,48,1,0,0,0,0.9796,2,低
2026-08,高雄大林,C,C級,低危害,警戒巡查,警戒標示,是否有警戒標示,49,48,47,1,0,0,0,0.9792,2,低
2026-08,高雄大林,C,C級,低危害,警戒巡查,巡查會簽,是否轄區、監造、安衛人員或工地負責人巡查會簽,49,48,47,1,0,0,0,0.9792,2,低
2026-08,高雄大林,C,C級,低危害,收工回簽,回簽收工確認,是否回簽時確認環境已整理並完成防護措施,49,41,40,1,0,0,0,0.9756,2,低
2026-08,高雄大林,C,C級,低危害,收工回簽,一般安全規定,是否遵守工安規定,49,46,45,1,0,0,0,0.9783,2,低
2026-08,高雄大林,C,C級,低危害,收工回簽,現場紀錄,是否拍照,49,49,48,1,0,0,0,0.9796,2,低
2026-09,高雄大林,A,A級,高危害,廠區,基本資料,工廠、日期、時間,30,27,26,1,0,0,0,0.963,2,低
2026-09,高雄大林,A,A級,高危害,許可證,許可資訊,工程作業分級、申請時間、核准工作時間、工作許可證編號,30,25,24,1,0,0,0,0.96,2,低
2026-09,高雄大林,A,A級,高危害,施工地點,場地關係人,施工部門、轄區部門、監造部門,30,30,29,1,0,0,0,0.9667,2,低
2026-09,高雄大林,A,A級,高危害,包商,承攬商與人員資格,承攬商、工作人數、車輛車號、工地負責人、安衛人員、特殊作業主管,30,30,29,1,0,0,0,0.9667,2,低
2026-09,高雄大林,A,A級,高危害,危害等級,作業等級,施工地點、工程案號、工作內容、許可工作項目、作業分級,30,30,29,1,0,0,0,0.9667,2,低
2026-09,高雄大林,A,A級,高危害,危害等級,管線設備危害物,可燃性氣體、易燃液體、有害性氣體、化學藥劑、酸鹼、熱水蒸氣、空氣、其他,30,25,24,1,0,0,0,0.96,2,低
2026-09,高雄大林,A,A級,高危害,檢點與危害告知,簽發前安全檢點,是否安全檢點,30,28,27,1,0,0,0,0.9643,2,低
2026-09,高雄大林,A,A級,高危害,檢點與危害告知,危害告知,是否危害告知,30,30,29,1,0,0,0,0.9667,2,低
2026-09,高雄大林,A,A級,高危害,危害排除與隔離,環境危害排除,是否設備管線危害物排除,30,27,25,2,1,1,0,0.9259,16,中
2026-09,高雄大林,A,A級,高危害,危害排除與隔離,隔離管制,設備管線是否加盲加鎖掛牌,30,26,25,1,0,0,0,0.9615,2,低
2026-09,高雄大林,A,A級,高危害,環境測定,氣體偵測數值,可燃性氣體%、氧氣%、一氧化碳PPM、硫化氫PPM,30,25,23,2,1,1,0,0.92,16,中
2026-09,高雄大林,A,A級,高危害,環境測定,測定基準,可燃性氣體 < 20%LEL；氧氣>= 18%；一氧化碳<50 PPM；硫化氫<10 PPM,30,26,25,1,0,0,0,0.9615,2,低
2026-09,高雄大林,A,A級,高危害,環境測定,測定頻率,上、下午施工前測定；A級或高風險作業需重複或連續測定；每小時/每兩小時紀錄表,30,25,23,2,1,1,0,0.92,16,中
2026-09,高雄大林,A,A級,高危害,防火防爆,消防設備,是否有消防設備,30,27,25,2,1,1,0,0.9259,16,中
2026-09,高雄大林,A,A級,高危害,防火防爆,防爆安全工具,是否使用防爆電氣設備及安全工具,30,27,25,2,1,1,0,0.9259,16,中
2026-09,高雄大林,A,A級,高危害,高處作業,防墜措施,設標準施工架、安全網、安全母索、安全帶,30,26,25,1,0,0,0,0.9615,2,低
2026-09,高雄大林,A,A級,高危害,安全保護,個人防護具,是否有防護口罩、防毒面具、SCBA、防護手套、安全眼鏡、耳塞,30,28,27,1,0,0,0,0.9643,2,低
2026-09,高雄大林,A,A級,高危害,警戒巡查,警戒標示,是否有警戒標示,30,26,25,1,0,0,0,0.9615,2,低
2026-09,高雄大林,A,A級,高危害,警戒巡查,巡查會簽,是否轄區、監造、安衛人員或工地負責人巡查會簽,30,30,29,1,0,0,0,0.9667,2,低
2026-09,高雄大林,A,A級,高危害,收工回簽,回簽收工確認,是否回簽時確認環境已整理並完成防護措施,30,25,24,1,0,0,0,0.96,2,低
2026-09,高雄大林,A,A級,高危害,收工回簽,一般安全規定,是否遵守工安規定,30,29,28,1,0,0,0,0.9655,2,低
2026-09,高雄大林,A,A級,高危害,收工回簽,現場紀錄,是否拍照,30,27,26,1,0,0,0,0.963,2,低
2026-09,高雄大林,B,B級,中危害,廠區,基本資料,工廠、日期、時間,62,55,54,1,0,0,0,0.9818,2,低
2026-09,高雄大林,B,B級,中危害,許可證,許可資訊,工程作業分級、申請時間、核准工作時間、工作許可證編號,62,52,51,1,0,0,0,0.9808,2,低
2026-09,高雄大林,B,B級,中危害,施工地點,場地關係人,施工部門、轄區部門、監造部門,62,55,53,2,0,1,0,0.9636,7,低
2026-09,高雄大林,B,B級,中危害,包商,承攬商與人員資格,承攬商、工作人數、車輛車號、工地負責人、安衛人員、特殊作業主管,62,51,49,2,0,0,0,0.9608,4,低
2026-09,高雄大林,B,B級,中危害,危害等級,作業等級,施工地點、工程案號、工作內容、許可工作項目、作業分級,62,56,53,3,0,1,0,0.9464,9,低
2026-09,高雄大林,B,B級,中危害,危害等級,管線設備危害物,可燃性氣體、易燃液體、有害性氣體、化學藥劑、酸鹼、熱水蒸氣、空氣、其他,62,51,49,2,0,1,0,0.9608,7,低
2026-09,高雄大林,B,B級,中危害,檢點與危害告知,簽發前安全檢點,是否安全檢點,62,61,59,2,0,0,0,0.9672,4,低
2026-09,高雄大林,B,B級,中危害,檢點與危害告知,危害告知,是否危害告知,62,61,59,2,0,1,0,0.9672,7,低
2026-09,高雄大林,B,B級,中危害,危害排除與隔離,環境危害排除,是否設備管線危害物排除,62,54,52,2,1,0,0,0.963,13,低
2026-09,高雄大林,B,B級,中危害,危害排除與隔離,隔離管制,設備管線是否加盲加鎖掛牌,62,57,54,3,1,2,0,0.9474,21,中
2026-09,高雄大林,B,B級,中危害,環境測定,氣體偵測數值,可燃性氣體%、氧氣%、一氧化碳PPM、硫化氫PPM,62,53,51,2,1,0,0,0.9623,13,低
2026-09,高雄大林,B,B級,中危害,環境測定,測定基準,可燃性氣體 < 20%LEL；氧氣>= 18%；一氧化碳<50 PPM；硫化氫<10 PPM,62,51,49,2,1,1,0,0.9608,16,中
2026-09,高雄大林,B,B級,中危害,環境測定,測定頻率,上、下午施工前測定；A級或高風險作業需重複或連續測定；每小時/每兩小時紀錄表,62,53,51,2,1,1,0,0.9623,16,中
2026-09,高雄大林,B,B級,中危害,防火防爆,消防設備,是否有消防設備,62,52,49,3,1,1,0,0.9423,18,中
2026-09,高雄大林,B,B級,中危害,防火防爆,防爆安全工具,是否使用防爆電氣設備及安全工具,62,56,53,3,1,1,0,0.9464,18,中
2026-09,高雄大林,B,B級,中危害,高處作業,防墜措施,設標準施工架、安全網、安全母索、安全帶,62,52,50,2,1,1,0,0.9615,16,中
2026-09,高雄大林,B,B級,中危害,安全保護,個人防護具,是否有防護口罩、防毒面具、SCBA、防護手套、安全眼鏡、耳塞,62,60,58,2,0,1,0,0.9667,7,低
2026-09,高雄大林,B,B級,中危害,警戒巡查,警戒標示,是否有警戒標示,62,55,53,2,0,1,0,0.9636,7,低
2026-09,高雄大林,B,B級,中危害,警戒巡查,巡查會簽,是否轄區、監造、安衛人員或工地負責人巡查會簽,62,62,60,2,0,1,0,0.9677,7,低
2026-09,高雄大林,B,B級,中危害,收工回簽,回簽收工確認,是否回簽時確認環境已整理並完成防護措施,62,52,51,1,0,0,0,0.9808,2,低
2026-09,高雄大林,B,B級,中危害,收工回簽,一般安全規定,是否遵守工安規定,62,60,59,1,0,0,0,0.9833,2,低
2026-09,高雄大林,B,B級,中危害,收工回簽,現場紀錄,是否拍照,62,59,57,2,0,1,0,0.9661,7,低
2026-09,高雄大林,C,C級,低危害,廠區,基本資料,工廠、日期、時間,51,46,45,1,0,0,0,0.9783,2,低
2026-09,高雄大林,C,C級,低危害,許可證,許可資訊,工程作業分級、申請時間、核准工作時間、工作許可證編號,51,42,41,1,0,1,0,0.9762,5,低
2026-09,高雄大林,C,C級,低危害,施工地點,場地關係人,施工部門、轄區部門、監造部門,51,44,43,1,0,0,0,0.9773,2,低
2026-09,高雄大林,C,C級,低危害,包商,承攬商與人員資格,承攬商、工作人數、車輛車號、工地負責人、安衛人員、特殊作業主管,51,48,47,1,0,0,0,0.9792,2,低
2026-09,高雄大林,C,C級,低危害,危害等級,作業等級,施工地點、工程案號、工作內容、許可工作項目、作業分級,51,43,42,1,0,0,0,0.9767,2,低
2026-09,高雄大林,C,C級,低危害,危害等級,管線設備危害物,可燃性氣體、易燃液體、有害性氣體、化學藥劑、酸鹼、熱水蒸氣、空氣、其他,51,47,46,1,0,0,0,0.9787,2,低
2026-09,高雄大林,C,C級,低危害,檢點與危害告知,簽發前安全檢點,是否安全檢點,51,48,47,1,0,0,0,0.9792,2,低
2026-09,高雄大林,C,C級,低危害,檢點與危害告知,危害告知,是否危害告知,51,48,47,1,0,0,0,0.9792,2,低
2026-09,高雄大林,C,C級,低危害,危害排除與隔離,環境危害排除,是否設備管線危害物排除,51,44,42,2,1,1,0,0.9545,16,中
2026-09,高雄大林,C,C級,低危害,危害排除與隔離,隔離管制,設備管線是否加盲加鎖掛牌,51,47,46,1,0,0,0,0.9787,2,低
2026-09,高雄大林,C,C級,低危害,環境測定,氣體偵測數值,可燃性氣體%、氧氣%、一氧化碳PPM、硫化氫PPM,51,49,47,2,1,0,0,0.9592,13,低
2026-09,高雄大林,C,C級,低危害,環境測定,測定基準,可燃性氣體 < 20%LEL；氧氣>= 18%；一氧化碳<50 PPM；硫化氫<10 PPM,51,49,47,2,1,0,0,0.9592,13,低
2026-09,高雄大林,C,C級,低危害,環境測定,測定頻率,上、下午施工前測定；A級或高風險作業需重複或連續測定；每小時/每兩小時紀錄表,51,50,48,2,1,1,0,0.96,16,中
2026-09,高雄大林,C,C級,低危害,防火防爆,消防設備,是否有消防設備,51,46,45,1,0,0,0,0.9783,2,低
2026-09,高雄大林,C,C級,低危害,防火防爆,防爆安全工具,是否使用防爆電氣設備及安全工具,51,47,45,2,1,1,0,0.9574,16,中
2026-09,高雄大林,C,C級,低危害,高處作業,防墜措施,設標準施工架、安全網、安全母索、安全帶,51,44,43,1,0,0,0,0.9773,2,低
2026-09,高雄大林,C,C級,低危害,安全保護,個人防護具,是否有防護口罩、防毒面具、SCBA、防護手套、安全眼鏡、耳塞,51,50,49,1,0,0,0,0.98,2,低
2026-09,高雄大林,C,C級,低危害,警戒巡查,警戒標示,是否有警戒標示,51,46,45,1,0,0,0,0.9783,2,低
2026-09,高雄大林,C,C級,低危害,警戒巡查,巡查會簽,是否轄區、監造、安衛人員或工地負責人巡查會簽,51,42,41,1,0,0,0,0.9762,2,低
2026-09,高雄大林,C,C級,低危害,收工回簽,回簽收工確認,是否回簽時確認環境已整理並完成防護措施,51,48,47,1,0,0,0,0.9792,2,低
2026-09,高雄大林,C,C級,低危害,收工回簽,一般安全規定,是否遵守工安規定,51,45,44,1,0,0,0,0.9778,2,低
2026-09,高雄大林,C,C級,低危害,收工回簽,現場紀錄,是否拍照,51,48,47,1,0,0,0,0.9792,2,低
2026-10,高雄大林,A,A級,高危害,廠區,基本資料,工廠、日期、時間,31,29,28,1,0,0,0,0.9655,2,低
2026-10,高雄大林,A,A級,高危害,許可證,許可資訊,工程作業分級、申請時間、核准工作時間、工作許可證編號,31,27,26,1,0,0,0,0.963,2,低
2026-10,高雄大林,A,A級,高危害,施工地點,場地關係人,施工部門、轄區部門、監造部門,31,30,29,1,0,0,0,0.9667,2,低
2026-10,高雄大林,A,A級,高危害,包商,承攬商與人員資格,承攬商、工作人數、車輛車號、工地負責人、安衛人員、特殊作業主管,31,28,27,1,0,0,0,0.9643,2,低
2026-10,高雄大林,A,A級,高危害,危害等級,作業等級,施工地點、工程案號、工作內容、許可工作項目、作業分級,31,25,24,1,0,0,0,0.96,2,低
2026-10,高雄大林,A,A級,高危害,危害等級,管線設備危害物,可燃性氣體、易燃液體、有害性氣體、化學藥劑、酸鹼、熱水蒸氣、空氣、其他,31,29,28,1,0,0,0,0.9655,2,低
2026-10,高雄大林,A,A級,高危害,檢點與危害告知,簽發前安全檢點,是否安全檢點,31,27,26,1,0,0,0,0.963,2,低
2026-10,高雄大林,A,A級,高危害,檢點與危害告知,危害告知,是否危害告知,31,29,28,1,0,0,0,0.9655,2,低
2026-10,高雄大林,A,A級,高危害,危害排除與隔離,環境危害排除,是否設備管線危害物排除,31,30,28,2,1,1,0,0.9333,16,中
2026-10,高雄大林,A,A級,高危害,危害排除與隔離,隔離管制,設備管線是否加盲加鎖掛牌,31,30,27,3,1,2,1,0.9,26,中
2026-10,高雄大林,A,A級,高危害,環境測定,氣體偵測數值,可燃性氣體%、氧氣%、一氧化碳PPM、硫化氫PPM,31,28,26,2,1,1,0,0.9286,16,中
2026-10,高雄大林,A,A級,高危害,環境測定,測定基準,可燃性氣體 < 20%LEL；氧氣>= 18%；一氧化碳<50 PPM；硫化氫<10 PPM,31,26,24,2,1,0,0,0.9231,13,低
2026-10,高雄大林,A,A級,高危害,環境測定,測定頻率,上、下午施工前測定；A級或高風險作業需重複或連續測定；每小時/每兩小時紀錄表,31,28,26,2,1,1,0,0.9286,16,中
2026-10,高雄大林,A,A級,高危害,防火防爆,消防設備,是否有消防設備,31,26,24,2,1,1,0,0.9231,16,中
2026-10,高雄大林,A,A級,高危害,防火防爆,防爆安全工具,是否使用防爆電氣設備及安全工具,31,29,27,2,1,0,0,0.931,13,低
2026-10,高雄大林,A,A級,高危害,高處作業,防墜措施,設標準施工架、安全網、安全母索、安全帶,31,28,27,1,0,0,0,0.9643,2,低
2026-10,高雄大林,A,A級,高危害,安全保護,個人防護具,是否有防護口罩、防毒面具、SCBA、防護手套、安全眼鏡、耳塞,31,28,27,1,0,0,0,0.9643,2,低
2026-10,高雄大林,A,A級,高危害,警戒巡查,警戒標示,是否有警戒標示,31,28,27,1,0,0,0,0.9643,2,低
2026-10,高雄大林,A,A級,高危害,警戒巡查,巡查會簽,是否轄區、監造、安衛人員或工地負責人巡查會簽,31,27,26,1,0,0,0,0.963,2,低
2026-10,高雄大林,A,A級,高危害,收工回簽,回簽收工確認,是否回簽時確認環境已整理並完成防護措施,31,30,29,1,0,1,0,0.9667,5,低
2026-10,高雄大林,A,A級,高危害,收工回簽,一般安全規定,是否遵守工安規定,31,28,27,1,0,0,0,0.9643,2,低
2026-10,高雄大林,A,A級,高危害,收工回簽,現場紀錄,是否拍照,31,27,26,1,0,1,0,0.963,5,低
2026-10,高雄大林,B,B級,中危害,廠區,基本資料,工廠、日期、時間,66,61,60,1,0,0,0,0.9836,2,低
2026-10,高雄大林,B,B級,中危害,許可證,許可資訊,工程作業分級、申請時間、核准工作時間、工作許可證編號,66,60,58,2,0,0,0,0.9667,4,低
2026-10,高雄大林,B,B級,中危害,施工地點,場地關係人,施工部門、轄區部門、監造部門,66,60,59,1,0,0,0,0.9833,2,低
2026-10,高雄大林,B,B級,中危害,包商,承攬商與人員資格,承攬商、工作人數、車輛車號、工地負責人、安衛人員、特殊作業主管,66,60,58,2,0,1,0,0.9667,7,低
2026-10,高雄大林,B,B級,中危害,危害等級,作業等級,施工地點、工程案號、工作內容、許可工作項目、作業分級,66,62,60,2,0,1,0,0.9677,7,低
2026-10,高雄大林,B,B級,中危害,危害等級,管線設備危害物,可燃性氣體、易燃液體、有害性氣體、化學藥劑、酸鹼、熱水蒸氣、空氣、其他,66,59,57,2,0,1,0,0.9661,7,低
2026-10,高雄大林,B,B級,中危害,檢點與危害告知,簽發前安全檢點,是否安全檢點,66,59,57,2,0,1,0,0.9661,7,低
2026-10,高雄大林,B,B級,中危害,檢點與危害告知,危害告知,是否危害告知,66,56,54,2,0,0,0,0.9643,4,低
2026-10,高雄大林,B,B級,中危害,危害排除與隔離,環境危害排除,是否設備管線危害物排除,66,62,59,3,1,2,1,0.9516,26,中
2026-10,高雄大林,B,B級,中危害,危害排除與隔離,隔離管制,設備管線是否加盲加鎖掛牌,66,55,52,3,1,1,0,0.9455,18,中
2026-10,高雄大林,B,B級,中危害,環境測定,氣體偵測數值,可燃性氣體%、氧氣%、一氧化碳PPM、硫化氫PPM,66,61,58,3,1,1,0,0.9508,18,中
2026-10,高雄大林,B,B級,中危害,環境測定,測定基準,可燃性氣體 < 20%LEL；氧氣>= 18%；一氧化碳<50 PPM；硫化氫<10 PPM,66,58,55,3,1,1,0,0.9483,18,中
2026-10,高雄大林,B,B級,中危害,環境測定,測定頻率,上、下午施工前測定；A級或高風險作業需重複或連續測定；每小時/每兩小時紀錄表,66,64,60,4,1,1,0,0.9375,20,中
2026-10,高雄大林,B,B級,中危害,防火防爆,消防設備,是否有消防設備,66,61,58,3,1,1,0,0.9508,18,中
2026-10,高雄大林,B,B級,中危害,防火防爆,防爆安全工具,是否使用防爆電氣設備及安全工具,66,65,62,3,1,1,0,0.9538,18,中
2026-10,高雄大林,B,B級,中危害,高處作業,防墜措施,設標準施工架、安全網、安全母索、安全帶,66,58,56,2,1,1,0,0.9655,16,中
2026-10,高雄大林,B,B級,中危害,安全保護,個人防護具,是否有防護口罩、防毒面具、SCBA、防護手套、安全眼鏡、耳塞,66,66,64,2,0,1,0,0.9697,7,低
2026-10,高雄大林,B,B級,中危害,警戒巡查,警戒標示,是否有警戒標示,66,64,61,3,0,1,0,0.9531,9,低
2026-10,高雄大林,B,B級,中危害,警戒巡查,巡查會簽,是否轄區、監造、安衛人員或工地負責人巡查會簽,66,56,54,2,0,1,0,0.9643,7,低
2026-10,高雄大林,B,B級,中危害,收工回簽,回簽收工確認,是否回簽時確認環境已整理並完成防護措施,66,65,63,2,0,1,0,0.9692,7,低
2026-10,高雄大林,B,B級,中危害,收工回簽,一般安全規定,是否遵守工安規定,66,58,56,2,0,1,0,0.9655,7,低
2026-10,高雄大林,B,B級,中危害,收工回簽,現場紀錄,是否拍照,66,60,59,1,0,0,0,0.9833,2,低
2026-10,高雄大林,C,C級,低危害,廠區,基本資料,工廠、日期、時間,48,47,46,1,0,0,0,0.9787,2,低
2026-10,高雄大林,C,C級,低危害,許可證,許可資訊,工程作業分級、申請時間、核准工作時間、工作許可證編號,48,43,42,1,0,0,0,0.9767,2,低
2026-10,高雄大林,C,C級,低危害,施工地點,場地關係人,施工部門、轄區部門、監造部門,48,46,45,1,0,0,0,0.9783,2,低
2026-10,高雄大林,C,C級,低危害,包商,承攬商與人員資格,承攬商、工作人數、車輛車號、工地負責人、安衛人員、特殊作業主管,48,40,39,1,0,0,0,0.975,2,低
2026-10,高雄大林,C,C級,低危害,危害等級,作業等級,施工地點、工程案號、工作內容、許可工作項目、作業分級,48,46,45,1,0,0,0,0.9783,2,低
2026-10,高雄大林,C,C級,低危害,危害等級,管線設備危害物,可燃性氣體、易燃液體、有害性氣體、化學藥劑、酸鹼、熱水蒸氣、空氣、其他,48,40,39,1,0,0,0,0.975,2,低
2026-10,高雄大林,C,C級,低危害,檢點與危害告知,簽發前安全檢點,是否安全檢點,48,40,39,1,0,0,0,0.975,2,低
2026-10,高雄大林,C,C級,低危害,檢點與危害告知,危害告知,是否危害告知,48,43,42,1,0,0,0,0.9767,2,低
2026-10,高雄大林,C,C級,低危害,危害排除與隔離,環境危害排除,是否設備管線危害物排除,48,39,37,2,1,1,0,0.9487,16,中
2026-10,高雄大林,C,C級,低危害,危害排除與隔離,隔離管制,設備管線是否加盲加鎖掛牌,48,46,45,1,0,0,0,0.9783,2,低
2026-10,高雄大林,C,C級,低危害,環境測定,氣體偵測數值,可燃性氣體%、氧氣%、一氧化碳PPM、硫化氫PPM,48,48,47,1,0,0,0,0.9792,2,低
2026-10,高雄大林,C,C級,低危害,環境測定,測定基準,可燃性氣體 < 20%LEL；氧氣>= 18%；一氧化碳<50 PPM；硫化氫<10 PPM,48,41,40,1,0,1,0,0.9756,5,低
2026-10,高雄大林,C,C級,低危害,環境測定,測定頻率,上、下午施工前測定；A級或高風險作業需重複或連續測定；每小時/每兩小時紀錄表,48,40,39,1,0,1,0,0.975,5,低
2026-10,高雄大林,C,C級,低危害,防火防爆,消防設備,是否有消防設備,48,44,43,1,0,0,0,0.9773,2,低
2026-10,高雄大林,C,C級,低危害,防火防爆,防爆安全工具,是否使用防爆電氣設備及安全工具,48,43,41,2,1,1,0,0.9535,16,中
2026-10,高雄大林,C,C級,低危害,高處作業,防墜措施,設標準施工架、安全網、安全母索、安全帶,48,41,40,1,0,0,0,0.9756,2,低
2026-10,高雄大林,C,C級,低危害,安全保護,個人防護具,是否有防護口罩、防毒面具、SCBA、防護手套、安全眼鏡、耳塞,48,45,44,1,0,0,0,0.9778,2,低
2026-10,高雄大林,C,C級,低危害,警戒巡查,警戒標示,是否有警戒標示,48,43,42,1,0,0,0,0.9767,2,低
2026-10,高雄大林,C,C級,低危害,警戒巡查,巡查會簽,是否轄區、監造、安衛人員或工地負責人巡查會簽,48,45,44,1,0,0,0,0.9778,2,低
2026-10,高雄大林,C,C級,低危害,收工回簽,回簽收工確認,是否回簽時確認環境已整理並完成防護措施,48,47,46,1,0,0,0,0.9787,2,低
2026-10,高雄大林,C,C級,低危害,收工回簽,一般安全規定,是否遵守工安規定,48,48,47,1,0,0,0,0.9792,2,低
2026-10,高雄大林,C,C級,低危害,收工回簽,現場紀錄,是否拍照,48,44,43,1,0,0,0,0.9773,2,低
2026-11,高雄大林,A,A級,高危害,廠區,基本資料,工廠、日期、時間,30,27,26,1,0,0,0,0.963,2,低
2026-11,高雄大林,A,A級,高危害,許可證,許可資訊,工程作業分級、申請時間、核准工作時間、工作許可證編號,30,25,24,1,0,0,0,0.96,2,低
2026-11,高雄大林,A,A級,高危害,施工地點,場地關係人,施工部門、轄區部門、監造部門,30,28,27,1,0,0,0,0.9643,2,低
2026-11,高雄大林,A,A級,高危害,包商,承攬商與人員資格,承攬商、工作人數、車輛車號、工地負責人、安衛人員、特殊作業主管,30,27,26,1,0,0,0,0.963,2,低
2026-11,高雄大林,A,A級,高危害,危害等級,作業等級,施工地點、工程案號、工作內容、許可工作項目、作業分級,30,28,27,1,0,0,0,0.9643,2,低
2026-11,高雄大林,A,A級,高危害,危害等級,管線設備危害物,可燃性氣體、易燃液體、有害性氣體、化學藥劑、酸鹼、熱水蒸氣、空氣、其他,30,29,27,2,0,1,0,0.931,7,低
2026-11,高雄大林,A,A級,高危害,檢點與危害告知,簽發前安全檢點,是否安全檢點,30,30,29,1,0,0,0,0.9667,2,低
2026-11,高雄大林,A,A級,高危害,檢點與危害告知,危害告知,是否危害告知,30,27,26,1,0,0,0,0.963,2,低
2026-11,高雄大林,A,A級,高危害,危害排除與隔離,環境危害排除,是否設備管線危害物排除,30,30,28,2,1,1,0,0.9333,16,中
2026-11,高雄大林,A,A級,高危害,危害排除與隔離,隔離管制,設備管線是否加盲加鎖掛牌,30,27,25,2,1,0,0,0.9259,13,低
2026-11,高雄大林,A,A級,高危害,環境測定,氣體偵測數值,可燃性氣體%、氧氣%、一氧化碳PPM、硫化氫PPM,30,29,27,2,1,0,0,0.931,13,低
2026-11,高雄大林,A,A級,高危害,環境測定,測定基準,可燃性氣體 < 20%LEL；氧氣>= 18%；一氧化碳<50 PPM；硫化氫<10 PPM,30,30,28,2,1,0,0,0.9333,13,低
2026-11,高雄大林,A,A級,高危害,環境測定,測定頻率,上、下午施工前測定；A級或高風險作業需重複或連續測定；每小時/每兩小時紀錄表,30,27,25,2,1,1,0,0.9259,16,中
2026-11,高雄大林,A,A級,高危害,防火防爆,消防設備,是否有消防設備,30,30,28,2,1,1,0,0.9333,16,中
2026-11,高雄大林,A,A級,高危害,防火防爆,防爆安全工具,是否使用防爆電氣設備及安全工具,30,25,23,2,1,0,0,0.92,13,低
2026-11,高雄大林,A,A級,高危害,高處作業,防墜措施,設標準施工架、安全網、安全母索、安全帶,30,29,28,1,0,1,0,0.9655,5,低
2026-11,高雄大林,A,A級,高危害,安全保護,個人防護具,是否有防護口罩、防毒面具、SCBA、防護手套、安全眼鏡、耳塞,30,27,26,1,0,0,0,0.963,2,低
2026-11,高雄大林,A,A級,高危害,警戒巡查,警戒標示,是否有警戒標示,30,30,29,1,0,0,0,0.9667,2,低
2026-11,高雄大林,A,A級,高危害,警戒巡查,巡查會簽,是否轄區、監造、安衛人員或工地負責人巡查會簽,30,28,27,1,0,0,0,0.9643,2,低
2026-11,高雄大林,A,A級,高危害,收工回簽,回簽收工確認,是否回簽時確認環境已整理並完成防護措施,30,28,27,1,0,0,0,0.9643,2,低
2026-11,高雄大林,A,A級,高危害,收工回簽,一般安全規定,是否遵守工安規定,30,29,28,1,0,0,0,0.9655,2,低
2026-11,高雄大林,A,A級,高危害,收工回簽,現場紀錄,是否拍照,30,27,26,1,0,0,0,0.963,2,低
2026-11,高雄大林,B,B級,中危害,廠區,基本資料,工廠、日期、時間,67,57,56,1,0,0,0,0.9825,2,低
2026-11,高雄大林,B,B級,中危害,許可證,許可資訊,工程作業分級、申請時間、核准工作時間、工作許可證編號,67,55,53,2,0,1,0,0.9636,7,低
2026-11,高雄大林,B,B級,中危害,施工地點,場地關係人,施工部門、轄區部門、監造部門,67,62,60,2,0,1,0,0.9677,7,低
2026-11,高雄大林,B,B級,中危害,包商,承攬商與人員資格,承攬商、工作人數、車輛車號、工地負責人、安衛人員、特殊作業主管,67,66,64,2,0,0,0,0.9697,4,低
2026-11,高雄大林,B,B級,中危害,危害等級,作業等級,施工地點、工程案號、工作內容、許可工作項目、作業分級,67,62,60,2,0,1,0,0.9677,7,低
2026-11,高雄大林,B,B級,中危害,危害等級,管線設備危害物,可燃性氣體、易燃液體、有害性氣體、化學藥劑、酸鹼、熱水蒸氣、空氣、其他,67,60,58,2,0,0,0,0.9667,4,低
2026-11,高雄大林,B,B級,中危害,檢點與危害告知,簽發前安全檢點,是否安全檢點,67,63,61,2,0,0,0,0.9683,4,低
2026-11,高雄大林,B,B級,中危害,檢點與危害告知,危害告知,是否危害告知,67,59,57,2,0,1,0,0.9661,7,低
2026-11,高雄大林,B,B級,中危害,危害排除與隔離,環境危害排除,是否設備管線危害物排除,67,60,57,3,1,1,0,0.95,18,中
2026-11,高雄大林,B,B級,中危害,危害排除與隔離,隔離管制,設備管線是否加盲加鎖掛牌,67,64,61,3,1,1,0,0.9531,18,中
2026-11,高雄大林,B,B級,中危害,環境測定,氣體偵測數值,可燃性氣體%、氧氣%、一氧化碳PPM、硫化氫PPM,67,67,64,3,1,1,0,0.9552,18,中
2026-11,高雄大林,B,B級,中危害,環境測定,測定基準,可燃性氣體 < 20%LEL；氧氣>= 18%；一氧化碳<50 PPM；硫化氫<10 PPM,67,59,56,3,1,1,0,0.9492,18,中
2026-11,高雄大林,B,B級,中危害,環境測定,測定頻率,上、下午施工前測定；A級或高風險作業需重複或連續測定；每小時/每兩小時紀錄表,67,56,53,3,1,1,0,0.9464,18,中
2026-11,高雄大林,B,B級,中危害,防火防爆,消防設備,是否有消防設備,67,63,61,2,1,1,0,0.9683,16,中
2026-11,高雄大林,B,B級,中危害,防火防爆,防爆安全工具,是否使用防爆電氣設備及安全工具,67,63,59,4,1,1,0,0.9365,20,中
2026-11,高雄大林,B,B級,中危害,高處作業,防墜措施,設標準施工架、安全網、安全母索、安全帶,67,60,57,3,1,1,0,0.95,18,中
2026-11,高雄大林,B,B級,中危害,安全保護,個人防護具,是否有防護口罩、防毒面具、SCBA、防護手套、安全眼鏡、耳塞,67,57,55,2,0,1,0,0.9649,7,低
2026-11,高雄大林,B,B級,中危害,警戒巡查,警戒標示,是否有警戒標示,67,65,63,2,0,1,0,0.9692,7,低
2026-11,高雄大林,B,B級,中危害,警戒巡查,巡查會簽,是否轄區、監造、安衛人員或工地負責人巡查會簽,67,57,55,2,0,1,0,0.9649,7,低
2026-11,高雄大林,B,B級,中危害,收工回簽,回簽收工確認,是否回簽時確認環境已整理並完成防護措施,67,65,63,2,0,0,0,0.9692,4,低
2026-11,高雄大林,B,B級,中危害,收工回簽,一般安全規定,是否遵守工安規定,67,67,65,2,0,1,0,0.9701,7,低
2026-11,高雄大林,B,B級,中危害,收工回簽,現場紀錄,是否拍照,67,65,63,2,0,1,0,0.9692,7,低
2026-11,高雄大林,C,C級,低危害,廠區,基本資料,工廠、日期、時間,52,44,43,1,0,0,0,0.9773,2,低
2026-11,高雄大林,C,C級,低危害,許可證,許可資訊,工程作業分級、申請時間、核准工作時間、工作許可證編號,52,46,45,1,0,0,0,0.9783,2,低
2026-11,高雄大林,C,C級,低危害,施工地點,場地關係人,施工部門、轄區部門、監造部門,52,48,47,1,0,0,0,0.9792,2,低
2026-11,高雄大林,C,C級,低危害,包商,承攬商與人員資格,承攬商、工作人數、車輛車號、工地負責人、安衛人員、特殊作業主管,52,51,50,1,0,0,0,0.9804,2,低
2026-11,高雄大林,C,C級,低危害,危害等級,作業等級,施工地點、工程案號、工作內容、許可工作項目、作業分級,52,50,48,2,0,1,0,0.96,7,低
2026-11,高雄大林,C,C級,低危害,危害等級,管線設備危害物,可燃性氣體、易燃液體、有害性氣體、化學藥劑、酸鹼、熱水蒸氣、空氣、其他,52,49,48,1,0,0,0,0.9796,2,低
2026-11,高雄大林,C,C級,低危害,檢點與危害告知,簽發前安全檢點,是否安全檢點,52,46,45,1,0,0,0,0.9783,2,低
2026-11,高雄大林,C,C級,低危害,檢點與危害告知,危害告知,是否危害告知,52,43,42,1,0,0,0,0.9767,2,低
2026-11,高雄大林,C,C級,低危害,危害排除與隔離,環境危害排除,是否設備管線危害物排除,52,49,47,2,1,1,0,0.9592,16,中
2026-11,高雄大林,C,C級,低危害,危害排除與隔離,隔離管制,設備管線是否加盲加鎖掛牌,52,47,45,2,1,1,0,0.9574,16,中
2026-11,高雄大林,C,C級,低危害,環境測定,氣體偵測數值,可燃性氣體%、氧氣%、一氧化碳PPM、硫化氫PPM,52,43,42,1,0,0,0,0.9767,2,低
2026-11,高雄大林,C,C級,低危害,環境測定,測定基準,可燃性氣體 < 20%LEL；氧氣>= 18%；一氧化碳<50 PPM；硫化氫<10 PPM,52,44,42,2,1,1,0,0.9545,16,中
2026-11,高雄大林,C,C級,低危害,環境測定,測定頻率,上、下午施工前測定；A級或高風險作業需重複或連續測定；每小時/每兩小時紀錄表,52,44,42,2,1,0,0,0.9545,13,低
2026-11,高雄大林,C,C級,低危害,防火防爆,消防設備,是否有消防設備,52,48,46,2,1,1,0,0.9583,16,中
2026-11,高雄大林,C,C級,低危害,防火防爆,防爆安全工具,是否使用防爆電氣設備及安全工具,52,49,47,2,1,1,0,0.9592,16,中
2026-11,高雄大林,C,C級,低危害,高處作業,防墜措施,設標準施工架、安全網、安全母索、安全帶,52,43,41,2,1,0,0,0.9535,13,低
2026-11,高雄大林,C,C級,低危害,安全保護,個人防護具,是否有防護口罩、防毒面具、SCBA、防護手套、安全眼鏡、耳塞,52,51,50,1,0,0,0,0.9804,2,低
2026-11,高雄大林,C,C級,低危害,警戒巡查,警戒標示,是否有警戒標示,52,45,44,1,0,0,0,0.9778,2,低
2026-11,高雄大林,C,C級,低危害,警戒巡查,巡查會簽,是否轄區、監造、安衛人員或工地負責人巡查會簽,52,43,42,1,0,0,0,0.9767,2,低
2026-11,高雄大林,C,C級,低危害,收工回簽,回簽收工確認,是否回簽時確認環境已整理並完成防護措施,52,50,49,1,0,0,0,0.98,2,低
2026-11,高雄大林,C,C級,低危害,收工回簽,一般安全規定,是否遵守工安規定,52,49,48,1,0,0,0,0.9796,2,低
2026-11,高雄大林,C,C級,低危害,收工回簽,現場紀錄,是否拍照,52,48,47,1,0,0,0,0.9792,2,低
2026-12,高雄大林,A,A級,高危害,廠區,基本資料,工廠、日期、時間,36,34,33,1,0,0,0,0.9706,2,低
2026-12,高雄大林,A,A級,高危害,許可證,許可資訊,工程作業分級、申請時間、核准工作時間、工作許可證編號,36,30,29,1,0,0,0,0.9667,2,低
2026-12,高雄大林,A,A級,高危害,施工地點,場地關係人,施工部門、轄區部門、監造部門,36,36,35,1,0,0,0,0.9722,2,低
2026-12,高雄大林,A,A級,高危害,包商,承攬商與人員資格,承攬商、工作人數、車輛車號、工地負責人、安衛人員、特殊作業主管,36,31,29,2,0,1,0,0.9355,7,低
2026-12,高雄大林,A,A級,高危害,危害等級,作業等級,施工地點、工程案號、工作內容、許可工作項目、作業分級,36,30,28,2,0,0,0,0.9333,4,低
2026-12,高雄大林,A,A級,高危害,危害等級,管線設備危害物,可燃性氣體、易燃液體、有害性氣體、化學藥劑、酸鹼、熱水蒸氣、空氣、其他,36,35,34,1,0,0,0,0.9714,2,低
2026-12,高雄大林,A,A級,高危害,檢點與危害告知,簽發前安全檢點,是否安全檢點,36,34,33,1,0,0,0,0.9706,2,低
2026-12,高雄大林,A,A級,高危害,檢點與危害告知,危害告知,是否危害告知,36,33,32,1,0,0,0,0.9697,2,低
2026-12,高雄大林,A,A級,高危害,危害排除與隔離,環境危害排除,是否設備管線危害物排除,36,31,29,2,1,1,0,0.9355,16,中
2026-12,高雄大林,A,A級,高危害,危害排除與隔離,隔離管制,設備管線是否加盲加鎖掛牌,36,35,32,3,1,2,1,0.9143,26,中
2026-12,高雄大林,A,A級,高危害,環境測定,氣體偵測數值,可燃性氣體%、氧氣%、一氧化碳PPM、硫化氫PPM,36,30,28,2,1,1,0,0.9333,16,中
2026-12,高雄大林,A,A級,高危害,環境測定,測定基準,可燃性氣體 < 20%LEL；氧氣>= 18%；一氧化碳<50 PPM；硫化氫<10 PPM,36,32,29,3,1,1,0,0.9062,18,中
2026-12,高雄大林,A,A級,高危害,環境測定,測定頻率,上、下午施工前測定；A級或高風險作業需重複或連續測定；每小時/每兩小時紀錄表,36,35,32,3,1,1,0,0.9143,18,中
2026-12,高雄大林,A,A級,高危害,防火防爆,消防設備,是否有消防設備,36,31,29,2,1,0,0,0.9355,13,低
2026-12,高雄大林,A,A級,高危害,防火防爆,防爆安全工具,是否使用防爆電氣設備及安全工具,36,33,30,3,1,1,0,0.9091,18,中
2026-12,高雄大林,A,A級,高危害,高處作業,防墜措施,設標準施工架、安全網、安全母索、安全帶,36,35,33,2,1,0,0,0.9429,13,低
2026-12,高雄大林,A,A級,高危害,安全保護,個人防護具,是否有防護口罩、防毒面具、SCBA、防護手套、安全眼鏡、耳塞,36,31,29,2,0,0,0,0.9355,4,低
2026-12,高雄大林,A,A級,高危害,警戒巡查,警戒標示,是否有警戒標示,36,30,28,2,0,0,0,0.9333,4,低
2026-12,高雄大林,A,A級,高危害,警戒巡查,巡查會簽,是否轄區、監造、安衛人員或工地負責人巡查會簽,36,34,32,2,0,1,0,0.9412,7,低
2026-12,高雄大林,A,A級,高危害,收工回簽,回簽收工確認,是否回簽時確認環境已整理並完成防護措施,36,34,33,1,0,0,0,0.9706,2,低
2026-12,高雄大林,A,A級,高危害,收工回簽,一般安全規定,是否遵守工安規定,36,34,33,1,0,0,0,0.9706,2,低
2026-12,高雄大林,A,A級,高危害,收工回簽,現場紀錄,是否拍照,36,31,30,1,0,0,0,0.9677,2,低
2026-12,高雄大林,B,B級,中危害,廠區,基本資料,工廠、日期、時間,73,65,64,1,0,0,0,0.9846,2,低
2026-12,高雄大林,B,B級,中危害,許可證,許可資訊,工程作業分級、申請時間、核准工作時間、工作許可證編號,73,62,61,1,0,0,0,0.9839,2,低
2026-12,高雄大林,B,B級,中危害,施工地點,場地關係人,施工部門、轄區部門、監造部門,73,69,67,2,0,1,0,0.971,7,低
2026-12,高雄大林,B,B級,中危害,包商,承攬商與人員資格,承攬商、工作人數、車輛車號、工地負責人、安衛人員、特殊作業主管,73,63,61,2,0,1,0,0.9683,7,低
2026-12,高雄大林,B,B級,中危害,危害等級,作業等級,施工地點、工程案號、工作內容、許可工作項目、作業分級,73,70,67,3,1,1,0,0.9571,18,中
2026-12,高雄大林,B,B級,中危害,危害等級,管線設備危害物,可燃性氣體、易燃液體、有害性氣體、化學藥劑、酸鹼、熱水蒸氣、空氣、其他,73,67,64,3,1,1,0,0.9552,18,中
2026-12,高雄大林,B,B級,中危害,檢點與危害告知,簽發前安全檢點,是否安全檢點,73,61,59,2,0,1,0,0.9672,7,低
2026-12,高雄大林,B,B級,中危害,檢點與危害告知,危害告知,是否危害告知,73,64,62,2,0,1,0,0.9688,7,低
2026-12,高雄大林,B,B級,中危害,危害排除與隔離,環境危害排除,是否設備管線危害物排除,73,72,68,4,1,2,0,0.9444,23,中
2026-12,高雄大林,B,B級,中危害,危害排除與隔離,隔離管制,設備管線是否加盲加鎖掛牌,73,67,64,3,1,1,0,0.9552,18,中
2026-12,高雄大林,B,B級,中危害,環境測定,氣體偵測數值,可燃性氣體%、氧氣%、一氧化碳PPM、硫化氫PPM,73,63,60,3,1,2,1,0.9524,26,中
2026-12,高雄大林,B,B級,中危害,環境測定,測定基準,可燃性氣體 < 20%LEL；氧氣>= 18%；一氧化碳<50 PPM；硫化氫<10 PPM,73,65,63,2,1,1,0,0.9692,16,中
2026-12,高雄大林,B,B級,中危害,環境測定,測定頻率,上、下午施工前測定；A級或高風險作業需重複或連續測定；每小時/每兩小時紀錄表,73,63,60,3,1,1,0,0.9524,18,中
2026-12,高雄大林,B,B級,中危害,防火防爆,消防設備,是否有消防設備,73,65,62,3,1,1,0,0.9538,18,中
2026-12,高雄大林,B,B級,中危害,防火防爆,防爆安全工具,是否使用防爆電氣設備及安全工具,73,66,63,3,1,1,0,0.9545,18,中
2026-12,高雄大林,B,B級,中危害,高處作業,防墜措施,設標準施工架、安全網、安全母索、安全帶,73,68,64,4,1,2,0,0.9412,23,中
2026-12,高雄大林,B,B級,中危害,安全保護,個人防護具,是否有防護口罩、防毒面具、SCBA、防護手套、安全眼鏡、耳塞,73,66,63,3,0,1,0,0.9545,9,低
2026-12,高雄大林,B,B級,中危害,警戒巡查,警戒標示,是否有警戒標示,73,70,67,3,1,1,0,0.9571,18,中
2026-12,高雄大林,B,B級,中危害,警戒巡查,巡查會簽,是否轄區、監造、安衛人員或工地負責人巡查會簽,73,64,62,2,0,1,0,0.9688,7,低
2026-12,高雄大林,B,B級,中危害,收工回簽,回簽收工確認,是否回簽時確認環境已整理並完成防護措施,73,65,63,2,0,1,0,0.9692,7,低
2026-12,高雄大林,B,B級,中危害,收工回簽,一般安全規定,是否遵守工安規定,73,65,63,2,0,1,0,0.9692,7,低
2026-12,高雄大林,B,B級,中危害,收工回簽,現場紀錄,是否拍照,73,69,67,2,0,0,0,0.971,4,低
2026-12,高雄大林,C,C級,低危害,廠區,基本資料,工廠、日期、時間,56,56,55,1,0,0,0,0.9821,2,低
2026-12,高雄大林,C,C級,低危害,許可證,許可資訊,工程作業分級、申請時間、核准工作時間、工作許可證編號,56,52,51,1,0,0,0,0.9808,2,低
2026-12,高雄大林,C,C級,低危害,施工地點,場地關係人,施工部門、轄區部門、監造部門,56,47,46,1,0,0,0,0.9787,2,低
2026-12,高雄大林,C,C級,低危害,包商,承攬商與人員資格,承攬商、工作人數、車輛車號、工地負責人、安衛人員、特殊作業主管,56,47,46,1,0,0,0,0.9787,2,低
2026-12,高雄大林,C,C級,低危害,危害等級,作業等級,施工地點、工程案號、工作內容、許可工作項目、作業分級,56,50,48,2,0,1,0,0.96,7,低
2026-12,高雄大林,C,C級,低危害,危害等級,管線設備危害物,可燃性氣體、易燃液體、有害性氣體、化學藥劑、酸鹼、熱水蒸氣、空氣、其他,56,46,44,2,0,1,0,0.9565,7,低
2026-12,高雄大林,C,C級,低危害,檢點與危害告知,簽發前安全檢點,是否安全檢點,56,52,51,1,0,0,0,0.9808,2,低
2026-12,高雄大林,C,C級,低危害,檢點與危害告知,危害告知,是否危害告知,56,48,47,1,0,1,0,0.9792,5,低
2026-12,高雄大林,C,C級,低危害,危害排除與隔離,環境危害排除,是否設備管線危害物排除,56,53,51,2,1,1,0,0.9623,16,中
2026-12,高雄大林,C,C級,低危害,危害排除與隔離,隔離管制,設備管線是否加盲加鎖掛牌,56,53,51,2,1,1,0,0.9623,16,中
2026-12,高雄大林,C,C級,低危害,環境測定,氣體偵測數值,可燃性氣體%、氧氣%、一氧化碳PPM、硫化氫PPM,56,55,53,2,1,0,0,0.9636,13,低
2026-12,高雄大林,C,C級,低危害,環境測定,測定基準,可燃性氣體 < 20%LEL；氧氣>= 18%；一氧化碳<50 PPM；硫化氫<10 PPM,56,53,51,2,1,1,0,0.9623,16,中
2026-12,高雄大林,C,C級,低危害,環境測定,測定頻率,上、下午施工前測定；A級或高風險作業需重複或連續測定；每小時/每兩小時紀錄表,56,48,46,2,1,1,0,0.9583,16,中
2026-12,高雄大林,C,C級,低危害,防火防爆,消防設備,是否有消防設備,56,55,53,2,1,1,0,0.9636,16,中
2026-12,高雄大林,C,C級,低危害,防火防爆,防爆安全工具,是否使用防爆電氣設備及安全工具,56,47,45,2,1,1,0,0.9574,16,中
2026-12,高雄大林,C,C級,低危害,高處作業,防墜措施,設標準施工架、安全網、安全母索、安全帶,56,53,51,2,1,1,0,0.9623,16,中
2026-12,高雄大林,C,C級,低危害,安全保護,個人防護具,是否有防護口罩、防毒面具、SCBA、防護手套、安全眼鏡、耳塞,56,47,46,1,0,0,0,0.9787,2,低
2026-12,高雄大林,C,C級,低危害,警戒巡查,警戒標示,是否有警戒標示,56,46,45,1,0,0,0,0.9783,2,低
2026-12,高雄大林,C,C級,低危害,警戒巡查,巡查會簽,是否轄區、監造、安衛人員或工地負責人巡查會簽,56,46,45,1,0,0,0,0.9783,2,低
2026-12,高雄大林,C,C級,低危害,收工回簽,回簽收工確認,是否回簽時確認環境已整理並完成防護措施,56,54,53,1,0,0,0,0.9815,2,低
2026-12,高雄大林,C,C級,低危害,收工回簽,一般安全規定,是否遵守工安規定,56,54,53,1,0,0,0,0.9815,2,低
2026-12,高雄大林,C,C級,低危害,收工回簽,現場紀錄,是否拍照,56,52,51,1,0,0,0,0.9808,2,低
2024-01,高雄林園,A,A級,高危害,廠區,基本資料,工廠、日期、時間,32,27,26,1,0,0,0,0.963,2,低
2024-01,高雄林園,A,A級,高危害,許可證,許可資訊,工程作業分級、申請時間、核准工作時間、工作許可證編號,32,30,29,1,0,0,0,0.9667,2,低
2024-01,高雄林園,A,A級,高危害,施工地點,場地關係人,施工部門、轄區部門、監造部門,32,30,29,1,0,0,0,0.9667,2,低
2024-01,高雄林園,A,A級,高危害,包商,承攬商與人員資格,承攬商、工作人數、車輛車號、工地負責人、安衛人員、特殊作業主管,32,31,30,1,0,0,0,0.9677,2,低
2024-01,高雄林園,A,A級,高危害,危害等級,作業等級,施工地點、工程案號、工作內容、許可工作項目、作業分級,32,30,29,1,0,0,0,0.9667,2,低
2024-01,高雄林園,A,A級,高危害,危害等級,管線設備危害物,可燃性氣體、易燃液體、有害性氣體、化學藥劑、酸鹼、熱水蒸氣、空氣、其他,32,31,29,2,0,1,0,0.9355,7,低
2024-01,高雄林園,A,A級,高危害,檢點與危害告知,簽發前安全檢點,是否安全檢點,32,28,27,1,0,0,0,0.9643,2,低
2024-01,高雄林園,A,A級,高危害,檢點與危害告知,危害告知,是否危害告知,32,31,30,1,0,0,0,0.9677,2,低
2024-01,高雄林園,A,A級,高危害,危害排除與隔離,環境危害排除,是否設備管線危害物排除,32,28,26,2,1,1,0,0.9286,16,中
2024-01,高雄林園,A,A級,高危害,危害排除與隔離,隔離管制,設備管線是否加盲加鎖掛牌,32,29,27,2,1,1,0,0.931,16,中
2024-01,高雄林園,A,A級,高危害,環境測定,氣體偵測數值,可燃性氣體%、氧氣%、一氧化碳PPM、硫化氫PPM,32,30,28,2,1,1,0,0.9333,16,中
2024-01,高雄林園,A,A級,高危害,環境測定,測定基準,可燃性氣體 < 20%LEL；氧氣>= 18%；一氧化碳<50 PPM；硫化氫<10 PPM,32,29,27,2,1,1,0,0.931,16,中
2024-01,高雄林園,A,A級,高危害,環境測定,測定頻率,上、下午施工前測定；A級或高風險作業需重複或連續測定；每小時/每兩小時紀錄表,32,31,29,2,1,1,0,0.9355,16,中
2024-01,高雄林園,A,A級,高危害,防火防爆,消防設備,是否有消防設備,32,30,28,2,1,1,0,0.9333,16,中
2024-01,高雄林園,A,A級,高危害,防火防爆,防爆安全工具,是否使用防爆電氣設備及安全工具,32,28,26,2,1,1,0,0.9286,16,中
2024-01,高雄林園,A,A級,高危害,高處作業,防墜措施,設標準施工架、安全網、安全母索、安全帶,32,31,30,1,0,0,0,0.9677,2,低
2024-01,高雄林園,A,A級,高危害,安全保護,個人防護具,是否有防護口罩、防毒面具、SCBA、防護手套、安全眼鏡、耳塞,32,32,31,1,0,0,0,0.9688,2,低
2024-01,高雄林園,A,A級,高危害,警戒巡查,警戒標示,是否有警戒標示,32,27,26,1,0,0,0,0.963,2,低
2024-01,高雄林園,A,A級,高危害,警戒巡查,巡查會簽,是否轄區、監造、安衛人員或工地負責人巡查會簽,32,29,28,1,0,0,0,0.9655,2,低
2024-01,高雄林園,A,A級,高危害,收工回簽,回簽收工確認,是否回簽時確認環境已整理並完成防護措施,32,27,26,1,0,0,0,0.963,2,低
2024-01,高雄林園,A,A級,高危害,收工回簽,一般安全規定,是否遵守工安規定,32,28,27,1,0,0,0,0.9643,2,低
2024-01,高雄林園,A,A級,高危害,收工回簽,現場紀錄,是否拍照,32,28,27,1,0,1,0,0.9643,5,低
2024-01,高雄林園,B,B級,中危害,廠區,基本資料,工廠、日期、時間,63,53,52,1,0,0,0,0.9811,2,低
2024-01,高雄林園,B,B級,中危害,許可證,許可資訊,工程作業分級、申請時間、核准工作時間、工作許可證編號,63,53,51,2,0,0,0,0.9623,4,低
2024-01,高雄林園,B,B級,中危害,施工地點,場地關係人,施工部門、轄區部門、監造部門,63,57,55,2,0,1,0,0.9649,7,低
2024-01,高雄林園,B,B級,中危害,包商,承攬商與人員資格,承攬商、工作人數、車輛車號、工地負責人、安衛人員、特殊作業主管,63,59,57,2,0,1,0,0.9661,7,低
2024-01,高雄林園,B,B級,中危害,危害等級,作業等級,施工地點、工程案號、工作內容、許可工作項目、作業分級,63,55,53,2,0,1,0,0.9636,7,低
2024-01,高雄林園,B,B級,中危害,危害等級,管線設備危害物,可燃性氣體、易燃液體、有害性氣體、化學藥劑、酸鹼、熱水蒸氣、空氣、其他,63,53,51,2,0,1,0,0.9623,7,低
2024-01,高雄林園,B,B級,中危害,檢點與危害告知,簽發前安全檢點,是否安全檢點,63,60,59,1,0,0,0,0.9833,2,低
2024-01,高雄林園,B,B級,中危害,檢點與危害告知,危害告知,是否危害告知,63,61,59,2,0,1,0,0.9672,7,低
2024-01,高雄林園,B,B級,中危害,危害排除與隔離,環境危害排除,是否設備管線危害物排除,63,54,52,2,1,1,0,0.963,16,中
2024-01,高雄林園,B,B級,中危害,危害排除與隔離,隔離管制,設備管線是否加盲加鎖掛牌,63,63,60,3,1,1,0,0.9524,18,中
2024-01,高雄林園,B,B級,中危害,環境測定,氣體偵測數值,可燃性氣體%、氧氣%、一氧化碳PPM、硫化氫PPM,63,52,50,2,1,1,0,0.9615,16,中
2024-01,高雄林園,B,B級,中危害,環境測定,測定基準,可燃性氣體 < 20%LEL；氧氣>= 18%；一氧化碳<50 PPM；硫化氫<10 PPM,63,58,55,3,1,1,0,0.9483,18,中
2024-01,高雄林園,B,B級,中危害,環境測定,測定頻率,上、下午施工前測定；A級或高風險作業需重複或連續測定；每小時/每兩小時紀錄表,63,53,51,2,1,1,0,0.9623,16,中
2024-01,高雄林園,B,B級,中危害,防火防爆,消防設備,是否有消防設備,63,52,50,2,1,1,0,0.9615,16,中
2024-01,高雄林園,B,B級,中危害,防火防爆,防爆安全工具,是否使用防爆電氣設備及安全工具,63,54,52,2,1,1,0,0.963,16,中
2024-01,高雄林園,B,B級,中危害,高處作業,防墜措施,設標準施工架、安全網、安全母索、安全帶,63,53,51,2,1,1,0,0.9623,16,中
2024-01,高雄林園,B,B級,中危害,安全保護,個人防護具,是否有防護口罩、防毒面具、SCBA、防護手套、安全眼鏡、耳塞,63,54,52,2,0,1,0,0.963,7,低
2024-01,高雄林園,B,B級,中危害,警戒巡查,警戒標示,是否有警戒標示,63,52,51,1,0,0,0,0.9808,2,低
2024-01,高雄林園,B,B級,中危害,警戒巡查,巡查會簽,是否轄區、監造、安衛人員或工地負責人巡查會簽,63,54,52,2,0,0,0,0.963,4,低
2024-01,高雄林園,B,B級,中危害,收工回簽,回簽收工確認,是否回簽時確認環境已整理並完成防護措施,63,54,53,1,0,0,0,0.9815,2,低
2024-01,高雄林園,B,B級,中危害,收工回簽,一般安全規定,是否遵守工安規定,63,53,51,2,0,0,0,0.9623,4,低
2024-01,高雄林園,B,B級,中危害,收工回簽,現場紀錄,是否拍照,63,53,51,2,0,1,0,0.9623,7,低
2024-01,高雄林園,C,C級,低危害,廠區,基本資料,工廠、日期、時間,53,50,49,1,0,0,0,0.98,2,低
2024-01,高雄林園,C,C級,低危害,許可證,許可資訊,工程作業分級、申請時間、核准工作時間、工作許可證編號,53,47,46,1,0,0,0,0.9787,2,低
2024-01,高雄林園,C,C級,低危害,施工地點,場地關係人,施工部門、轄區部門、監造部門,53,46,45,1,0,0,0,0.9783,2,低
2024-01,高雄林園,C,C級,低危害,包商,承攬商與人員資格,承攬商、工作人數、車輛車號、工地負責人、安衛人員、特殊作業主管,53,48,47,1,0,0,0,0.9792,2,低
2024-01,高雄林園,C,C級,低危害,危害等級,作業等級,施工地點、工程案號、工作內容、許可工作項目、作業分級,53,44,43,1,0,0,0,0.9773,2,低
2024-01,高雄林園,C,C級,低危害,危害等級,管線設備危害物,可燃性氣體、易燃液體、有害性氣體、化學藥劑、酸鹼、熱水蒸氣、空氣、其他,53,46,45,1,0,0,0,0.9783,2,低
2024-01,高雄林園,C,C級,低危害,檢點與危害告知,簽發前安全檢點,是否安全檢點,53,49,48,1,0,0,0,0.9796,2,低
2024-01,高雄林園,C,C級,低危害,檢點與危害告知,危害告知,是否危害告知,53,44,43,1,0,0,0,0.9773,2,低
2024-01,高雄林園,C,C級,低危害,危害排除與隔離,環境危害排除,是否設備管線危害物排除,53,44,43,1,0,0,0,0.9773,2,低
2024-01,高雄林園,C,C級,低危害,危害排除與隔離,隔離管制,設備管線是否加盲加鎖掛牌,53,48,47,1,0,0,0,0.9792,2,低
2024-01,高雄林園,C,C級,低危害,環境測定,氣體偵測數值,可燃性氣體%、氧氣%、一氧化碳PPM、硫化氫PPM,53,46,44,2,1,1,0,0.9565,16,中
2024-01,高雄林園,C,C級,低危害,環境測定,測定基準,可燃性氣體 < 20%LEL；氧氣>= 18%；一氧化碳<50 PPM；硫化氫<10 PPM,53,53,51,2,1,1,0,0.9623,16,中
2024-01,高雄林園,C,C級,低危害,環境測定,測定頻率,上、下午施工前測定；A級或高風險作業需重複或連續測定；每小時/每兩小時紀錄表,53,50,48,2,1,1,0,0.96,16,中
2024-01,高雄林園,C,C級,低危害,防火防爆,消防設備,是否有消防設備,53,50,48,2,1,1,0,0.96,16,中
2024-01,高雄林園,C,C級,低危害,防火防爆,防爆安全工具,是否使用防爆電氣設備及安全工具,53,46,44,2,1,0,0,0.9565,13,低
2024-01,高雄林園,C,C級,低危害,高處作業,防墜措施,設標準施工架、安全網、安全母索、安全帶,53,53,51,2,1,1,0,0.9623,16,中
2024-01,高雄林園,C,C級,低危害,安全保護,個人防護具,是否有防護口罩、防毒面具、SCBA、防護手套、安全眼鏡、耳塞,53,43,42,1,0,0,0,0.9767,2,低
2024-01,高雄林園,C,C級,低危害,警戒巡查,警戒標示,是否有警戒標示,53,46,45,1,0,0,0,0.9783,2,低
2024-01,高雄林園,C,C級,低危害,警戒巡查,巡查會簽,是否轄區、監造、安衛人員或工地負責人巡查會簽,53,50,49,1,0,0,0,0.98,2,低
2024-01,高雄林園,C,C級,低危害,收工回簽,回簽收工確認,是否回簽時確認環境已整理並完成防護措施,53,48,47,1,0,0,0,0.9792,2,低
2024-01,高雄林園,C,C級,低危害,收工回簽,一般安全規定,是否遵守工安規定,53,46,45,1,0,1,0,0.9783,5,低
2024-01,高雄林園,C,C級,低危害,收工回簽,現場紀錄,是否拍照,53,51,50,1,0,0,0,0.9804,2,低
2024-02,高雄林園,A,A級,高危害,廠區,基本資料,工廠、日期、時間,30,26,25,1,0,0,0,0.9615,2,低
2024-02,高雄林園,A,A級,高危害,許可證,許可資訊,工程作業分級、申請時間、核准工作時間、工作許可證編號,30,30,29,1,0,0,0,0.9667,2,低
2024-02,高雄林園,A,A級,高危害,施工地點,場地關係人,施工部門、轄區部門、監造部門,30,25,24,1,0,0,0,0.96,2,低
2024-02,高雄林園,A,A級,高危害,包商,承攬商與人員資格,承攬商、工作人數、車輛車號、工地負責人、安衛人員、特殊作業主管,30,26,25,1,0,0,0,0.9615,2,低
2024-02,高雄林園,A,A級,高危害,危害等級,作業等級,施工地點、工程案號、工作內容、許可工作項目、作業分級,30,28,27,1,0,0,0,0.9643,2,低
2024-02,高雄林園,A,A級,高危害,危害等級,管線設備危害物,可燃性氣體、易燃液體、有害性氣體、化學藥劑、酸鹼、熱水蒸氣、空氣、其他,30,27,26,1,0,0,0,0.963,2,低
2024-02,高雄林園,A,A級,高危害,檢點與危害告知,簽發前安全檢點,是否安全檢點,30,26,25,1,0,1,0,0.9615,5,低
2024-02,高雄林園,A,A級,高危害,檢點與危害告知,危害告知,是否危害告知,30,29,28,1,0,0,0,0.9655,2,低
2024-02,高雄林園,A,A級,高危害,危害排除與隔離,環境危害排除,是否設備管線危害物排除,30,30,28,2,1,1,0,0.9333,16,中
2024-02,高雄林園,A,A級,高危害,危害排除與隔離,隔離管制,設備管線是否加盲加鎖掛牌,30,27,25,2,1,1,0,0.9259,16,中
2024-02,高雄林園,A,A級,高危害,環境測定,氣體偵測數值,可燃性氣體%、氧氣%、一氧化碳PPM、硫化氫PPM,30,28,26,2,1,1,0,0.9286,16,中
2024-02,高雄林園,A,A級,高危害,環境測定,測定基準,可燃性氣體 < 20%LEL；氧氣>= 18%；一氧化碳<50 PPM；硫化氫<10 PPM,30,30,28,2,1,0,0,0.9333,13,低
2024-02,高雄林園,A,A級,高危害,環境測定,測定頻率,上、下午施工前測定；A級或高風險作業需重複或連續測定；每小時/每兩小時紀錄表,30,30,28,2,1,1,0,0.9333,16,中
2024-02,高雄林園,A,A級,高危害,防火防爆,消防設備,是否有消防設備,30,28,26,2,1,0,0,0.9286,13,低
2024-02,高雄林園,A,A級,高危害,防火防爆,防爆安全工具,是否使用防爆電氣設備及安全工具,30,28,26,2,1,1,0,0.9286,16,中
2024-02,高雄林園,A,A級,高危害,高處作業,防墜措施,設標準施工架、安全網、安全母索、安全帶,30,26,25,1,0,0,0,0.9615,2,低
2024-02,高雄林園,A,A級,高危害,安全保護,個人防護具,是否有防護口罩、防毒面具、SCBA、防護手套、安全眼鏡、耳塞,30,25,24,1,0,0,0,0.96,2,低
2024-02,高雄林園,A,A級,高危害,警戒巡查,警戒標示,是否有警戒標示,30,25,24,1,0,0,0,0.96,2,低
2024-02,高雄林園,A,A級,高危害,警戒巡查,巡查會簽,是否轄區、監造、安衛人員或工地負責人巡查會簽,30,28,27,1,0,0,0,0.9643,2,低
2024-02,高雄林園,A,A級,高危害,收工回簽,回簽收工確認,是否回簽時確認環境已整理並完成防護措施,30,29,28,1,0,0,0,0.9655,2,低
2024-02,高雄林園,A,A級,高危害,收工回簽,一般安全規定,是否遵守工安規定,30,26,25,1,0,1,0,0.9615,5,低
2024-02,高雄林園,A,A級,高危害,收工回簽,現場紀錄,是否拍照,30,26,25,1,0,1,0,0.9615,5,低
2024-02,高雄林園,B,B級,中危害,廠區,基本資料,工廠、日期、時間,69,65,63,2,0,1,0,0.9692,7,低
2024-02,高雄林園,B,B級,中危害,許可證,許可資訊,工程作業分級、申請時間、核准工作時間、工作許可證編號,69,59,58,1,0,0,0,0.9831,2,低
2024-02,高雄林園,B,B級,中危害,施工地點,場地關係人,施工部門、轄區部門、監造部門,69,60,59,1,0,0,0,0.9833,2,低
2024-02,高雄林園,B,B級,中危害,包商,承攬商與人員資格,承攬商、工作人數、車輛車號、工地負責人、安衛人員、特殊作業主管,69,59,57,2,0,1,0,0.9661,7,低
2024-02,高雄林園,B,B級,中危害,危害等級,作業等級,施工地點、工程案號、工作內容、許可工作項目、作業分級,69,64,62,2,0,1,0,0.9688,7,低
2024-02,高雄林園,B,B級,中危害,危害等級,管線設備危害物,可燃性氣體、易燃液體、有害性氣體、化學藥劑、酸鹼、熱水蒸氣、空氣、其他,69,58,56,2,0,1,0,0.9655,7,低
2024-02,高雄林園,B,B級,中危害,檢點與危害告知,簽發前安全檢點,是否安全檢點,69,60,58,2,0,1,0,0.9667,7,低
2024-02,高雄林園,B,B級,中危害,檢點與危害告知,危害告知,是否危害告知,69,58,56,2,0,0,0,0.9655,4,低
2024-02,高雄林園,B,B級,中危害,危害排除與隔離,環境危害排除,是否設備管線危害物排除,69,61,58,3,1,1,0,0.9508,18,中
2024-02,高雄林園,B,B級,中危害,危害排除與隔離,隔離管制,設備管線是否加盲加鎖掛牌,69,66,64,2,1,1,0,0.9697,16,中
2024-02,高雄林園,B,B級,中危害,環境測定,氣體偵測數值,可燃性氣體%、氧氣%、一氧化碳PPM、硫化氫PPM,69,68,66,2,1,0,0,0.9706,13,低
2024-02,高雄林園,B,B級,中危害,環境測定,測定基準,可燃性氣體 < 20%LEL；氧氣>= 18%；一氧化碳<50 PPM；硫化氫<10 PPM,69,61,58,3,1,1,0,0.9508,18,中
2024-02,高雄林園,B,B級,中危害,環境測定,測定頻率,上、下午施工前測定；A級或高風險作業需重複或連續測定；每小時/每兩小時紀錄表,69,59,56,3,1,1,0,0.9492,18,中
2024-02,高雄林園,B,B級,中危害,防火防爆,消防設備,是否有消防設備,69,60,58,2,1,0,0,0.9667,13,低
2024-02,高雄林園,B,B級,中危害,防火防爆,防爆安全工具,是否使用防爆電氣設備及安全工具,69,68,64,4,1,1,0,0.9412,20,中
2024-02,高雄林園,B,B級,中危害,高處作業,防墜措施,設標準施工架、安全網、安全母索、安全帶,69,65,62,3,1,1,0,0.9538,18,中
2024-02,高雄林園,B,B級,中危害,安全保護,個人防護具,是否有防護口罩、防毒面具、SCBA、防護手套、安全眼鏡、耳塞,69,58,56,2,0,1,0,0.9655,7,低
2024-02,高雄林園,B,B級,中危害,警戒巡查,警戒標示,是否有警戒標示,69,57,55,2,0,1,0,0.9649,7,低
2024-02,高雄林園,B,B級,中危害,警戒巡查,巡查會簽,是否轄區、監造、安衛人員或工地負責人巡查會簽,69,62,60,2,0,1,0,0.9677,7,低
2024-02,高雄林園,B,B級,中危害,收工回簽,回簽收工確認,是否回簽時確認環境已整理並完成防護措施,69,58,56,2,0,1,0,0.9655,7,低
2024-02,高雄林園,B,B級,中危害,收工回簽,一般安全規定,是否遵守工安規定,69,69,67,2,0,0,0,0.971,4,低
2024-02,高雄林園,B,B級,中危害,收工回簽,現場紀錄,是否拍照,69,61,59,2,0,1,0,0.9672,7,低
2024-02,高雄林園,C,C級,低危害,廠區,基本資料,工廠、日期、時間,55,48,47,1,0,0,0,0.9792,2,低
2024-02,高雄林園,C,C級,低危害,許可證,許可資訊,工程作業分級、申請時間、核准工作時間、工作許可證編號,55,46,45,1,0,0,0,0.9783,2,低
2024-02,高雄林園,C,C級,低危害,施工地點,場地關係人,施工部門、轄區部門、監造部門,55,51,50,1,0,0,0,0.9804,2,低
2024-02,高雄林園,C,C級,低危害,包商,承攬商與人員資格,承攬商、工作人數、車輛車號、工地負責人、安衛人員、特殊作業主管,55,45,44,1,0,0,0,0.9778,2,低
2024-02,高雄林園,C,C級,低危害,危害等級,作業等級,施工地點、工程案號、工作內容、許可工作項目、作業分級,55,48,47,1,0,0,0,0.9792,2,低
2024-02,高雄林園,C,C級,低危害,危害等級,管線設備危害物,可燃性氣體、易燃液體、有害性氣體、化學藥劑、酸鹼、熱水蒸氣、空氣、其他,55,47,46,1,0,0,0,0.9787,2,低
2024-02,高雄林園,C,C級,低危害,檢點與危害告知,簽發前安全檢點,是否安全檢點,55,50,49,1,0,1,0,0.98,5,低
2024-02,高雄林園,C,C級,低危害,檢點與危害告知,危害告知,是否危害告知,55,54,53,1,0,0,0,0.9815,2,低
2024-02,高雄林園,C,C級,低危害,危害排除與隔離,環境危害排除,是否設備管線危害物排除,55,53,51,2,1,0,0,0.9623,13,低
2024-02,高雄林園,C,C級,低危害,危害排除與隔離,隔離管制,設備管線是否加盲加鎖掛牌,55,52,50,2,1,0,0,0.9615,13,低
2024-02,高雄林園,C,C級,低危害,環境測定,氣體偵測數值,可燃性氣體%、氧氣%、一氧化碳PPM、硫化氫PPM,55,48,46,2,1,1,0,0.9583,16,中
2024-02,高雄林園,C,C級,低危害,環境測定,測定基準,可燃性氣體 < 20%LEL；氧氣>= 18%；一氧化碳<50 PPM；硫化氫<10 PPM,55,51,49,2,1,1,0,0.9608,16,中
2024-02,高雄林園,C,C級,低危害,環境測定,測定頻率,上、下午施工前測定；A級或高風險作業需重複或連續測定；每小時/每兩小時紀錄表,55,46,44,2,1,0,0,0.9565,13,低
2024-02,高雄林園,C,C級,低危害,防火防爆,消防設備,是否有消防設備,55,48,47,1,0,0,0,0.9792,2,低
2024-02,高雄林園,C,C級,低危害,防火防爆,防爆安全工具,是否使用防爆電氣設備及安全工具,55,46,44,2,1,1,0,0.9565,16,中
2024-02,高雄林園,C,C級,低危害,高處作業,防墜措施,設標準施工架、安全網、安全母索、安全帶,55,53,51,2,1,1,0,0.9623,16,中
2024-02,高雄林園,C,C級,低危害,安全保護,個人防護具,是否有防護口罩、防毒面具、SCBA、防護手套、安全眼鏡、耳塞,55,48,47,1,0,0,0,0.9792,2,低
2024-02,高雄林園,C,C級,低危害,警戒巡查,警戒標示,是否有警戒標示,55,52,51,1,0,0,0,0.9808,2,低
2024-02,高雄林園,C,C級,低危害,警戒巡查,巡查會簽,是否轄區、監造、安衛人員或工地負責人巡查會簽,55,54,53,1,0,1,0,0.9815,5,低
2024-02,高雄林園,C,C級,低危害,收工回簽,回簽收工確認,是否回簽時確認環境已整理並完成防護措施,55,49,48,1,0,0,0,0.9796,2,低
2024-02,高雄林園,C,C級,低危害,收工回簽,一般安全規定,是否遵守工安規定,55,48,47,1,0,0,0,0.9792,2,低
2024-02,高雄林園,C,C級,低危害,收工回簽,現場紀錄,是否拍照,55,55,54,1,0,0,0,0.9818,2,低
2024-03,高雄林園,A,A級,高危害,廠區,基本資料,工廠、日期、時間,33,28,27,1,0,1,0,0.9643,5,低
2024-03,高雄林園,A,A級,高危害,許可證,許可資訊,工程作業分級、申請時間、核准工作時間、工作許可證編號,33,32,31,1,0,0,0,0.9688,2,低
2024-03,高雄林園,A,A級,高危害,施工地點,場地關係人,施工部門、轄區部門、監造部門,33,29,28,1,0,0,0,0.9655,2,低
2024-03,高雄林園,A,A級,高危害,包商,承攬商與人員資格,承攬商、工作人數、車輛車號、工地負責人、安衛人員、特殊作業主管,33,31,30,1,0,0,0,0.9677,2,低
2024-03,高雄林園,A,A級,高危害,危害等級,作業等級,施工地點、工程案號、工作內容、許可工作項目、作業分級,33,32,31,1,0,1,0,0.9688,5,低
2024-03,高雄林園,A,A級,高危害,危害等級,管線設備危害物,可燃性氣體、易燃液體、有害性氣體、化學藥劑、酸鹼、熱水蒸氣、空氣、其他,33,29,28,1,0,0,0,0.9655,2,低
2024-03,高雄林園,A,A級,高危害,檢點與危害告知,簽發前安全檢點,是否安全檢點,33,29,28,1,0,0,0,0.9655,2,低
2024-03,高雄林園,A,A級,高危害,檢點與危害告知,危害告知,是否危害告知,33,33,32,1,0,0,0,0.9697,2,低
2024-03,高雄林園,A,A級,高危害,危害排除與隔離,環境危害排除,是否設備管線危害物排除,33,33,31,2,1,1,0,0.9394,16,中
2024-03,高雄林園,A,A級,高危害,危害排除與隔離,隔離管制,設備管線是否加盲加鎖掛牌,33,31,29,2,1,1,0,0.9355,16,中
2024-03,高雄林園,A,A級,高危害,環境測定,氣體偵測數值,可燃性氣體%、氧氣%、一氧化碳PPM、硫化氫PPM,33,32,30,2,1,1,0,0.9375,16,中
2024-03,高雄林園,A,A級,高危害,環境測定,測定基準,可燃性氣體 < 20%LEL；氧氣>= 18%；一氧化碳<50 PPM；硫化氫<10 PPM,33,30,28,2,1,1,0,0.9333,16,中
2024-03,高雄林園,A,A級,高危害,環境測定,測定頻率,上、下午施工前測定；A級或高風險作業需重複或連續測定；每小時/每兩小時紀錄表,33,29,27,2,1,1,0,0.931,16,中
2024-03,高雄林園,A,A級,高危害,防火防爆,消防設備,是否有消防設備,33,31,29,2,1,1,0,0.9355,16,中
2024-03,高雄林園,A,A級,高危害,防火防爆,防爆安全工具,是否使用防爆電氣設備及安全工具,33,30,28,2,1,1,0,0.9333,16,中
2024-03,高雄林園,A,A級,高危害,高處作業,防墜措施,設標準施工架、安全網、安全母索、安全帶,33,32,30,2,1,1,0,0.9375,16,中
2024-03,高雄林園,A,A級,高危害,安全保護,個人防護具,是否有防護口罩、防毒面具、SCBA、防護手套、安全眼鏡、耳塞,33,27,26,1,0,0,0,0.963,2,低
2024-03,高雄林園,A,A級,高危害,警戒巡查,警戒標示,是否有警戒標示,33,30,29,1,0,0,0,0.9667,2,低
2024-03,高雄林園,A,A級,高危害,警戒巡查,巡查會簽,是否轄區、監造、安衛人員或工地負責人巡查會簽,33,28,27,1,0,0,0,0.9643,2,低
2024-03,高雄林園,A,A級,高危害,收工回簽,回簽收工確認,是否回簽時確認環境已整理並完成防護措施,33,30,29,1,0,0,0,0.9667,2,低
2024-03,高雄林園,A,A級,高危害,收工回簽,一般安全規定,是否遵守工安規定,33,27,26,1,0,0,0,0.963,2,低
2024-03,高雄林園,A,A級,高危害,收工回簽,現場紀錄,是否拍照,33,29,28,1,0,0,0,0.9655,2,低
2024-03,高雄林園,B,B級,中危害,廠區,基本資料,工廠、日期、時間,72,60,58,2,0,1,0,0.9667,7,低
2024-03,高雄林園,B,B級,中危害,許可證,許可資訊,工程作業分級、申請時間、核准工作時間、工作許可證編號,72,63,61,2,0,0,0,0.9683,4,低
2024-03,高雄林園,B,B級,中危害,施工地點,場地關係人,施工部門、轄區部門、監造部門,72,61,60,1,0,0,0,0.9836,2,低
2024-03,高雄林園,B,B級,中危害,包商,承攬商與人員資格,承攬商、工作人數、車輛車號、工地負責人、安衛人員、特殊作業主管,72,69,67,2,0,1,0,0.971,7,低
2024-03,高雄林園,B,B級,中危害,危害等級,作業等級,施工地點、工程案號、工作內容、許可工作項目、作業分級,72,65,63,2,0,0,0,0.9692,4,低
2024-03,高雄林園,B,B級,中危害,危害等級,管線設備危害物,可燃性氣體、易燃液體、有害性氣體、化學藥劑、酸鹼、熱水蒸氣、空氣、其他,72,64,61,3,1,1,0,0.9531,18,中
2024-03,高雄林園,B,B級,中危害,檢點與危害告知,簽發前安全檢點,是否安全檢點,72,66,64,2,0,1,0,0.9697,7,低
2024-03,高雄林園,B,B級,中危害,檢點與危害告知,危害告知,是否危害告知,72,60,58,2,0,1,0,0.9667,7,低
2024-03,高雄林園,B,B級,中危害,危害排除與隔離,環境危害排除,是否設備管線危害物排除,72,68,65,3,1,1,0,0.9559,18,中
2024-03,高雄林園,B,B級,中危害,危害排除與隔離,隔離管制,設備管線是否加盲加鎖掛牌,72,69,66,3,1,1,0,0.9565,18,中
2024-03,高雄林園,B,B級,中危害,環境測定,氣體偵測數值,可燃性氣體%、氧氣%、一氧化碳PPM、硫化氫PPM,72,64,62,2,1,1,0,0.9688,16,中
2024-03,高雄林園,B,B級,中危害,環境測定,測定基準,可燃性氣體 < 20%LEL；氧氣>= 18%；一氧化碳<50 PPM；硫化氫<10 PPM,72,67,65,2,1,1,0,0.9701,16,中
2024-03,高雄林園,B,B級,中危害,環境測定,測定頻率,上、下午施工前測定；A級或高風險作業需重複或連續測定；每小時/每兩小時紀錄表,72,62,60,2,1,1,0,0.9677,16,中
2024-03,高雄林園,B,B級,中危害,防火防爆,消防設備,是否有消防設備,72,64,61,3,1,1,0,0.9531,18,中
2024-03,高雄林園,B,B級,中危害,防火防爆,防爆安全工具,是否使用防爆電氣設備及安全工具,72,64,62,2,1,1,0,0.9688,16,中
2024-03,高雄林園,B,B級,中危害,高處作業,防墜措施,設標準施工架、安全網、安全母索、安全帶,72,68,65,3,1,1,0,0.9559,18,中
2024-03,高雄林園,B,B級,中危害,安全保護,個人防護具,是否有防護口罩、防毒面具、SCBA、防護手套、安全眼鏡、耳塞,72,61,59,2,0,1,0,0.9672,7,低
2024-03,高雄林園,B,B級,中危害,警戒巡查,警戒標示,是否有警戒標示,72,68,66,2,0,1,0,0.9706,7,低
2024-03,高雄林園,B,B級,中危害,警戒巡查,巡查會簽,是否轄區、監造、安衛人員或工地負責人巡查會簽,72,69,66,3,0,1,0,0.9565,9,低
2024-03,高雄林園,B,B級,中危害,收工回簽,回簽收工確認,是否回簽時確認環境已整理並完成防護措施,72,64,62,2,0,0,0,0.9688,4,低
2024-03,高雄林園,B,B級,中危害,收工回簽,一般安全規定,是否遵守工安規定,72,62,60,2,0,1,0,0.9677,7,低
2024-03,高雄林園,B,B級,中危害,收工回簽,現場紀錄,是否拍照,72,64,62,2,0,1,0,0.9688,7,低
2024-03,高雄林園,C,C級,低危害,廠區,基本資料,工廠、日期、時間,48,47,46,1,0,0,0,0.9787,2,低
2024-03,高雄林園,C,C級,低危害,許可證,許可資訊,工程作業分級、申請時間、核准工作時間、工作許可證編號,48,48,47,1,0,0,0,0.9792,2,低
2024-03,高雄林園,C,C級,低危害,施工地點,場地關係人,施工部門、轄區部門、監造部門,48,47,46,1,0,0,0,0.9787,2,低
2024-03,高雄林園,C,C級,低危害,包商,承攬商與人員資格,承攬商、工作人數、車輛車號、工地負責人、安衛人員、特殊作業主管,48,42,41,1,0,0,0,0.9762,2,低
2024-03,高雄林園,C,C級,低危害,危害等級,作業等級,施工地點、工程案號、工作內容、許可工作項目、作業分級,48,44,43,1,0,0,0,0.9773,2,低
2024-03,高雄林園,C,C級,低危害,危害等級,管線設備危害物,可燃性氣體、易燃液體、有害性氣體、化學藥劑、酸鹼、熱水蒸氣、空氣、其他,48,48,47,1,0,0,0,0.9792,2,低
2024-03,高雄林園,C,C級,低危害,檢點與危害告知,簽發前安全檢點,是否安全檢點,48,43,42,1,0,0,0,0.9767,2,低
2024-03,高雄林園,C,C級,低危害,檢點與危害告知,危害告知,是否危害告知,48,42,41,1,0,0,0,0.9762,2,低
2024-03,高雄林園,C,C級,低危害,危害排除與隔離,環境危害排除,是否設備管線危害物排除,48,46,45,1,0,0,0,0.9783,2,低
2024-03,高雄林園,C,C級,低危害,危害排除與隔離,隔離管制,設備管線是否加盲加鎖掛牌,48,42,41,1,0,0,0,0.9762,2,低
2024-03,高雄林園,C,C級,低危害,環境測定,氣體偵測數值,可燃性氣體%、氧氣%、一氧化碳PPM、硫化氫PPM,48,44,42,2,1,0,0,0.9545,13,低
2024-03,高雄林園,C,C級,低危害,環境測定,測定基準,可燃性氣體 < 20%LEL；氧氣>= 18%；一氧化碳<50 PPM；硫化氫<10 PPM,48,44,42,2,1,0,0,0.9545,13,低
2024-03,高雄林園,C,C級,低危害,環境測定,測定頻率,上、下午施工前測定；A級或高風險作業需重複或連續測定；每小時/每兩小時紀錄表,48,45,43,2,1,1,0,0.9556,16,中
2024-03,高雄林園,C,C級,低危害,防火防爆,消防設備,是否有消防設備,48,47,46,1,0,0,0,0.9787,2,低
2024-03,高雄林園,C,C級,低危害,防火防爆,防爆安全工具,是否使用防爆電氣設備及安全工具,48,45,43,2,1,1,0,0.9556,16,中
2024-03,高雄林園,C,C級,低危害,高處作業,防墜措施,設標準施工架、安全網、安全母索、安全帶,48,46,45,1,0,0,0,0.9783,2,低
2024-03,高雄林園,C,C級,低危害,安全保護,個人防護具,是否有防護口罩、防毒面具、SCBA、防護手套、安全眼鏡、耳塞,48,41,40,1,0,0,0,0.9756,2,低
2024-03,高雄林園,C,C級,低危害,警戒巡查,警戒標示,是否有警戒標示,48,45,44,1,0,1,0,0.9778,5,低
2024-03,高雄林園,C,C級,低危害,警戒巡查,巡查會簽,是否轄區、監造、安衛人員或工地負責人巡查會簽,48,47,46,1,0,0,0,0.9787,2,低
2024-03,高雄林園,C,C級,低危害,收工回簽,回簽收工確認,是否回簽時確認環境已整理並完成防護措施,48,47,46,1,0,0,0,0.9787,2,低
2024-03,高雄林園,C,C級,低危害,收工回簽,一般安全規定,是否遵守工安規定,48,46,45,1,0,0,0,0.9783,2,低
2024-03,高雄林園,C,C級,低危害,收工回簽,現場紀錄,是否拍照,48,45,44,1,0,0,0,0.9778,2,低
2024-04,高雄林園,A,A級,高危害,廠區,基本資料,工廠、日期、時間,32,30,29,1,0,0,0,0.9667,2,低
2024-04,高雄林園,A,A級,高危害,許可證,許可資訊,工程作業分級、申請時間、核准工作時間、工作許可證編號,32,30,29,1,0,0,0,0.9667,2,低
2024-04,高雄林園,A,A級,高危害,施工地點,場地關係人,施工部門、轄區部門、監造部門,32,28,27,1,0,0,0,0.9643,2,低
2024-04,高雄林園,A,A級,高危害,包商,承攬商與人員資格,承攬商、工作人數、車輛車號、工地負責人、安衛人員、特殊作業主管,32,30,28,2,0,1,0,0.9333,7,低
2024-04,高雄林園,A,A級,高危害,危害等級,作業等級,施工地點、工程案號、工作內容、許可工作項目、作業分級,32,31,29,2,0,1,0,0.9355,7,低
2024-04,高雄林園,A,A級,高危害,危害等級,管線設備危害物,可燃性氣體、易燃液體、有害性氣體、化學藥劑、酸鹼、熱水蒸氣、空氣、其他,32,31,30,1,0,0,0,0.9677,2,低
2024-04,高雄林園,A,A級,高危害,檢點與危害告知,簽發前安全檢點,是否安全檢點,32,31,30,1,0,0,0,0.9677,2,低
2024-04,高雄林園,A,A級,高危害,檢點與危害告知,危害告知,是否危害告知,32,30,29,1,0,0,0,0.9667,2,低
2024-04,高雄林園,A,A級,高危害,危害排除與隔離,環境危害排除,是否設備管線危害物排除,32,29,27,2,1,0,0,0.931,13,低
2024-04,高雄林園,A,A級,高危害,危害排除與隔離,隔離管制,設備管線是否加盲加鎖掛牌,32,31,29,2,1,1,0,0.9355,16,中
2024-04,高雄林園,A,A級,高危害,環境測定,氣體偵測數值,可燃性氣體%、氧氣%、一氧化碳PPM、硫化氫PPM,32,32,30,2,1,1,0,0.9375,16,中
2024-04,高雄林園,A,A級,高危害,環境測定,測定基準,可燃性氣體 < 20%LEL；氧氣>= 18%；一氧化碳<50 PPM；硫化氫<10 PPM,32,28,26,2,1,1,0,0.9286,16,中
2024-04,高雄林園,A,A級,高危害,環境測定,測定頻率,上、下午施工前測定；A級或高風險作業需重複或連續測定；每小時/每兩小時紀錄表,32,28,26,2,1,1,0,0.9286,16,中
2024-04,高雄林園,A,A級,高危害,防火防爆,消防設備,是否有消防設備,32,30,28,2,1,1,0,0.9333,16,中
2024-04,高雄林園,A,A級,高危害,防火防爆,防爆安全工具,是否使用防爆電氣設備及安全工具,32,29,27,2,1,1,0,0.931,16,中
2024-04,高雄林園,A,A級,高危害,高處作業,防墜措施,設標準施工架、安全網、安全母索、安全帶,32,28,26,2,1,0,0,0.9286,13,低
2024-04,高雄林園,A,A級,高危害,安全保護,個人防護具,是否有防護口罩、防毒面具、SCBA、防護手套、安全眼鏡、耳塞,32,32,31,1,0,0,0,0.9688,2,低
2024-04,高雄林園,A,A級,高危害,警戒巡查,警戒標示,是否有警戒標示,32,28,27,1,0,0,0,0.9643,2,低
2024-04,高雄林園,A,A級,高危害,警戒巡查,巡查會簽,是否轄區、監造、安衛人員或工地負責人巡查會簽,32,29,28,1,0,0,0,0.9655,2,低
2024-04,高雄林園,A,A級,高危害,收工回簽,回簽收工確認,是否回簽時確認環境已整理並完成防護措施,32,32,31,1,0,0,0,0.9688,2,低
2024-04,高雄林園,A,A級,高危害,收工回簽,一般安全規定,是否遵守工安規定,32,27,26,1,0,0,0,0.963,2,低
2024-04,高雄林園,A,A級,高危害,收工回簽,現場紀錄,是否拍照,32,31,30,1,0,0,0,0.9677,2,低
2024-04,高雄林園,B,B級,中危害,廠區,基本資料,工廠、日期、時間,68,64,63,1,0,0,0,0.9844,2,低
2024-04,高雄林園,B,B級,中危害,許可證,許可資訊,工程作業分級、申請時間、核准工作時間、工作許可證編號,68,64,63,1,0,0,0,0.9844,2,低
2024-04,高雄林園,B,B級,中危害,施工地點,場地關係人,施工部門、轄區部門、監造部門,68,66,65,1,0,1,0,0.9848,5,低
2024-04,高雄林園,B,B級,中危害,包商,承攬商與人員資格,承攬商、工作人數、車輛車號、工地負責人、安衛人員、特殊作業主管,68,63,60,3,1,1,0,0.9524,18,中
2024-04,高雄林園,B,B級,中危害,危害等級,作業等級,施工地點、工程案號、工作內容、許可工作項目、作業分級,68,58,56,2,0,0,0,0.9655,4,低
2024-04,高雄林園,B,B級,中危害,危害等級,管線設備危害物,可燃性氣體、易燃液體、有害性氣體、化學藥劑、酸鹼、熱水蒸氣、空氣、其他,68,62,59,3,0,1,0,0.9516,9,低
2024-04,高雄林園,B,B級,中危害,檢點與危害告知,簽發前安全檢點,是否安全檢點,68,57,55,2,0,1,0,0.9649,7,低
2024-04,高雄林園,B,B級,中危害,檢點與危害告知,危害告知,是否危害告知,68,65,63,2,0,1,0,0.9692,7,低
2024-04,高雄林園,B,B級,中危害,危害排除與隔離,環境危害排除,是否設備管線危害物排除,68,60,57,3,1,1,0,0.95,18,中
2024-04,高雄林園,B,B級,中危害,危害排除與隔離,隔離管制,設備管線是否加盲加鎖掛牌,68,67,64,3,1,1,0,0.9552,18,中
2024-04,高雄林園,B,B級,中危害,環境測定,氣體偵測數值,可燃性氣體%、氧氣%、一氧化碳PPM、硫化氫PPM,68,60,58,2,1,1,0,0.9667,16,中
2024-04,高雄林園,B,B級,中危害,環境測定,測定基準,可燃性氣體 < 20%LEL；氧氣>= 18%；一氧化碳<50 PPM；硫化氫<10 PPM,68,58,55,3,1,1,0,0.9483,18,中
2024-04,高雄林園,B,B級,中危害,環境測定,測定頻率,上、下午施工前測定；A級或高風險作業需重複或連續測定；每小時/每兩小時紀錄表,68,62,60,2,1,1,0,0.9677,16,中
2024-04,高雄林園,B,B級,中危害,防火防爆,消防設備,是否有消防設備,68,63,60,3,1,1,0,0.9524,18,中
2024-04,高雄林園,B,B級,中危害,防火防爆,防爆安全工具,是否使用防爆電氣設備及安全工具,68,67,64,3,1,1,0,0.9552,18,中
2024-04,高雄林園,B,B級,中危害,高處作業,防墜措施,設標準施工架、安全網、安全母索、安全帶,68,57,55,2,1,1,0,0.9649,16,中
2024-04,高雄林園,B,B級,中危害,安全保護,個人防護具,是否有防護口罩、防毒面具、SCBA、防護手套、安全眼鏡、耳塞,68,63,61,2,0,0,0,0.9683,4,低
2024-04,高雄林園,B,B級,中危害,警戒巡查,警戒標示,是否有警戒標示,68,59,57,2,0,1,0,0.9661,7,低
2024-04,高雄林園,B,B級,中危害,警戒巡查,巡查會簽,是否轄區、監造、安衛人員或工地負責人巡查會簽,68,63,61,2,0,0,0,0.9683,4,低
2024-04,高雄林園,B,B級,中危害,收工回簽,回簽收工確認,是否回簽時確認環境已整理並完成防護措施,68,67,65,2,0,1,0,0.9701,7,低
2024-04,高雄林園,B,B級,中危害,收工回簽,一般安全規定,是否遵守工安規定,68,63,62,1,0,0,0,0.9841,2,低
2024-04,高雄林園,B,B級,中危害,收工回簽,現場紀錄,是否拍照,68,59,57,2,0,1,0,0.9661,7,低
2024-04,高雄林園,C,C級,低危害,廠區,基本資料,工廠、日期、時間,54,46,45,1,0,0,0,0.9783,2,低
2024-04,高雄林園,C,C級,低危害,許可證,許可資訊,工程作業分級、申請時間、核准工作時間、工作許可證編號,54,50,49,1,0,0,0,0.98,2,低
2024-04,高雄林園,C,C級,低危害,施工地點,場地關係人,施工部門、轄區部門、監造部門,54,47,46,1,0,1,0,0.9787,5,低
2024-04,高雄林園,C,C級,低危害,包商,承攬商與人員資格,承攬商、工作人數、車輛車號、工地負責人、安衛人員、特殊作業主管,54,50,49,1,0,0,0,0.98,2,低
2024-04,高雄林園,C,C級,低危害,危害等級,作業等級,施工地點、工程案號、工作內容、許可工作項目、作業分級,54,54,53,1,0,0,0,0.9815,2,低
2024-04,高雄林園,C,C級,低危害,危害等級,管線設備危害物,可燃性氣體、易燃液體、有害性氣體、化學藥劑、酸鹼、熱水蒸氣、空氣、其他,54,48,47,1,0,0,0,0.9792,2,低
2024-04,高雄林園,C,C級,低危害,檢點與危害告知,簽發前安全檢點,是否安全檢點,54,46,45,1,0,0,0,0.9783,2,低
2024-04,高雄林園,C,C級,低危害,檢點與危害告知,危害告知,是否危害告知,54,49,48,1,0,1,0,0.9796,5,低
2024-04,高雄林園,C,C級,低危害,危害排除與隔離,環境危害排除,是否設備管線危害物排除,54,46,45,1,0,0,0,0.9783,2,低
2024-04,高雄林園,C,C級,低危害,危害排除與隔離,隔離管制,設備管線是否加盲加鎖掛牌,54,45,44,1,0,0,0,0.9778,2,低
2024-04,高雄林園,C,C級,低危害,環境測定,氣體偵測數值,可燃性氣體%、氧氣%、一氧化碳PPM、硫化氫PPM,54,52,50,2,1,1,0,0.9615,16,中
2024-04,高雄林園,C,C級,低危害,環境測定,測定基準,可燃性氣體 < 20%LEL；氧氣>= 18%；一氧化碳<50 PPM；硫化氫<10 PPM,54,52,50,2,1,1,0,0.9615,16,中
2024-04,高雄林園,C,C級,低危害,環境測定,測定頻率,上、下午施工前測定；A級或高風險作業需重複或連續測定；每小時/每兩小時紀錄表,54,52,50,2,1,1,0,0.9615,16,中
2024-04,高雄林園,C,C級,低危害,防火防爆,消防設備,是否有消防設備,54,46,44,2,1,1,0,0.9565,16,中
2024-04,高雄林園,C,C級,低危害,防火防爆,防爆安全工具,是否使用防爆電氣設備及安全工具,54,46,45,1,0,0,0,0.9783,2,低
2024-04,高雄林園,C,C級,低危害,高處作業,防墜措施,設標準施工架、安全網、安全母索、安全帶,54,46,45,1,0,0,0,0.9783,2,低
2024-04,高雄林園,C,C級,低危害,安全保護,個人防護具,是否有防護口罩、防毒面具、SCBA、防護手套、安全眼鏡、耳塞,54,45,44,1,0,0,0,0.9778,2,低
2024-04,高雄林園,C,C級,低危害,警戒巡查,警戒標示,是否有警戒標示,54,45,44,1,0,0,0,0.9778,2,低
2024-04,高雄林園,C,C級,低危害,警戒巡查,巡查會簽,是否轄區、監造、安衛人員或工地負責人巡查會簽,54,53,52,1,0,0,0,0.9811,2,低
2024-04,高雄林園,C,C級,低危害,收工回簽,回簽收工確認,是否回簽時確認環境已整理並完成防護措施,54,48,47,1,0,0,0,0.9792,2,低
2024-04,高雄林園,C,C級,低危害,收工回簽,一般安全規定,是否遵守工安規定,54,46,45,1,0,0,0,0.9783,2,低
2024-04,高雄林園,C,C級,低危害,收工回簽,現場紀錄,是否拍照,54,51,50,1,0,1,0,0.9804,5,低
2024-05,高雄林園,A,A級,高危害,廠區,基本資料,工廠、日期、時間,29,25,24,1,0,0,0,0.96,2,低
2024-05,高雄林園,A,A級,高危害,許可證,許可資訊,工程作業分級、申請時間、核准工作時間、工作許可證編號,29,25,24,1,0,0,0,0.96,2,低
2024-05,高雄林園,A,A級,高危害,施工地點,場地關係人,施工部門、轄區部門、監造部門,29,24,23,1,0,0,0,0.9583,2,低
2024-05,高雄林園,A,A級,高危害,包商,承攬商與人員資格,承攬商、工作人數、車輛車號、工地負責人、安衛人員、特殊作業主管,29,24,23,1,0,0,0,0.9583,2,低
2024-05,高雄林園,A,A級,高危害,危害等級,作業等級,施工地點、工程案號、工作內容、許可工作項目、作業分級,29,29,28,1,0,0,0,0.9655,2,低
2024-05,高雄林園,A,A級,高危害,危害等級,管線設備危害物,可燃性氣體、易燃液體、有害性氣體、化學藥劑、酸鹼、熱水蒸氣、空氣、其他,29,26,25,1,0,0,0,0.9615,2,低
2024-05,高雄林園,A,A級,高危害,檢點與危害告知,簽發前安全檢點,是否安全檢點,29,24,23,1,0,0,0,0.9583,2,低
2024-05,高雄林園,A,A級,高危害,檢點與危害告知,危害告知,是否危害告知,29,27,26,1,0,1,0,0.963,5,低
2024-05,高雄林園,A,A級,高危害,危害排除與隔離,環境危害排除,是否設備管線危害物排除,29,25,23,2,1,0,0,0.92,13,低
2024-05,高雄林園,A,A級,高危害,危害排除與隔離,隔離管制,設備管線是否加盲加鎖掛牌,29,27,25,2,1,1,0,0.9259,16,中
2024-05,高雄林園,A,A級,高危害,環境測定,氣體偵測數值,可燃性氣體%、氧氣%、一氧化碳PPM、硫化氫PPM,29,29,27,2,1,1,0,0.931,16,中
2024-05,高雄林園,A,A級,高危害,環境測定,測定基準,可燃性氣體 < 20%LEL；氧氣>= 18%；一氧化碳<50 PPM；硫化氫<10 PPM,29,27,25,2,1,1,0,0.9259,16,中
2024-05,高雄林園,A,A級,高危害,環境測定,測定頻率,上、下午施工前測定；A級或高風險作業需重複或連續測定；每小時/每兩小時紀錄表,29,29,27,2,1,1,0,0.931,16,中
2024-05,高雄林園,A,A級,高危害,防火防爆,消防設備,是否有消防設備,29,28,26,2,1,1,0,0.9286,16,中
2024-05,高雄林園,A,A級,高危害,防火防爆,防爆安全工具,是否使用防爆電氣設備及安全工具,29,24,23,1,0,1,0,0.9583,5,低
2024-05,高雄林園,A,A級,高危害,高處作業,防墜措施,設標準施工架、安全網、安全母索、安全帶,29,28,26,2,1,1,0,0.9286,16,中
2024-05,高雄林園,A,A級,高危害,安全保護,個人防護具,是否有防護口罩、防毒面具、SCBA、防護手套、安全眼鏡、耳塞,29,28,27,1,0,0,0,0.9643,2,低
2024-05,高雄林園,A,A級,高危害,警戒巡查,警戒標示,是否有警戒標示,29,24,23,1,0,0,0,0.9583,2,低
2024-05,高雄林園,A,A級,高危害,警戒巡查,巡查會簽,是否轄區、監造、安衛人員或工地負責人巡查會簽,29,27,26,1,0,0,0,0.963,2,低
2024-05,高雄林園,A,A級,高危害,收工回簽,回簽收工確認,是否回簽時確認環境已整理並完成防護措施,29,24,23,1,0,0,0,0.9583,2,低
2024-05,高雄林園,A,A級,高危害,收工回簽,一般安全規定,是否遵守工安規定,29,24,23,1,0,0,0,0.9583,2,低
2024-05,高雄林園,A,A級,高危害,收工回簽,現場紀錄,是否拍照,29,27,26,1,0,0,0,0.963,2,低
2024-05,高雄林園,B,B級,中危害,廠區,基本資料,工廠、日期、時間,67,63,62,1,0,0,0,0.9841,2,低
2024-05,高雄林園,B,B級,中危害,許可證,許可資訊,工程作業分級、申請時間、核准工作時間、工作許可證編號,67,62,60,2,0,1,0,0.9677,7,低
2024-05,高雄林園,B,B級,中危害,施工地點,場地關係人,施工部門、轄區部門、監造部門,67,63,61,2,0,1,0,0.9683,7,低
2024-05,高雄林園,B,B級,中危害,包商,承攬商與人員資格,承攬商、工作人數、車輛車號、工地負責人、安衛人員、特殊作業主管,67,56,55,1,0,0,0,0.9821,2,低
2024-05,高雄林園,B,B級,中危害,危害等級,作業等級,施工地點、工程案號、工作內容、許可工作項目、作業分級,67,62,60,2,0,1,0,0.9677,7,低
2024-05,高雄林園,B,B級,中危害,危害等級,管線設備危害物,可燃性氣體、易燃液體、有害性氣體、化學藥劑、酸鹼、熱水蒸氣、空氣、其他,67,55,53,2,0,1,0,0.9636,7,低
2024-05,高雄林園,B,B級,中危害,檢點與危害告知,簽發前安全檢點,是否安全檢點,67,65,63,2,0,1,0,0.9692,7,低
2024-05,高雄林園,B,B級,中危害,檢點與危害告知,危害告知,是否危害告知,67,64,62,2,0,1,0,0.9688,7,低
2024-05,高雄林園,B,B級,中危害,危害排除與隔離,環境危害排除,是否設備管線危害物排除,67,65,62,3,1,1,0,0.9538,18,中
2024-05,高雄林園,B,B級,中危害,危害排除與隔離,隔離管制,設備管線是否加盲加鎖掛牌,67,66,64,2,1,1,0,0.9697,16,中
2024-05,高雄林園,B,B級,中危害,環境測定,氣體偵測數值,可燃性氣體%、氧氣%、一氧化碳PPM、硫化氫PPM,67,66,63,3,1,1,0,0.9545,18,中
2024-05,高雄林園,B,B級,中危害,環境測定,測定基準,可燃性氣體 < 20%LEL；氧氣>= 18%；一氧化碳<50 PPM；硫化氫<10 PPM,67,61,58,3,1,1,0,0.9508,18,中
2024-05,高雄林園,B,B級,中危害,環境測定,測定頻率,上、下午施工前測定；A級或高風險作業需重複或連續測定；每小時/每兩小時紀錄表,67,63,60,3,1,1,0,0.9524,18,中
2024-05,高雄林園,B,B級,中危害,防火防爆,消防設備,是否有消防設備,67,60,58,2,1,1,0,0.9667,16,中
2024-05,高雄林園,B,B級,中危害,防火防爆,防爆安全工具,是否使用防爆電氣設備及安全工具,67,57,55,2,1,1,0,0.9649,16,中
2024-05,高雄林園,B,B級,中危害,高處作業,防墜措施,設標準施工架、安全網、安全母索、安全帶,67,60,57,3,1,1,0,0.95,18,中
2024-05,高雄林園,B,B級,中危害,安全保護,個人防護具,是否有防護口罩、防毒面具、SCBA、防護手套、安全眼鏡、耳塞,67,56,54,2,0,0,0,0.9643,4,低
2024-05,高雄林園,B,B級,中危害,警戒巡查,警戒標示,是否有警戒標示,67,61,59,2,0,1,0,0.9672,7,低
2024-05,高雄林園,B,B級,中危害,警戒巡查,巡查會簽,是否轄區、監造、安衛人員或工地負責人巡查會簽,67,66,64,2,0,1,0,0.9697,7,低
2024-05,高雄林園,B,B級,中危害,收工回簽,回簽收工確認,是否回簽時確認環境已整理並完成防護措施,67,60,59,1,0,0,0,0.9833,2,低
2024-05,高雄林園,B,B級,中危害,收工回簽,一般安全規定,是否遵守工安規定,67,66,64,2,0,1,0,0.9697,7,低
2024-05,高雄林園,B,B級,中危害,收工回簽,現場紀錄,是否拍照,67,61,59,2,0,0,0,0.9672,4,低
2024-05,高雄林園,C,C級,低危害,廠區,基本資料,工廠、日期、時間,50,43,42,1,0,0,0,0.9767,2,低
2024-05,高雄林園,C,C級,低危害,許可證,許可資訊,工程作業分級、申請時間、核准工作時間、工作許可證編號,50,47,46,1,0,0,0,0.9787,2,低
2024-05,高雄林園,C,C級,低危害,施工地點,場地關係人,施工部門、轄區部門、監造部門,50,44,43,1,0,0,0,0.9773,2,低
2024-05,高雄林園,C,C級,低危害,包商,承攬商與人員資格,承攬商、工作人數、車輛車號、工地負責人、安衛人員、特殊作業主管,50,49,48,1,0,0,0,0.9796,2,低
2024-05,高雄林園,C,C級,低危害,危害等級,作業等級,施工地點、工程案號、工作內容、許可工作項目、作業分級,50,42,41,1,0,0,0,0.9762,2,低
2024-05,高雄林園,C,C級,低危害,危害等級,管線設備危害物,可燃性氣體、易燃液體、有害性氣體、化學藥劑、酸鹼、熱水蒸氣、空氣、其他,50,42,41,1,0,0,0,0.9762,2,低
2024-05,高雄林園,C,C級,低危害,檢點與危害告知,簽發前安全檢點,是否安全檢點,50,41,40,1,0,0,0,0.9756,2,低
2024-05,高雄林園,C,C級,低危害,檢點與危害告知,危害告知,是否危害告知,50,46,45,1,0,0,0,0.9783,2,低
2024-05,高雄林園,C,C級,低危害,危害排除與隔離,環境危害排除,是否設備管線危害物排除,50,50,48,2,1,0,0,0.96,13,低
2024-05,高雄林園,C,C級,低危害,危害排除與隔離,隔離管制,設備管線是否加盲加鎖掛牌,50,41,40,1,0,0,0,0.9756,2,低
2024-05,高雄林園,C,C級,低危害,環境測定,氣體偵測數值,可燃性氣體%、氧氣%、一氧化碳PPM、硫化氫PPM,50,43,42,1,0,0,0,0.9767,2,低
2024-05,高雄林園,C,C級,低危害,環境測定,測定基準,可燃性氣體 < 20%LEL；氧氣>= 18%；一氧化碳<50 PPM；硫化氫<10 PPM,50,49,47,2,1,1,0,0.9592,16,中
2024-05,高雄林園,C,C級,低危害,環境測定,測定頻率,上、下午施工前測定；A級或高風險作業需重複或連續測定；每小時/每兩小時紀錄表,50,49,48,1,0,0,0,0.9796,2,低
2024-05,高雄林園,C,C級,低危害,防火防爆,消防設備,是否有消防設備,50,49,48,1,0,0,0,0.9796,2,低
2024-05,高雄林園,C,C級,低危害,防火防爆,防爆安全工具,是否使用防爆電氣設備及安全工具,50,43,42,1,0,1,0,0.9767,5,低
2024-05,高雄林園,C,C級,低危害,高處作業,防墜措施,設標準施工架、安全網、安全母索、安全帶,50,50,48,2,1,1,0,0.96,16,中
2024-05,高雄林園,C,C級,低危害,安全保護,個人防護具,是否有防護口罩、防毒面具、SCBA、防護手套、安全眼鏡、耳塞,50,47,46,1,0,0,0,0.9787,2,低
2024-05,高雄林園,C,C級,低危害,警戒巡查,警戒標示,是否有警戒標示,50,46,45,1,0,0,0,0.9783,2,低
2024-05,高雄林園,C,C級,低危害,警戒巡查,巡查會簽,是否轄區、監造、安衛人員或工地負責人巡查會簽,50,45,44,1,0,0,0,0.9778,2,低
2024-05,高雄林園,C,C級,低危害,收工回簽,回簽收工確認,是否回簽時確認環境已整理並完成防護措施,50,46,45,1,0,0,0,0.9783,2,低
2024-05,高雄林園,C,C級,低危害,收工回簽,一般安全規定,是否遵守工安規定,50,47,46,1,0,0,0,0.9787,2,低
2024-05,高雄林園,C,C級,低危害,收工回簽,現場紀錄,是否拍照,50,47,46,1,0,0,0,0.9787,2,低
2024-06,高雄林園,A,A級,高危害,廠區,基本資料,工廠、日期、時間,29,25,24,1,0,1,0,0.96,5,低
2024-06,高雄林園,A,A級,高危害,許可證,許可資訊,工程作業分級、申請時間、核准工作時間、工作許可證編號,29,29,28,1,0,0,0,0.9655,2,低
2024-06,高雄林園,A,A級,高危害,施工地點,場地關係人,施工部門、轄區部門、監造部門,29,27,26,1,0,0,0,0.963,2,低
2024-06,高雄林園,A,A級,高危害,包商,承攬商與人員資格,承攬商、工作人數、車輛車號、工地負責人、安衛人員、特殊作業主管,29,26,25,1,0,0,0,0.9615,2,低
2024-06,高雄林園,A,A級,高危害,危害等級,作業等級,施工地點、工程案號、工作內容、許可工作項目、作業分級,29,26,25,1,0,0,0,0.9615,2,低
2024-06,高雄林園,A,A級,高危害,危害等級,管線設備危害物,可燃性氣體、易燃液體、有害性氣體、化學藥劑、酸鹼、熱水蒸氣、空氣、其他,29,27,26,1,0,0,0,0.963,2,低
2024-06,高雄林園,A,A級,高危害,檢點與危害告知,簽發前安全檢點,是否安全檢點,29,27,26,1,0,0,0,0.963,2,低
2024-06,高雄林園,A,A級,高危害,檢點與危害告知,危害告知,是否危害告知,29,27,26,1,0,0,0,0.963,2,低
2024-06,高雄林園,A,A級,高危害,危害排除與隔離,環境危害排除,是否設備管線危害物排除,29,25,23,2,1,1,0,0.92,16,中
2024-06,高雄林園,A,A級,高危害,危害排除與隔離,隔離管制,設備管線是否加盲加鎖掛牌,29,28,26,2,1,1,0,0.9286,16,中
2024-06,高雄林園,A,A級,高危害,環境測定,氣體偵測數值,可燃性氣體%、氧氣%、一氧化碳PPM、硫化氫PPM,29,25,23,2,1,1,0,0.92,16,中
2024-06,高雄林園,A,A級,高危害,環境測定,測定基準,可燃性氣體 < 20%LEL；氧氣>= 18%；一氧化碳<50 PPM；硫化氫<10 PPM,29,25,23,2,1,1,0,0.92,16,中
2024-06,高雄林園,A,A級,高危害,環境測定,測定頻率,上、下午施工前測定；A級或高風險作業需重複或連續測定；每小時/每兩小時紀錄表,29,29,27,2,1,1,0,0.931,16,中
2024-06,高雄林園,A,A級,高危害,防火防爆,消防設備,是否有消防設備,29,28,26,2,1,1,0,0.9286,16,中
2024-06,高雄林園,A,A級,高危害,防火防爆,防爆安全工具,是否使用防爆電氣設備及安全工具,29,24,22,2,1,0,0,0.9167,13,低
2024-06,高雄林園,A,A級,高危害,高處作業,防墜措施,設標準施工架、安全網、安全母索、安全帶,29,28,26,2,1,1,0,0.9286,16,中
2024-06,高雄林園,A,A級,高危害,安全保護,個人防護具,是否有防護口罩、防毒面具、SCBA、防護手套、安全眼鏡、耳塞,29,24,23,1,0,1,0,0.9583,5,低
2024-06,高雄林園,A,A級,高危害,警戒巡查,警戒標示,是否有警戒標示,29,26,25,1,0,0,0,0.9615,2,低
2024-06,高雄林園,A,A級,高危害,警戒巡查,巡查會簽,是否轄區、監造、安衛人員或工地負責人巡查會簽,29,24,23,1,0,0,0,0.9583,2,低
2024-06,高雄林園,A,A級,高危害,收工回簽,回簽收工確認,是否回簽時確認環境已整理並完成防護措施,29,26,25,1,0,0,0,0.9615,2,低
2024-06,高雄林園,A,A級,高危害,收工回簽,一般安全規定,是否遵守工安規定,29,25,24,1,0,0,0,0.96,2,低
2024-06,高雄林園,A,A級,高危害,收工回簽,現場紀錄,是否拍照,29,28,27,1,0,0,0,0.9643,2,低
2024-06,高雄林園,B,B級,中危害,廠區,基本資料,工廠、日期、時間,61,52,51,1,0,0,0,0.9808,2,低
2024-06,高雄林園,B,B級,中危害,許可證,許可資訊,工程作業分級、申請時間、核准工作時間、工作許可證編號,61,57,56,1,0,0,0,0.9825,2,低
2024-06,高雄林園,B,B級,中危害,施工地點,場地關係人,施工部門、轄區部門、監造部門,61,57,55,2,0,1,0,0.9649,7,低
2024-06,高雄林園,B,B級,中危害,包商,承攬商與人員資格,承攬商、工作人數、車輛車號、工地負責人、安衛人員、特殊作業主管,61,52,51,1,0,0,0,0.9808,2,低
2024-06,高雄林園,B,B級,中危害,危害等級,作業等級,施工地點、工程案號、工作內容、許可工作項目、作業分級,61,60,58,2,0,1,0,0.9667,7,低
2024-06,高雄林園,B,B級,中危害,危害等級,管線設備危害物,可燃性氣體、易燃液體、有害性氣體、化學藥劑、酸鹼、熱水蒸氣、空氣、其他,61,60,57,3,1,1,0,0.95,18,中
2024-06,高雄林園,B,B級,中危害,檢點與危害告知,簽發前安全檢點,是否安全檢點,61,52,51,1,0,0,0,0.9808,2,低
2024-06,高雄林園,B,B級,中危害,檢點與危害告知,危害告知,是否危害告知,61,55,53,2,0,1,0,0.9636,7,低
2024-06,高雄林園,B,B級,中危害,危害排除與隔離,環境危害排除,是否設備管線危害物排除,61,51,49,2,1,1,0,0.9608,16,中
2024-06,高雄林園,B,B級,中危害,危害排除與隔離,隔離管制,設備管線是否加盲加鎖掛牌,61,58,56,2,1,1,0,0.9655,16,中
2024-06,高雄林園,B,B級,中危害,環境測定,氣體偵測數值,可燃性氣體%、氧氣%、一氧化碳PPM、硫化氫PPM,61,60,57,3,1,1,0,0.95,18,中
2024-06,高雄林園,B,B級,中危害,環境測定,測定基準,可燃性氣體 < 20%LEL；氧氣>= 18%；一氧化碳<50 PPM；硫化氫<10 PPM,61,54,52,2,1,1,0,0.963,16,中
2024-06,高雄林園,B,B級,中危害,環境測定,測定頻率,上、下午施工前測定；A級或高風險作業需重複或連續測定；每小時/每兩小時紀錄表,61,55,52,3,1,1,0,0.9455,18,中
2024-06,高雄林園,B,B級,中危害,防火防爆,消防設備,是否有消防設備,61,51,48,3,1,1,0,0.9412,18,中
2024-06,高雄林園,B,B級,中危害,防火防爆,防爆安全工具,是否使用防爆電氣設備及安全工具,61,55,53,2,1,1,0,0.9636,16,中
2024-06,高雄林園,B,B級,中危害,高處作業,防墜措施,設標準施工架、安全網、安全母索、安全帶,61,54,52,2,1,1,0,0.963,16,中
2024-06,高雄林園,B,B級,中危害,安全保護,個人防護具,是否有防護口罩、防毒面具、SCBA、防護手套、安全眼鏡、耳塞,61,59,57,2,0,1,0,0.9661,7,低
2024-06,高雄林園,B,B級,中危害,警戒巡查,警戒標示,是否有警戒標示,61,59,57,2,0,1,0,0.9661,7,低
2024-06,高雄林園,B,B級,中危害,警戒巡查,巡查會簽,是否轄區、監造、安衛人員或工地負責人巡查會簽,61,55,53,2,0,1,0,0.9636,7,低
2024-06,高雄林園,B,B級,中危害,收工回簽,回簽收工確認,是否回簽時確認環境已整理並完成防護措施,61,57,55,2,0,1,0,0.9649,7,低
2024-06,高雄林園,B,B級,中危害,收工回簽,一般安全規定,是否遵守工安規定,61,54,53,1,0,0,0,0.9815,2,低
2024-06,高雄林園,B,B級,中危害,收工回簽,現場紀錄,是否拍照,61,53,51,2,0,1,0,0.9623,7,低
2024-06,高雄林園,C,C級,低危害,廠區,基本資料,工廠、日期、時間,49,44,43,1,0,0,0,0.9773,2,低
2024-06,高雄林園,C,C級,低危害,許可證,許可資訊,工程作業分級、申請時間、核准工作時間、工作許可證編號,49,49,48,1,0,0,0,0.9796,2,低
2024-06,高雄林園,C,C級,低危害,施工地點,場地關係人,施工部門、轄區部門、監造部門,49,47,46,1,0,0,0,0.9787,2,低
2024-06,高雄林園,C,C級,低危害,包商,承攬商與人員資格,承攬商、工作人數、車輛車號、工地負責人、安衛人員、特殊作業主管,49,46,45,1,0,0,0,0.9783,2,低
2024-06,高雄林園,C,C級,低危害,危害等級,作業等級,施工地點、工程案號、工作內容、許可工作項目、作業分級,49,44,43,1,0,0,0,0.9773,2,低
2024-06,高雄林園,C,C級,低危害,危害等級,管線設備危害物,可燃性氣體、易燃液體、有害性氣體、化學藥劑、酸鹼、熱水蒸氣、空氣、其他,49,41,40,1,0,0,0,0.9756,2,低
2024-06,高雄林園,C,C級,低危害,檢點與危害告知,簽發前安全檢點,是否安全檢點,49,44,43,1,0,0,0,0.9773,2,低
2024-06,高雄林園,C,C級,低危害,檢點與危害告知,危害告知,是否危害告知,49,48,47,1,0,0,0,0.9792,2,低
2024-06,高雄林園,C,C級,低危害,危害排除與隔離,環境危害排除,是否設備管線危害物排除,49,47,45,2,1,1,0,0.9574,16,中
2024-06,高雄林園,C,C級,低危害,危害排除與隔離,隔離管制,設備管線是否加盲加鎖掛牌,49,47,46,1,0,0,0,0.9787,2,低
2024-06,高雄林園,C,C級,低危害,環境測定,氣體偵測數值,可燃性氣體%、氧氣%、一氧化碳PPM、硫化氫PPM,49,45,44,1,0,0,0,0.9778,2,低
2024-06,高雄林園,C,C級,低危害,環境測定,測定基準,可燃性氣體 < 20%LEL；氧氣>= 18%；一氧化碳<50 PPM；硫化氫<10 PPM,49,47,45,2,1,1,0,0.9574,16,中
2024-06,高雄林園,C,C級,低危害,環境測定,測定頻率,上、下午施工前測定；A級或高風險作業需重複或連續測定；每小時/每兩小時紀錄表,49,46,45,1,0,0,0,0.9783,2,低
2024-06,高雄林園,C,C級,低危害,防火防爆,消防設備,是否有消防設備,49,45,43,2,1,1,0,0.9556,16,中
2024-06,高雄林園,C,C級,低危害,防火防爆,防爆安全工具,是否使用防爆電氣設備及安全工具,49,43,42,1,0,0,0,0.9767,2,低
2024-06,高雄林園,C,C級,低危害,高處作業,防墜措施,設標準施工架、安全網、安全母索、安全帶,49,41,40,1,0,0,0,0.9756,2,低
2024-06,高雄林園,C,C級,低危害,安全保護,個人防護具,是否有防護口罩、防毒面具、SCBA、防護手套、安全眼鏡、耳塞,49,44,43,1,0,0,0,0.9773,2,低
2024-06,高雄林園,C,C級,低危害,警戒巡查,警戒標示,是否有警戒標示,49,49,48,1,0,0,0,0.9796,2,低
2024-06,高雄林園,C,C級,低危害,警戒巡查,巡查會簽,是否轄區、監造、安衛人員或工地負責人巡查會簽,49,45,44,1,0,0,0,0.9778,2,低
2024-06,高雄林園,C,C級,低危害,收工回簽,回簽收工確認,是否回簽時確認環境已整理並完成防護措施,49,44,43,1,0,0,0,0.9773,2,低
2024-06,高雄林園,C,C級,低危害,收工回簽,一般安全規定,是否遵守工安規定,49,46,45,1,0,0,0,0.9783,2,低
2024-06,高雄林園,C,C級,低危害,收工回簽,現場紀錄,是否拍照,49,47,46,1,0,0,0,0.9787,2,低
2024-07,高雄林園,A,A級,高危害,廠區,基本資料,工廠、日期、時間,31,27,26,1,0,0,0,0.963,2,低
2024-07,高雄林園,A,A級,高危害,許可證,許可資訊,工程作業分級、申請時間、核准工作時間、工作許可證編號,31,26,25,1,0,0,0,0.9615,2,低
2024-07,高雄林園,A,A級,高危害,施工地點,場地關係人,施工部門、轄區部門、監造部門,31,28,27,1,0,0,0,0.9643,2,低
2024-07,高雄林園,A,A級,高危害,包商,承攬商與人員資格,承攬商、工作人數、車輛車號、工地負責人、安衛人員、特殊作業主管,31,31,30,1,0,0,0,0.9677,2,低
2024-07,高雄林園,A,A級,高危害,危害等級,作業等級,施工地點、工程案號、工作內容、許可工作項目、作業分級,31,29,28,1,0,0,0,0.9655,2,低
2024-07,高雄林園,A,A級,高危害,危害等級,管線設備危害物,可燃性氣體、易燃液體、有害性氣體、化學藥劑、酸鹼、熱水蒸氣、空氣、其他,31,28,27,1,0,0,0,0.9643,2,低
2024-07,高雄林園,A,A級,高危害,檢點與危害告知,簽發前安全檢點,是否安全檢點,31,29,28,1,0,0,0,0.9655,2,低
2024-07,高雄林園,A,A級,高危害,檢點與危害告知,危害告知,是否危害告知,31,30,29,1,0,0,0,0.9667,2,低
2024-07,高雄林園,A,A級,高危害,危害排除與隔離,環境危害排除,是否設備管線危害物排除,31,27,25,2,1,1,0,0.9259,16,中
2024-07,高雄林園,A,A級,高危害,危害排除與隔離,隔離管制,設備管線是否加盲加鎖掛牌,31,31,29,2,1,1,0,0.9355,16,中
2024-07,高雄林園,A,A級,高危害,環境測定,氣體偵測數值,可燃性氣體%、氧氣%、一氧化碳PPM、硫化氫PPM,31,27,25,2,1,1,0,0.9259,16,中
2024-07,高雄林園,A,A級,高危害,環境測定,測定基準,可燃性氣體 < 20%LEL；氧氣>= 18%；一氧化碳<50 PPM；硫化氫<10 PPM,31,31,29,2,1,1,0,0.9355,16,中
2024-07,高雄林園,A,A級,高危害,環境測定,測定頻率,上、下午施工前測定；A級或高風險作業需重複或連續測定；每小時/每兩小時紀錄表,31,26,25,1,0,0,0,0.9615,2,低
2024-07,高雄林園,A,A級,高危害,防火防爆,消防設備,是否有消防設備,31,27,25,2,1,1,0,0.9259,16,中
2024-07,高雄林園,A,A級,高危害,防火防爆,防爆安全工具,是否使用防爆電氣設備及安全工具,31,30,28,2,1,0,0,0.9333,13,低
2024-07,高雄林園,A,A級,高危害,高處作業,防墜措施,設標準施工架、安全網、安全母索、安全帶,31,31,29,2,1,1,0,0.9355,16,中
2024-07,高雄林園,A,A級,高危害,安全保護,個人防護具,是否有防護口罩、防毒面具、SCBA、防護手套、安全眼鏡、耳塞,31,29,28,1,0,0,0,0.9655,2,低
2024-07,高雄林園,A,A級,高危害,警戒巡查,警戒標示,是否有警戒標示,31,28,27,1,0,0,0,0.9643,2,低
2024-07,高雄林園,A,A級,高危害,警戒巡查,巡查會簽,是否轄區、監造、安衛人員或工地負責人巡查會簽,31,26,25,1,0,1,0,0.9615,5,低
2024-07,高雄林園,A,A級,高危害,收工回簽,回簽收工確認,是否回簽時確認環境已整理並完成防護措施,31,27,26,1,0,0,0,0.963,2,低
2024-07,高雄林園,A,A級,高危害,收工回簽,一般安全規定,是否遵守工安規定,31,29,28,1,0,1,0,0.9655,5,低
2024-07,高雄林園,A,A級,高危害,收工回簽,現場紀錄,是否拍照,31,25,24,1,0,0,0,0.96,2,低
2024-07,高雄林園,B,B級,中危害,廠區,基本資料,工廠、日期、時間,57,54,53,1,0,0,0,0.9815,2,低
2024-07,高雄林園,B,B級,中危害,許可證,許可資訊,工程作業分級、申請時間、核准工作時間、工作許可證編號,57,52,51,1,0,0,0,0.9808,2,低
2024-07,高雄林園,B,B級,中危害,施工地點,場地關係人,施工部門、轄區部門、監造部門,57,57,55,2,0,1,0,0.9649,7,低
2024-07,高雄林園,B,B級,中危害,包商,承攬商與人員資格,承攬商、工作人數、車輛車號、工地負責人、安衛人員、特殊作業主管,57,49,48,1,0,0,0,0.9796,2,低
2024-07,高雄林園,B,B級,中危害,危害等級,作業等級,施工地點、工程案號、工作內容、許可工作項目、作業分級,57,55,53,2,0,1,0,0.9636,7,低
2024-07,高雄林園,B,B級,中危害,危害等級,管線設備危害物,可燃性氣體、易燃液體、有害性氣體、化學藥劑、酸鹼、熱水蒸氣、空氣、其他,57,54,52,2,0,1,0,0.963,7,低
2024-07,高雄林園,B,B級,中危害,檢點與危害告知,簽發前安全檢點,是否安全檢點,57,53,52,1,0,0,0,0.9811,2,低
2024-07,高雄林園,B,B級,中危害,檢點與危害告知,危害告知,是否危害告知,57,53,51,2,0,1,0,0.9623,7,低
2024-07,高雄林園,B,B級,中危害,危害排除與隔離,環境危害排除,是否設備管線危害物排除,57,52,49,3,1,1,0,0.9423,18,中
2024-07,高雄林園,B,B級,中危害,危害排除與隔離,隔離管制,設備管線是否加盲加鎖掛牌,57,49,47,2,1,1,0,0.9592,16,中
2024-07,高雄林園,B,B級,中危害,環境測定,氣體偵測數值,可燃性氣體%、氧氣%、一氧化碳PPM、硫化氫PPM,57,55,52,3,1,1,0,0.9455,18,中
2024-07,高雄林園,B,B級,中危害,環境測定,測定基準,可燃性氣體 < 20%LEL；氧氣>= 18%；一氧化碳<50 PPM；硫化氫<10 PPM,57,56,53,3,1,1,0,0.9464,18,中
2024-07,高雄林園,B,B級,中危害,環境測定,測定頻率,上、下午施工前測定；A級或高風險作業需重複或連續測定；每小時/每兩小時紀錄表,57,55,53,2,1,1,0,0.9636,16,中
2024-07,高雄林園,B,B級,中危害,防火防爆,消防設備,是否有消防設備,57,54,51,3,1,1,0,0.9444,18,中
2024-07,高雄林園,B,B級,中危害,防火防爆,防爆安全工具,是否使用防爆電氣設備及安全工具,57,56,53,3,1,1,0,0.9464,18,中
2024-07,高雄林園,B,B級,中危害,高處作業,防墜措施,設標準施工架、安全網、安全母索、安全帶,57,50,48,2,1,1,0,0.96,16,中
2024-07,高雄林園,B,B級,中危害,安全保護,個人防護具,是否有防護口罩、防毒面具、SCBA、防護手套、安全眼鏡、耳塞,57,48,46,2,0,1,0,0.9583,7,低
2024-07,高雄林園,B,B級,中危害,警戒巡查,警戒標示,是否有警戒標示,57,56,55,1,0,0,0,0.9821,2,低
2024-07,高雄林園,B,B級,中危害,警戒巡查,巡查會簽,是否轄區、監造、安衛人員或工地負責人巡查會簽,57,53,52,1,0,0,0,0.9811,2,低
2024-07,高雄林園,B,B級,中危害,收工回簽,回簽收工確認,是否回簽時確認環境已整理並完成防護措施,57,49,48,1,0,0,0,0.9796,2,低
2024-07,高雄林園,B,B級,中危害,收工回簽,一般安全規定,是否遵守工安規定,57,50,49,1,0,0,0,0.98,2,低
2024-07,高雄林園,B,B級,中危害,收工回簽,現場紀錄,是否拍照,57,48,46,2,0,1,0,0.9583,7,低
2024-07,高雄林園,C,C級,低危害,廠區,基本資料,工廠、日期、時間,46,41,40,1,0,0,0,0.9756,2,低
2024-07,高雄林園,C,C級,低危害,許可證,許可資訊,工程作業分級、申請時間、核准工作時間、工作許可證編號,46,41,40,1,0,0,0,0.9756,2,低
2024-07,高雄林園,C,C級,低危害,施工地點,場地關係人,施工部門、轄區部門、監造部門,46,45,44,1,0,0,0,0.9778,2,低
2024-07,高雄林園,C,C級,低危害,包商,承攬商與人員資格,承攬商、工作人數、車輛車號、工地負責人、安衛人員、特殊作業主管,46,45,44,1,0,0,0,0.9778,2,低
2024-07,高雄林園,C,C級,低危害,危害等級,作業等級,施工地點、工程案號、工作內容、許可工作項目、作業分級,46,43,42,1,0,0,0,0.9767,2,低
2024-07,高雄林園,C,C級,低危害,危害等級,管線設備危害物,可燃性氣體、易燃液體、有害性氣體、化學藥劑、酸鹼、熱水蒸氣、空氣、其他,46,45,44,1,0,0,0,0.9778,2,低
2024-07,高雄林園,C,C級,低危害,檢點與危害告知,簽發前安全檢點,是否安全檢點,46,38,37,1,0,0,0,0.9737,2,低
2024-07,高雄林園,C,C級,低危害,檢點與危害告知,危害告知,是否危害告知,46,45,44,1,0,1,0,0.9778,5,低
2024-07,高雄林園,C,C級,低危害,危害排除與隔離,環境危害排除,是否設備管線危害物排除,46,39,38,1,0,0,0,0.9744,2,低
2024-07,高雄林園,C,C級,低危害,危害排除與隔離,隔離管制,設備管線是否加盲加鎖掛牌,46,42,40,2,1,1,0,0.9524,16,中
2024-07,高雄林園,C,C級,低危害,環境測定,氣體偵測數值,可燃性氣體%、氧氣%、一氧化碳PPM、硫化氫PPM,46,44,42,2,1,1,0,0.9545,16,中
2024-07,高雄林園,C,C級,低危害,環境測定,測定基準,可燃性氣體 < 20%LEL；氧氣>= 18%；一氧化碳<50 PPM；硫化氫<10 PPM,46,45,44,1,0,0,0,0.9778,2,低
2024-07,高雄林園,C,C級,低危害,環境測定,測定頻率,上、下午施工前測定；A級或高風險作業需重複或連續測定；每小時/每兩小時紀錄表,46,42,40,2,1,1,0,0.9524,16,中
2024-07,高雄林園,C,C級,低危害,防火防爆,消防設備,是否有消防設備,46,41,40,1,0,0,0,0.9756,2,低
2024-07,高雄林園,C,C級,低危害,防火防爆,防爆安全工具,是否使用防爆電氣設備及安全工具,46,40,39,1,0,0,0,0.975,2,低
2024-07,高雄林園,C,C級,低危害,高處作業,防墜措施,設標準施工架、安全網、安全母索、安全帶,46,39,38,1,0,0,0,0.9744,2,低
2024-07,高雄林園,C,C級,低危害,安全保護,個人防護具,是否有防護口罩、防毒面具、SCBA、防護手套、安全眼鏡、耳塞,46,41,40,1,0,0,0,0.9756,2,低
2024-07,高雄林園,C,C級,低危害,警戒巡查,警戒標示,是否有警戒標示,46,40,39,1,0,0,0,0.975,2,低
2024-07,高雄林園,C,C級,低危害,警戒巡查,巡查會簽,是否轄區、監造、安衛人員或工地負責人巡查會簽,46,44,43,1,0,0,0,0.9773,2,低
2024-07,高雄林園,C,C級,低危害,收工回簽,回簽收工確認,是否回簽時確認環境已整理並完成防護措施,46,46,45,1,0,0,0,0.9783,2,低
2024-07,高雄林園,C,C級,低危害,收工回簽,一般安全規定,是否遵守工安規定,46,40,39,1,0,0,0,0.975,2,低
2024-07,高雄林園,C,C級,低危害,收工回簽,現場紀錄,是否拍照,46,46,45,1,0,0,0,0.9783,2,低
2024-08,高雄林園,A,A級,高危害,廠區,基本資料,工廠、日期、時間,30,26,25,1,0,0,0,0.9615,2,低
2024-08,高雄林園,A,A級,高危害,許可證,許可資訊,工程作業分級、申請時間、核准工作時間、工作許可證編號,30,25,24,1,0,0,0,0.96,2,低
2024-08,高雄林園,A,A級,高危害,施工地點,場地關係人,施工部門、轄區部門、監造部門,30,27,26,1,0,0,0,0.963,2,低
2024-08,高雄林園,A,A級,高危害,包商,承攬商與人員資格,承攬商、工作人數、車輛車號、工地負責人、安衛人員、特殊作業主管,30,26,25,1,0,0,0,0.9615,2,低
2024-08,高雄林園,A,A級,高危害,危害等級,作業等級,施工地點、工程案號、工作內容、許可工作項目、作業分級,30,29,28,1,0,0,0,0.9655,2,低
2024-08,高雄林園,A,A級,高危害,危害等級,管線設備危害物,可燃性氣體、易燃液體、有害性氣體、化學藥劑、酸鹼、熱水蒸氣、空氣、其他,30,30,28,2,0,1,0,0.9333,7,低
2024-08,高雄林園,A,A級,高危害,檢點與危害告知,簽發前安全檢點,是否安全檢點,30,26,25,1,0,0,0,0.9615,2,低
2024-08,高雄林園,A,A級,高危害,檢點與危害告知,危害告知,是否危害告知,30,30,29,1,0,0,0,0.9667,2,低
2024-08,高雄林園,A,A級,高危害,危害排除與隔離,環境危害排除,是否設備管線危害物排除,30,26,24,2,1,0,0,0.9231,13,低
2024-08,高雄林園,A,A級,高危害,危害排除與隔離,隔離管制,設備管線是否加盲加鎖掛牌,30,26,24,2,1,1,0,0.9231,16,中
2024-08,高雄林園,A,A級,高危害,環境測定,氣體偵測數值,可燃性氣體%、氧氣%、一氧化碳PPM、硫化氫PPM,30,25,24,1,0,0,0,0.96,2,低
2024-08,高雄林園,A,A級,高危害,環境測定,測定基準,可燃性氣體 < 20%LEL；氧氣>= 18%；一氧化碳<50 PPM；硫化氫<10 PPM,30,29,27,2,1,1,0,0.931,16,中
2024-08,高雄林園,A,A級,高危害,環境測定,測定頻率,上、下午施工前測定；A級或高風險作業需重複或連續測定；每小時/每兩小時紀錄表,30,29,27,2,1,1,0,0.931,16,中
2024-08,高雄林園,A,A級,高危害,防火防爆,消防設備,是否有消防設備,30,27,25,2,1,1,0,0.9259,16,中
2024-08,高雄林園,A,A級,高危害,防火防爆,防爆安全工具,是否使用防爆電氣設備及安全工具,30,30,28,2,1,1,0,0.9333,16,中
2024-08,高雄林園,A,A級,高危害,高處作業,防墜措施,設標準施工架、安全網、安全母索、安全帶,30,29,28,1,0,0,0,0.9655,2,低
2024-08,高雄林園,A,A級,高危害,安全保護,個人防護具,是否有防護口罩、防毒面具、SCBA、防護手套、安全眼鏡、耳塞,30,26,25,1,0,0,0,0.9615,2,低
2024-08,高雄林園,A,A級,高危害,警戒巡查,警戒標示,是否有警戒標示,30,29,28,1,0,0,0,0.9655,2,低
2024-08,高雄林園,A,A級,高危害,警戒巡查,巡查會簽,是否轄區、監造、安衛人員或工地負責人巡查會簽,30,28,27,1,0,0,0,0.9643,2,低
2024-08,高雄林園,A,A級,高危害,收工回簽,回簽收工確認,是否回簽時確認環境已整理並完成防護措施,30,25,24,1,0,0,0,0.96,2,低
2024-08,高雄林園,A,A級,高危害,收工回簽,一般安全規定,是否遵守工安規定,30,28,27,1,0,0,0,0.9643,2,低
2024-08,高雄林園,A,A級,高危害,收工回簽,現場紀錄,是否拍照,30,27,26,1,0,0,0,0.963,2,低
2024-08,高雄林園,B,B級,中危害,廠區,基本資料,工廠、日期、時間,54,49,48,1,0,0,0,0.9796,2,低
2024-08,高雄林園,B,B級,中危害,許可證,許可資訊,工程作業分級、申請時間、核准工作時間、工作許可證編號,54,51,50,1,0,0,0,0.9804,2,低
2024-08,高雄林園,B,B級,中危害,施工地點,場地關係人,施工部門、轄區部門、監造部門,54,52,51,1,0,0,0,0.9808,2,低
2024-08,高雄林園,B,B級,中危害,包商,承攬商與人員資格,承攬商、工作人數、車輛車號、工地負責人、安衛人員、特殊作業主管,54,53,51,2,0,1,0,0.9623,7,低
2024-08,高雄林園,B,B級,中危害,危害等級,作業等級,施工地點、工程案號、工作內容、許可工作項目、作業分級,54,48,46,2,0,1,0,0.9583,7,低
2024-08,高雄林園,B,B級,中危害,危害等級,管線設備危害物,可燃性氣體、易燃液體、有害性氣體、化學藥劑、酸鹼、熱水蒸氣、空氣、其他,54,50,48,2,0,1,0,0.96,7,低
2024-08,高雄林園,B,B級,中危害,檢點與危害告知,簽發前安全檢點,是否安全檢點,54,48,47,1,0,1,0,0.9792,5,低
2024-08,高雄林園,B,B級,中危害,檢點與危害告知,危害告知,是否危害告知,54,44,43,1,0,0,0,0.9773,2,低
2024-08,高雄林園,B,B級,中危害,危害排除與隔離,環境危害排除,是否設備管線危害物排除,54,51,49,2,1,1,0,0.9608,16,中
2024-08,高雄林園,B,B級,中危害,危害排除與隔離,隔離管制,設備管線是否加盲加鎖掛牌,54,50,48,2,1,0,0,0.96,13,低
2024-08,高雄林園,B,B級,中危害,環境測定,氣體偵測數值,可燃性氣體%、氧氣%、一氧化碳PPM、硫化氫PPM,54,50,47,3,1,1,0,0.94,18,中
2024-08,高雄林園,B,B級,中危害,環境測定,測定基準,可燃性氣體 < 20%LEL；氧氣>= 18%；一氧化碳<50 PPM；硫化氫<10 PPM,54,54,52,2,1,1,0,0.963,16,中
2024-08,高雄林園,B,B級,中危害,環境測定,測定頻率,上、下午施工前測定；A級或高風險作業需重複或連續測定；每小時/每兩小時紀錄表,54,46,44,2,1,1,0,0.9565,16,中
2024-08,高雄林園,B,B級,中危害,防火防爆,消防設備,是否有消防設備,54,50,48,2,1,1,0,0.96,16,中
2024-08,高雄林園,B,B級,中危害,防火防爆,防爆安全工具,是否使用防爆電氣設備及安全工具,54,47,45,2,1,1,0,0.9574,16,中
2024-08,高雄林園,B,B級,中危害,高處作業,防墜措施,設標準施工架、安全網、安全母索、安全帶,54,46,45,1,0,0,0,0.9783,2,低
2024-08,高雄林園,B,B級,中危害,安全保護,個人防護具,是否有防護口罩、防毒面具、SCBA、防護手套、安全眼鏡、耳塞,54,54,52,2,0,1,0,0.963,7,低
2024-08,高雄林園,B,B級,中危害,警戒巡查,警戒標示,是否有警戒標示,54,54,52,2,0,0,0,0.963,4,低
2024-08,高雄林園,B,B級,中危害,警戒巡查,巡查會簽,是否轄區、監造、安衛人員或工地負責人巡查會簽,54,47,46,1,0,0,0,0.9787,2,低
2024-08,高雄林園,B,B級,中危害,收工回簽,回簽收工確認,是否回簽時確認環境已整理並完成防護措施,54,53,51,2,0,1,0,0.9623,7,低
2024-08,高雄林園,B,B級,中危害,收工回簽,一般安全規定,是否遵守工安規定,54,48,46,2,0,1,0,0.9583,7,低
2024-08,高雄林園,B,B級,中危害,收工回簽,現場紀錄,是否拍照,54,54,52,2,0,1,0,0.963,7,低
2024-08,高雄林園,C,C級,低危害,廠區,基本資料,工廠、日期、時間,43,40,39,1,0,0,0,0.975,2,低
2024-08,高雄林園,C,C級,低危害,許可證,許可資訊,工程作業分級、申請時間、核准工作時間、工作許可證編號,43,39,38,1,0,0,0,0.9744,2,低
2024-08,高雄林園,C,C級,低危害,施工地點,場地關係人,施工部門、轄區部門、監造部門,43,42,41,1,0,0,0,0.9762,2,低
2024-08,高雄林園,C,C級,低危害,包商,承攬商與人員資格,承攬商、工作人數、車輛車號、工地負責人、安衛人員、特殊作業主管,43,35,34,1,0,1,0,0.9714,5,低
2024-08,高雄林園,C,C級,低危害,危害等級,作業等級,施工地點、工程案號、工作內容、許可工作項目、作業分級,43,37,36,1,0,1,0,0.973,5,低
2024-08,高雄林園,C,C級,低危害,危害等級,管線設備危害物,可燃性氣體、易燃液體、有害性氣體、化學藥劑、酸鹼、熱水蒸氣、空氣、其他,43,39,38,1,0,0,0,0.9744,2,低
2024-08,高雄林園,C,C級,低危害,檢點與危害告知,簽發前安全檢點,是否安全檢點,43,38,37,1,0,0,0,0.9737,2,低
2024-08,高雄林園,C,C級,低危害,檢點與危害告知,危害告知,是否危害告知,43,42,41,1,0,0,0,0.9762,2,低
2024-08,高雄林園,C,C級,低危害,危害排除與隔離,環境危害排除,是否設備管線危害物排除,43,38,37,1,0,0,0,0.9737,2,低
2024-08,高雄林園,C,C級,低危害,危害排除與隔離,隔離管制,設備管線是否加盲加鎖掛牌,43,36,35,1,0,0,0,0.9722,2,低
2024-08,高雄林園,C,C級,低危害,環境測定,氣體偵測數值,可燃性氣體%、氧氣%、一氧化碳PPM、硫化氫PPM,43,38,37,1,0,0,0,0.9737,2,低
2024-08,高雄林園,C,C級,低危害,環境測定,測定基準,可燃性氣體 < 20%LEL；氧氣>= 18%；一氧化碳<50 PPM；硫化氫<10 PPM,43,36,35,1,0,0,0,0.9722,2,低
2024-08,高雄林園,C,C級,低危害,環境測定,測定頻率,上、下午施工前測定；A級或高風險作業需重複或連續測定；每小時/每兩小時紀錄表,43,38,37,1,0,0,0,0.9737,2,低
2024-08,高雄林園,C,C級,低危害,防火防爆,消防設備,是否有消防設備,43,39,37,2,1,1,0,0.9487,16,中
2024-08,高雄林園,C,C級,低危害,防火防爆,防爆安全工具,是否使用防爆電氣設備及安全工具,43,41,39,2,1,0,0,0.9512,13,低
2024-08,高雄林園,C,C級,低危害,高處作業,防墜措施,設標準施工架、安全網、安全母索、安全帶,43,43,42,1,0,0,0,0.9767,2,低
2024-08,高雄林園,C,C級,低危害,安全保護,個人防護具,是否有防護口罩、防毒面具、SCBA、防護手套、安全眼鏡、耳塞,43,36,35,1,0,0,0,0.9722,2,低
2024-08,高雄林園,C,C級,低危害,警戒巡查,警戒標示,是否有警戒標示,43,40,39,1,0,0,0,0.975,2,低
2024-08,高雄林園,C,C級,低危害,警戒巡查,巡查會簽,是否轄區、監造、安衛人員或工地負責人巡查會簽,43,36,35,1,0,0,0,0.9722,2,低
2024-08,高雄林園,C,C級,低危害,收工回簽,回簽收工確認,是否回簽時確認環境已整理並完成防護措施,43,41,40,1,0,1,0,0.9756,5,低
2024-08,高雄林園,C,C級,低危害,收工回簽,一般安全規定,是否遵守工安規定,43,42,41,1,0,0,0,0.9762,2,低
2024-08,高雄林園,C,C級,低危害,收工回簽,現場紀錄,是否拍照,43,42,41,1,0,0,0,0.9762,2,低
2024-09,高雄林園,A,A級,高危害,廠區,基本資料,工廠、日期、時間,31,30,29,1,0,0,0,0.9667,2,低
2024-09,高雄林園,A,A級,高危害,許可證,許可資訊,工程作業分級、申請時間、核准工作時間、工作許可證編號,31,31,30,1,0,0,0,0.9677,2,低
2024-09,高雄林園,A,A級,高危害,施工地點,場地關係人,施工部門、轄區部門、監造部門,31,26,25,1,0,0,0,0.9615,2,低
2024-09,高雄林園,A,A級,高危害,包商,承攬商與人員資格,承攬商、工作人數、車輛車號、工地負責人、安衛人員、特殊作業主管,31,29,28,1,0,0,0,0.9655,2,低
2024-09,高雄林園,A,A級,高危害,危害等級,作業等級,施工地點、工程案號、工作內容、許可工作項目、作業分級,31,26,25,1,0,0,0,0.9615,2,低
2024-09,高雄林園,A,A級,高危害,危害等級,管線設備危害物,可燃性氣體、易燃液體、有害性氣體、化學藥劑、酸鹼、熱水蒸氣、空氣、其他,31,30,29,1,0,1,0,0.9667,5,低
2024-09,高雄林園,A,A級,高危害,檢點與危害告知,簽發前安全檢點,是否安全檢點,31,30,29,1,0,0,0,0.9667,2,低
2024-09,高雄林園,A,A級,高危害,檢點與危害告知,危害告知,是否危害告知,31,30,29,1,0,0,0,0.9667,2,低
2024-09,高雄林園,A,A級,高危害,危害排除與隔離,環境危害排除,是否設備管線危害物排除,31,29,27,2,1,1,0,0.931,16,中
2024-09,高雄林園,A,A級,高危害,危害排除與隔離,隔離管制,設備管線是否加盲加鎖掛牌,31,27,25,2,1,1,0,0.9259,16,中
2024-09,高雄林園,A,A級,高危害,環境測定,氣體偵測數值,可燃性氣體%、氧氣%、一氧化碳PPM、硫化氫PPM,31,30,28,2,1,1,0,0.9333,16,中
2024-09,高雄林園,A,A級,高危害,環境測定,測定基準,可燃性氣體 < 20%LEL；氧氣>= 18%；一氧化碳<50 PPM；硫化氫<10 PPM,31,29,27,2,1,1,0,0.931,16,中
2024-09,高雄林園,A,A級,高危害,環境測定,測定頻率,上、下午施工前測定；A級或高風險作業需重複或連續測定；每小時/每兩小時紀錄表,31,31,29,2,1,1,0,0.9355,16,中
2024-09,高雄林園,A,A級,高危害,防火防爆,消防設備,是否有消防設備,31,26,24,2,1,1,0,0.9231,16,中
2024-09,高雄林園,A,A級,高危害,防火防爆,防爆安全工具,是否使用防爆電氣設備及安全工具,31,30,28,2,1,1,0,0.9333,16,中
2024-09,高雄林園,A,A級,高危害,高處作業,防墜措施,設標準施工架、安全網、安全母索、安全帶,31,26,24,2,1,1,0,0.9231,16,中
2024-09,高雄林園,A,A級,高危害,安全保護,個人防護具,是否有防護口罩、防毒面具、SCBA、防護手套、安全眼鏡、耳塞,31,30,28,2,0,0,0,0.9333,4,低
2024-09,高雄林園,A,A級,高危害,警戒巡查,警戒標示,是否有警戒標示,31,29,28,1,0,0,0,0.9655,2,低
2024-09,高雄林園,A,A級,高危害,警戒巡查,巡查會簽,是否轄區、監造、安衛人員或工地負責人巡查會簽,31,28,27,1,0,0,0,0.9643,2,低
2024-09,高雄林園,A,A級,高危害,收工回簽,回簽收工確認,是否回簽時確認環境已整理並完成防護措施,31,31,30,1,0,0,0,0.9677,2,低
2024-09,高雄林園,A,A級,高危害,收工回簽,一般安全規定,是否遵守工安規定,31,28,27,1,0,0,0,0.9643,2,低
2024-09,高雄林園,A,A級,高危害,收工回簽,現場紀錄,是否拍照,31,29,28,1,0,0,0,0.9655,2,低
2024-09,高雄林園,B,B級,中危害,廠區,基本資料,工廠、日期、時間,59,51,50,1,0,0,0,0.9804,2,低
2024-09,高雄林園,B,B級,中危害,許可證,許可資訊,工程作業分級、申請時間、核准工作時間、工作許可證編號,59,52,51,1,0,0,0,0.9808,2,低
2024-09,高雄林園,B,B級,中危害,施工地點,場地關係人,施工部門、轄區部門、監造部門,59,56,54,2,0,1,0,0.9643,7,低
2024-09,高雄林園,B,B級,中危害,包商,承攬商與人員資格,承攬商、工作人數、車輛車號、工地負責人、安衛人員、特殊作業主管,59,55,53,2,0,1,0,0.9636,7,低
2024-09,高雄林園,B,B級,中危害,危害等級,作業等級,施工地點、工程案號、工作內容、許可工作項目、作業分級,59,49,47,2,0,1,0,0.9592,7,低
2024-09,高雄林園,B,B級,中危害,危害等級,管線設備危害物,可燃性氣體、易燃液體、有害性氣體、化學藥劑、酸鹼、熱水蒸氣、空氣、其他,59,52,50,2,0,1,0,0.9615,7,低
2024-09,高雄林園,B,B級,中危害,檢點與危害告知,簽發前安全檢點,是否安全檢點,59,53,51,2,0,0,0,0.9623,4,低
2024-09,高雄林園,B,B級,中危害,檢點與危害告知,危害告知,是否危害告知,59,53,51,2,0,1,0,0.9623,7,低
2024-09,高雄林園,B,B級,中危害,危害排除與隔離,環境危害排除,是否設備管線危害物排除,59,55,53,2,1,1,0,0.9636,16,中
2024-09,高雄林園,B,B級,中危害,危害排除與隔離,隔離管制,設備管線是否加盲加鎖掛牌,59,53,51,2,1,1,0,0.9623,16,中
2024-09,高雄林園,B,B級,中危害,環境測定,氣體偵測數值,可燃性氣體%、氧氣%、一氧化碳PPM、硫化氫PPM,59,57,54,3,1,1,0,0.9474,18,中
2024-09,高雄林園,B,B級,中危害,環境測定,測定基準,可燃性氣體 < 20%LEL；氧氣>= 18%；一氧化碳<50 PPM；硫化氫<10 PPM,59,58,56,2,1,1,0,0.9655,16,中
2024-09,高雄林園,B,B級,中危害,環境測定,測定頻率,上、下午施工前測定；A級或高風險作業需重複或連續測定；每小時/每兩小時紀錄表,59,50,48,2,1,1,0,0.96,16,中
2024-09,高雄林園,B,B級,中危害,防火防爆,消防設備,是否有消防設備,59,49,47,2,1,1,0,0.9592,16,中
2024-09,高雄林園,B,B級,中危害,防火防爆,防爆安全工具,是否使用防爆電氣設備及安全工具,59,49,46,3,1,1,0,0.9388,18,中
2024-09,高雄林園,B,B級,中危害,高處作業,防墜措施,設標準施工架、安全網、安全母索、安全帶,59,50,48,2,1,1,0,0.96,16,中
2024-09,高雄林園,B,B級,中危害,安全保護,個人防護具,是否有防護口罩、防毒面具、SCBA、防護手套、安全眼鏡、耳塞,59,56,54,2,0,1,0,0.9643,7,低
2024-09,高雄林園,B,B級,中危害,警戒巡查,警戒標示,是否有警戒標示,59,56,54,2,0,1,0,0.9643,7,低
2024-09,高雄林園,B,B級,中危害,警戒巡查,巡查會簽,是否轄區、監造、安衛人員或工地負責人巡查會簽,59,51,49,2,0,1,0,0.9608,7,低
2024-09,高雄林園,B,B級,中危害,收工回簽,回簽收工確認,是否回簽時確認環境已整理並完成防護措施,59,58,57,1,0,0,0,0.9828,2,低
2024-09,高雄林園,B,B級,中危害,收工回簽,一般安全規定,是否遵守工安規定,59,51,50,1,0,0,0,0.9804,2,低
2024-09,高雄林園,B,B級,中危害,收工回簽,現場紀錄,是否拍照,59,51,49,2,0,1,0,0.9608,7,低
2024-09,高雄林園,C,C級,低危害,廠區,基本資料,工廠、日期、時間,43,37,36,1,0,0,0,0.973,2,低
2024-09,高雄林園,C,C級,低危害,許可證,許可資訊,工程作業分級、申請時間、核准工作時間、工作許可證編號,43,36,35,1,0,0,0,0.9722,2,低
2024-09,高雄林園,C,C級,低危害,施工地點,場地關係人,施工部門、轄區部門、監造部門,43,37,36,1,0,0,0,0.973,2,低
2024-09,高雄林園,C,C級,低危害,包商,承攬商與人員資格,承攬商、工作人數、車輛車號、工地負責人、安衛人員、特殊作業主管,43,42,41,1,0,0,0,0.9762,2,低
2024-09,高雄林園,C,C級,低危害,危害等級,作業等級,施工地點、工程案號、工作內容、許可工作項目、作業分級,43,37,36,1,0,0,0,0.973,2,低
2024-09,高雄林園,C,C級,低危害,危害等級,管線設備危害物,可燃性氣體、易燃液體、有害性氣體、化學藥劑、酸鹼、熱水蒸氣、空氣、其他,43,42,41,1,0,0,0,0.9762,2,低
2024-09,高雄林園,C,C級,低危害,檢點與危害告知,簽發前安全檢點,是否安全檢點,43,43,42,1,0,0,0,0.9767,2,低
2024-09,高雄林園,C,C級,低危害,檢點與危害告知,危害告知,是否危害告知,43,42,41,1,0,0,0,0.9762,2,低
2024-09,高雄林園,C,C級,低危害,危害排除與隔離,環境危害排除,是否設備管線危害物排除,43,41,40,1,0,0,0,0.9756,2,低
2024-09,高雄林園,C,C級,低危害,危害排除與隔離,隔離管制,設備管線是否加盲加鎖掛牌,43,42,41,1,0,1,0,0.9762,5,低
2024-09,高雄林園,C,C級,低危害,環境測定,氣體偵測數值,可燃性氣體%、氧氣%、一氧化碳PPM、硫化氫PPM,43,37,36,1,0,0,0,0.973,2,低
2024-09,高雄林園,C,C級,低危害,環境測定,測定基準,可燃性氣體 < 20%LEL；氧氣>= 18%；一氧化碳<50 PPM；硫化氫<10 PPM,43,38,36,2,1,1,0,0.9474,16,中
2024-09,高雄林園,C,C級,低危害,環境測定,測定頻率,上、下午施工前測定；A級或高風險作業需重複或連續測定；每小時/每兩小時紀錄表,43,41,40,1,0,0,0,0.9756,2,低
2024-09,高雄林園,C,C級,低危害,防火防爆,消防設備,是否有消防設備,43,41,40,1,0,1,0,0.9756,5,低
2024-09,高雄林園,C,C級,低危害,防火防爆,防爆安全工具,是否使用防爆電氣設備及安全工具,43,41,40,1,0,0,0,0.9756,2,低
2024-09,高雄林園,C,C級,低危害,高處作業,防墜措施,設標準施工架、安全網、安全母索、安全帶,43,40,39,1,0,0,0,0.975,2,低
2024-09,高雄林園,C,C級,低危害,安全保護,個人防護具,是否有防護口罩、防毒面具、SCBA、防護手套、安全眼鏡、耳塞,43,38,37,1,0,0,0,0.9737,2,低
2024-09,高雄林園,C,C級,低危害,警戒巡查,警戒標示,是否有警戒標示,43,36,35,1,0,0,0,0.9722,2,低
2024-09,高雄林園,C,C級,低危害,警戒巡查,巡查會簽,是否轄區、監造、安衛人員或工地負責人巡查會簽,43,36,35,1,0,0,0,0.9722,2,低
2024-09,高雄林園,C,C級,低危害,收工回簽,回簽收工確認,是否回簽時確認環境已整理並完成防護措施,43,41,40,1,0,0,0,0.9756,2,低
2024-09,高雄林園,C,C級,低危害,收工回簽,一般安全規定,是否遵守工安規定,43,40,39,1,0,0,0,0.975,2,低
2024-09,高雄林園,C,C級,低危害,收工回簽,現場紀錄,是否拍照,43,35,34,1,0,0,0,0.9714,2,低
2024-10,高雄林園,A,A級,高危害,廠區,基本資料,工廠、日期、時間,24,23,22,1,0,0,0,0.9565,2,低
2024-10,高雄林園,A,A級,高危害,許可證,許可資訊,工程作業分級、申請時間、核准工作時間、工作許可證編號,24,22,21,1,0,0,0,0.9545,2,低
2024-10,高雄林園,A,A級,高危害,施工地點,場地關係人,施工部門、轄區部門、監造部門,24,21,20,1,0,0,0,0.9524,2,低
2024-10,高雄林園,A,A級,高危害,包商,承攬商與人員資格,承攬商、工作人數、車輛車號、工地負責人、安衛人員、特殊作業主管,24,20,19,1,0,0,0,0.95,2,低
2024-10,高雄林園,A,A級,高危害,危害等級,作業等級,施工地點、工程案號、工作內容、許可工作項目、作業分級,24,20,19,1,0,0,0,0.95,2,低
2024-10,高雄林園,A,A級,高危害,危害等級,管線設備危害物,可燃性氣體、易燃液體、有害性氣體、化學藥劑、酸鹼、熱水蒸氣、空氣、其他,24,23,22,1,0,0,0,0.9565,2,低
2024-10,高雄林園,A,A級,高危害,檢點與危害告知,簽發前安全檢點,是否安全檢點,24,22,21,1,0,0,0,0.9545,2,低
2024-10,高雄林園,A,A級,高危害,檢點與危害告知,危害告知,是否危害告知,24,20,19,1,0,0,0,0.95,2,低
2024-10,高雄林園,A,A級,高危害,危害排除與隔離,環境危害排除,是否設備管線危害物排除,24,24,22,2,1,1,0,0.9167,16,中
2024-10,高雄林園,A,A級,高危害,危害排除與隔離,隔離管制,設備管線是否加盲加鎖掛牌,24,20,19,1,0,1,0,0.95,5,低
2024-10,高雄林園,A,A級,高危害,環境測定,氣體偵測數值,可燃性氣體%、氧氣%、一氧化碳PPM、硫化氫PPM,24,23,22,1,0,0,0,0.9565,2,低
2024-10,高雄林園,A,A級,高危害,環境測定,測定基準,可燃性氣體 < 20%LEL；氧氣>= 18%；一氧化碳<50 PPM；硫化氫<10 PPM,24,23,22,1,0,0,0,0.9565,2,低
2024-10,高雄林園,A,A級,高危害,環境測定,測定頻率,上、下午施工前測定；A級或高風險作業需重複或連續測定；每小時/每兩小時紀錄表,24,22,21,1,0,0,0,0.9545,2,低
2024-10,高雄林園,A,A級,高危害,防火防爆,消防設備,是否有消防設備,24,23,21,2,1,1,0,0.913,16,中
2024-10,高雄林園,A,A級,高危害,防火防爆,防爆安全工具,是否使用防爆電氣設備及安全工具,24,24,23,1,0,0,0,0.9583,2,低
2024-10,高雄林園,A,A級,高危害,高處作業,防墜措施,設標準施工架、安全網、安全母索、安全帶,24,23,22,1,0,0,0,0.9565,2,低
2024-10,高雄林園,A,A級,高危害,安全保護,個人防護具,是否有防護口罩、防毒面具、SCBA、防護手套、安全眼鏡、耳塞,24,21,20,1,0,1,0,0.9524,5,低
2024-10,高雄林園,A,A級,高危害,警戒巡查,警戒標示,是否有警戒標示,24,21,20,1,0,1,0,0.9524,5,低
2024-10,高雄林園,A,A級,高危害,警戒巡查,巡查會簽,是否轄區、監造、安衛人員或工地負責人巡查會簽,24,23,22,1,0,1,0,0.9565,5,低
2024-10,高雄林園,A,A級,高危害,收工回簽,回簽收工確認,是否回簽時確認環境已整理並完成防護措施,24,20,19,1,0,0,0,0.95,2,低
2024-10,高雄林園,A,A級,高危害,收工回簽,一般安全規定,是否遵守工安規定,24,20,19,1,0,0,0,0.95,2,低
2024-10,高雄林園,A,A級,高危害,收工回簽,現場紀錄,是否拍照,24,22,21,1,0,0,0,0.9545,2,低
2024-10,高雄林園,B,B級,中危害,廠區,基本資料,工廠、日期、時間,59,57,56,1,0,0,0,0.9825,2,低
2024-10,高雄林園,B,B級,中危害,許可證,許可資訊,工程作業分級、申請時間、核准工作時間、工作許可證編號,59,57,56,1,0,0,0,0.9825,2,低
2024-10,高雄林園,B,B級,中危害,施工地點,場地關係人,施工部門、轄區部門、監造部門,59,58,57,1,0,0,0,0.9828,2,低
2024-10,高雄林園,B,B級,中危害,包商,承攬商與人員資格,承攬商、工作人數、車輛車號、工地負責人、安衛人員、特殊作業主管,59,58,56,2,0,0,0,0.9655,4,低
2024-10,高雄林園,B,B級,中危害,危害等級,作業等級,施工地點、工程案號、工作內容、許可工作項目、作業分級,59,57,55,2,0,1,0,0.9649,7,低
2024-10,高雄林園,B,B級,中危害,危害等級,管線設備危害物,可燃性氣體、易燃液體、有害性氣體、化學藥劑、酸鹼、熱水蒸氣、空氣、其他,59,58,56,2,0,1,0,0.9655,7,低
2024-10,高雄林園,B,B級,中危害,檢點與危害告知,簽發前安全檢點,是否安全檢點,59,52,51,1,0,0,0,0.9808,2,低
2024-10,高雄林園,B,B級,中危害,檢點與危害告知,危害告知,是否危害告知,59,54,53,1,0,0,0,0.9815,2,低
2024-10,高雄林園,B,B級,中危害,危害排除與隔離,環境危害排除,是否設備管線危害物排除,59,55,53,2,1,1,0,0.9636,16,中
2024-10,高雄林園,B,B級,中危害,危害排除與隔離,隔離管制,設備管線是否加盲加鎖掛牌,59,51,49,2,1,1,0,0.9608,16,中
2024-10,高雄林園,B,B級,中危害,環境測定,氣體偵測數值,可燃性氣體%、氧氣%、一氧化碳PPM、硫化氫PPM,59,56,53,3,1,1,0,0.9464,18,中
2024-10,高雄林園,B,B級,中危害,環境測定,測定基準,可燃性氣體 < 20%LEL；氧氣>= 18%；一氧化碳<50 PPM；硫化氫<10 PPM,59,54,51,3,1,1,0,0.9444,18,中
2024-10,高雄林園,B,B級,中危害,環境測定,測定頻率,上、下午施工前測定；A級或高風險作業需重複或連續測定；每小時/每兩小時紀錄表,59,57,55,2,1,1,0,0.9649,16,中
2024-10,高雄林園,B,B級,中危害,防火防爆,消防設備,是否有消防設備,59,55,53,2,1,1,0,0.9636,16,中
2024-10,高雄林園,B,B級,中危害,防火防爆,防爆安全工具,是否使用防爆電氣設備及安全工具,59,57,54,3,1,1,0,0.9474,18,中
2024-10,高雄林園,B,B級,中危害,高處作業,防墜措施,設標準施工架、安全網、安全母索、安全帶,59,52,50,2,1,1,0,0.9615,16,中
2024-10,高雄林園,B,B級,中危害,安全保護,個人防護具,是否有防護口罩、防毒面具、SCBA、防護手套、安全眼鏡、耳塞,59,48,47,1,0,0,0,0.9792,2,低
2024-10,高雄林園,B,B級,中危害,警戒巡查,警戒標示,是否有警戒標示,59,50,49,1,0,0,0,0.98,2,低
2024-10,高雄林園,B,B級,中危害,警戒巡查,巡查會簽,是否轄區、監造、安衛人員或工地負責人巡查會簽,59,53,51,2,0,0,0,0.9623,4,低
2024-10,高雄林園,B,B級,中危害,收工回簽,回簽收工確認,是否回簽時確認環境已整理並完成防護措施,59,55,54,1,0,0,0,0.9818,2,低
2024-10,高雄林園,B,B級,中危害,收工回簽,一般安全規定,是否遵守工安規定,59,56,55,1,0,0,0,0.9821,2,低
2024-10,高雄林園,B,B級,中危害,收工回簽,現場紀錄,是否拍照,59,55,54,1,0,0,0,0.9818,2,低
2024-10,高雄林園,C,C級,低危害,廠區,基本資料,工廠、日期、時間,41,41,40,1,0,0,0,0.9756,2,低
2024-10,高雄林園,C,C級,低危害,許可證,許可資訊,工程作業分級、申請時間、核准工作時間、工作許可證編號,41,37,36,1,0,0,0,0.973,2,低
2024-10,高雄林園,C,C級,低危害,施工地點,場地關係人,施工部門、轄區部門、監造部門,41,39,38,1,0,0,0,0.9744,2,低
2024-10,高雄林園,C,C級,低危害,包商,承攬商與人員資格,承攬商、工作人數、車輛車號、工地負責人、安衛人員、特殊作業主管,41,39,38,1,0,0,0,0.9744,2,低
2024-10,高雄林園,C,C級,低危害,危害等級,作業等級,施工地點、工程案號、工作內容、許可工作項目、作業分級,41,36,35,1,0,0,0,0.9722,2,低
2024-10,高雄林園,C,C級,低危害,危害等級,管線設備危害物,可燃性氣體、易燃液體、有害性氣體、化學藥劑、酸鹼、熱水蒸氣、空氣、其他,41,35,34,1,0,0,0,0.9714,2,低
2024-10,高雄林園,C,C級,低危害,檢點與危害告知,簽發前安全檢點,是否安全檢點,41,34,33,1,0,0,0,0.9706,2,低
2024-10,高雄林園,C,C級,低危害,檢點與危害告知,危害告知,是否危害告知,41,38,37,1,0,0,0,0.9737,2,低
2024-10,高雄林園,C,C級,低危害,危害排除與隔離,環境危害排除,是否設備管線危害物排除,41,38,37,1,0,0,0,0.9737,2,低
2024-10,高雄林園,C,C級,低危害,危害排除與隔離,隔離管制,設備管線是否加盲加鎖掛牌,41,41,40,1,0,0,0,0.9756,2,低
2024-10,高雄林園,C,C級,低危害,環境測定,氣體偵測數值,可燃性氣體%、氧氣%、一氧化碳PPM、硫化氫PPM,41,41,40,1,0,0,0,0.9756,2,低
2024-10,高雄林園,C,C級,低危害,環境測定,測定基準,可燃性氣體 < 20%LEL；氧氣>= 18%；一氧化碳<50 PPM；硫化氫<10 PPM,41,37,36,1,0,0,0,0.973,2,低
2024-10,高雄林園,C,C級,低危害,環境測定,測定頻率,上、下午施工前測定；A級或高風險作業需重複或連續測定；每小時/每兩小時紀錄表,41,36,35,1,0,0,0,0.9722,2,低
2024-10,高雄林園,C,C級,低危害,防火防爆,消防設備,是否有消防設備,41,38,37,1,0,1,0,0.9737,5,低
2024-10,高雄林園,C,C級,低危害,防火防爆,防爆安全工具,是否使用防爆電氣設備及安全工具,41,39,38,1,0,0,0,0.9744,2,低
2024-10,高雄林園,C,C級,低危害,高處作業,防墜措施,設標準施工架、安全網、安全母索、安全帶,41,38,37,1,0,0,0,0.9737,2,低
2024-10,高雄林園,C,C級,低危害,安全保護,個人防護具,是否有防護口罩、防毒面具、SCBA、防護手套、安全眼鏡、耳塞,41,39,38,1,0,0,0,0.9744,2,低
2024-10,高雄林園,C,C級,低危害,警戒巡查,警戒標示,是否有警戒標示,41,41,40,1,0,0,0,0.9756,2,低
2024-10,高雄林園,C,C級,低危害,警戒巡查,巡查會簽,是否轄區、監造、安衛人員或工地負責人巡查會簽,41,41,40,1,0,0,0,0.9756,2,低
2024-10,高雄林園,C,C級,低危害,收工回簽,回簽收工確認,是否回簽時確認環境已整理並完成防護措施,41,41,40,1,0,0,0,0.9756,2,低
2024-10,高雄林園,C,C級,低危害,收工回簽,一般安全規定,是否遵守工安規定,41,35,34,1,0,0,0,0.9714,2,低
2024-10,高雄林園,C,C級,低危害,收工回簽,現場紀錄,是否拍照,41,39,38,1,0,1,0,0.9744,5,低
2024-11,高雄林園,A,A級,高危害,廠區,基本資料,工廠、日期、時間,30,29,28,1,0,0,0,0.9655,2,低
2024-11,高雄林園,A,A級,高危害,許可證,許可資訊,工程作業分級、申請時間、核准工作時間、工作許可證編號,30,28,27,1,0,0,0,0.9643,2,低
2024-11,高雄林園,A,A級,高危害,施工地點,場地關係人,施工部門、轄區部門、監造部門,30,29,28,1,0,0,0,0.9655,2,低
2024-11,高雄林園,A,A級,高危害,包商,承攬商與人員資格,承攬商、工作人數、車輛車號、工地負責人、安衛人員、特殊作業主管,30,30,29,1,0,0,0,0.9667,2,低
2024-11,高雄林園,A,A級,高危害,危害等級,作業等級,施工地點、工程案號、工作內容、許可工作項目、作業分級,30,30,29,1,0,0,0,0.9667,2,低
2024-11,高雄林園,A,A級,高危害,危害等級,管線設備危害物,可燃性氣體、易燃液體、有害性氣體、化學藥劑、酸鹼、熱水蒸氣、空氣、其他,30,30,28,2,0,1,0,0.9333,7,低
2024-11,高雄林園,A,A級,高危害,檢點與危害告知,簽發前安全檢點,是否安全檢點,30,26,25,1,0,0,0,0.9615,2,低
2024-11,高雄林園,A,A級,高危害,檢點與危害告知,危害告知,是否危害告知,30,28,27,1,0,1,0,0.9643,5,低
2024-11,高雄林園,A,A級,高危害,危害排除與隔離,環境危害排除,是否設備管線危害物排除,30,28,26,2,1,1,0,0.9286,16,中
2024-11,高雄林園,A,A級,高危害,危害排除與隔離,隔離管制,設備管線是否加盲加鎖掛牌,30,25,23,2,1,1,0,0.92,16,中
2024-11,高雄林園,A,A級,高危害,環境測定,氣體偵測數值,可燃性氣體%、氧氣%、一氧化碳PPM、硫化氫PPM,30,29,27,2,1,1,0,0.931,16,中
2024-11,高雄林園,A,A級,高危害,環境測定,測定基準,可燃性氣體 < 20%LEL；氧氣>= 18%；一氧化碳<50 PPM；硫化氫<10 PPM,30,30,28,2,1,1,0,0.9333,16,中
2024-11,高雄林園,A,A級,高危害,環境測定,測定頻率,上、下午施工前測定；A級或高風險作業需重複或連續測定；每小時/每兩小時紀錄表,30,29,27,2,1,0,0,0.931,13,低
2024-11,高雄林園,A,A級,高危害,防火防爆,消防設備,是否有消防設備,30,28,26,2,1,1,0,0.9286,16,中
2024-11,高雄林園,A,A級,高危害,防火防爆,防爆安全工具,是否使用防爆電氣設備及安全工具,30,25,24,1,0,0,0,0.96,2,低
2024-11,高雄林園,A,A級,高危害,高處作業,防墜措施,設標準施工架、安全網、安全母索、安全帶,30,26,24,2,1,1,0,0.9231,16,中
2024-11,高雄林園,A,A級,高危害,安全保護,個人防護具,是否有防護口罩、防毒面具、SCBA、防護手套、安全眼鏡、耳塞,30,29,28,1,0,0,0,0.9655,2,低
2024-11,高雄林園,A,A級,高危害,警戒巡查,警戒標示,是否有警戒標示,30,30,29,1,0,0,0,0.9667,2,低
2024-11,高雄林園,A,A級,高危害,警戒巡查,巡查會簽,是否轄區、監造、安衛人員或工地負責人巡查會簽,30,25,24,1,0,0,0,0.96,2,低
2024-11,高雄林園,A,A級,高危害,收工回簽,回簽收工確認,是否回簽時確認環境已整理並完成防護措施,30,28,27,1,0,0,0,0.9643,2,低
2024-11,高雄林園,A,A級,高危害,收工回簽,一般安全規定,是否遵守工安規定,30,25,24,1,0,0,0,0.96,2,低
2024-11,高雄林園,A,A級,高危害,收工回簽,現場紀錄,是否拍照,30,28,27,1,0,0,0,0.9643,2,低
2024-11,高雄林園,B,B級,中危害,廠區,基本資料,工廠、日期、時間,62,54,53,1,0,0,0,0.9815,2,低
2024-11,高雄林園,B,B級,中危害,許可證,許可資訊,工程作業分級、申請時間、核准工作時間、工作許可證編號,62,54,53,1,0,0,0,0.9815,2,低
2024-11,高雄林園,B,B級,中危害,施工地點,場地關係人,施工部門、轄區部門、監造部門,62,55,54,1,0,0,0,0.9818,2,低
2024-11,高雄林園,B,B級,中危害,包商,承攬商與人員資格,承攬商、工作人數、車輛車號、工地負責人、安衛人員、特殊作業主管,62,51,49,2,0,1,0,0.9608,7,低
2024-11,高雄林園,B,B級,中危害,危害等級,作業等級,施工地點、工程案號、工作內容、許可工作項目、作業分級,62,51,49,2,0,1,0,0.9608,7,低
2024-11,高雄林園,B,B級,中危害,危害等級,管線設備危害物,可燃性氣體、易燃液體、有害性氣體、化學藥劑、酸鹼、熱水蒸氣、空氣、其他,62,51,49,2,0,0,0,0.9608,4,低
2024-11,高雄林園,B,B級,中危害,檢點與危害告知,簽發前安全檢點,是否安全檢點,62,55,53,2,0,0,0,0.9636,4,低
2024-11,高雄林園,B,B級,中危害,檢點與危害告知,危害告知,是否危害告知,62,52,51,1,0,0,0,0.9808,2,低
2024-11,高雄林園,B,B級,中危害,危害排除與隔離,環境危害排除,是否設備管線危害物排除,62,53,51,2,1,1,0,0.9623,16,中
2024-11,高雄林園,B,B級,中危害,危害排除與隔離,隔離管制,設備管線是否加盲加鎖掛牌,62,57,55,2,1,1,0,0.9649,16,中
2024-11,高雄林園,B,B級,中危害,環境測定,氣體偵測數值,可燃性氣體%、氧氣%、一氧化碳PPM、硫化氫PPM,62,52,50,2,1,1,0,0.9615,16,中
2024-11,高雄林園,B,B級,中危害,環境測定,測定基準,可燃性氣體 < 20%LEL；氧氣>= 18%；一氧化碳<50 PPM；硫化氫<10 PPM,62,54,52,2,1,0,0,0.963,13,低
2024-11,高雄林園,B,B級,中危害,環境測定,測定頻率,上、下午施工前測定；A級或高風險作業需重複或連續測定；每小時/每兩小時紀錄表,62,58,55,3,1,1,0,0.9483,18,中
2024-11,高雄林園,B,B級,中危害,防火防爆,消防設備,是否有消防設備,62,59,57,2,1,0,0,0.9661,13,低
2024-11,高雄林園,B,B級,中危害,防火防爆,防爆安全工具,是否使用防爆電氣設備及安全工具,62,59,57,2,1,1,0,0.9661,16,中
2024-11,高雄林園,B,B級,中危害,高處作業,防墜措施,設標準施工架、安全網、安全母索、安全帶,62,54,52,2,1,1,0,0.963,16,中
2024-11,高雄林園,B,B級,中危害,安全保護,個人防護具,是否有防護口罩、防毒面具、SCBA、防護手套、安全眼鏡、耳塞,62,52,50,2,0,1,0,0.9615,7,低
2024-11,高雄林園,B,B級,中危害,警戒巡查,警戒標示,是否有警戒標示,62,59,57,2,0,1,0,0.9661,7,低
2024-11,高雄林園,B,B級,中危害,警戒巡查,巡查會簽,是否轄區、監造、安衛人員或工地負責人巡查會簽,62,57,55,2,0,1,0,0.9649,7,低
2024-11,高雄林園,B,B級,中危害,收工回簽,回簽收工確認,是否回簽時確認環境已整理並完成防護措施,62,60,58,2,0,1,0,0.9667,7,低
2024-11,高雄林園,B,B級,中危害,收工回簽,一般安全規定,是否遵守工安規定,62,56,54,2,0,1,0,0.9643,7,低
2024-11,高雄林園,B,B級,中危害,收工回簽,現場紀錄,是否拍照,62,51,49,2,0,1,0,0.9608,7,低
2024-11,高雄林園,C,C級,低危害,廠區,基本資料,工廠、日期、時間,45,45,44,1,0,0,0,0.9778,2,低
2024-11,高雄林園,C,C級,低危害,許可證,許可資訊,工程作業分級、申請時間、核准工作時間、工作許可證編號,45,44,43,1,0,0,0,0.9773,2,低
2024-11,高雄林園,C,C級,低危害,施工地點,場地關係人,施工部門、轄區部門、監造部門,45,38,37,1,0,0,0,0.9737,2,低
2024-11,高雄林園,C,C級,低危害,包商,承攬商與人員資格,承攬商、工作人數、車輛車號、工地負責人、安衛人員、特殊作業主管,45,39,38,1,0,0,0,0.9744,2,低
2024-11,高雄林園,C,C級,低危害,危害等級,作業等級,施工地點、工程案號、工作內容、許可工作項目、作業分級,45,41,40,1,0,0,0,0.9756,2,低
2024-11,高雄林園,C,C級,低危害,危害等級,管線設備危害物,可燃性氣體、易燃液體、有害性氣體、化學藥劑、酸鹼、熱水蒸氣、空氣、其他,45,39,38,1,0,0,0,0.9744,2,低
2024-11,高雄林園,C,C級,低危害,檢點與危害告知,簽發前安全檢點,是否安全檢點,45,39,38,1,0,0,0,0.9744,2,低
2024-11,高雄林園,C,C級,低危害,檢點與危害告知,危害告知,是否危害告知,45,39,38,1,0,0,0,0.9744,2,低
2024-11,高雄林園,C,C級,低危害,危害排除與隔離,環境危害排除,是否設備管線危害物排除,45,45,44,1,0,0,0,0.9778,2,低
2024-11,高雄林園,C,C級,低危害,危害排除與隔離,隔離管制,設備管線是否加盲加鎖掛牌,45,39,37,2,1,0,0,0.9487,13,低
2024-11,高雄林園,C,C級,低危害,環境測定,氣體偵測數值,可燃性氣體%、氧氣%、一氧化碳PPM、硫化氫PPM,45,40,38,2,1,1,0,0.95,16,中
2024-11,高雄林園,C,C級,低危害,環境測定,測定基準,可燃性氣體 < 20%LEL；氧氣>= 18%；一氧化碳<50 PPM；硫化氫<10 PPM,45,40,39,1,0,0,0,0.975,2,低
2024-11,高雄林園,C,C級,低危害,環境測定,測定頻率,上、下午施工前測定；A級或高風險作業需重複或連續測定；每小時/每兩小時紀錄表,45,40,38,2,1,1,0,0.95,16,中
2024-11,高雄林園,C,C級,低危害,防火防爆,消防設備,是否有消防設備,45,38,36,2,1,0,0,0.9474,13,低
2024-11,高雄林園,C,C級,低危害,防火防爆,防爆安全工具,是否使用防爆電氣設備及安全工具,45,41,39,2,1,1,0,0.9512,16,中
2024-11,高雄林園,C,C級,低危害,高處作業,防墜措施,設標準施工架、安全網、安全母索、安全帶,45,39,38,1,0,0,0,0.9744,2,低
2024-11,高雄林園,C,C級,低危害,安全保護,個人防護具,是否有防護口罩、防毒面具、SCBA、防護手套、安全眼鏡、耳塞,45,38,37,1,0,0,0,0.9737,2,低
2024-11,高雄林園,C,C級,低危害,警戒巡查,警戒標示,是否有警戒標示,45,40,39,1,0,0,0,0.975,2,低
2024-11,高雄林園,C,C級,低危害,警戒巡查,巡查會簽,是否轄區、監造、安衛人員或工地負責人巡查會簽,45,41,40,1,0,0,0,0.9756,2,低
2024-11,高雄林園,C,C級,低危害,收工回簽,回簽收工確認,是否回簽時確認環境已整理並完成防護措施,45,40,39,1,0,0,0,0.975,2,低
2024-11,高雄林園,C,C級,低危害,收工回簽,一般安全規定,是否遵守工安規定,45,40,39,1,0,0,0,0.975,2,低
2024-11,高雄林園,C,C級,低危害,收工回簽,現場紀錄,是否拍照,45,38,37,1,0,0,0,0.9737,2,低
2024-12,高雄林園,A,A級,高危害,廠區,基本資料,工廠、日期、時間,28,25,24,1,0,0,0,0.96,2,低
2024-12,高雄林園,A,A級,高危害,許可證,許可資訊,工程作業分級、申請時間、核准工作時間、工作許可證編號,28,24,23,1,0,0,0,0.9583,2,低
2024-12,高雄林園,A,A級,高危害,施工地點,場地關係人,施工部門、轄區部門、監造部門,28,24,23,1,0,0,0,0.9583,2,低
2024-12,高雄林園,A,A級,高危害,包商,承攬商與人員資格,承攬商、工作人數、車輛車號、工地負責人、安衛人員、特殊作業主管,28,25,24,1,0,0,0,0.96,2,低
2024-12,高雄林園,A,A級,高危害,危害等級,作業等級,施工地點、工程案號、工作內容、許可工作項目、作業分級,28,25,24,1,0,0,0,0.96,2,低
2024-12,高雄林園,A,A級,高危害,危害等級,管線設備危害物,可燃性氣體、易燃液體、有害性氣體、化學藥劑、酸鹼、熱水蒸氣、空氣、其他,28,25,24,1,0,0,0,0.96,2,低
2024-12,高雄林園,A,A級,高危害,檢點與危害告知,簽發前安全檢點,是否安全檢點,28,25,24,1,0,0,0,0.96,2,低
2024-12,高雄林園,A,A級,高危害,檢點與危害告知,危害告知,是否危害告知,28,24,23,1,0,0,0,0.9583,2,低
2024-12,高雄林園,A,A級,高危害,危害排除與隔離,環境危害排除,是否設備管線危害物排除,28,25,24,1,0,0,0,0.96,2,低
2024-12,高雄林園,A,A級,高危害,危害排除與隔離,隔離管制,設備管線是否加盲加鎖掛牌,28,25,23,2,1,1,0,0.92,16,中
2024-12,高雄林園,A,A級,高危害,環境測定,氣體偵測數值,可燃性氣體%、氧氣%、一氧化碳PPM、硫化氫PPM,28,28,26,2,1,1,0,0.9286,16,中
2024-12,高雄林園,A,A級,高危害,環境測定,測定基準,可燃性氣體 < 20%LEL；氧氣>= 18%；一氧化碳<50 PPM；硫化氫<10 PPM,28,27,25,2,1,1,0,0.9259,16,中
2024-12,高雄林園,A,A級,高危害,環境測定,測定頻率,上、下午施工前測定；A級或高風險作業需重複或連續測定；每小時/每兩小時紀錄表,28,25,23,2,1,1,0,0.92,16,中
2024-12,高雄林園,A,A級,高危害,防火防爆,消防設備,是否有消防設備,28,23,22,1,0,0,0,0.9565,2,低
2024-12,高雄林園,A,A級,高危害,防火防爆,防爆安全工具,是否使用防爆電氣設備及安全工具,28,25,23,2,1,1,0,0.92,16,中
2024-12,高雄林園,A,A級,高危害,高處作業,防墜措施,設標準施工架、安全網、安全母索、安全帶,28,26,25,1,0,0,0,0.9615,2,低
2024-12,高雄林園,A,A級,高危害,安全保護,個人防護具,是否有防護口罩、防毒面具、SCBA、防護手套、安全眼鏡、耳塞,28,25,24,1,0,0,0,0.96,2,低
2024-12,高雄林園,A,A級,高危害,警戒巡查,警戒標示,是否有警戒標示,28,24,23,1,0,0,0,0.9583,2,低
2024-12,高雄林園,A,A級,高危害,警戒巡查,巡查會簽,是否轄區、監造、安衛人員或工地負責人巡查會簽,28,24,23,1,0,0,0,0.9583,2,低
2024-12,高雄林園,A,A級,高危害,收工回簽,回簽收工確認,是否回簽時確認環境已整理並完成防護措施,28,25,24,1,0,1,0,0.96,5,低
2024-12,高雄林園,A,A級,高危害,收工回簽,一般安全規定,是否遵守工安規定,28,28,27,1,0,0,0,0.9643,2,低
2024-12,高雄林園,A,A級,高危害,收工回簽,現場紀錄,是否拍照,28,25,24,1,0,0,0,0.96,2,低
2024-12,高雄林園,B,B級,中危害,廠區,基本資料,工廠、日期、時間,62,51,50,1,0,0,0,0.9804,2,低
2024-12,高雄林園,B,B級,中危害,許可證,許可資訊,工程作業分級、申請時間、核准工作時間、工作許可證編號,62,61,60,1,0,0,0,0.9836,2,低
2024-12,高雄林園,B,B級,中危害,施工地點,場地關係人,施工部門、轄區部門、監造部門,62,61,59,2,0,1,0,0.9672,7,低
2024-12,高雄林園,B,B級,中危害,包商,承攬商與人員資格,承攬商、工作人數、車輛車號、工地負責人、安衛人員、特殊作業主管,62,57,55,2,0,1,0,0.9649,7,低
2024-12,高雄林園,B,B級,中危害,危害等級,作業等級,施工地點、工程案號、工作內容、許可工作項目、作業分級,62,54,52,2,0,1,0,0.963,7,低
2024-12,高雄林園,B,B級,中危害,危害等級,管線設備危害物,可燃性氣體、易燃液體、有害性氣體、化學藥劑、酸鹼、熱水蒸氣、空氣、其他,62,59,57,2,0,1,0,0.9661,7,低
2024-12,高雄林園,B,B級,中危害,檢點與危害告知,簽發前安全檢點,是否安全檢點,62,55,53,2,0,1,0,0.9636,7,低
2024-12,高雄林園,B,B級,中危害,檢點與危害告知,危害告知,是否危害告知,62,58,56,2,0,0,0,0.9655,4,低
2024-12,高雄林園,B,B級,中危害,危害排除與隔離,環境危害排除,是否設備管線危害物排除,62,59,56,3,1,1,0,0.9492,18,中
2024-12,高雄林園,B,B級,中危害,危害排除與隔離,隔離管制,設備管線是否加盲加鎖掛牌,62,55,53,2,1,1,0,0.9636,16,中
2024-12,高雄林園,B,B級,中危害,環境測定,氣體偵測數值,可燃性氣體%、氧氣%、一氧化碳PPM、硫化氫PPM,62,54,51,3,1,1,0,0.9444,18,中
2024-12,高雄林園,B,B級,中危害,環境測定,測定基準,可燃性氣體 < 20%LEL；氧氣>= 18%；一氧化碳<50 PPM；硫化氫<10 PPM,62,54,52,2,1,1,0,0.963,16,中
2024-12,高雄林園,B,B級,中危害,環境測定,測定頻率,上、下午施工前測定；A級或高風險作業需重複或連續測定；每小時/每兩小時紀錄表,62,58,56,2,1,1,0,0.9655,16,中
2024-12,高雄林園,B,B級,中危害,防火防爆,消防設備,是否有消防設備,62,55,52,3,1,1,0,0.9455,18,中
2024-12,高雄林園,B,B級,中危害,防火防爆,防爆安全工具,是否使用防爆電氣設備及安全工具,62,52,50,2,1,1,0,0.9615,16,中
2024-12,高雄林園,B,B級,中危害,高處作業,防墜措施,設標準施工架、安全網、安全母索、安全帶,62,54,52,2,1,1,0,0.963,16,中
2024-12,高雄林園,B,B級,中危害,安全保護,個人防護具,是否有防護口罩、防毒面具、SCBA、防護手套、安全眼鏡、耳塞,62,58,56,2,0,1,0,0.9655,7,低
2024-12,高雄林園,B,B級,中危害,警戒巡查,警戒標示,是否有警戒標示,62,56,54,2,0,1,0,0.9643,7,低
2024-12,高雄林園,B,B級,中危害,警戒巡查,巡查會簽,是否轄區、監造、安衛人員或工地負責人巡查會簽,62,59,57,2,0,1,0,0.9661,7,低
2024-12,高雄林園,B,B級,中危害,收工回簽,回簽收工確認,是否回簽時確認環境已整理並完成防護措施,62,52,50,2,0,1,0,0.9615,7,低
2024-12,高雄林園,B,B級,中危害,收工回簽,一般安全規定,是否遵守工安規定,62,54,53,1,0,0,0,0.9815,2,低
2024-12,高雄林園,B,B級,中危害,收工回簽,現場紀錄,是否拍照,62,60,58,2,0,1,0,0.9667,7,低
2024-12,高雄林園,C,C級,低危害,廠區,基本資料,工廠、日期、時間,51,43,42,1,0,0,0,0.9767,2,低
2024-12,高雄林園,C,C級,低危害,許可證,許可資訊,工程作業分級、申請時間、核准工作時間、工作許可證編號,51,45,44,1,0,0,0,0.9778,2,低
2024-12,高雄林園,C,C級,低危害,施工地點,場地關係人,施工部門、轄區部門、監造部門,51,44,43,1,0,0,0,0.9773,2,低
2024-12,高雄林園,C,C級,低危害,包商,承攬商與人員資格,承攬商、工作人數、車輛車號、工地負責人、安衛人員、特殊作業主管,51,46,45,1,0,0,0,0.9783,2,低
2024-12,高雄林園,C,C級,低危害,危害等級,作業等級,施工地點、工程案號、工作內容、許可工作項目、作業分級,51,47,46,1,0,0,0,0.9787,2,低
2024-12,高雄林園,C,C級,低危害,危害等級,管線設備危害物,可燃性氣體、易燃液體、有害性氣體、化學藥劑、酸鹼、熱水蒸氣、空氣、其他,51,48,47,1,0,0,0,0.9792,2,低
2024-12,高雄林園,C,C級,低危害,檢點與危害告知,簽發前安全檢點,是否安全檢點,51,48,47,1,0,0,0,0.9792,2,低
2024-12,高雄林園,C,C級,低危害,檢點與危害告知,危害告知,是否危害告知,51,49,48,1,0,0,0,0.9796,2,低
2024-12,高雄林園,C,C級,低危害,危害排除與隔離,環境危害排除,是否設備管線危害物排除,51,44,42,2,1,1,0,0.9545,16,中
2024-12,高雄林園,C,C級,低危害,危害排除與隔離,隔離管制,設備管線是否加盲加鎖掛牌,51,45,43,2,1,1,0,0.9556,16,中
2024-12,高雄林園,C,C級,低危害,環境測定,氣體偵測數值,可燃性氣體%、氧氣%、一氧化碳PPM、硫化氫PPM,51,51,49,2,1,1,0,0.9608,16,中
2024-12,高雄林園,C,C級,低危害,環境測定,測定基準,可燃性氣體 < 20%LEL；氧氣>= 18%；一氧化碳<50 PPM；硫化氫<10 PPM,51,46,44,2,1,0,0,0.9565,13,低
2024-12,高雄林園,C,C級,低危害,環境測定,測定頻率,上、下午施工前測定；A級或高風險作業需重複或連續測定；每小時/每兩小時紀錄表,51,51,49,2,1,1,0,0.9608,16,中
2024-12,高雄林園,C,C級,低危害,防火防爆,消防設備,是否有消防設備,51,49,47,2,1,1,0,0.9592,16,中
2024-12,高雄林園,C,C級,低危害,防火防爆,防爆安全工具,是否使用防爆電氣設備及安全工具,51,45,43,2,1,1,0,0.9556,16,中
2024-12,高雄林園,C,C級,低危害,高處作業,防墜措施,設標準施工架、安全網、安全母索、安全帶,51,46,45,1,0,0,0,0.9783,2,低
2024-12,高雄林園,C,C級,低危害,安全保護,個人防護具,是否有防護口罩、防毒面具、SCBA、防護手套、安全眼鏡、耳塞,51,50,49,1,0,0,0,0.98,2,低
2024-12,高雄林園,C,C級,低危害,警戒巡查,警戒標示,是否有警戒標示,51,42,41,1,0,0,0,0.9762,2,低
2024-12,高雄林園,C,C級,低危害,警戒巡查,巡查會簽,是否轄區、監造、安衛人員或工地負責人巡查會簽,51,50,49,1,0,0,0,0.98,2,低
2024-12,高雄林園,C,C級,低危害,收工回簽,回簽收工確認,是否回簽時確認環境已整理並完成防護措施,51,42,41,1,0,0,0,0.9762,2,低
2024-12,高雄林園,C,C級,低危害,收工回簽,一般安全規定,是否遵守工安規定,51,51,50,1,0,0,0,0.9804,2,低
2024-12,高雄林園,C,C級,低危害,收工回簽,現場紀錄,是否拍照,51,48,47,1,0,0,0,0.9792,2,低
2025-01,高雄林園,A,A級,高危害,廠區,基本資料,工廠、日期、時間,30,26,25,1,0,0,0,0.9615,2,低
2025-01,高雄林園,A,A級,高危害,許可證,許可資訊,工程作業分級、申請時間、核准工作時間、工作許可證編號,30,27,26,1,0,0,0,0.963,2,低
2025-01,高雄林園,A,A級,高危害,施工地點,場地關係人,施工部門、轄區部門、監造部門,30,29,28,1,0,0,0,0.9655,2,低
2025-01,高雄林園,A,A級,高危害,包商,承攬商與人員資格,承攬商、工作人數、車輛車號、工地負責人、安衛人員、特殊作業主管,30,25,24,1,0,0,0,0.96,2,低
2025-01,高雄林園,A,A級,高危害,危害等級,作業等級,施工地點、工程案號、工作內容、許可工作項目、作業分級,30,29,28,1,0,0,0,0.9655,2,低
2025-01,高雄林園,A,A級,高危害,危害等級,管線設備危害物,可燃性氣體、易燃液體、有害性氣體、化學藥劑、酸鹼、熱水蒸氣、空氣、其他,30,25,24,1,0,0,0,0.96,2,低
2025-01,高雄林園,A,A級,高危害,檢點與危害告知,簽發前安全檢點,是否安全檢點,30,30,29,1,0,0,0,0.9667,2,低
2025-01,高雄林園,A,A級,高危害,檢點與危害告知,危害告知,是否危害告知,30,28,27,1,0,0,0,0.9643,2,低
2025-01,高雄林園,A,A級,高危害,危害排除與隔離,環境危害排除,是否設備管線危害物排除,30,25,23,2,1,1,0,0.92,16,中
2025-01,高雄林園,A,A級,高危害,危害排除與隔離,隔離管制,設備管線是否加盲加鎖掛牌,30,26,25,1,0,0,0,0.9615,2,低
2025-01,高雄林園,A,A級,高危害,環境測定,氣體偵測數值,可燃性氣體%、氧氣%、一氧化碳PPM、硫化氫PPM,30,30,28,2,1,1,0,0.9333,16,中
2025-01,高雄林園,A,A級,高危害,環境測定,測定基準,可燃性氣體 < 20%LEL；氧氣>= 18%；一氧化碳<50 PPM；硫化氫<10 PPM,30,30,28,2,1,0,0,0.9333,13,低
2025-01,高雄林園,A,A級,高危害,環境測定,測定頻率,上、下午施工前測定；A級或高風險作業需重複或連續測定；每小時/每兩小時紀錄表,30,29,27,2,1,0,0,0.931,13,低
2025-01,高雄林園,A,A級,高危害,防火防爆,消防設備,是否有消防設備,30,30,28,2,1,1,0,0.9333,16,中
2025-01,高雄林園,A,A級,高危害,防火防爆,防爆安全工具,是否使用防爆電氣設備及安全工具,30,26,25,1,0,0,0,0.9615,2,低
2025-01,高雄林園,A,A級,高危害,高處作業,防墜措施,設標準施工架、安全網、安全母索、安全帶,30,27,26,1,0,0,0,0.963,2,低
2025-01,高雄林園,A,A級,高危害,安全保護,個人防護具,是否有防護口罩、防毒面具、SCBA、防護手套、安全眼鏡、耳塞,30,27,26,1,0,1,0,0.963,5,低
2025-01,高雄林園,A,A級,高危害,警戒巡查,警戒標示,是否有警戒標示,30,26,25,1,0,0,0,0.9615,2,低
2025-01,高雄林園,A,A級,高危害,警戒巡查,巡查會簽,是否轄區、監造、安衛人員或工地負責人巡查會簽,30,27,26,1,0,0,0,0.963,2,低
2025-01,高雄林園,A,A級,高危害,收工回簽,回簽收工確認,是否回簽時確認環境已整理並完成防護措施,30,27,26,1,0,0,0,0.963,2,低
2025-01,高雄林園,A,A級,高危害,收工回簽,一般安全規定,是否遵守工安規定,30,25,24,1,0,0,0,0.96,2,低
2025-01,高雄林園,A,A級,高危害,收工回簽,現場紀錄,是否拍照,30,27,26,1,0,0,0,0.963,2,低
2025-01,高雄林園,B,B級,中危害,廠區,基本資料,工廠、日期、時間,65,64,63,1,0,0,0,0.9844,2,低
2025-01,高雄林園,B,B級,中危害,許可證,許可資訊,工程作業分級、申請時間、核准工作時間、工作許可證編號,65,55,53,2,0,1,0,0.9636,7,低
2025-01,高雄林園,B,B級,中危害,施工地點,場地關係人,施工部門、轄區部門、監造部門,65,64,62,2,0,0,0,0.9688,4,低
2025-01,高雄林園,B,B級,中危害,包商,承攬商與人員資格,承攬商、工作人數、車輛車號、工地負責人、安衛人員、特殊作業主管,65,64,62,2,0,1,0,0.9688,7,低
2025-01,高雄林園,B,B級,中危害,危害等級,作業等級,施工地點、工程案號、工作內容、許可工作項目、作業分級,65,62,59,3,0,1,0,0.9516,9,低
2025-01,高雄林園,B,B級,中危害,危害等級,管線設備危害物,可燃性氣體、易燃液體、有害性氣體、化學藥劑、酸鹼、熱水蒸氣、空氣、其他,65,58,56,2,0,1,0,0.9655,7,低
2025-01,高雄林園,B,B級,中危害,檢點與危害告知,簽發前安全檢點,是否安全檢點,65,64,62,2,0,1,0,0.9688,7,低
2025-01,高雄林園,B,B級,中危害,檢點與危害告知,危害告知,是否危害告知,65,58,56,2,0,1,0,0.9655,7,低
2025-01,高雄林園,B,B級,中危害,危害排除與隔離,環境危害排除,是否設備管線危害物排除,65,56,54,2,1,0,0,0.9643,13,低
2025-01,高雄林園,B,B級,中危害,危害排除與隔離,隔離管制,設備管線是否加盲加鎖掛牌,65,57,54,3,1,1,0,0.9474,18,中
2025-01,高雄林園,B,B級,中危害,環境測定,氣體偵測數值,可燃性氣體%、氧氣%、一氧化碳PPM、硫化氫PPM,65,54,51,3,1,1,0,0.9444,18,中
2025-01,高雄林園,B,B級,中危害,環境測定,測定基準,可燃性氣體 < 20%LEL；氧氣>= 18%；一氧化碳<50 PPM；硫化氫<10 PPM,65,54,51,3,1,1,0,0.9444,18,中
2025-01,高雄林園,B,B級,中危害,環境測定,測定頻率,上、下午施工前測定；A級或高風險作業需重複或連續測定；每小時/每兩小時紀錄表,65,55,53,2,1,1,0,0.9636,16,中
2025-01,高雄林園,B,B級,中危害,防火防爆,消防設備,是否有消防設備,65,60,57,3,1,1,0,0.95,18,中
2025-01,高雄林園,B,B級,中危害,防火防爆,防爆安全工具,是否使用防爆電氣設備及安全工具,65,55,52,3,1,1,0,0.9455,18,中
2025-01,高雄林園,B,B級,中危害,高處作業,防墜措施,設標準施工架、安全網、安全母索、安全帶,65,56,54,2,1,1,0,0.9643,16,中
2025-01,高雄林園,B,B級,中危害,安全保護,個人防護具,是否有防護口罩、防毒面具、SCBA、防護手套、安全眼鏡、耳塞,65,62,60,2,0,1,0,0.9677,7,低
2025-01,高雄林園,B,B級,中危害,警戒巡查,警戒標示,是否有警戒標示,65,58,56,2,0,0,0,0.9655,4,低
2025-01,高雄林園,B,B級,中危害,警戒巡查,巡查會簽,是否轄區、監造、安衛人員或工地負責人巡查會簽,65,60,58,2,0,0,0,0.9667,4,低
2025-01,高雄林園,B,B級,中危害,收工回簽,回簽收工確認,是否回簽時確認環境已整理並完成防護措施,65,64,62,2,0,1,0,0.9688,7,低
2025-01,高雄林園,B,B級,中危害,收工回簽,一般安全規定,是否遵守工安規定,65,64,62,2,0,1,0,0.9688,7,低
2025-01,高雄林園,B,B級,中危害,收工回簽,現場紀錄,是否拍照,65,59,57,2,0,1,0,0.9661,7,低
2025-01,高雄林園,C,C級,低危害,廠區,基本資料,工廠、日期、時間,49,45,44,1,0,0,0,0.9778,2,低
2025-01,高雄林園,C,C級,低危害,許可證,許可資訊,工程作業分級、申請時間、核准工作時間、工作許可證編號,49,46,45,1,0,0,0,0.9783,2,低
2025-01,高雄林園,C,C級,低危害,施工地點,場地關係人,施工部門、轄區部門、監造部門,49,46,45,1,0,0,0,0.9783,2,低
2025-01,高雄林園,C,C級,低危害,包商,承攬商與人員資格,承攬商、工作人數、車輛車號、工地負責人、安衛人員、特殊作業主管,49,43,42,1,0,0,0,0.9767,2,低
2025-01,高雄林園,C,C級,低危害,危害等級,作業等級,施工地點、工程案號、工作內容、許可工作項目、作業分級,49,46,45,1,0,0,0,0.9783,2,低
2025-01,高雄林園,C,C級,低危害,危害等級,管線設備危害物,可燃性氣體、易燃液體、有害性氣體、化學藥劑、酸鹼、熱水蒸氣、空氣、其他,49,45,43,2,0,0,0,0.9556,4,低
2025-01,高雄林園,C,C級,低危害,檢點與危害告知,簽發前安全檢點,是否安全檢點,49,43,42,1,0,0,0,0.9767,2,低
2025-01,高雄林園,C,C級,低危害,檢點與危害告知,危害告知,是否危害告知,49,47,46,1,0,0,0,0.9787,2,低
2025-01,高雄林園,C,C級,低危害,危害排除與隔離,環境危害排除,是否設備管線危害物排除,49,48,46,2,1,1,0,0.9583,16,中
2025-01,高雄林園,C,C級,低危害,危害排除與隔離,隔離管制,設備管線是否加盲加鎖掛牌,49,46,44,2,1,1,0,0.9565,16,中
2025-01,高雄林園,C,C級,低危害,環境測定,氣體偵測數值,可燃性氣體%、氧氣%、一氧化碳PPM、硫化氫PPM,49,47,45,2,1,1,0,0.9574,16,中
2025-01,高雄林園,C,C級,低危害,環境測定,測定基準,可燃性氣體 < 20%LEL；氧氣>= 18%；一氧化碳<50 PPM；硫化氫<10 PPM,49,47,45,2,1,0,0,0.9574,13,低
2025-01,高雄林園,C,C級,低危害,環境測定,測定頻率,上、下午施工前測定；A級或高風險作業需重複或連續測定；每小時/每兩小時紀錄表,49,41,40,1,0,0,0,0.9756,2,低
2025-01,高雄林園,C,C級,低危害,防火防爆,消防設備,是否有消防設備,49,41,40,1,0,1,0,0.9756,5,低
2025-01,高雄林園,C,C級,低危害,防火防爆,防爆安全工具,是否使用防爆電氣設備及安全工具,49,46,44,2,1,0,0,0.9565,13,低
2025-01,高雄林園,C,C級,低危害,高處作業,防墜措施,設標準施工架、安全網、安全母索、安全帶,49,47,45,2,1,1,0,0.9574,16,中
2025-01,高雄林園,C,C級,低危害,安全保護,個人防護具,是否有防護口罩、防毒面具、SCBA、防護手套、安全眼鏡、耳塞,49,45,44,1,0,0,0,0.9778,2,低
2025-01,高雄林園,C,C級,低危害,警戒巡查,警戒標示,是否有警戒標示,49,49,48,1,0,0,0,0.9796,2,低
2025-01,高雄林園,C,C級,低危害,警戒巡查,巡查會簽,是否轄區、監造、安衛人員或工地負責人巡查會簽,49,41,40,1,0,0,0,0.9756,2,低
2025-01,高雄林園,C,C級,低危害,收工回簽,回簽收工確認,是否回簽時確認環境已整理並完成防護措施,49,46,45,1,0,0,0,0.9783,2,低
2025-01,高雄林園,C,C級,低危害,收工回簽,一般安全規定,是否遵守工安規定,49,44,43,1,0,0,0,0.9773,2,低
2025-01,高雄林園,C,C級,低危害,收工回簽,現場紀錄,是否拍照,49,44,43,1,0,0,0,0.9773,2,低
2025-02,高雄林園,A,A級,高危害,廠區,基本資料,工廠、日期、時間,29,27,26,1,0,0,0,0.963,2,低
2025-02,高雄林園,A,A級,高危害,許可證,許可資訊,工程作業分級、申請時間、核准工作時間、工作許可證編號,29,28,27,1,0,0,0,0.9643,2,低
2025-02,高雄林園,A,A級,高危害,施工地點,場地關係人,施工部門、轄區部門、監造部門,29,27,26,1,0,0,0,0.963,2,低
2025-02,高雄林園,A,A級,高危害,包商,承攬商與人員資格,承攬商、工作人數、車輛車號、工地負責人、安衛人員、特殊作業主管,29,29,28,1,0,0,0,0.9655,2,低
2025-02,高雄林園,A,A級,高危害,危害等級,作業等級,施工地點、工程案號、工作內容、許可工作項目、作業分級,29,24,23,1,0,0,0,0.9583,2,低
2025-02,高雄林園,A,A級,高危害,危害等級,管線設備危害物,可燃性氣體、易燃液體、有害性氣體、化學藥劑、酸鹼、熱水蒸氣、空氣、其他,29,27,26,1,0,0,0,0.963,2,低
2025-02,高雄林園,A,A級,高危害,檢點與危害告知,簽發前安全檢點,是否安全檢點,29,26,25,1,0,0,0,0.9615,2,低
2025-02,高雄林園,A,A級,高危害,檢點與危害告知,危害告知,是否危害告知,29,26,25,1,0,0,0,0.9615,2,低
2025-02,高雄林園,A,A級,高危害,危害排除與隔離,環境危害排除,是否設備管線危害物排除,29,28,26,2,1,1,0,0.9286,16,中
2025-02,高雄林園,A,A級,高危害,危害排除與隔離,隔離管制,設備管線是否加盲加鎖掛牌,29,26,25,1,0,0,0,0.9615,2,低
2025-02,高雄林園,A,A級,高危害,環境測定,氣體偵測數值,可燃性氣體%、氧氣%、一氧化碳PPM、硫化氫PPM,29,27,25,2,1,1,0,0.9259,16,中
2025-02,高雄林園,A,A級,高危害,環境測定,測定基準,可燃性氣體 < 20%LEL；氧氣>= 18%；一氧化碳<50 PPM；硫化氫<10 PPM,29,29,27,2,1,1,0,0.931,16,中
2025-02,高雄林園,A,A級,高危害,環境測定,測定頻率,上、下午施工前測定；A級或高風險作業需重複或連續測定；每小時/每兩小時紀錄表,29,24,22,2,1,1,0,0.9167,16,中
2025-02,高雄林園,A,A級,高危害,防火防爆,消防設備,是否有消防設備,29,29,27,2,1,1,0,0.931,16,中
2025-02,高雄林園,A,A級,高危害,防火防爆,防爆安全工具,是否使用防爆電氣設備及安全工具,29,25,24,1,0,0,0,0.96,2,低
2025-02,高雄林園,A,A級,高危害,高處作業,防墜措施,設標準施工架、安全網、安全母索、安全帶,29,26,25,1,0,0,0,0.9615,2,低
2025-02,高雄林園,A,A級,高危害,安全保護,個人防護具,是否有防護口罩、防毒面具、SCBA、防護手套、安全眼鏡、耳塞,29,26,25,1,0,0,0,0.9615,2,低
2025-02,高雄林園,A,A級,高危害,警戒巡查,警戒標示,是否有警戒標示,29,28,27,1,0,0,0,0.9643,2,低
2025-02,高雄林園,A,A級,高危害,警戒巡查,巡查會簽,是否轄區、監造、安衛人員或工地負責人巡查會簽,29,27,26,1,0,0,0,0.963,2,低
2025-02,高雄林園,A,A級,高危害,收工回簽,回簽收工確認,是否回簽時確認環境已整理並完成防護措施,29,28,27,1,0,0,0,0.9643,2,低
2025-02,高雄林園,A,A級,高危害,收工回簽,一般安全規定,是否遵守工安規定,29,27,26,1,0,0,0,0.963,2,低
2025-02,高雄林園,A,A級,高危害,收工回簽,現場紀錄,是否拍照,29,29,28,1,0,0,0,0.9655,2,低
2025-02,高雄林園,B,B級,中危害,廠區,基本資料,工廠、日期、時間,73,60,59,1,0,0,0,0.9833,2,低
2025-02,高雄林園,B,B級,中危害,許可證,許可資訊,工程作業分級、申請時間、核准工作時間、工作許可證編號,73,67,66,1,0,0,0,0.9851,2,低
2025-02,高雄林園,B,B級,中危害,施工地點,場地關係人,施工部門、轄區部門、監造部門,73,70,68,2,0,1,0,0.9714,7,低
2025-02,高雄林園,B,B級,中危害,包商,承攬商與人員資格,承攬商、工作人數、車輛車號、工地負責人、安衛人員、特殊作業主管,73,71,68,3,0,1,0,0.9577,9,低
2025-02,高雄林園,B,B級,中危害,危害等級,作業等級,施工地點、工程案號、工作內容、許可工作項目、作業分級,73,61,59,2,0,1,0,0.9672,7,低
2025-02,高雄林園,B,B級,中危害,危害等級,管線設備危害物,可燃性氣體、易燃液體、有害性氣體、化學藥劑、酸鹼、熱水蒸氣、空氣、其他,73,60,58,2,0,1,0,0.9667,7,低
2025-02,高雄林園,B,B級,中危害,檢點與危害告知,簽發前安全檢點,是否安全檢點,73,71,68,3,0,1,0,0.9577,9,低
2025-02,高雄林園,B,B級,中危害,檢點與危害告知,危害告知,是否危害告知,73,69,67,2,0,1,0,0.971,7,低
2025-02,高雄林園,B,B級,中危害,危害排除與隔離,環境危害排除,是否設備管線危害物排除,73,63,61,2,1,0,0,0.9683,13,低
2025-02,高雄林園,B,B級,中危害,危害排除與隔離,隔離管制,設備管線是否加盲加鎖掛牌,73,62,60,2,1,1,0,0.9677,16,中
2025-02,高雄林園,B,B級,中危害,環境測定,氣體偵測數值,可燃性氣體%、氧氣%、一氧化碳PPM、硫化氫PPM,73,61,59,2,1,1,0,0.9672,16,中
2025-02,高雄林園,B,B級,中危害,環境測定,測定基準,可燃性氣體 < 20%LEL；氧氣>= 18%；一氧化碳<50 PPM；硫化氫<10 PPM,73,71,68,3,1,1,0,0.9577,18,中
2025-02,高雄林園,B,B級,中危害,環境測定,測定頻率,上、下午施工前測定；A級或高風險作業需重複或連續測定；每小時/每兩小時紀錄表,73,62,59,3,1,1,0,0.9516,18,中
2025-02,高雄林園,B,B級,中危害,防火防爆,消防設備,是否有消防設備,73,71,68,3,1,1,0,0.9577,18,中
2025-02,高雄林園,B,B級,中危害,防火防爆,防爆安全工具,是否使用防爆電氣設備及安全工具,73,60,57,3,1,1,0,0.95,18,中
2025-02,高雄林園,B,B級,中危害,高處作業,防墜措施,設標準施工架、安全網、安全母索、安全帶,73,71,68,3,1,1,0,0.9577,18,中
2025-02,高雄林園,B,B級,中危害,安全保護,個人防護具,是否有防護口罩、防毒面具、SCBA、防護手套、安全眼鏡、耳塞,73,61,59,2,0,1,0,0.9672,7,低
2025-02,高雄林園,B,B級,中危害,警戒巡查,警戒標示,是否有警戒標示,73,65,63,2,0,1,0,0.9692,7,低
2025-02,高雄林園,B,B級,中危害,警戒巡查,巡查會簽,是否轄區、監造、安衛人員或工地負責人巡查會簽,73,61,59,2,0,1,0,0.9672,7,低
2025-02,高雄林園,B,B級,中危害,收工回簽,回簽收工確認,是否回簽時確認環境已整理並完成防護措施,73,71,69,2,0,1,0,0.9718,7,低
2025-02,高雄林園,B,B級,中危害,收工回簽,一般安全規定,是否遵守工安規定,73,71,69,2,0,0,0,0.9718,4,低
2025-02,高雄林園,B,B級,中危害,收工回簽,現場紀錄,是否拍照,73,67,65,2,0,1,0,0.9701,7,低
2025-02,高雄林園,C,C級,低危害,廠區,基本資料,工廠、日期、時間,56,56,55,1,0,0,0,0.9821,2,低
2025-02,高雄林園,C,C級,低危害,許可證,許可資訊,工程作業分級、申請時間、核准工作時間、工作許可證編號,56,47,46,1,0,0,0,0.9787,2,低
2025-02,高雄林園,C,C級,低危害,施工地點,場地關係人,施工部門、轄區部門、監造部門,56,48,47,1,0,0,0,0.9792,2,低
2025-02,高雄林園,C,C級,低危害,包商,承攬商與人員資格,承攬商、工作人數、車輛車號、工地負責人、安衛人員、特殊作業主管,56,50,49,1,0,0,0,0.98,2,低
2025-02,高雄林園,C,C級,低危害,危害等級,作業等級,施工地點、工程案號、工作內容、許可工作項目、作業分級,56,48,47,1,0,0,0,0.9792,2,低
2025-02,高雄林園,C,C級,低危害,危害等級,管線設備危害物,可燃性氣體、易燃液體、有害性氣體、化學藥劑、酸鹼、熱水蒸氣、空氣、其他,56,50,49,1,0,1,0,0.98,5,低
2025-02,高雄林園,C,C級,低危害,檢點與危害告知,簽發前安全檢點,是否安全檢點,56,49,48,1,0,0,0,0.9796,2,低
2025-02,高雄林園,C,C級,低危害,檢點與危害告知,危害告知,是否危害告知,56,55,54,1,0,0,0,0.9818,2,低
2025-02,高雄林園,C,C級,低危害,危害排除與隔離,環境危害排除,是否設備管線危害物排除,56,49,47,2,1,1,0,0.9592,16,中
2025-02,高雄林園,C,C級,低危害,危害排除與隔離,隔離管制,設備管線是否加盲加鎖掛牌,56,51,49,2,1,1,0,0.9608,16,中
2025-02,高雄林園,C,C級,低危害,環境測定,氣體偵測數值,可燃性氣體%、氧氣%、一氧化碳PPM、硫化氫PPM,56,50,49,1,0,0,0,0.98,2,低
2025-02,高雄林園,C,C級,低危害,環境測定,測定基準,可燃性氣體 < 20%LEL；氧氣>= 18%；一氧化碳<50 PPM；硫化氫<10 PPM,56,49,47,2,1,1,0,0.9592,16,中
2025-02,高雄林園,C,C級,低危害,環境測定,測定頻率,上、下午施工前測定；A級或高風險作業需重複或連續測定；每小時/每兩小時紀錄表,56,49,48,1,0,0,0,0.9796,2,低
2025-02,高雄林園,C,C級,低危害,防火防爆,消防設備,是否有消防設備,56,52,50,2,1,1,0,0.9615,16,中
2025-02,高雄林園,C,C級,低危害,防火防爆,防爆安全工具,是否使用防爆電氣設備及安全工具,56,49,47,2,1,1,0,0.9592,16,中
2025-02,高雄林園,C,C級,低危害,高處作業,防墜措施,設標準施工架、安全網、安全母索、安全帶,56,48,46,2,1,1,0,0.9583,16,中
2025-02,高雄林園,C,C級,低危害,安全保護,個人防護具,是否有防護口罩、防毒面具、SCBA、防護手套、安全眼鏡、耳塞,56,47,46,1,0,0,0,0.9787,2,低
2025-02,高雄林園,C,C級,低危害,警戒巡查,警戒標示,是否有警戒標示,56,55,54,1,0,0,0,0.9818,2,低
2025-02,高雄林園,C,C級,低危害,警戒巡查,巡查會簽,是否轄區、監造、安衛人員或工地負責人巡查會簽,56,52,51,1,0,0,0,0.9808,2,低
2025-02,高雄林園,C,C級,低危害,收工回簽,回簽收工確認,是否回簽時確認環境已整理並完成防護措施,56,50,49,1,0,0,0,0.98,2,低
2025-02,高雄林園,C,C級,低危害,收工回簽,一般安全規定,是否遵守工安規定,56,48,47,1,0,0,0,0.9792,2,低
2025-02,高雄林園,C,C級,低危害,收工回簽,現場紀錄,是否拍照,56,54,53,1,0,0,0,0.9815,2,低
2025-03,高雄林園,A,A級,高危害,廠區,基本資料,工廠、日期、時間,32,28,27,1,0,0,0,0.9643,2,低
2025-03,高雄林園,A,A級,高危害,許可證,許可資訊,工程作業分級、申請時間、核准工作時間、工作許可證編號,32,27,26,1,0,0,0,0.963,2,低
2025-03,高雄林園,A,A級,高危害,施工地點,場地關係人,施工部門、轄區部門、監造部門,32,27,26,1,0,0,0,0.963,2,低
2025-03,高雄林園,A,A級,高危害,包商,承攬商與人員資格,承攬商、工作人數、車輛車號、工地負責人、安衛人員、特殊作業主管,32,32,31,1,0,0,0,0.9688,2,低
2025-03,高雄林園,A,A級,高危害,危害等級,作業等級,施工地點、工程案號、工作內容、許可工作項目、作業分級,32,30,29,1,0,0,0,0.9667,2,低
2025-03,高雄林園,A,A級,高危害,危害等級,管線設備危害物,可燃性氣體、易燃液體、有害性氣體、化學藥劑、酸鹼、熱水蒸氣、空氣、其他,32,29,27,2,0,1,0,0.931,7,低
2025-03,高雄林園,A,A級,高危害,檢點與危害告知,簽發前安全檢點,是否安全檢點,32,27,26,1,0,0,0,0.963,2,低
2025-03,高雄林園,A,A級,高危害,檢點與危害告知,危害告知,是否危害告知,32,31,30,1,0,0,0,0.9677,2,低
2025-03,高雄林園,A,A級,高危害,危害排除與隔離,環境危害排除,是否設備管線危害物排除,32,31,29,2,1,0,0,0.9355,13,低
2025-03,高雄林園,A,A級,高危害,危害排除與隔離,隔離管制,設備管線是否加盲加鎖掛牌,32,31,29,2,1,1,0,0.9355,16,中
2025-03,高雄林園,A,A級,高危害,環境測定,氣體偵測數值,可燃性氣體%、氧氣%、一氧化碳PPM、硫化氫PPM,32,29,27,2,1,0,0,0.931,13,低
2025-03,高雄林園,A,A級,高危害,環境測定,測定基準,可燃性氣體 < 20%LEL；氧氣>= 18%；一氧化碳<50 PPM；硫化氫<10 PPM,32,28,26,2,1,1,0,0.9286,16,中
2025-03,高雄林園,A,A級,高危害,環境測定,測定頻率,上、下午施工前測定；A級或高風險作業需重複或連續測定；每小時/每兩小時紀錄表,32,31,29,2,1,1,0,0.9355,16,中
2025-03,高雄林園,A,A級,高危害,防火防爆,消防設備,是否有消防設備,32,28,26,2,1,1,0,0.9286,16,中
2025-03,高雄林園,A,A級,高危害,防火防爆,防爆安全工具,是否使用防爆電氣設備及安全工具,32,27,26,1,0,0,0,0.963,2,低
2025-03,高雄林園,A,A級,高危害,高處作業,防墜措施,設標準施工架、安全網、安全母索、安全帶,32,31,29,2,1,1,0,0.9355,16,中
2025-03,高雄林園,A,A級,高危害,安全保護,個人防護具,是否有防護口罩、防毒面具、SCBA、防護手套、安全眼鏡、耳塞,32,29,28,1,0,0,0,0.9655,2,低
2025-03,高雄林園,A,A級,高危害,警戒巡查,警戒標示,是否有警戒標示,32,28,27,1,0,0,0,0.9643,2,低
2025-03,高雄林園,A,A級,高危害,警戒巡查,巡查會簽,是否轄區、監造、安衛人員或工地負責人巡查會簽,32,31,30,1,0,0,0,0.9677,2,低
2025-03,高雄林園,A,A級,高危害,收工回簽,回簽收工確認,是否回簽時確認環境已整理並完成防護措施,32,28,27,1,0,0,0,0.9643,2,低
2025-03,高雄林園,A,A級,高危害,收工回簽,一般安全規定,是否遵守工安規定,32,31,30,1,0,0,0,0.9677,2,低
2025-03,高雄林園,A,A級,高危害,收工回簽,現場紀錄,是否拍照,32,28,27,1,0,0,0,0.9643,2,低
2025-03,高雄林園,B,B級,中危害,廠區,基本資料,工廠、日期、時間,71,59,58,1,0,0,0,0.9831,2,低
2025-03,高雄林園,B,B級,中危害,許可證,許可資訊,工程作業分級、申請時間、核准工作時間、工作許可證編號,71,66,64,2,0,1,0,0.9697,7,低
2025-03,高雄林園,B,B級,中危害,施工地點,場地關係人,施工部門、轄區部門、監造部門,71,69,68,1,0,0,0,0.9855,2,低
2025-03,高雄林園,B,B級,中危害,包商,承攬商與人員資格,承攬商、工作人數、車輛車號、工地負責人、安衛人員、特殊作業主管,71,69,67,2,0,1,0,0.971,7,低
2025-03,高雄林園,B,B級,中危害,危害等級,作業等級,施工地點、工程案號、工作內容、許可工作項目、作業分級,71,61,59,2,0,1,0,0.9672,7,低
2025-03,高雄林園,B,B級,中危害,危害等級,管線設備危害物,可燃性氣體、易燃液體、有害性氣體、化學藥劑、酸鹼、熱水蒸氣、空氣、其他,71,69,67,2,0,1,0,0.971,7,低
2025-03,高雄林園,B,B級,中危害,檢點與危害告知,簽發前安全檢點,是否安全檢點,71,68,66,2,0,1,0,0.9706,7,低
2025-03,高雄林園,B,B級,中危害,檢點與危害告知,危害告知,是否危害告知,71,60,58,2,0,1,0,0.9667,7,低
2025-03,高雄林園,B,B級,中危害,危害排除與隔離,環境危害排除,是否設備管線危害物排除,71,66,63,3,1,1,0,0.9545,18,中
2025-03,高雄林園,B,B級,中危害,危害排除與隔離,隔離管制,設備管線是否加盲加鎖掛牌,71,71,68,3,1,1,0,0.9577,18,中
2025-03,高雄林園,B,B級,中危害,環境測定,氣體偵測數值,可燃性氣體%、氧氣%、一氧化碳PPM、硫化氫PPM,71,59,56,3,1,2,1,0.9492,26,中
2025-03,高雄林園,B,B級,中危害,環境測定,測定基準,可燃性氣體 < 20%LEL；氧氣>= 18%；一氧化碳<50 PPM；硫化氫<10 PPM,71,65,62,3,1,1,0,0.9538,18,中
2025-03,高雄林園,B,B級,中危害,環境測定,測定頻率,上、下午施工前測定；A級或高風險作業需重複或連續測定；每小時/每兩小時紀錄表,71,61,58,3,1,1,0,0.9508,18,中
2025-03,高雄林園,B,B級,中危害,防火防爆,消防設備,是否有消防設備,71,70,67,3,1,1,0,0.9571,18,中
2025-03,高雄林園,B,B級,中危害,防火防爆,防爆安全工具,是否使用防爆電氣設備及安全工具,71,60,58,2,1,1,0,0.9667,16,中
2025-03,高雄林園,B,B級,中危害,高處作業,防墜措施,設標準施工架、安全網、安全母索、安全帶,71,67,64,3,1,1,0,0.9552,18,中
2025-03,高雄林園,B,B級,中危害,安全保護,個人防護具,是否有防護口罩、防毒面具、SCBA、防護手套、安全眼鏡、耳塞,71,70,67,3,1,1,0,0.9571,18,中
2025-03,高雄林園,B,B級,中危害,警戒巡查,警戒標示,是否有警戒標示,71,65,63,2,0,1,0,0.9692,7,低
2025-03,高雄林園,B,B級,中危害,警戒巡查,巡查會簽,是否轄區、監造、安衛人員或工地負責人巡查會簽,71,67,65,2,0,1,0,0.9701,7,低
2025-03,高雄林園,B,B級,中危害,收工回簽,回簽收工確認,是否回簽時確認環境已整理並完成防護措施,71,65,63,2,0,1,0,0.9692,7,低
2025-03,高雄林園,B,B級,中危害,收工回簽,一般安全規定,是否遵守工安規定,71,62,60,2,0,1,0,0.9677,7,低
2025-03,高雄林園,B,B級,中危害,收工回簽,現場紀錄,是否拍照,71,68,66,2,0,0,0,0.9706,4,低
2025-03,高雄林園,C,C級,低危害,廠區,基本資料,工廠、日期、時間,53,49,48,1,0,0,0,0.9796,2,低
2025-03,高雄林園,C,C級,低危害,許可證,許可資訊,工程作業分級、申請時間、核准工作時間、工作許可證編號,53,49,48,1,0,0,0,0.9796,2,低
2025-03,高雄林園,C,C級,低危害,施工地點,場地關係人,施工部門、轄區部門、監造部門,53,48,47,1,0,0,0,0.9792,2,低
2025-03,高雄林園,C,C級,低危害,包商,承攬商與人員資格,承攬商、工作人數、車輛車號、工地負責人、安衛人員、特殊作業主管,53,45,44,1,0,0,0,0.9778,2,低
2025-03,高雄林園,C,C級,低危害,危害等級,作業等級,施工地點、工程案號、工作內容、許可工作項目、作業分級,53,46,45,1,0,0,0,0.9783,2,低
2025-03,高雄林園,C,C級,低危害,危害等級,管線設備危害物,可燃性氣體、易燃液體、有害性氣體、化學藥劑、酸鹼、熱水蒸氣、空氣、其他,53,49,48,1,0,0,0,0.9796,2,低
2025-03,高雄林園,C,C級,低危害,檢點與危害告知,簽發前安全檢點,是否安全檢點,53,50,49,1,0,0,0,0.98,2,低
2025-03,高雄林園,C,C級,低危害,檢點與危害告知,危害告知,是否危害告知,53,52,51,1,0,0,0,0.9808,2,低
2025-03,高雄林園,C,C級,低危害,危害排除與隔離,環境危害排除,是否設備管線危害物排除,53,48,46,2,1,1,0,0.9583,16,中
2025-03,高雄林園,C,C級,低危害,危害排除與隔離,隔離管制,設備管線是否加盲加鎖掛牌,53,44,42,2,1,1,0,0.9545,16,中
2025-03,高雄林園,C,C級,低危害,環境測定,氣體偵測數值,可燃性氣體%、氧氣%、一氧化碳PPM、硫化氫PPM,53,46,45,1,0,0,0,0.9783,2,低
2025-03,高雄林園,C,C級,低危害,環境測定,測定基準,可燃性氣體 < 20%LEL；氧氣>= 18%；一氧化碳<50 PPM；硫化氫<10 PPM,53,44,42,2,1,1,0,0.9545,16,中
2025-03,高雄林園,C,C級,低危害,環境測定,測定頻率,上、下午施工前測定；A級或高風險作業需重複或連續測定；每小時/每兩小時紀錄表,53,49,48,1,0,0,0,0.9796,2,低
2025-03,高雄林園,C,C級,低危害,防火防爆,消防設備,是否有消防設備,53,50,48,2,1,0,0,0.96,13,低
2025-03,高雄林園,C,C級,低危害,防火防爆,防爆安全工具,是否使用防爆電氣設備及安全工具,53,53,51,2,1,1,0,0.9623,16,中
2025-03,高雄林園,C,C級,低危害,高處作業,防墜措施,設標準施工架、安全網、安全母索、安全帶,53,46,45,1,0,0,0,0.9783,2,低
2025-03,高雄林園,C,C級,低危害,安全保護,個人防護具,是否有防護口罩、防毒面具、SCBA、防護手套、安全眼鏡、耳塞,53,50,49,1,0,0,0,0.98,2,低
2025-03,高雄林園,C,C級,低危害,警戒巡查,警戒標示,是否有警戒標示,53,44,43,1,0,0,0,0.9773,2,低
2025-03,高雄林園,C,C級,低危害,警戒巡查,巡查會簽,是否轄區、監造、安衛人員或工地負責人巡查會簽,53,50,49,1,0,0,0,0.98,2,低
2025-03,高雄林園,C,C級,低危害,收工回簽,回簽收工確認,是否回簽時確認環境已整理並完成防護措施,53,46,45,1,0,0,0,0.9783,2,低
2025-03,高雄林園,C,C級,低危害,收工回簽,一般安全規定,是否遵守工安規定,53,47,46,1,0,0,0,0.9787,2,低
2025-03,高雄林園,C,C級,低危害,收工回簽,現場紀錄,是否拍照,53,45,44,1,0,0,0,0.9778,2,低
2025-04,高雄林園,A,A級,高危害,廠區,基本資料,工廠、日期、時間,32,32,31,1,0,0,0,0.9688,2,低
2025-04,高雄林園,A,A級,高危害,許可證,許可資訊,工程作業分級、申請時間、核准工作時間、工作許可證編號,32,28,27,1,0,0,0,0.9643,2,低
2025-04,高雄林園,A,A級,高危害,施工地點,場地關係人,施工部門、轄區部門、監造部門,32,30,29,1,0,0,0,0.9667,2,低
2025-04,高雄林園,A,A級,高危害,包商,承攬商與人員資格,承攬商、工作人數、車輛車號、工地負責人、安衛人員、特殊作業主管,32,27,26,1,0,0,0,0.963,2,低
2025-04,高雄林園,A,A級,高危害,危害等級,作業等級,施工地點、工程案號、工作內容、許可工作項目、作業分級,32,30,28,2,0,1,0,0.9333,7,低
2025-04,高雄林園,A,A級,高危害,危害等級,管線設備危害物,可燃性氣體、易燃液體、有害性氣體、化學藥劑、酸鹼、熱水蒸氣、空氣、其他,32,28,27,1,0,0,0,0.9643,2,低
2025-04,高雄林園,A,A級,高危害,檢點與危害告知,簽發前安全檢點,是否安全檢點,32,29,28,1,0,0,0,0.9655,2,低
2025-04,高雄林園,A,A級,高危害,檢點與危害告知,危害告知,是否危害告知,32,27,26,1,0,0,0,0.963,2,低
2025-04,高雄林園,A,A級,高危害,危害排除與隔離,環境危害排除,是否設備管線危害物排除,32,30,28,2,1,1,0,0.9333,16,中
2025-04,高雄林園,A,A級,高危害,危害排除與隔離,隔離管制,設備管線是否加盲加鎖掛牌,32,32,30,2,1,1,0,0.9375,16,中
2025-04,高雄林園,A,A級,高危害,環境測定,氣體偵測數值,可燃性氣體%、氧氣%、一氧化碳PPM、硫化氫PPM,32,28,26,2,1,1,0,0.9286,16,中
2025-04,高雄林園,A,A級,高危害,環境測定,測定基準,可燃性氣體 < 20%LEL；氧氣>= 18%；一氧化碳<50 PPM；硫化氫<10 PPM,32,28,26,2,1,1,0,0.9286,16,中
2025-04,高雄林園,A,A級,高危害,環境測定,測定頻率,上、下午施工前測定；A級或高風險作業需重複或連續測定；每小時/每兩小時紀錄表,32,29,27,2,1,1,0,0.931,16,中
2025-04,高雄林園,A,A級,高危害,防火防爆,消防設備,是否有消防設備,32,29,27,2,1,0,0,0.931,13,低
2025-04,高雄林園,A,A級,高危害,防火防爆,防爆安全工具,是否使用防爆電氣設備及安全工具,32,29,27,2,1,1,0,0.931,16,中
2025-04,高雄林園,A,A級,高危害,高處作業,防墜措施,設標準施工架、安全網、安全母索、安全帶,32,30,29,1,0,0,0,0.9667,2,低
2025-04,高雄林園,A,A級,高危害,安全保護,個人防護具,是否有防護口罩、防毒面具、SCBA、防護手套、安全眼鏡、耳塞,32,27,26,1,0,0,0,0.963,2,低
2025-04,高雄林園,A,A級,高危害,警戒巡查,警戒標示,是否有警戒標示,32,30,29,1,0,0,0,0.9667,2,低
2025-04,高雄林園,A,A級,高危害,警戒巡查,巡查會簽,是否轄區、監造、安衛人員或工地負責人巡查會簽,32,31,30,1,0,0,0,0.9677,2,低
2025-04,高雄林園,A,A級,高危害,收工回簽,回簽收工確認,是否回簽時確認環境已整理並完成防護措施,32,28,27,1,0,0,0,0.9643,2,低
2025-04,高雄林園,A,A級,高危害,收工回簽,一般安全規定,是否遵守工安規定,32,32,31,1,0,0,0,0.9688,2,低
2025-04,高雄林園,A,A級,高危害,收工回簽,現場紀錄,是否拍照,32,27,26,1,0,0,0,0.963,2,低
2025-04,高雄林園,B,B級,中危害,廠區,基本資料,工廠、日期、時間,73,61,60,1,0,0,0,0.9836,2,低
2025-04,高雄林園,B,B級,中危害,許可證,許可資訊,工程作業分級、申請時間、核准工作時間、工作許可證編號,73,65,64,1,0,0,0,0.9846,2,低
2025-04,高雄林園,B,B級,中危害,施工地點,場地關係人,施工部門、轄區部門、監造部門,73,64,62,2,0,0,0,0.9688,4,低
2025-04,高雄林園,B,B級,中危害,包商,承攬商與人員資格,承攬商、工作人數、車輛車號、工地負責人、安衛人員、特殊作業主管,73,61,59,2,0,1,0,0.9672,7,低
2025-04,高雄林園,B,B級,中危害,危害等級,作業等級,施工地點、工程案號、工作內容、許可工作項目、作業分級,73,68,66,2,0,0,0,0.9706,4,低
2025-04,高雄林園,B,B級,中危害,危害等級,管線設備危害物,可燃性氣體、易燃液體、有害性氣體、化學藥劑、酸鹼、熱水蒸氣、空氣、其他,73,67,64,3,0,1,0,0.9552,9,低
2025-04,高雄林園,B,B級,中危害,檢點與危害告知,簽發前安全檢點,是否安全檢點,73,67,65,2,0,0,0,0.9701,4,低
2025-04,高雄林園,B,B級,中危害,檢點與危害告知,危害告知,是否危害告知,73,65,63,2,0,1,0,0.9692,7,低
2025-04,高雄林園,B,B級,中危害,危害排除與隔離,環境危害排除,是否設備管線危害物排除,73,61,58,3,1,1,0,0.9508,18,中
2025-04,高雄林園,B,B級,中危害,危害排除與隔離,隔離管制,設備管線是否加盲加鎖掛牌,73,60,57,3,1,1,0,0.95,18,中
2025-04,高雄林園,B,B級,中危害,環境測定,氣體偵測數值,可燃性氣體%、氧氣%、一氧化碳PPM、硫化氫PPM,73,67,64,3,1,1,0,0.9552,18,中
2025-04,高雄林園,B,B級,中危害,環境測定,測定基準,可燃性氣體 < 20%LEL；氧氣>= 18%；一氧化碳<50 PPM；硫化氫<10 PPM,73,65,63,2,1,0,0,0.9692,13,低
2025-04,高雄林園,B,B級,中危害,環境測定,測定頻率,上、下午施工前測定；A級或高風險作業需重複或連續測定；每小時/每兩小時紀錄表,73,65,62,3,1,1,0,0.9538,18,中
2025-04,高雄林園,B,B級,中危害,防火防爆,消防設備,是否有消防設備,73,61,58,3,1,1,0,0.9508,18,中
2025-04,高雄林園,B,B級,中危害,防火防爆,防爆安全工具,是否使用防爆電氣設備及安全工具,73,61,59,2,1,0,0,0.9672,13,低
2025-04,高雄林園,B,B級,中危害,高處作業,防墜措施,設標準施工架、安全網、安全母索、安全帶,73,61,58,3,1,1,0,0.9508,18,中
2025-04,高雄林園,B,B級,中危害,安全保護,個人防護具,是否有防護口罩、防毒面具、SCBA、防護手套、安全眼鏡、耳塞,73,61,59,2,0,1,0,0.9672,7,低
2025-04,高雄林園,B,B級,中危害,警戒巡查,警戒標示,是否有警戒標示,73,64,62,2,0,1,0,0.9688,7,低
2025-04,高雄林園,B,B級,中危害,警戒巡查,巡查會簽,是否轄區、監造、安衛人員或工地負責人巡查會簽,73,62,60,2,0,1,0,0.9677,7,低
2025-04,高雄林園,B,B級,中危害,收工回簽,回簽收工確認,是否回簽時確認環境已整理並完成防護措施,73,71,69,2,0,1,0,0.9718,7,低
2025-04,高雄林園,B,B級,中危害,收工回簽,一般安全規定,是否遵守工安規定,73,67,65,2,0,1,0,0.9701,7,低
2025-04,高雄林園,B,B級,中危害,收工回簽,現場紀錄,是否拍照,73,73,71,2,0,1,0,0.9726,7,低
2025-04,高雄林園,C,C級,低危害,廠區,基本資料,工廠、日期、時間,55,46,45,1,0,0,0,0.9783,2,低
2025-04,高雄林園,C,C級,低危害,許可證,許可資訊,工程作業分級、申請時間、核准工作時間、工作許可證編號,55,52,51,1,0,0,0,0.9808,2,低
2025-04,高雄林園,C,C級,低危害,施工地點,場地關係人,施工部門、轄區部門、監造部門,55,52,51,1,0,0,0,0.9808,2,低
2025-04,高雄林園,C,C級,低危害,包商,承攬商與人員資格,承攬商、工作人數、車輛車號、工地負責人、安衛人員、特殊作業主管,55,50,48,2,0,0,0,0.96,4,低
2025-04,高雄林園,C,C級,低危害,危害等級,作業等級,施工地點、工程案號、工作內容、許可工作項目、作業分級,55,48,47,1,0,1,0,0.9792,5,低
2025-04,高雄林園,C,C級,低危害,危害等級,管線設備危害物,可燃性氣體、易燃液體、有害性氣體、化學藥劑、酸鹼、熱水蒸氣、空氣、其他,55,53,51,2,0,1,0,0.9623,7,低
2025-04,高雄林園,C,C級,低危害,檢點與危害告知,簽發前安全檢點,是否安全檢點,55,54,53,1,0,0,0,0.9815,2,低
2025-04,高雄林園,C,C級,低危害,檢點與危害告知,危害告知,是否危害告知,55,47,46,1,0,0,0,0.9787,2,低
2025-04,高雄林園,C,C級,低危害,危害排除與隔離,環境危害排除,是否設備管線危害物排除,55,50,48,2,1,1,0,0.96,16,中
2025-04,高雄林園,C,C級,低危害,危害排除與隔離,隔離管制,設備管線是否加盲加鎖掛牌,55,52,50,2,1,1,0,0.9615,16,中
2025-04,高雄林園,C,C級,低危害,環境測定,氣體偵測數值,可燃性氣體%、氧氣%、一氧化碳PPM、硫化氫PPM,55,49,48,1,0,0,0,0.9796,2,低
2025-04,高雄林園,C,C級,低危害,環境測定,測定基準,可燃性氣體 < 20%LEL；氧氣>= 18%；一氧化碳<50 PPM；硫化氫<10 PPM,55,48,46,2,1,1,0,0.9583,16,中
2025-04,高雄林園,C,C級,低危害,環境測定,測定頻率,上、下午施工前測定；A級或高風險作業需重複或連續測定；每小時/每兩小時紀錄表,55,50,48,2,1,1,0,0.96,16,中
2025-04,高雄林園,C,C級,低危害,防火防爆,消防設備,是否有消防設備,55,53,51,2,1,1,0,0.9623,16,中
2025-04,高雄林園,C,C級,低危害,防火防爆,防爆安全工具,是否使用防爆電氣設備及安全工具,55,46,44,2,1,1,0,0.9565,16,中
2025-04,高雄林園,C,C級,低危害,高處作業,防墜措施,設標準施工架、安全網、安全母索、安全帶,55,53,51,2,1,1,0,0.9623,16,中
2025-04,高雄林園,C,C級,低危害,安全保護,個人防護具,是否有防護口罩、防毒面具、SCBA、防護手套、安全眼鏡、耳塞,55,53,51,2,0,0,0,0.9623,4,低
2025-04,高雄林園,C,C級,低危害,警戒巡查,警戒標示,是否有警戒標示,55,45,44,1,0,0,0,0.9778,2,低
2025-04,高雄林園,C,C級,低危害,警戒巡查,巡查會簽,是否轄區、監造、安衛人員或工地負責人巡查會簽,55,54,53,1,0,0,0,0.9815,2,低
2025-04,高雄林園,C,C級,低危害,收工回簽,回簽收工確認,是否回簽時確認環境已整理並完成防護措施,55,49,48,1,0,1,0,0.9796,5,低
2025-04,高雄林園,C,C級,低危害,收工回簽,一般安全規定,是否遵守工安規定,55,49,48,1,0,0,0,0.9796,2,低
2025-04,高雄林園,C,C級,低危害,收工回簽,現場紀錄,是否拍照,55,46,45,1,0,0,0,0.9783,2,低
2025-05,高雄林園,A,A級,高危害,廠區,基本資料,工廠、日期、時間,30,25,24,1,0,0,0,0.96,2,低
2025-05,高雄林園,A,A級,高危害,許可證,許可資訊,工程作業分級、申請時間、核准工作時間、工作許可證編號,30,29,28,1,0,0,0,0.9655,2,低
2025-05,高雄林園,A,A級,高危害,施工地點,場地關係人,施工部門、轄區部門、監造部門,30,29,28,1,0,0,0,0.9655,2,低
2025-05,高雄林園,A,A級,高危害,包商,承攬商與人員資格,承攬商、工作人數、車輛車號、工地負責人、安衛人員、特殊作業主管,30,25,24,1,0,0,0,0.96,2,低
2025-05,高雄林園,A,A級,高危害,危害等級,作業等級,施工地點、工程案號、工作內容、許可工作項目、作業分級,30,29,28,1,0,0,0,0.9655,2,低
2025-05,高雄林園,A,A級,高危害,危害等級,管線設備危害物,可燃性氣體、易燃液體、有害性氣體、化學藥劑、酸鹼、熱水蒸氣、空氣、其他,30,27,26,1,0,1,0,0.963,5,低
2025-05,高雄林園,A,A級,高危害,檢點與危害告知,簽發前安全檢點,是否安全檢點,30,27,26,1,0,0,0,0.963,2,低
2025-05,高雄林園,A,A級,高危害,檢點與危害告知,危害告知,是否危害告知,30,25,24,1,0,0,0,0.96,2,低
2025-05,高雄林園,A,A級,高危害,危害排除與隔離,環境危害排除,是否設備管線危害物排除,30,29,27,2,1,1,0,0.931,16,中
2025-05,高雄林園,A,A級,高危害,危害排除與隔離,隔離管制,設備管線是否加盲加鎖掛牌,30,29,27,2,1,1,0,0.931,16,中
2025-05,高雄林園,A,A級,高危害,環境測定,氣體偵測數值,可燃性氣體%、氧氣%、一氧化碳PPM、硫化氫PPM,30,26,24,2,1,1,0,0.9231,16,中
2025-05,高雄林園,A,A級,高危害,環境測定,測定基準,可燃性氣體 < 20%LEL；氧氣>= 18%；一氧化碳<50 PPM；硫化氫<10 PPM,30,27,25,2,1,1,0,0.9259,16,中
2025-05,高雄林園,A,A級,高危害,環境測定,測定頻率,上、下午施工前測定；A級或高風險作業需重複或連續測定；每小時/每兩小時紀錄表,30,27,25,2,1,1,0,0.9259,16,中
2025-05,高雄林園,A,A級,高危害,防火防爆,消防設備,是否有消防設備,30,26,24,2,1,1,0,0.9231,16,中
2025-05,高雄林園,A,A級,高危害,防火防爆,防爆安全工具,是否使用防爆電氣設備及安全工具,30,25,24,1,0,0,0,0.96,2,低
2025-05,高雄林園,A,A級,高危害,高處作業,防墜措施,設標準施工架、安全網、安全母索、安全帶,30,28,27,1,0,0,0,0.9643,2,低
2025-05,高雄林園,A,A級,高危害,安全保護,個人防護具,是否有防護口罩、防毒面具、SCBA、防護手套、安全眼鏡、耳塞,30,25,24,1,0,0,0,0.96,2,低
2025-05,高雄林園,A,A級,高危害,警戒巡查,警戒標示,是否有警戒標示,30,27,26,1,0,0,0,0.963,2,低
2025-05,高雄林園,A,A級,高危害,警戒巡查,巡查會簽,是否轄區、監造、安衛人員或工地負責人巡查會簽,30,30,29,1,0,0,0,0.9667,2,低
2025-05,高雄林園,A,A級,高危害,收工回簽,回簽收工確認,是否回簽時確認環境已整理並完成防護措施,30,27,26,1,0,0,0,0.963,2,低
2025-05,高雄林園,A,A級,高危害,收工回簽,一般安全規定,是否遵守工安規定,30,27,26,1,0,0,0,0.963,2,低
2025-05,高雄林園,A,A級,高危害,收工回簽,現場紀錄,是否拍照,30,26,25,1,0,0,0,0.9615,2,低
2025-05,高雄林園,B,B級,中危害,廠區,基本資料,工廠、日期、時間,67,64,63,1,0,0,0,0.9844,2,低
2025-05,高雄林園,B,B級,中危害,許可證,許可資訊,工程作業分級、申請時間、核准工作時間、工作許可證編號,67,56,55,1,0,0,0,0.9821,2,低
2025-05,高雄林園,B,B級,中危害,施工地點,場地關係人,施工部門、轄區部門、監造部門,67,60,59,1,0,0,0,0.9833,2,低
2025-05,高雄林園,B,B級,中危害,包商,承攬商與人員資格,承攬商、工作人數、車輛車號、工地負責人、安衛人員、特殊作業主管,67,60,58,2,0,1,0,0.9667,7,低
2025-05,高雄林園,B,B級,中危害,危害等級,作業等級,施工地點、工程案號、工作內容、許可工作項目、作業分級,67,60,58,2,0,1,0,0.9667,7,低
2025-05,高雄林園,B,B級,中危害,危害等級,管線設備危害物,可燃性氣體、易燃液體、有害性氣體、化學藥劑、酸鹼、熱水蒸氣、空氣、其他,67,58,56,2,0,1,0,0.9655,7,低
2025-05,高雄林園,B,B級,中危害,檢點與危害告知,簽發前安全檢點,是否安全檢點,67,63,61,2,0,1,0,0.9683,7,低
2025-05,高雄林園,B,B級,中危害,檢點與危害告知,危害告知,是否危害告知,67,62,60,2,0,1,0,0.9677,7,低
2025-05,高雄林園,B,B級,中危害,危害排除與隔離,環境危害排除,是否設備管線危害物排除,67,59,56,3,1,1,0,0.9492,18,中
2025-05,高雄林園,B,B級,中危害,危害排除與隔離,隔離管制,設備管線是否加盲加鎖掛牌,67,66,64,2,1,1,0,0.9697,16,中
2025-05,高雄林園,B,B級,中危害,環境測定,氣體偵測數值,可燃性氣體%、氧氣%、一氧化碳PPM、硫化氫PPM,67,57,55,2,1,1,0,0.9649,16,中
2025-05,高雄林園,B,B級,中危害,環境測定,測定基準,可燃性氣體 < 20%LEL；氧氣>= 18%；一氧化碳<50 PPM；硫化氫<10 PPM,67,61,58,3,1,1,0,0.9508,18,中
2025-05,高雄林園,B,B級,中危害,環境測定,測定頻率,上、下午施工前測定；A級或高風險作業需重複或連續測定；每小時/每兩小時紀錄表,67,59,56,3,1,1,0,0.9492,18,中
2025-05,高雄林園,B,B級,中危害,防火防爆,消防設備,是否有消防設備,67,66,63,3,1,1,0,0.9545,18,中
2025-05,高雄林園,B,B級,中危害,防火防爆,防爆安全工具,是否使用防爆電氣設備及安全工具,67,60,57,3,1,1,0,0.95,18,中
2025-05,高雄林園,B,B級,中危害,高處作業,防墜措施,設標準施工架、安全網、安全母索、安全帶,67,58,55,3,1,1,0,0.9483,18,中
2025-05,高雄林園,B,B級,中危害,安全保護,個人防護具,是否有防護口罩、防毒面具、SCBA、防護手套、安全眼鏡、耳塞,67,56,54,2,0,1,0,0.9643,7,低
2025-05,高雄林園,B,B級,中危害,警戒巡查,警戒標示,是否有警戒標示,67,65,63,2,0,0,0,0.9692,4,低
2025-05,高雄林園,B,B級,中危害,警戒巡查,巡查會簽,是否轄區、監造、安衛人員或工地負責人巡查會簽,67,66,64,2,0,1,0,0.9697,7,低
2025-05,高雄林園,B,B級,中危害,收工回簽,回簽收工確認,是否回簽時確認環境已整理並完成防護措施,67,58,57,1,0,0,0,0.9828,2,低
2025-05,高雄林園,B,B級,中危害,收工回簽,一般安全規定,是否遵守工安規定,67,59,57,2,0,1,0,0.9661,7,低
2025-05,高雄林園,B,B級,中危害,收工回簽,現場紀錄,是否拍照,67,65,63,2,0,1,0,0.9692,7,低
2025-05,高雄林園,C,C級,低危害,廠區,基本資料,工廠、日期、時間,51,45,44,1,0,0,0,0.9778,2,低
2025-05,高雄林園,C,C級,低危害,許可證,許可資訊,工程作業分級、申請時間、核准工作時間、工作許可證編號,51,47,46,1,0,0,0,0.9787,2,低
2025-05,高雄林園,C,C級,低危害,施工地點,場地關係人,施工部門、轄區部門、監造部門,51,44,43,1,0,0,0,0.9773,2,低
2025-05,高雄林園,C,C級,低危害,包商,承攬商與人員資格,承攬商、工作人數、車輛車號、工地負責人、安衛人員、特殊作業主管,51,42,41,1,0,0,0,0.9762,2,低
2025-05,高雄林園,C,C級,低危害,危害等級,作業等級,施工地點、工程案號、工作內容、許可工作項目、作業分級,51,43,42,1,0,0,0,0.9767,2,低
2025-05,高雄林園,C,C級,低危害,危害等級,管線設備危害物,可燃性氣體、易燃液體、有害性氣體、化學藥劑、酸鹼、熱水蒸氣、空氣、其他,51,46,44,2,0,0,0,0.9565,4,低
2025-05,高雄林園,C,C級,低危害,檢點與危害告知,簽發前安全檢點,是否安全檢點,51,51,50,1,0,0,0,0.9804,2,低
2025-05,高雄林園,C,C級,低危害,檢點與危害告知,危害告知,是否危害告知,51,46,45,1,0,0,0,0.9783,2,低
2025-05,高雄林園,C,C級,低危害,危害排除與隔離,環境危害排除,是否設備管線危害物排除,51,47,46,1,0,0,0,0.9787,2,低
2025-05,高雄林園,C,C級,低危害,危害排除與隔離,隔離管制,設備管線是否加盲加鎖掛牌,51,47,45,2,1,1,0,0.9574,16,中
2025-05,高雄林園,C,C級,低危害,環境測定,氣體偵測數值,可燃性氣體%、氧氣%、一氧化碳PPM、硫化氫PPM,51,45,44,1,0,0,0,0.9778,2,低
2025-05,高雄林園,C,C級,低危害,環境測定,測定基準,可燃性氣體 < 20%LEL；氧氣>= 18%；一氧化碳<50 PPM；硫化氫<10 PPM,51,47,45,2,1,1,0,0.9574,16,中
2025-05,高雄林園,C,C級,低危害,環境測定,測定頻率,上、下午施工前測定；A級或高風險作業需重複或連續測定；每小時/每兩小時紀錄表,51,48,47,1,0,0,0,0.9792,2,低
2025-05,高雄林園,C,C級,低危害,防火防爆,消防設備,是否有消防設備,51,44,43,1,0,0,0,0.9773,2,低
2025-05,高雄林園,C,C級,低危害,防火防爆,防爆安全工具,是否使用防爆電氣設備及安全工具,51,46,45,1,0,0,0,0.9783,2,低
2025-05,高雄林園,C,C級,低危害,高處作業,防墜措施,設標準施工架、安全網、安全母索、安全帶,51,45,44,1,0,0,0,0.9778,2,低
2025-05,高雄林園,C,C級,低危害,安全保護,個人防護具,是否有防護口罩、防毒面具、SCBA、防護手套、安全眼鏡、耳塞,51,42,41,1,0,0,0,0.9762,2,低
2025-05,高雄林園,C,C級,低危害,警戒巡查,警戒標示,是否有警戒標示,51,49,48,1,0,0,0,0.9796,2,低
2025-05,高雄林園,C,C級,低危害,警戒巡查,巡查會簽,是否轄區、監造、安衛人員或工地負責人巡查會簽,51,46,45,1,0,0,0,0.9783,2,低
2025-05,高雄林園,C,C級,低危害,收工回簽,回簽收工確認,是否回簽時確認環境已整理並完成防護措施,51,50,49,1,0,0,0,0.98,2,低
2025-05,高雄林園,C,C級,低危害,收工回簽,一般安全規定,是否遵守工安規定,51,43,42,1,0,0,0,0.9767,2,低
2025-05,高雄林園,C,C級,低危害,收工回簽,現場紀錄,是否拍照,51,45,44,1,0,0,0,0.9778,2,低
2025-06,高雄林園,A,A級,高危害,廠區,基本資料,工廠、日期、時間,31,28,27,1,0,0,0,0.9643,2,低
2025-06,高雄林園,A,A級,高危害,許可證,許可資訊,工程作業分級、申請時間、核准工作時間、工作許可證編號,31,28,27,1,0,0,0,0.9643,2,低
2025-06,高雄林園,A,A級,高危害,施工地點,場地關係人,施工部門、轄區部門、監造部門,31,26,25,1,0,0,0,0.9615,2,低
2025-06,高雄林園,A,A級,高危害,包商,承攬商與人員資格,承攬商、工作人數、車輛車號、工地負責人、安衛人員、特殊作業主管,31,30,29,1,0,0,0,0.9667,2,低
2025-06,高雄林園,A,A級,高危害,危害等級,作業等級,施工地點、工程案號、工作內容、許可工作項目、作業分級,31,28,26,2,0,1,0,0.9286,7,低
2025-06,高雄林園,A,A級,高危害,危害等級,管線設備危害物,可燃性氣體、易燃液體、有害性氣體、化學藥劑、酸鹼、熱水蒸氣、空氣、其他,31,30,29,1,0,0,0,0.9667,2,低
2025-06,高雄林園,A,A級,高危害,檢點與危害告知,簽發前安全檢點,是否安全檢點,31,26,25,1,0,0,0,0.9615,2,低
2025-06,高雄林園,A,A級,高危害,檢點與危害告知,危害告知,是否危害告知,31,27,26,1,0,0,0,0.963,2,低
2025-06,高雄林園,A,A級,高危害,危害排除與隔離,環境危害排除,是否設備管線危害物排除,31,28,26,2,1,1,0,0.9286,16,中
2025-06,高雄林園,A,A級,高危害,危害排除與隔離,隔離管制,設備管線是否加盲加鎖掛牌,31,28,26,2,1,1,0,0.9286,16,中
2025-06,高雄林園,A,A級,高危害,環境測定,氣體偵測數值,可燃性氣體%、氧氣%、一氧化碳PPM、硫化氫PPM,31,27,25,2,1,1,0,0.9259,16,中
2025-06,高雄林園,A,A級,高危害,環境測定,測定基準,可燃性氣體 < 20%LEL；氧氣>= 18%；一氧化碳<50 PPM；硫化氫<10 PPM,31,29,27,2,1,1,0,0.931,16,中
2025-06,高雄林園,A,A級,高危害,環境測定,測定頻率,上、下午施工前測定；A級或高風險作業需重複或連續測定；每小時/每兩小時紀錄表,31,31,29,2,1,1,0,0.9355,16,中
2025-06,高雄林園,A,A級,高危害,防火防爆,消防設備,是否有消防設備,31,28,26,2,1,1,0,0.9286,16,中
2025-06,高雄林園,A,A級,高危害,防火防爆,防爆安全工具,是否使用防爆電氣設備及安全工具,31,31,29,2,1,1,0,0.9355,16,中
2025-06,高雄林園,A,A級,高危害,高處作業,防墜措施,設標準施工架、安全網、安全母索、安全帶,31,26,25,1,0,0,0,0.9615,2,低
2025-06,高雄林園,A,A級,高危害,安全保護,個人防護具,是否有防護口罩、防毒面具、SCBA、防護手套、安全眼鏡、耳塞,31,28,27,1,0,0,0,0.9643,2,低
2025-06,高雄林園,A,A級,高危害,警戒巡查,警戒標示,是否有警戒標示,31,29,28,1,0,0,0,0.9655,2,低
2025-06,高雄林園,A,A級,高危害,警戒巡查,巡查會簽,是否轄區、監造、安衛人員或工地負責人巡查會簽,31,26,25,1,0,0,0,0.9615,2,低
2025-06,高雄林園,A,A級,高危害,收工回簽,回簽收工確認,是否回簽時確認環境已整理並完成防護措施,31,30,29,1,0,0,0,0.9667,2,低
2025-06,高雄林園,A,A級,高危害,收工回簽,一般安全規定,是否遵守工安規定,31,28,27,1,0,0,0,0.9643,2,低
2025-06,高雄林園,A,A級,高危害,收工回簽,現場紀錄,是否拍照,31,30,29,1,0,0,0,0.9667,2,低
2025-06,高雄林園,B,B級,中危害,廠區,基本資料,工廠、日期、時間,62,52,51,1,0,0,0,0.9808,2,低
2025-06,高雄林園,B,B級,中危害,許可證,許可資訊,工程作業分級、申請時間、核准工作時間、工作許可證編號,62,53,52,1,0,0,0,0.9811,2,低
2025-06,高雄林園,B,B級,中危害,施工地點,場地關係人,施工部門、轄區部門、監造部門,62,55,53,2,0,0,0,0.9636,4,低
2025-06,高雄林園,B,B級,中危害,包商,承攬商與人員資格,承攬商、工作人數、車輛車號、工地負責人、安衛人員、特殊作業主管,62,57,55,2,0,1,0,0.9649,7,低
2025-06,高雄林園,B,B級,中危害,危害等級,作業等級,施工地點、工程案號、工作內容、許可工作項目、作業分級,62,52,50,2,0,1,0,0.9615,7,低
2025-06,高雄林園,B,B級,中危害,危害等級,管線設備危害物,可燃性氣體、易燃液體、有害性氣體、化學藥劑、酸鹼、熱水蒸氣、空氣、其他,62,56,54,2,0,0,0,0.9643,4,低
2025-06,高雄林園,B,B級,中危害,檢點與危害告知,簽發前安全檢點,是否安全檢點,62,60,58,2,0,1,0,0.9667,7,低
2025-06,高雄林園,B,B級,中危害,檢點與危害告知,危害告知,是否危害告知,62,55,53,2,0,1,0,0.9636,7,低
2025-06,高雄林園,B,B級,中危害,危害排除與隔離,環境危害排除,是否設備管線危害物排除,62,59,56,3,1,1,0,0.9492,18,中
2025-06,高雄林園,B,B級,中危害,危害排除與隔離,隔離管制,設備管線是否加盲加鎖掛牌,62,53,51,2,1,1,0,0.9623,16,中
2025-06,高雄林園,B,B級,中危害,環境測定,氣體偵測數值,可燃性氣體%、氧氣%、一氧化碳PPM、硫化氫PPM,62,55,53,2,1,1,0,0.9636,16,中
2025-06,高雄林園,B,B級,中危害,環境測定,測定基準,可燃性氣體 < 20%LEL；氧氣>= 18%；一氧化碳<50 PPM；硫化氫<10 PPM,62,54,51,3,1,1,0,0.9444,18,中
2025-06,高雄林園,B,B級,中危害,環境測定,測定頻率,上、下午施工前測定；A級或高風險作業需重複或連續測定；每小時/每兩小時紀錄表,62,53,51,2,1,1,0,0.9623,16,中
2025-06,高雄林園,B,B級,中危害,防火防爆,消防設備,是否有消防設備,62,57,55,2,1,1,0,0.9649,16,中
2025-06,高雄林園,B,B級,中危害,防火防爆,防爆安全工具,是否使用防爆電氣設備及安全工具,62,53,51,2,1,1,0,0.9623,16,中
2025-06,高雄林園,B,B級,中危害,高處作業,防墜措施,設標準施工架、安全網、安全母索、安全帶,62,56,54,2,1,1,0,0.9643,16,中
2025-06,高雄林園,B,B級,中危害,安全保護,個人防護具,是否有防護口罩、防毒面具、SCBA、防護手套、安全眼鏡、耳塞,62,62,60,2,0,1,0,0.9677,7,低
2025-06,高雄林園,B,B級,中危害,警戒巡查,警戒標示,是否有警戒標示,62,55,54,1,0,0,0,0.9818,2,低
2025-06,高雄林園,B,B級,中危害,警戒巡查,巡查會簽,是否轄區、監造、安衛人員或工地負責人巡查會簽,62,56,55,1,0,0,0,0.9821,2,低
2025-06,高雄林園,B,B級,中危害,收工回簽,回簽收工確認,是否回簽時確認環境已整理並完成防護措施,62,59,57,2,0,1,0,0.9661,7,低
2025-06,高雄林園,B,B級,中危害,收工回簽,一般安全規定,是否遵守工安規定,62,52,51,1,0,0,0,0.9808,2,低
2025-06,高雄林園,B,B級,中危害,收工回簽,現場紀錄,是否拍照,62,53,51,2,0,1,0,0.9623,7,低
2025-06,高雄林園,C,C級,低危害,廠區,基本資料,工廠、日期、時間,46,44,43,1,0,0,0,0.9773,2,低
2025-06,高雄林園,C,C級,低危害,許可證,許可資訊,工程作業分級、申請時間、核准工作時間、工作許可證編號,46,43,42,1,0,0,0,0.9767,2,低
2025-06,高雄林園,C,C級,低危害,施工地點,場地關係人,施工部門、轄區部門、監造部門,46,45,44,1,0,0,0,0.9778,2,低
2025-06,高雄林園,C,C級,低危害,包商,承攬商與人員資格,承攬商、工作人數、車輛車號、工地負責人、安衛人員、特殊作業主管,46,43,42,1,0,0,0,0.9767,2,低
2025-06,高雄林園,C,C級,低危害,危害等級,作業等級,施工地點、工程案號、工作內容、許可工作項目、作業分級,46,42,41,1,0,0,0,0.9762,2,低
2025-06,高雄林園,C,C級,低危害,危害等級,管線設備危害物,可燃性氣體、易燃液體、有害性氣體、化學藥劑、酸鹼、熱水蒸氣、空氣、其他,46,40,39,1,0,0,0,0.975,2,低
2025-06,高雄林園,C,C級,低危害,檢點與危害告知,簽發前安全檢點,是否安全檢點,46,44,43,1,0,0,0,0.9773,2,低
2025-06,高雄林園,C,C級,低危害,檢點與危害告知,危害告知,是否危害告知,46,40,39,1,0,1,0,0.975,5,低
2025-06,高雄林園,C,C級,低危害,危害排除與隔離,環境危害排除,是否設備管線危害物排除,46,41,40,1,0,0,0,0.9756,2,低
2025-06,高雄林園,C,C級,低危害,危害排除與隔離,隔離管制,設備管線是否加盲加鎖掛牌,46,46,44,2,1,0,0,0.9565,13,低
2025-06,高雄林園,C,C級,低危害,環境測定,氣體偵測數值,可燃性氣體%、氧氣%、一氧化碳PPM、硫化氫PPM,46,45,44,1,0,0,0,0.9778,2,低
2025-06,高雄林園,C,C級,低危害,環境測定,測定基準,可燃性氣體 < 20%LEL；氧氣>= 18%；一氧化碳<50 PPM；硫化氫<10 PPM,46,41,40,1,0,0,0,0.9756,2,低
2025-06,高雄林園,C,C級,低危害,環境測定,測定頻率,上、下午施工前測定；A級或高風險作業需重複或連續測定；每小時/每兩小時紀錄表,46,41,39,2,1,1,0,0.9512,16,中
2025-06,高雄林園,C,C級,低危害,防火防爆,消防設備,是否有消防設備,46,42,40,2,1,0,0,0.9524,13,低
2025-06,高雄林園,C,C級,低危害,防火防爆,防爆安全工具,是否使用防爆電氣設備及安全工具,46,44,42,2,1,0,0,0.9545,13,低
2025-06,高雄林園,C,C級,低危害,高處作業,防墜措施,設標準施工架、安全網、安全母索、安全帶,46,40,39,1,0,0,0,0.975,2,低
2025-06,高雄林園,C,C級,低危害,安全保護,個人防護具,是否有防護口罩、防毒面具、SCBA、防護手套、安全眼鏡、耳塞,46,39,38,1,0,0,0,0.9744,2,低
2025-06,高雄林園,C,C級,低危害,警戒巡查,警戒標示,是否有警戒標示,46,44,43,1,0,0,0,0.9773,2,低
2025-06,高雄林園,C,C級,低危害,警戒巡查,巡查會簽,是否轄區、監造、安衛人員或工地負責人巡查會簽,46,40,39,1,0,0,0,0.975,2,低
2025-06,高雄林園,C,C級,低危害,收工回簽,回簽收工確認,是否回簽時確認環境已整理並完成防護措施,46,39,38,1,0,0,0,0.9744,2,低
2025-06,高雄林園,C,C級,低危害,收工回簽,一般安全規定,是否遵守工安規定,46,45,44,1,0,0,0,0.9778,2,低
2025-06,高雄林園,C,C級,低危害,收工回簽,現場紀錄,是否拍照,46,39,38,1,0,0,0,0.9744,2,低
2025-07,高雄林園,A,A級,高危害,廠區,基本資料,工廠、日期、時間,30,28,27,1,0,0,0,0.9643,2,低
2025-07,高雄林園,A,A級,高危害,許可證,許可資訊,工程作業分級、申請時間、核准工作時間、工作許可證編號,30,26,25,1,0,0,0,0.9615,2,低
2025-07,高雄林園,A,A級,高危害,施工地點,場地關係人,施工部門、轄區部門、監造部門,30,25,24,1,0,0,0,0.96,2,低
2025-07,高雄林園,A,A級,高危害,包商,承攬商與人員資格,承攬商、工作人數、車輛車號、工地負責人、安衛人員、特殊作業主管,30,29,28,1,0,0,0,0.9655,2,低
2025-07,高雄林園,A,A級,高危害,危害等級,作業等級,施工地點、工程案號、工作內容、許可工作項目、作業分級,30,26,25,1,0,0,0,0.9615,2,低
2025-07,高雄林園,A,A級,高危害,危害等級,管線設備危害物,可燃性氣體、易燃液體、有害性氣體、化學藥劑、酸鹼、熱水蒸氣、空氣、其他,30,26,25,1,0,0,0,0.9615,2,低
2025-07,高雄林園,A,A級,高危害,檢點與危害告知,簽發前安全檢點,是否安全檢點,30,29,28,1,0,0,0,0.9655,2,低
2025-07,高雄林園,A,A級,高危害,檢點與危害告知,危害告知,是否危害告知,30,25,24,1,0,0,0,0.96,2,低
2025-07,高雄林園,A,A級,高危害,危害排除與隔離,環境危害排除,是否設備管線危害物排除,30,28,26,2,1,1,0,0.9286,16,中
2025-07,高雄林園,A,A級,高危害,危害排除與隔離,隔離管制,設備管線是否加盲加鎖掛牌,30,25,23,2,1,1,0,0.92,16,中
2025-07,高雄林園,A,A級,高危害,環境測定,氣體偵測數值,可燃性氣體%、氧氣%、一氧化碳PPM、硫化氫PPM,30,27,25,2,1,1,0,0.9259,16,中
2025-07,高雄林園,A,A級,高危害,環境測定,測定基準,可燃性氣體 < 20%LEL；氧氣>= 18%；一氧化碳<50 PPM；硫化氫<10 PPM,30,26,24,2,1,1,0,0.9231,16,中
2025-07,高雄林園,A,A級,高危害,環境測定,測定頻率,上、下午施工前測定；A級或高風險作業需重複或連續測定；每小時/每兩小時紀錄表,30,29,27,2,1,1,0,0.931,16,中
2025-07,高雄林園,A,A級,高危害,防火防爆,消防設備,是否有消防設備,30,26,25,1,0,0,0,0.9615,2,低
2025-07,高雄林園,A,A級,高危害,防火防爆,防爆安全工具,是否使用防爆電氣設備及安全工具,30,27,25,2,1,1,0,0.9259,16,中
2025-07,高雄林園,A,A級,高危害,高處作業,防墜措施,設標準施工架、安全網、安全母索、安全帶,30,26,24,2,1,1,0,0.9231,16,中
2025-07,高雄林園,A,A級,高危害,安全保護,個人防護具,是否有防護口罩、防毒面具、SCBA、防護手套、安全眼鏡、耳塞,30,29,28,1,0,0,0,0.9655,2,低
2025-07,高雄林園,A,A級,高危害,警戒巡查,警戒標示,是否有警戒標示,30,26,25,1,0,0,0,0.9615,2,低
2025-07,高雄林園,A,A級,高危害,警戒巡查,巡查會簽,是否轄區、監造、安衛人員或工地負責人巡查會簽,30,26,25,1,0,0,0,0.9615,2,低
2025-07,高雄林園,A,A級,高危害,收工回簽,回簽收工確認,是否回簽時確認環境已整理並完成防護措施,30,29,28,1,0,0,0,0.9655,2,低
2025-07,高雄林園,A,A級,高危害,收工回簽,一般安全規定,是否遵守工安規定,30,28,27,1,0,0,0,0.9643,2,低
2025-07,高雄林園,A,A級,高危害,收工回簽,現場紀錄,是否拍照,30,26,25,1,0,0,0,0.9615,2,低
2025-07,高雄林園,B,B級,中危害,廠區,基本資料,工廠、日期、時間,60,58,57,1,0,0,0,0.9828,2,低
2025-07,高雄林園,B,B級,中危害,許可證,許可資訊,工程作業分級、申請時間、核准工作時間、工作許可證編號,60,56,55,1,0,0,0,0.9821,2,低
2025-07,高雄林園,B,B級,中危害,施工地點,場地關係人,施工部門、轄區部門、監造部門,60,56,55,1,0,0,0,0.9821,2,低
2025-07,高雄林園,B,B級,中危害,包商,承攬商與人員資格,承攬商、工作人數、車輛車號、工地負責人、安衛人員、特殊作業主管,60,58,56,2,0,1,0,0.9655,7,低
2025-07,高雄林園,B,B級,中危害,危害等級,作業等級,施工地點、工程案號、工作內容、許可工作項目、作業分級,60,57,55,2,0,1,0,0.9649,7,低
2025-07,高雄林園,B,B級,中危害,危害等級,管線設備危害物,可燃性氣體、易燃液體、有害性氣體、化學藥劑、酸鹼、熱水蒸氣、空氣、其他,60,50,48,2,0,0,0,0.96,4,低
2025-07,高雄林園,B,B級,中危害,檢點與危害告知,簽發前安全檢點,是否安全檢點,60,54,53,1,0,0,0,0.9815,2,低
2025-07,高雄林園,B,B級,中危害,檢點與危害告知,危害告知,是否危害告知,60,50,48,2,0,1,0,0.96,7,低
2025-07,高雄林園,B,B級,中危害,危害排除與隔離,環境危害排除,是否設備管線危害物排除,60,57,54,3,1,1,0,0.9474,18,中
2025-07,高雄林園,B,B級,中危害,危害排除與隔離,隔離管制,設備管線是否加盲加鎖掛牌,60,57,55,2,1,1,0,0.9649,16,中
2025-07,高雄林園,B,B級,中危害,環境測定,氣體偵測數值,可燃性氣體%、氧氣%、一氧化碳PPM、硫化氫PPM,60,56,53,3,1,1,0,0.9464,18,中
2025-07,高雄林園,B,B級,中危害,環境測定,測定基準,可燃性氣體 < 20%LEL；氧氣>= 18%；一氧化碳<50 PPM；硫化氫<10 PPM,60,60,57,3,1,1,0,0.95,18,中
2025-07,高雄林園,B,B級,中危害,環境測定,測定頻率,上、下午施工前測定；A級或高風險作業需重複或連續測定；每小時/每兩小時紀錄表,60,59,57,2,1,0,0,0.9661,13,低
2025-07,高雄林園,B,B級,中危害,防火防爆,消防設備,是否有消防設備,60,57,54,3,1,1,0,0.9474,18,中
2025-07,高雄林園,B,B級,中危害,防火防爆,防爆安全工具,是否使用防爆電氣設備及安全工具,60,55,52,3,1,1,0,0.9455,18,中
2025-07,高雄林園,B,B級,中危害,高處作業,防墜措施,設標準施工架、安全網、安全母索、安全帶,60,49,47,2,1,1,0,0.9592,16,中
2025-07,高雄林園,B,B級,中危害,安全保護,個人防護具,是否有防護口罩、防毒面具、SCBA、防護手套、安全眼鏡、耳塞,60,57,55,2,0,1,0,0.9649,7,低
2025-07,高雄林園,B,B級,中危害,警戒巡查,警戒標示,是否有警戒標示,60,50,48,2,0,0,0,0.96,4,低
2025-07,高雄林園,B,B級,中危害,警戒巡查,巡查會簽,是否轄區、監造、安衛人員或工地負責人巡查會簽,60,60,58,2,0,1,0,0.9667,7,低
2025-07,高雄林園,B,B級,中危害,收工回簽,回簽收工確認,是否回簽時確認環境已整理並完成防護措施,60,55,54,1,0,0,0,0.9818,2,低
2025-07,高雄林園,B,B級,中危害,收工回簽,一般安全規定,是否遵守工安規定,60,50,48,2,0,1,0,0.96,7,低
2025-07,高雄林園,B,B級,中危害,收工回簽,現場紀錄,是否拍照,60,56,54,2,0,0,0,0.9643,4,低
2025-07,高雄林園,C,C級,低危害,廠區,基本資料,工廠、日期、時間,48,41,40,1,0,0,0,0.9756,2,低
2025-07,高雄林園,C,C級,低危害,許可證,許可資訊,工程作業分級、申請時間、核准工作時間、工作許可證編號,48,40,39,1,0,0,0,0.975,2,低
2025-07,高雄林園,C,C級,低危害,施工地點,場地關係人,施工部門、轄區部門、監造部門,48,41,40,1,0,0,0,0.9756,2,低
2025-07,高雄林園,C,C級,低危害,包商,承攬商與人員資格,承攬商、工作人數、車輛車號、工地負責人、安衛人員、特殊作業主管,48,39,38,1,0,0,0,0.9744,2,低
2025-07,高雄林園,C,C級,低危害,危害等級,作業等級,施工地點、工程案號、工作內容、許可工作項目、作業分級,48,40,39,1,0,0,0,0.975,2,低
2025-07,高雄林園,C,C級,低危害,危害等級,管線設備危害物,可燃性氣體、易燃液體、有害性氣體、化學藥劑、酸鹼、熱水蒸氣、空氣、其他,48,45,44,1,0,0,0,0.9778,2,低
2025-07,高雄林園,C,C級,低危害,檢點與危害告知,簽發前安全檢點,是否安全檢點,48,43,42,1,0,0,0,0.9767,2,低
2025-07,高雄林園,C,C級,低危害,檢點與危害告知,危害告知,是否危害告知,48,44,43,1,0,1,0,0.9773,5,低
2025-07,高雄林園,C,C級,低危害,危害排除與隔離,環境危害排除,是否設備管線危害物排除,48,42,41,1,0,0,0,0.9762,2,低
2025-07,高雄林園,C,C級,低危害,危害排除與隔離,隔離管制,設備管線是否加盲加鎖掛牌,48,43,41,2,1,1,0,0.9535,16,中
2025-07,高雄林園,C,C級,低危害,環境測定,氣體偵測數值,可燃性氣體%、氧氣%、一氧化碳PPM、硫化氫PPM,48,42,40,2,1,1,0,0.9524,16,中
2025-07,高雄林園,C,C級,低危害,環境測定,測定基準,可燃性氣體 < 20%LEL；氧氣>= 18%；一氧化碳<50 PPM；硫化氫<10 PPM,48,44,43,1,0,0,0,0.9773,2,低
2025-07,高雄林園,C,C級,低危害,環境測定,測定頻率,上、下午施工前測定；A級或高風險作業需重複或連續測定；每小時/每兩小時紀錄表,48,42,41,1,0,0,0,0.9762,2,低
2025-07,高雄林園,C,C級,低危害,防火防爆,消防設備,是否有消防設備,48,45,43,2,1,1,0,0.9556,16,中
2025-07,高雄林園,C,C級,低危害,防火防爆,防爆安全工具,是否使用防爆電氣設備及安全工具,48,47,46,1,0,0,0,0.9787,2,低
2025-07,高雄林園,C,C級,低危害,高處作業,防墜措施,設標準施工架、安全網、安全母索、安全帶,48,46,45,1,0,0,0,0.9783,2,低
2025-07,高雄林園,C,C級,低危害,安全保護,個人防護具,是否有防護口罩、防毒面具、SCBA、防護手套、安全眼鏡、耳塞,48,46,45,1,0,0,0,0.9783,2,低
2025-07,高雄林園,C,C級,低危害,警戒巡查,警戒標示,是否有警戒標示,48,46,45,1,0,0,0,0.9783,2,低
2025-07,高雄林園,C,C級,低危害,警戒巡查,巡查會簽,是否轄區、監造、安衛人員或工地負責人巡查會簽,48,46,45,1,0,0,0,0.9783,2,低
2025-07,高雄林園,C,C級,低危害,收工回簽,回簽收工確認,是否回簽時確認環境已整理並完成防護措施,48,43,42,1,0,0,0,0.9767,2,低
2025-07,高雄林園,C,C級,低危害,收工回簽,一般安全規定,是否遵守工安規定,48,45,44,1,0,0,0,0.9778,2,低
2025-07,高雄林園,C,C級,低危害,收工回簽,現場紀錄,是否拍照,48,45,44,1,0,0,0,0.9778,2,低
2025-08,高雄林園,A,A級,高危害,廠區,基本資料,工廠、日期、時間,29,28,27,1,0,0,0,0.9643,2,低
2025-08,高雄林園,A,A級,高危害,許可證,許可資訊,工程作業分級、申請時間、核准工作時間、工作許可證編號,29,28,27,1,0,0,0,0.9643,2,低
2025-08,高雄林園,A,A級,高危害,施工地點,場地關係人,施工部門、轄區部門、監造部門,29,28,27,1,0,0,0,0.9643,2,低
2025-08,高雄林園,A,A級,高危害,包商,承攬商與人員資格,承攬商、工作人數、車輛車號、工地負責人、安衛人員、特殊作業主管,29,28,27,1,0,0,0,0.9643,2,低
2025-08,高雄林園,A,A級,高危害,危害等級,作業等級,施工地點、工程案號、工作內容、許可工作項目、作業分級,29,28,27,1,0,0,0,0.9643,2,低
2025-08,高雄林園,A,A級,高危害,危害等級,管線設備危害物,可燃性氣體、易燃液體、有害性氣體、化學藥劑、酸鹼、熱水蒸氣、空氣、其他,29,26,25,1,0,0,0,0.9615,2,低
2025-08,高雄林園,A,A級,高危害,檢點與危害告知,簽發前安全檢點,是否安全檢點,29,27,26,1,0,0,0,0.963,2,低
2025-08,高雄林園,A,A級,高危害,檢點與危害告知,危害告知,是否危害告知,29,27,26,1,0,0,0,0.963,2,低
2025-08,高雄林園,A,A級,高危害,危害排除與隔離,環境危害排除,是否設備管線危害物排除,29,28,26,2,1,1,0,0.9286,16,中
2025-08,高雄林園,A,A級,高危害,危害排除與隔離,隔離管制,設備管線是否加盲加鎖掛牌,29,25,23,2,1,1,0,0.92,16,中
2025-08,高雄林園,A,A級,高危害,環境測定,氣體偵測數值,可燃性氣體%、氧氣%、一氧化碳PPM、硫化氫PPM,29,27,26,1,0,0,0,0.963,2,低
2025-08,高雄林園,A,A級,高危害,環境測定,測定基準,可燃性氣體 < 20%LEL；氧氣>= 18%；一氧化碳<50 PPM；硫化氫<10 PPM,29,25,24,1,0,0,0,0.96,2,低
2025-08,高雄林園,A,A級,高危害,環境測定,測定頻率,上、下午施工前測定；A級或高風險作業需重複或連續測定；每小時/每兩小時紀錄表,29,24,23,1,0,0,0,0.9583,2,低
2025-08,高雄林園,A,A級,高危害,防火防爆,消防設備,是否有消防設備,29,26,24,2,1,1,0,0.9231,16,中
2025-08,高雄林園,A,A級,高危害,防火防爆,防爆安全工具,是否使用防爆電氣設備及安全工具,29,26,24,2,1,1,0,0.9231,16,中
2025-08,高雄林園,A,A級,高危害,高處作業,防墜措施,設標準施工架、安全網、安全母索、安全帶,29,29,27,2,1,1,0,0.931,16,中
2025-08,高雄林園,A,A級,高危害,安全保護,個人防護具,是否有防護口罩、防毒面具、SCBA、防護手套、安全眼鏡、耳塞,29,24,23,1,0,0,0,0.9583,2,低
2025-08,高雄林園,A,A級,高危害,警戒巡查,警戒標示,是否有警戒標示,29,25,24,1,0,0,0,0.96,2,低
2025-08,高雄林園,A,A級,高危害,警戒巡查,巡查會簽,是否轄區、監造、安衛人員或工地負責人巡查會簽,29,28,27,1,0,0,0,0.9643,2,低
2025-08,高雄林園,A,A級,高危害,收工回簽,回簽收工確認,是否回簽時確認環境已整理並完成防護措施,29,25,24,1,0,0,0,0.96,2,低
2025-08,高雄林園,A,A級,高危害,收工回簽,一般安全規定,是否遵守工安規定,29,24,23,1,0,0,0,0.9583,2,低
2025-08,高雄林園,A,A級,高危害,收工回簽,現場紀錄,是否拍照,29,28,27,1,0,0,0,0.9643,2,低
2025-08,高雄林園,B,B級,中危害,廠區,基本資料,工廠、日期、時間,60,51,50,1,0,0,0,0.9804,2,低
2025-08,高雄林園,B,B級,中危害,許可證,許可資訊,工程作業分級、申請時間、核准工作時間、工作許可證編號,60,58,56,2,0,1,0,0.9655,7,低
2025-08,高雄林園,B,B級,中危害,施工地點,場地關係人,施工部門、轄區部門、監造部門,60,56,55,1,0,0,0,0.9821,2,低
2025-08,高雄林園,B,B級,中危害,包商,承攬商與人員資格,承攬商、工作人數、車輛車號、工地負責人、安衛人員、特殊作業主管,60,56,55,1,0,0,0,0.9821,2,低
2025-08,高雄林園,B,B級,中危害,危害等級,作業等級,施工地點、工程案號、工作內容、許可工作項目、作業分級,60,50,48,2,0,1,0,0.96,7,低
2025-08,高雄林園,B,B級,中危害,危害等級,管線設備危害物,可燃性氣體、易燃液體、有害性氣體、化學藥劑、酸鹼、熱水蒸氣、空氣、其他,60,55,53,2,0,1,0,0.9636,7,低
2025-08,高雄林園,B,B級,中危害,檢點與危害告知,簽發前安全檢點,是否安全檢點,60,51,49,2,0,1,0,0.9608,7,低
2025-08,高雄林園,B,B級,中危害,檢點與危害告知,危害告知,是否危害告知,60,55,53,2,0,1,0,0.9636,7,低
2025-08,高雄林園,B,B級,中危害,危害排除與隔離,環境危害排除,是否設備管線危害物排除,60,50,48,2,1,1,0,0.96,16,中
2025-08,高雄林園,B,B級,中危害,危害排除與隔離,隔離管制,設備管線是否加盲加鎖掛牌,60,51,49,2,1,0,0,0.9608,13,低
2025-08,高雄林園,B,B級,中危害,環境測定,氣體偵測數值,可燃性氣體%、氧氣%、一氧化碳PPM、硫化氫PPM,60,58,56,2,1,1,0,0.9655,16,中
2025-08,高雄林園,B,B級,中危害,環境測定,測定基準,可燃性氣體 < 20%LEL；氧氣>= 18%；一氧化碳<50 PPM；硫化氫<10 PPM,60,50,48,2,1,1,0,0.96,16,中
2025-08,高雄林園,B,B級,中危害,環境測定,測定頻率,上、下午施工前測定；A級或高風險作業需重複或連續測定；每小時/每兩小時紀錄表,60,58,55,3,1,1,0,0.9483,18,中
2025-08,高雄林園,B,B級,中危害,防火防爆,消防設備,是否有消防設備,60,53,51,2,1,1,0,0.9623,16,中
2025-08,高雄林園,B,B級,中危害,防火防爆,防爆安全工具,是否使用防爆電氣設備及安全工具,60,50,48,2,1,1,0,0.96,16,中
2025-08,高雄林園,B,B級,中危害,高處作業,防墜措施,設標準施工架、安全網、安全母索、安全帶,60,50,48,2,1,1,0,0.96,16,中
2025-08,高雄林園,B,B級,中危害,安全保護,個人防護具,是否有防護口罩、防毒面具、SCBA、防護手套、安全眼鏡、耳塞,60,58,56,2,0,1,0,0.9655,7,低
2025-08,高雄林園,B,B級,中危害,警戒巡查,警戒標示,是否有警戒標示,60,54,52,2,0,1,0,0.963,7,低
2025-08,高雄林園,B,B級,中危害,警戒巡查,巡查會簽,是否轄區、監造、安衛人員或工地負責人巡查會簽,60,59,57,2,0,1,0,0.9661,7,低
2025-08,高雄林園,B,B級,中危害,收工回簽,回簽收工確認,是否回簽時確認環境已整理並完成防護措施,60,56,55,1,0,0,0,0.9821,2,低
2025-08,高雄林園,B,B級,中危害,收工回簽,一般安全規定,是否遵守工安規定,60,59,57,2,0,1,0,0.9661,7,低
2025-08,高雄林園,B,B級,中危害,收工回簽,現場紀錄,是否拍照,60,55,53,2,0,1,0,0.9636,7,低
2025-08,高雄林園,C,C級,低危害,廠區,基本資料,工廠、日期、時間,47,45,44,1,0,0,0,0.9778,2,低
2025-08,高雄林園,C,C級,低危害,許可證,許可資訊,工程作業分級、申請時間、核准工作時間、工作許可證編號,47,41,40,1,0,0,0,0.9756,2,低
2025-08,高雄林園,C,C級,低危害,施工地點,場地關係人,施工部門、轄區部門、監造部門,47,42,41,1,0,0,0,0.9762,2,低
2025-08,高雄林園,C,C級,低危害,包商,承攬商與人員資格,承攬商、工作人數、車輛車號、工地負責人、安衛人員、特殊作業主管,47,45,44,1,0,0,0,0.9778,2,低
2025-08,高雄林園,C,C級,低危害,危害等級,作業等級,施工地點、工程案號、工作內容、許可工作項目、作業分級,47,39,38,1,0,0,0,0.9744,2,低
2025-08,高雄林園,C,C級,低危害,危害等級,管線設備危害物,可燃性氣體、易燃液體、有害性氣體、化學藥劑、酸鹼、熱水蒸氣、空氣、其他,47,40,39,1,0,0,0,0.975,2,低
2025-08,高雄林園,C,C級,低危害,檢點與危害告知,簽發前安全檢點,是否安全檢點,47,45,44,1,0,0,0,0.9778,2,低
2025-08,高雄林園,C,C級,低危害,檢點與危害告知,危害告知,是否危害告知,47,44,43,1,0,0,0,0.9773,2,低
2025-08,高雄林園,C,C級,低危害,危害排除與隔離,環境危害排除,是否設備管線危害物排除,47,44,43,1,0,0,0,0.9773,2,低
2025-08,高雄林園,C,C級,低危害,危害排除與隔離,隔離管制,設備管線是否加盲加鎖掛牌,47,43,41,2,1,0,0,0.9535,13,低
2025-08,高雄林園,C,C級,低危害,環境測定,氣體偵測數值,可燃性氣體%、氧氣%、一氧化碳PPM、硫化氫PPM,47,46,45,1,0,0,0,0.9783,2,低
2025-08,高雄林園,C,C級,低危害,環境測定,測定基準,可燃性氣體 < 20%LEL；氧氣>= 18%；一氧化碳<50 PPM；硫化氫<10 PPM,47,44,43,1,0,0,0,0.9773,2,低
2025-08,高雄林園,C,C級,低危害,環境測定,測定頻率,上、下午施工前測定；A級或高風險作業需重複或連續測定；每小時/每兩小時紀錄表,47,43,42,1,0,0,0,0.9767,2,低
2025-08,高雄林園,C,C級,低危害,防火防爆,消防設備,是否有消防設備,47,39,38,1,0,0,0,0.9744,2,低
2025-08,高雄林園,C,C級,低危害,防火防爆,防爆安全工具,是否使用防爆電氣設備及安全工具,47,42,41,1,0,0,0,0.9762,2,低
2025-08,高雄林園,C,C級,低危害,高處作業,防墜措施,設標準施工架、安全網、安全母索、安全帶,47,43,41,2,1,1,0,0.9535,16,中
2025-08,高雄林園,C,C級,低危害,安全保護,個人防護具,是否有防護口罩、防毒面具、SCBA、防護手套、安全眼鏡、耳塞,47,45,44,1,0,0,0,0.9778,2,低
2025-08,高雄林園,C,C級,低危害,警戒巡查,警戒標示,是否有警戒標示,47,45,44,1,0,0,0,0.9778,2,低
2025-08,高雄林園,C,C級,低危害,警戒巡查,巡查會簽,是否轄區、監造、安衛人員或工地負責人巡查會簽,47,43,42,1,0,0,0,0.9767,2,低
2025-08,高雄林園,C,C級,低危害,收工回簽,回簽收工確認,是否回簽時確認環境已整理並完成防護措施,47,41,40,1,0,0,0,0.9756,2,低
2025-08,高雄林園,C,C級,低危害,收工回簽,一般安全規定,是否遵守工安規定,47,44,43,1,0,1,0,0.9773,5,低
2025-08,高雄林園,C,C級,低危害,收工回簽,現場紀錄,是否拍照,47,46,45,1,0,0,0,0.9783,2,低
2025-09,高雄林園,A,A級,高危害,廠區,基本資料,工廠、日期、時間,27,24,23,1,0,0,0,0.9583,2,低
2025-09,高雄林園,A,A級,高危害,許可證,許可資訊,工程作業分級、申請時間、核准工作時間、工作許可證編號,27,25,24,1,0,0,0,0.96,2,低
2025-09,高雄林園,A,A級,高危害,施工地點,場地關係人,施工部門、轄區部門、監造部門,27,26,25,1,0,0,0,0.9615,2,低
2025-09,高雄林園,A,A級,高危害,包商,承攬商與人員資格,承攬商、工作人數、車輛車號、工地負責人、安衛人員、特殊作業主管,27,26,25,1,0,0,0,0.9615,2,低
2025-09,高雄林園,A,A級,高危害,危害等級,作業等級,施工地點、工程案號、工作內容、許可工作項目、作業分級,27,25,24,1,0,0,0,0.96,2,低
2025-09,高雄林園,A,A級,高危害,危害等級,管線設備危害物,可燃性氣體、易燃液體、有害性氣體、化學藥劑、酸鹼、熱水蒸氣、空氣、其他,27,24,23,1,0,0,0,0.9583,2,低
2025-09,高雄林園,A,A級,高危害,檢點與危害告知,簽發前安全檢點,是否安全檢點,27,25,24,1,0,1,0,0.96,5,低
2025-09,高雄林園,A,A級,高危害,檢點與危害告知,危害告知,是否危害告知,27,26,25,1,0,0,0,0.9615,2,低
2025-09,高雄林園,A,A級,高危害,危害排除與隔離,環境危害排除,是否設備管線危害物排除,27,23,21,2,1,1,0,0.913,16,中
2025-09,高雄林園,A,A級,高危害,危害排除與隔離,隔離管制,設備管線是否加盲加鎖掛牌,27,25,23,2,1,1,0,0.92,16,中
2025-09,高雄林園,A,A級,高危害,環境測定,氣體偵測數值,可燃性氣體%、氧氣%、一氧化碳PPM、硫化氫PPM,27,27,25,2,1,1,0,0.9259,16,中
2025-09,高雄林園,A,A級,高危害,環境測定,測定基準,可燃性氣體 < 20%LEL；氧氣>= 18%；一氧化碳<50 PPM；硫化氫<10 PPM,27,25,23,2,1,1,0,0.92,16,中
2025-09,高雄林園,A,A級,高危害,環境測定,測定頻率,上、下午施工前測定；A級或高風險作業需重複或連續測定；每小時/每兩小時紀錄表,27,23,21,2,1,1,0,0.913,16,中
2025-09,高雄林園,A,A級,高危害,防火防爆,消防設備,是否有消防設備,27,26,25,1,0,0,0,0.9615,2,低
2025-09,高雄林園,A,A級,高危害,防火防爆,防爆安全工具,是否使用防爆電氣設備及安全工具,27,27,25,2,1,1,0,0.9259,16,中
2025-09,高雄林園,A,A級,高危害,高處作業,防墜措施,設標準施工架、安全網、安全母索、安全帶,27,26,24,2,1,1,0,0.9231,16,中
2025-09,高雄林園,A,A級,高危害,安全保護,個人防護具,是否有防護口罩、防毒面具、SCBA、防護手套、安全眼鏡、耳塞,27,22,21,1,0,0,0,0.9545,2,低
2025-09,高雄林園,A,A級,高危害,警戒巡查,警戒標示,是否有警戒標示,27,25,24,1,0,0,0,0.96,2,低
2025-09,高雄林園,A,A級,高危害,警戒巡查,巡查會簽,是否轄區、監造、安衛人員或工地負責人巡查會簽,27,24,23,1,0,0,0,0.9583,2,低
2025-09,高雄林園,A,A級,高危害,收工回簽,回簽收工確認,是否回簽時確認環境已整理並完成防護措施,27,24,23,1,0,0,0,0.9583,2,低
2025-09,高雄林園,A,A級,高危害,收工回簽,一般安全規定,是否遵守工安規定,27,25,24,1,0,0,0,0.96,2,低
2025-09,高雄林園,A,A級,高危害,收工回簽,現場紀錄,是否拍照,27,25,24,1,0,0,0,0.96,2,低
2025-09,高雄林園,B,B級,中危害,廠區,基本資料,工廠、日期、時間,59,59,58,1,0,0,0,0.9831,2,低
2025-09,高雄林園,B,B級,中危害,許可證,許可資訊,工程作業分級、申請時間、核准工作時間、工作許可證編號,59,53,52,1,0,0,0,0.9811,2,低
2025-09,高雄林園,B,B級,中危害,施工地點,場地關係人,施工部門、轄區部門、監造部門,59,52,51,1,0,0,0,0.9808,2,低
2025-09,高雄林園,B,B級,中危害,包商,承攬商與人員資格,承攬商、工作人數、車輛車號、工地負責人、安衛人員、特殊作業主管,59,51,49,2,0,1,0,0.9608,7,低
2025-09,高雄林園,B,B級,中危害,危害等級,作業等級,施工地點、工程案號、工作內容、許可工作項目、作業分級,59,53,51,2,0,1,0,0.9623,7,低
2025-09,高雄林園,B,B級,中危害,危害等級,管線設備危害物,可燃性氣體、易燃液體、有害性氣體、化學藥劑、酸鹼、熱水蒸氣、空氣、其他,59,56,54,2,0,1,0,0.9643,7,低
2025-09,高雄林園,B,B級,中危害,檢點與危害告知,簽發前安全檢點,是否安全檢點,59,49,47,2,0,1,0,0.9592,7,低
2025-09,高雄林園,B,B級,中危害,檢點與危害告知,危害告知,是否危害告知,59,59,57,2,0,1,0,0.9661,7,低
2025-09,高雄林園,B,B級,中危害,危害排除與隔離,環境危害排除,是否設備管線危害物排除,59,56,54,2,1,1,0,0.9643,16,中
2025-09,高雄林園,B,B級,中危害,危害排除與隔離,隔離管制,設備管線是否加盲加鎖掛牌,59,53,51,2,1,1,0,0.9623,16,中
2025-09,高雄林園,B,B級,中危害,環境測定,氣體偵測數值,可燃性氣體%、氧氣%、一氧化碳PPM、硫化氫PPM,59,51,49,2,1,1,0,0.9608,16,中
2025-09,高雄林園,B,B級,中危害,環境測定,測定基準,可燃性氣體 < 20%LEL；氧氣>= 18%；一氧化碳<50 PPM；硫化氫<10 PPM,59,56,53,3,1,1,0,0.9464,18,中
2025-09,高雄林園,B,B級,中危害,環境測定,測定頻率,上、下午施工前測定；A級或高風險作業需重複或連續測定；每小時/每兩小時紀錄表,59,49,47,2,1,0,0,0.9592,13,低
2025-09,高雄林園,B,B級,中危害,防火防爆,消防設備,是否有消防設備,59,52,50,2,1,1,0,0.9615,16,中
2025-09,高雄林園,B,B級,中危害,防火防爆,防爆安全工具,是否使用防爆電氣設備及安全工具,59,55,52,3,1,1,0,0.9455,18,中
2025-09,高雄林園,B,B級,中危害,高處作業,防墜措施,設標準施工架、安全網、安全母索、安全帶,59,49,47,2,1,1,0,0.9592,16,中
2025-09,高雄林園,B,B級,中危害,安全保護,個人防護具,是否有防護口罩、防毒面具、SCBA、防護手套、安全眼鏡、耳塞,59,57,55,2,0,1,0,0.9649,7,低
2025-09,高雄林園,B,B級,中危害,警戒巡查,警戒標示,是否有警戒標示,59,54,52,2,0,1,0,0.963,7,低
2025-09,高雄林園,B,B級,中危害,警戒巡查,巡查會簽,是否轄區、監造、安衛人員或工地負責人巡查會簽,59,50,49,1,0,0,0,0.98,2,低
2025-09,高雄林園,B,B級,中危害,收工回簽,回簽收工確認,是否回簽時確認環境已整理並完成防護措施,59,50,49,1,0,0,0,0.98,2,低
2025-09,高雄林園,B,B級,中危害,收工回簽,一般安全規定,是否遵守工安規定,59,58,57,1,0,0,0,0.9828,2,低
2025-09,高雄林園,B,B級,中危害,收工回簽,現場紀錄,是否拍照,59,51,50,1,0,0,0,0.9804,2,低
2025-09,高雄林園,C,C級,低危害,廠區,基本資料,工廠、日期、時間,46,40,39,1,0,0,0,0.975,2,低
2025-09,高雄林園,C,C級,低危害,許可證,許可資訊,工程作業分級、申請時間、核准工作時間、工作許可證編號,46,42,41,1,0,0,0,0.9762,2,低
2025-09,高雄林園,C,C級,低危害,施工地點,場地關係人,施工部門、轄區部門、監造部門,46,40,39,1,0,1,0,0.975,5,低
2025-09,高雄林園,C,C級,低危害,包商,承攬商與人員資格,承攬商、工作人數、車輛車號、工地負責人、安衛人員、特殊作業主管,46,42,41,1,0,0,0,0.9762,2,低
2025-09,高雄林園,C,C級,低危害,危害等級,作業等級,施工地點、工程案號、工作內容、許可工作項目、作業分級,46,39,38,1,0,0,0,0.9744,2,低
2025-09,高雄林園,C,C級,低危害,危害等級,管線設備危害物,可燃性氣體、易燃液體、有害性氣體、化學藥劑、酸鹼、熱水蒸氣、空氣、其他,46,40,39,1,0,0,0,0.975,2,低
2025-09,高雄林園,C,C級,低危害,檢點與危害告知,簽發前安全檢點,是否安全檢點,46,41,40,1,0,0,0,0.9756,2,低
2025-09,高雄林園,C,C級,低危害,檢點與危害告知,危害告知,是否危害告知,46,46,45,1,0,0,0,0.9783,2,低
2025-09,高雄林園,C,C級,低危害,危害排除與隔離,環境危害排除,是否設備管線危害物排除,46,43,41,2,1,1,0,0.9535,16,中
2025-09,高雄林園,C,C級,低危害,危害排除與隔離,隔離管制,設備管線是否加盲加鎖掛牌,46,40,39,1,0,0,0,0.975,2,低
2025-09,高雄林園,C,C級,低危害,環境測定,氣體偵測數值,可燃性氣體%、氧氣%、一氧化碳PPM、硫化氫PPM,46,45,43,2,1,1,0,0.9556,16,中
2025-09,高雄林園,C,C級,低危害,環境測定,測定基準,可燃性氣體 < 20%LEL；氧氣>= 18%；一氧化碳<50 PPM；硫化氫<10 PPM,46,45,43,2,1,1,0,0.9556,16,中
2025-09,高雄林園,C,C級,低危害,環境測定,測定頻率,上、下午施工前測定；A級或高風險作業需重複或連續測定；每小時/每兩小時紀錄表,46,43,41,2,1,1,0,0.9535,16,中
2025-09,高雄林園,C,C級,低危害,防火防爆,消防設備,是否有消防設備,46,40,39,1,0,0,0,0.975,2,低
2025-09,高雄林園,C,C級,低危害,防火防爆,防爆安全工具,是否使用防爆電氣設備及安全工具,46,42,41,1,0,0,0,0.9762,2,低
2025-09,高雄林園,C,C級,低危害,高處作業,防墜措施,設標準施工架、安全網、安全母索、安全帶,46,41,40,1,0,0,0,0.9756,2,低
2025-09,高雄林園,C,C級,低危害,安全保護,個人防護具,是否有防護口罩、防毒面具、SCBA、防護手套、安全眼鏡、耳塞,46,45,44,1,0,0,0,0.9778,2,低
2025-09,高雄林園,C,C級,低危害,警戒巡查,警戒標示,是否有警戒標示,46,38,37,1,0,0,0,0.9737,2,低
2025-09,高雄林園,C,C級,低危害,警戒巡查,巡查會簽,是否轄區、監造、安衛人員或工地負責人巡查會簽,46,39,38,1,0,0,0,0.9744,2,低
2025-09,高雄林園,C,C級,低危害,收工回簽,回簽收工確認,是否回簽時確認環境已整理並完成防護措施,46,40,39,1,0,0,0,0.975,2,低
2025-09,高雄林園,C,C級,低危害,收工回簽,一般安全規定,是否遵守工安規定,46,39,38,1,0,0,0,0.9744,2,低
2025-09,高雄林園,C,C級,低危害,收工回簽,現場紀錄,是否拍照,46,44,43,1,0,0,0,0.9773,2,低
2025-10,高雄林園,A,A級,高危害,廠區,基本資料,工廠、日期、時間,27,24,23,1,0,0,0,0.9583,2,低
2025-10,高雄林園,A,A級,高危害,許可證,許可資訊,工程作業分級、申請時間、核准工作時間、工作許可證編號,27,24,23,1,0,0,0,0.9583,2,低
2025-10,高雄林園,A,A級,高危害,施工地點,場地關係人,施工部門、轄區部門、監造部門,27,27,26,1,0,0,0,0.963,2,低
2025-10,高雄林園,A,A級,高危害,包商,承攬商與人員資格,承攬商、工作人數、車輛車號、工地負責人、安衛人員、特殊作業主管,27,23,22,1,0,0,0,0.9565,2,低
2025-10,高雄林園,A,A級,高危害,危害等級,作業等級,施工地點、工程案號、工作內容、許可工作項目、作業分級,27,23,22,1,0,0,0,0.9565,2,低
2025-10,高雄林園,A,A級,高危害,危害等級,管線設備危害物,可燃性氣體、易燃液體、有害性氣體、化學藥劑、酸鹼、熱水蒸氣、空氣、其他,27,23,22,1,0,0,0,0.9565,2,低
2025-10,高雄林園,A,A級,高危害,檢點與危害告知,簽發前安全檢點,是否安全檢點,27,23,22,1,0,0,0,0.9565,2,低
2025-10,高雄林園,A,A級,高危害,檢點與危害告知,危害告知,是否危害告知,27,26,25,1,0,0,0,0.9615,2,低
2025-10,高雄林園,A,A級,高危害,危害排除與隔離,環境危害排除,是否設備管線危害物排除,27,23,22,1,0,0,0,0.9565,2,低
2025-10,高雄林園,A,A級,高危害,危害排除與隔離,隔離管制,設備管線是否加盲加鎖掛牌,27,25,23,2,1,1,0,0.92,16,中
2025-10,高雄林園,A,A級,高危害,環境測定,氣體偵測數值,可燃性氣體%、氧氣%、一氧化碳PPM、硫化氫PPM,27,24,22,2,1,0,0,0.9167,13,低
2025-10,高雄林園,A,A級,高危害,環境測定,測定基準,可燃性氣體 < 20%LEL；氧氣>= 18%；一氧化碳<50 PPM；硫化氫<10 PPM,27,22,20,2,1,1,0,0.9091,16,中
2025-10,高雄林園,A,A級,高危害,環境測定,測定頻率,上、下午施工前測定；A級或高風險作業需重複或連續測定；每小時/每兩小時紀錄表,27,23,21,2,1,1,0,0.913,16,中
2025-10,高雄林園,A,A級,高危害,防火防爆,消防設備,是否有消防設備,27,24,23,1,0,0,0,0.9583,2,低
2025-10,高雄林園,A,A級,高危害,防火防爆,防爆安全工具,是否使用防爆電氣設備及安全工具,27,24,23,1,0,0,0,0.9583,2,低
2025-10,高雄林園,A,A級,高危害,高處作業,防墜措施,設標準施工架、安全網、安全母索、安全帶,27,25,24,1,0,0,0,0.96,2,低
2025-10,高雄林園,A,A級,高危害,安全保護,個人防護具,是否有防護口罩、防毒面具、SCBA、防護手套、安全眼鏡、耳塞,27,24,23,1,0,0,0,0.9583,2,低
2025-10,高雄林園,A,A級,高危害,警戒巡查,警戒標示,是否有警戒標示,27,26,25,1,0,0,0,0.9615,2,低
2025-10,高雄林園,A,A級,高危害,警戒巡查,巡查會簽,是否轄區、監造、安衛人員或工地負責人巡查會簽,27,25,24,1,0,0,0,0.96,2,低
2025-10,高雄林園,A,A級,高危害,收工回簽,回簽收工確認,是否回簽時確認環境已整理並完成防護措施,27,25,24,1,0,0,0,0.96,2,低
2025-10,高雄林園,A,A級,高危害,收工回簽,一般安全規定,是否遵守工安規定,27,26,25,1,0,0,0,0.9615,2,低
2025-10,高雄林園,A,A級,高危害,收工回簽,現場紀錄,是否拍照,27,27,26,1,0,0,0,0.963,2,低
2025-10,高雄林園,B,B級,中危害,廠區,基本資料,工廠、日期、時間,61,57,56,1,0,0,0,0.9825,2,低
2025-10,高雄林園,B,B級,中危害,許可證,許可資訊,工程作業分級、申請時間、核准工作時間、工作許可證編號,61,59,58,1,0,0,0,0.9831,2,低
2025-10,高雄林園,B,B級,中危害,施工地點,場地關係人,施工部門、轄區部門、監造部門,61,57,55,2,0,0,0,0.9649,4,低
2025-10,高雄林園,B,B級,中危害,包商,承攬商與人員資格,承攬商、工作人數、車輛車號、工地負責人、安衛人員、特殊作業主管,61,60,58,2,0,1,0,0.9667,7,低
2025-10,高雄林園,B,B級,中危害,危害等級,作業等級,施工地點、工程案號、工作內容、許可工作項目、作業分級,61,61,59,2,0,1,0,0.9672,7,低
2025-10,高雄林園,B,B級,中危害,危害等級,管線設備危害物,可燃性氣體、易燃液體、有害性氣體、化學藥劑、酸鹼、熱水蒸氣、空氣、其他,61,59,57,2,0,1,0,0.9661,7,低
2025-10,高雄林園,B,B級,中危害,檢點與危害告知,簽發前安全檢點,是否安全檢點,61,56,54,2,0,1,0,0.9643,7,低
2025-10,高雄林園,B,B級,中危害,檢點與危害告知,危害告知,是否危害告知,61,53,52,1,0,0,0,0.9811,2,低
2025-10,高雄林園,B,B級,中危害,危害排除與隔離,環境危害排除,是否設備管線危害物排除,61,50,48,2,1,1,0,0.96,16,中
2025-10,高雄林園,B,B級,中危害,危害排除與隔離,隔離管制,設備管線是否加盲加鎖掛牌,61,51,48,3,1,1,0,0.9412,18,中
2025-10,高雄林園,B,B級,中危害,環境測定,氣體偵測數值,可燃性氣體%、氧氣%、一氧化碳PPM、硫化氫PPM,61,52,49,3,1,1,0,0.9423,18,中
2025-10,高雄林園,B,B級,中危害,環境測定,測定基準,可燃性氣體 < 20%LEL；氧氣>= 18%；一氧化碳<50 PPM；硫化氫<10 PPM,61,54,51,3,1,1,0,0.9444,18,中
2025-10,高雄林園,B,B級,中危害,環境測定,測定頻率,上、下午施工前測定；A級或高風險作業需重複或連續測定；每小時/每兩小時紀錄表,61,51,49,2,1,1,0,0.9608,16,中
2025-10,高雄林園,B,B級,中危害,防火防爆,消防設備,是否有消防設備,61,59,56,3,1,1,0,0.9492,18,中
2025-10,高雄林園,B,B級,中危害,防火防爆,防爆安全工具,是否使用防爆電氣設備及安全工具,61,59,57,2,1,1,0,0.9661,16,中
2025-10,高雄林園,B,B級,中危害,高處作業,防墜措施,設標準施工架、安全網、安全母索、安全帶,61,57,55,2,1,1,0,0.9649,16,中
2025-10,高雄林園,B,B級,中危害,安全保護,個人防護具,是否有防護口罩、防毒面具、SCBA、防護手套、安全眼鏡、耳塞,61,61,59,2,0,1,0,0.9672,7,低
2025-10,高雄林園,B,B級,中危害,警戒巡查,警戒標示,是否有警戒標示,61,51,49,2,0,1,0,0.9608,7,低
2025-10,高雄林園,B,B級,中危害,警戒巡查,巡查會簽,是否轄區、監造、安衛人員或工地負責人巡查會簽,61,50,48,2,0,1,0,0.96,7,低
2025-10,高雄林園,B,B級,中危害,收工回簽,回簽收工確認,是否回簽時確認環境已整理並完成防護措施,61,58,56,2,0,1,0,0.9655,7,低
2025-10,高雄林園,B,B級,中危害,收工回簽,一般安全規定,是否遵守工安規定,61,58,56,2,0,1,0,0.9655,7,低
2025-10,高雄林園,B,B級,中危害,收工回簽,現場紀錄,是否拍照,61,59,57,2,0,1,0,0.9661,7,低
2025-10,高雄林園,C,C級,低危害,廠區,基本資料,工廠、日期、時間,48,45,44,1,0,0,0,0.9778,2,低
2025-10,高雄林園,C,C級,低危害,許可證,許可資訊,工程作業分級、申請時間、核准工作時間、工作許可證編號,48,46,45,1,0,0,0,0.9783,2,低
2025-10,高雄林園,C,C級,低危害,施工地點,場地關係人,施工部門、轄區部門、監造部門,48,42,41,1,0,0,0,0.9762,2,低
2025-10,高雄林園,C,C級,低危害,包商,承攬商與人員資格,承攬商、工作人數、車輛車號、工地負責人、安衛人員、特殊作業主管,48,43,42,1,0,0,0,0.9767,2,低
2025-10,高雄林園,C,C級,低危害,危害等級,作業等級,施工地點、工程案號、工作內容、許可工作項目、作業分級,48,40,39,1,0,0,0,0.975,2,低
2025-10,高雄林園,C,C級,低危害,危害等級,管線設備危害物,可燃性氣體、易燃液體、有害性氣體、化學藥劑、酸鹼、熱水蒸氣、空氣、其他,48,41,40,1,0,0,0,0.9756,2,低
2025-10,高雄林園,C,C級,低危害,檢點與危害告知,簽發前安全檢點,是否安全檢點,48,41,40,1,0,0,0,0.9756,2,低
2025-10,高雄林園,C,C級,低危害,檢點與危害告知,危害告知,是否危害告知,48,40,39,1,0,0,0,0.975,2,低
2025-10,高雄林園,C,C級,低危害,危害排除與隔離,環境危害排除,是否設備管線危害物排除,48,45,43,2,1,1,0,0.9556,16,中
2025-10,高雄林園,C,C級,低危害,危害排除與隔離,隔離管制,設備管線是否加盲加鎖掛牌,48,46,45,1,0,0,0,0.9783,2,低
2025-10,高雄林園,C,C級,低危害,環境測定,氣體偵測數值,可燃性氣體%、氧氣%、一氧化碳PPM、硫化氫PPM,48,44,43,1,0,0,0,0.9773,2,低
2025-10,高雄林園,C,C級,低危害,環境測定,測定基準,可燃性氣體 < 20%LEL；氧氣>= 18%；一氧化碳<50 PPM；硫化氫<10 PPM,48,40,39,1,0,0,0,0.975,2,低
2025-10,高雄林園,C,C級,低危害,環境測定,測定頻率,上、下午施工前測定；A級或高風險作業需重複或連續測定；每小時/每兩小時紀錄表,48,45,44,1,0,1,0,0.9778,5,低
2025-10,高雄林園,C,C級,低危害,防火防爆,消防設備,是否有消防設備,48,46,44,2,1,1,0,0.9565,16,中
2025-10,高雄林園,C,C級,低危害,防火防爆,防爆安全工具,是否使用防爆電氣設備及安全工具,48,44,43,1,0,0,0,0.9773,2,低
2025-10,高雄林園,C,C級,低危害,高處作業,防墜措施,設標準施工架、安全網、安全母索、安全帶,48,42,41,1,0,0,0,0.9762,2,低
2025-10,高雄林園,C,C級,低危害,安全保護,個人防護具,是否有防護口罩、防毒面具、SCBA、防護手套、安全眼鏡、耳塞,48,46,45,1,0,0,0,0.9783,2,低
2025-10,高雄林園,C,C級,低危害,警戒巡查,警戒標示,是否有警戒標示,48,41,40,1,0,0,0,0.9756,2,低
2025-10,高雄林園,C,C級,低危害,警戒巡查,巡查會簽,是否轄區、監造、安衛人員或工地負責人巡查會簽,48,41,40,1,0,0,0,0.9756,2,低
2025-10,高雄林園,C,C級,低危害,收工回簽,回簽收工確認,是否回簽時確認環境已整理並完成防護措施,48,39,38,1,0,0,0,0.9744,2,低
2025-10,高雄林園,C,C級,低危害,收工回簽,一般安全規定,是否遵守工安規定,48,43,42,1,0,0,0,0.9767,2,低
2025-10,高雄林園,C,C級,低危害,收工回簽,現場紀錄,是否拍照,48,40,39,1,0,0,0,0.975,2,低
2025-11,高雄林園,A,A級,高危害,廠區,基本資料,工廠、日期、時間,25,23,22,1,0,0,0,0.9565,2,低
2025-11,高雄林園,A,A級,高危害,許可證,許可資訊,工程作業分級、申請時間、核准工作時間、工作許可證編號,25,22,21,1,0,0,0,0.9545,2,低
2025-11,高雄林園,A,A級,高危害,施工地點,場地關係人,施工部門、轄區部門、監造部門,25,24,23,1,0,0,0,0.9583,2,低
2025-11,高雄林園,A,A級,高危害,包商,承攬商與人員資格,承攬商、工作人數、車輛車號、工地負責人、安衛人員、特殊作業主管,25,22,21,1,0,0,0,0.9545,2,低
2025-11,高雄林園,A,A級,高危害,危害等級,作業等級,施工地點、工程案號、工作內容、許可工作項目、作業分級,25,21,20,1,0,0,0,0.9524,2,低
2025-11,高雄林園,A,A級,高危害,危害等級,管線設備危害物,可燃性氣體、易燃液體、有害性氣體、化學藥劑、酸鹼、熱水蒸氣、空氣、其他,25,21,20,1,0,0,0,0.9524,2,低
2025-11,高雄林園,A,A級,高危害,檢點與危害告知,簽發前安全檢點,是否安全檢點,25,22,21,1,0,0,0,0.9545,2,低
2025-11,高雄林園,A,A級,高危害,檢點與危害告知,危害告知,是否危害告知,25,21,20,1,0,0,0,0.9524,2,低
2025-11,高雄林園,A,A級,高危害,危害排除與隔離,環境危害排除,是否設備管線危害物排除,25,23,22,1,0,0,0,0.9565,2,低
2025-11,高雄林園,A,A級,高危害,危害排除與隔離,隔離管制,設備管線是否加盲加鎖掛牌,25,22,21,1,0,1,0,0.9545,5,低
2025-11,高雄林園,A,A級,高危害,環境測定,氣體偵測數值,可燃性氣體%、氧氣%、一氧化碳PPM、硫化氫PPM,25,23,21,2,1,0,0,0.913,13,低
2025-11,高雄林園,A,A級,高危害,環境測定,測定基準,可燃性氣體 < 20%LEL；氧氣>= 18%；一氧化碳<50 PPM；硫化氫<10 PPM,25,23,22,1,0,0,0,0.9565,2,低
2025-11,高雄林園,A,A級,高危害,環境測定,測定頻率,上、下午施工前測定；A級或高風險作業需重複或連續測定；每小時/每兩小時紀錄表,25,23,21,2,1,1,0,0.913,16,中
2025-11,高雄林園,A,A級,高危害,防火防爆,消防設備,是否有消防設備,25,22,21,1,0,0,0,0.9545,2,低
2025-11,高雄林園,A,A級,高危害,防火防爆,防爆安全工具,是否使用防爆電氣設備及安全工具,25,22,21,1,0,0,0,0.9545,2,低
2025-11,高雄林園,A,A級,高危害,高處作業,防墜措施,設標準施工架、安全網、安全母索、安全帶,25,25,24,1,0,0,0,0.96,2,低
2025-11,高雄林園,A,A級,高危害,安全保護,個人防護具,是否有防護口罩、防毒面具、SCBA、防護手套、安全眼鏡、耳塞,25,24,23,1,0,0,0,0.9583,2,低
2025-11,高雄林園,A,A級,高危害,警戒巡查,警戒標示,是否有警戒標示,25,24,23,1,0,1,0,0.9583,5,低
2025-11,高雄林園,A,A級,高危害,警戒巡查,巡查會簽,是否轄區、監造、安衛人員或工地負責人巡查會簽,25,24,23,1,0,0,0,0.9583,2,低
2025-11,高雄林園,A,A級,高危害,收工回簽,回簽收工確認,是否回簽時確認環境已整理並完成防護措施,25,25,24,1,0,0,0,0.96,2,低
2025-11,高雄林園,A,A級,高危害,收工回簽,一般安全規定,是否遵守工安規定,25,21,20,1,0,0,0,0.9524,2,低
2025-11,高雄林園,A,A級,高危害,收工回簽,現場紀錄,是否拍照,25,22,21,1,0,0,0,0.9545,2,低
2025-11,高雄林園,B,B級,中危害,廠區,基本資料,工廠、日期、時間,58,50,49,1,0,0,0,0.98,2,低
2025-11,高雄林園,B,B級,中危害,許可證,許可資訊,工程作業分級、申請時間、核准工作時間、工作許可證編號,58,55,53,2,0,0,0,0.9636,4,低
2025-11,高雄林園,B,B級,中危害,施工地點,場地關係人,施工部門、轄區部門、監造部門,58,57,55,2,0,1,0,0.9649,7,低
2025-11,高雄林園,B,B級,中危害,包商,承攬商與人員資格,承攬商、工作人數、車輛車號、工地負責人、安衛人員、特殊作業主管,58,56,54,2,0,1,0,0.9643,7,低
2025-11,高雄林園,B,B級,中危害,危害等級,作業等級,施工地點、工程案號、工作內容、許可工作項目、作業分級,58,52,50,2,0,1,0,0.9615,7,低
2025-11,高雄林園,B,B級,中危害,危害等級,管線設備危害物,可燃性氣體、易燃液體、有害性氣體、化學藥劑、酸鹼、熱水蒸氣、空氣、其他,58,55,53,2,0,1,0,0.9636,7,低
2025-11,高雄林園,B,B級,中危害,檢點與危害告知,簽發前安全檢點,是否安全檢點,58,54,53,1,0,0,0,0.9815,2,低
2025-11,高雄林園,B,B級,中危害,檢點與危害告知,危害告知,是否危害告知,58,53,52,1,0,0,0,0.9811,2,低
2025-11,高雄林園,B,B級,中危害,危害排除與隔離,環境危害排除,是否設備管線危害物排除,58,57,55,2,1,1,0,0.9649,16,中
2025-11,高雄林園,B,B級,中危害,危害排除與隔離,隔離管制,設備管線是否加盲加鎖掛牌,58,56,54,2,1,1,0,0.9643,16,中
2025-11,高雄林園,B,B級,中危害,環境測定,氣體偵測數值,可燃性氣體%、氧氣%、一氧化碳PPM、硫化氫PPM,58,50,48,2,1,1,0,0.96,16,中
2025-11,高雄林園,B,B級,中危害,環境測定,測定基準,可燃性氣體 < 20%LEL；氧氣>= 18%；一氧化碳<50 PPM；硫化氫<10 PPM,58,49,47,2,1,1,0,0.9592,16,中
2025-11,高雄林園,B,B級,中危害,環境測定,測定頻率,上、下午施工前測定；A級或高風險作業需重複或連續測定；每小時/每兩小時紀錄表,58,50,48,2,1,0,0,0.96,13,低
2025-11,高雄林園,B,B級,中危害,防火防爆,消防設備,是否有消防設備,58,56,53,3,1,1,0,0.9464,18,中
2025-11,高雄林園,B,B級,中危害,防火防爆,防爆安全工具,是否使用防爆電氣設備及安全工具,58,49,47,2,1,1,0,0.9592,16,中
2025-11,高雄林園,B,B級,中危害,高處作業,防墜措施,設標準施工架、安全網、安全母索、安全帶,58,52,50,2,1,1,0,0.9615,16,中
2025-11,高雄林園,B,B級,中危害,安全保護,個人防護具,是否有防護口罩、防毒面具、SCBA、防護手套、安全眼鏡、耳塞,58,54,52,2,0,1,0,0.963,7,低
2025-11,高雄林園,B,B級,中危害,警戒巡查,警戒標示,是否有警戒標示,58,51,50,1,0,0,0,0.9804,2,低
2025-11,高雄林園,B,B級,中危害,警戒巡查,巡查會簽,是否轄區、監造、安衛人員或工地負責人巡查會簽,58,52,50,2,0,1,0,0.9615,7,低
2025-11,高雄林園,B,B級,中危害,收工回簽,回簽收工確認,是否回簽時確認環境已整理並完成防護措施,58,53,51,2,0,1,0,0.9623,7,低
2025-11,高雄林園,B,B級,中危害,收工回簽,一般安全規定,是否遵守工安規定,58,55,53,2,0,1,0,0.9636,7,低
2025-11,高雄林園,B,B級,中危害,收工回簽,現場紀錄,是否拍照,58,56,54,2,0,1,0,0.9643,7,低
2025-11,高雄林園,C,C級,低危害,廠區,基本資料,工廠、日期、時間,47,42,41,1,0,1,0,0.9762,5,低
2025-11,高雄林園,C,C級,低危害,許可證,許可資訊,工程作業分級、申請時間、核准工作時間、工作許可證編號,47,39,38,1,0,0,0,0.9744,2,低
2025-11,高雄林園,C,C級,低危害,施工地點,場地關係人,施工部門、轄區部門、監造部門,47,42,41,1,0,0,0,0.9762,2,低
2025-11,高雄林園,C,C級,低危害,包商,承攬商與人員資格,承攬商、工作人數、車輛車號、工地負責人、安衛人員、特殊作業主管,47,44,43,1,0,0,0,0.9773,2,低
2025-11,高雄林園,C,C級,低危害,危害等級,作業等級,施工地點、工程案號、工作內容、許可工作項目、作業分級,47,43,42,1,0,1,0,0.9767,5,低
2025-11,高雄林園,C,C級,低危害,危害等級,管線設備危害物,可燃性氣體、易燃液體、有害性氣體、化學藥劑、酸鹼、熱水蒸氣、空氣、其他,47,46,45,1,0,0,0,0.9783,2,低
2025-11,高雄林園,C,C級,低危害,檢點與危害告知,簽發前安全檢點,是否安全檢點,47,44,43,1,0,0,0,0.9773,2,低
2025-11,高雄林園,C,C級,低危害,檢點與危害告知,危害告知,是否危害告知,47,41,40,1,0,0,0,0.9756,2,低
2025-11,高雄林園,C,C級,低危害,危害排除與隔離,環境危害排除,是否設備管線危害物排除,47,45,43,2,1,0,0,0.9556,13,低
2025-11,高雄林園,C,C級,低危害,危害排除與隔離,隔離管制,設備管線是否加盲加鎖掛牌,47,42,41,1,0,0,0,0.9762,2,低
2025-11,高雄林園,C,C級,低危害,環境測定,氣體偵測數值,可燃性氣體%、氧氣%、一氧化碳PPM、硫化氫PPM,47,47,46,1,0,0,0,0.9787,2,低
2025-11,高雄林園,C,C級,低危害,環境測定,測定基準,可燃性氣體 < 20%LEL；氧氣>= 18%；一氧化碳<50 PPM；硫化氫<10 PPM,47,39,38,1,0,0,0,0.9744,2,低
2025-11,高雄林園,C,C級,低危害,環境測定,測定頻率,上、下午施工前測定；A級或高風險作業需重複或連續測定；每小時/每兩小時紀錄表,47,41,40,1,0,0,0,0.9756,2,低
2025-11,高雄林園,C,C級,低危害,防火防爆,消防設備,是否有消防設備,47,47,45,2,1,1,0,0.9574,16,中
2025-11,高雄林園,C,C級,低危害,防火防爆,防爆安全工具,是否使用防爆電氣設備及安全工具,47,42,41,1,0,0,0,0.9762,2,低
2025-11,高雄林園,C,C級,低危害,高處作業,防墜措施,設標準施工架、安全網、安全母索、安全帶,47,41,39,2,1,1,0,0.9512,16,中
2025-11,高雄林園,C,C級,低危害,安全保護,個人防護具,是否有防護口罩、防毒面具、SCBA、防護手套、安全眼鏡、耳塞,47,46,45,1,0,0,0,0.9783,2,低
2025-11,高雄林園,C,C級,低危害,警戒巡查,警戒標示,是否有警戒標示,47,46,45,1,0,0,0,0.9783,2,低
2025-11,高雄林園,C,C級,低危害,警戒巡查,巡查會簽,是否轄區、監造、安衛人員或工地負責人巡查會簽,47,47,46,1,0,0,0,0.9787,2,低
2025-11,高雄林園,C,C級,低危害,收工回簽,回簽收工確認,是否回簽時確認環境已整理並完成防護措施,47,40,39,1,0,0,0,0.975,2,低
2025-11,高雄林園,C,C級,低危害,收工回簽,一般安全規定,是否遵守工安規定,47,46,45,1,0,0,0,0.9783,2,低
2025-11,高雄林園,C,C級,低危害,收工回簽,現場紀錄,是否拍照,47,44,43,1,0,0,0,0.9773,2,低
2025-12,高雄林園,A,A級,高危害,廠區,基本資料,工廠、日期、時間,29,26,25,1,0,0,0,0.9615,2,低
2025-12,高雄林園,A,A級,高危害,許可證,許可資訊,工程作業分級、申請時間、核准工作時間、工作許可證編號,29,25,24,1,0,0,0,0.96,2,低
2025-12,高雄林園,A,A級,高危害,施工地點,場地關係人,施工部門、轄區部門、監造部門,29,29,28,1,0,0,0,0.9655,2,低
2025-12,高雄林園,A,A級,高危害,包商,承攬商與人員資格,承攬商、工作人數、車輛車號、工地負責人、安衛人員、特殊作業主管,29,28,27,1,0,0,0,0.9643,2,低
2025-12,高雄林園,A,A級,高危害,危害等級,作業等級,施工地點、工程案號、工作內容、許可工作項目、作業分級,29,29,28,1,0,0,0,0.9655,2,低
2025-12,高雄林園,A,A級,高危害,危害等級,管線設備危害物,可燃性氣體、易燃液體、有害性氣體、化學藥劑、酸鹼、熱水蒸氣、空氣、其他,29,24,23,1,0,0,0,0.9583,2,低
2025-12,高雄林園,A,A級,高危害,檢點與危害告知,簽發前安全檢點,是否安全檢點,29,28,27,1,0,0,0,0.9643,2,低
2025-12,高雄林園,A,A級,高危害,檢點與危害告知,危害告知,是否危害告知,29,27,26,1,0,0,0,0.963,2,低
2025-12,高雄林園,A,A級,高危害,危害排除與隔離,環境危害排除,是否設備管線危害物排除,29,26,25,1,0,0,0,0.9615,2,低
2025-12,高雄林園,A,A級,高危害,危害排除與隔離,隔離管制,設備管線是否加盲加鎖掛牌,29,24,23,1,0,0,0,0.9583,2,低
2025-12,高雄林園,A,A級,高危害,環境測定,氣體偵測數值,可燃性氣體%、氧氣%、一氧化碳PPM、硫化氫PPM,29,26,24,2,1,1,0,0.9231,16,中
2025-12,高雄林園,A,A級,高危害,環境測定,測定基準,可燃性氣體 < 20%LEL；氧氣>= 18%；一氧化碳<50 PPM；硫化氫<10 PPM,29,29,27,2,1,1,0,0.931,16,中
2025-12,高雄林園,A,A級,高危害,環境測定,測定頻率,上、下午施工前測定；A級或高風險作業需重複或連續測定；每小時/每兩小時紀錄表,29,27,25,2,1,1,0,0.9259,16,中
2025-12,高雄林園,A,A級,高危害,防火防爆,消防設備,是否有消防設備,29,24,22,2,1,1,0,0.9167,16,中
2025-12,高雄林園,A,A級,高危害,防火防爆,防爆安全工具,是否使用防爆電氣設備及安全工具,29,27,26,1,0,0,0,0.963,2,低
2025-12,高雄林園,A,A級,高危害,高處作業,防墜措施,設標準施工架、安全網、安全母索、安全帶,29,28,26,2,1,1,0,0.9286,16,中
2025-12,高雄林園,A,A級,高危害,安全保護,個人防護具,是否有防護口罩、防毒面具、SCBA、防護手套、安全眼鏡、耳塞,29,24,23,1,0,0,0,0.9583,2,低
2025-12,高雄林園,A,A級,高危害,警戒巡查,警戒標示,是否有警戒標示,29,26,25,1,0,0,0,0.9615,2,低
2025-12,高雄林園,A,A級,高危害,警戒巡查,巡查會簽,是否轄區、監造、安衛人員或工地負責人巡查會簽,29,28,27,1,0,0,0,0.9643,2,低
2025-12,高雄林園,A,A級,高危害,收工回簽,回簽收工確認,是否回簽時確認環境已整理並完成防護措施,29,26,25,1,0,0,0,0.9615,2,低
2025-12,高雄林園,A,A級,高危害,收工回簽,一般安全規定,是否遵守工安規定,29,25,24,1,0,0,0,0.96,2,低
2025-12,高雄林園,A,A級,高危害,收工回簽,現場紀錄,是否拍照,29,29,28,1,0,0,0,0.9655,2,低
2025-12,高雄林園,B,B級,中危害,廠區,基本資料,工廠、日期、時間,65,57,56,1,0,0,0,0.9825,2,低
2025-12,高雄林園,B,B級,中危害,許可證,許可資訊,工程作業分級、申請時間、核准工作時間、工作許可證編號,65,59,58,1,0,0,0,0.9831,2,低
2025-12,高雄林園,B,B級,中危害,施工地點,場地關係人,施工部門、轄區部門、監造部門,65,62,60,2,0,0,0,0.9677,4,低
2025-12,高雄林園,B,B級,中危害,包商,承攬商與人員資格,承攬商、工作人數、車輛車號、工地負責人、安衛人員、特殊作業主管,65,56,54,2,0,1,0,0.9643,7,低
2025-12,高雄林園,B,B級,中危害,危害等級,作業等級,施工地點、工程案號、工作內容、許可工作項目、作業分級,65,56,54,2,0,0,0,0.9643,4,低
2025-12,高雄林園,B,B級,中危害,危害等級,管線設備危害物,可燃性氣體、易燃液體、有害性氣體、化學藥劑、酸鹼、熱水蒸氣、空氣、其他,65,63,61,2,0,1,0,0.9683,7,低
2025-12,高雄林園,B,B級,中危害,檢點與危害告知,簽發前安全檢點,是否安全檢點,65,60,58,2,0,1,0,0.9667,7,低
2025-12,高雄林園,B,B級,中危害,檢點與危害告知,危害告知,是否危害告知,65,58,56,2,0,1,0,0.9655,7,低
2025-12,高雄林園,B,B級,中危害,危害排除與隔離,環境危害排除,是否設備管線危害物排除,65,64,62,2,1,0,0,0.9688,13,低
2025-12,高雄林園,B,B級,中危害,危害排除與隔離,隔離管制,設備管線是否加盲加鎖掛牌,65,64,62,2,1,1,0,0.9688,16,中
2025-12,高雄林園,B,B級,中危害,環境測定,氣體偵測數值,可燃性氣體%、氧氣%、一氧化碳PPM、硫化氫PPM,65,54,52,2,1,1,0,0.963,16,中
2025-12,高雄林園,B,B級,中危害,環境測定,測定基準,可燃性氣體 < 20%LEL；氧氣>= 18%；一氧化碳<50 PPM；硫化氫<10 PPM,65,57,55,2,1,1,0,0.9649,16,中
2025-12,高雄林園,B,B級,中危害,環境測定,測定頻率,上、下午施工前測定；A級或高風險作業需重複或連續測定；每小時/每兩小時紀錄表,65,54,51,3,1,1,0,0.9444,18,中
2025-12,高雄林園,B,B級,中危害,防火防爆,消防設備,是否有消防設備,65,60,58,2,1,0,0,0.9667,13,低
2025-12,高雄林園,B,B級,中危害,防火防爆,防爆安全工具,是否使用防爆電氣設備及安全工具,65,55,53,2,1,1,0,0.9636,16,中
2025-12,高雄林園,B,B級,中危害,高處作業,防墜措施,設標準施工架、安全網、安全母索、安全帶,65,61,58,3,1,1,0,0.9508,18,中
2025-12,高雄林園,B,B級,中危害,安全保護,個人防護具,是否有防護口罩、防毒面具、SCBA、防護手套、安全眼鏡、耳塞,65,64,62,2,0,1,0,0.9688,7,低
2025-12,高雄林園,B,B級,中危害,警戒巡查,警戒標示,是否有警戒標示,65,58,57,1,0,0,0,0.9828,2,低
2025-12,高雄林園,B,B級,中危害,警戒巡查,巡查會簽,是否轄區、監造、安衛人員或工地負責人巡查會簽,65,60,58,2,0,0,0,0.9667,4,低
2025-12,高雄林園,B,B級,中危害,收工回簽,回簽收工確認,是否回簽時確認環境已整理並完成防護措施,65,63,61,2,0,0,0,0.9683,4,低
2025-12,高雄林園,B,B級,中危害,收工回簽,一般安全規定,是否遵守工安規定,65,61,60,1,0,0,0,0.9836,2,低
2025-12,高雄林園,B,B級,中危害,收工回簽,現場紀錄,是否拍照,65,62,60,2,0,1,0,0.9677,7,低
2025-12,高雄林園,C,C級,低危害,廠區,基本資料,工廠、日期、時間,48,44,43,1,0,0,0,0.9773,2,低
2025-12,高雄林園,C,C級,低危害,許可證,許可資訊,工程作業分級、申請時間、核准工作時間、工作許可證編號,48,44,43,1,0,0,0,0.9773,2,低
2025-12,高雄林園,C,C級,低危害,施工地點,場地關係人,施工部門、轄區部門、監造部門,48,47,46,1,0,0,0,0.9787,2,低
2025-12,高雄林園,C,C級,低危害,包商,承攬商與人員資格,承攬商、工作人數、車輛車號、工地負責人、安衛人員、特殊作業主管,48,40,39,1,0,0,0,0.975,2,低
2025-12,高雄林園,C,C級,低危害,危害等級,作業等級,施工地點、工程案號、工作內容、許可工作項目、作業分級,48,44,43,1,0,0,0,0.9773,2,低
2025-12,高雄林園,C,C級,低危害,危害等級,管線設備危害物,可燃性氣體、易燃液體、有害性氣體、化學藥劑、酸鹼、熱水蒸氣、空氣、其他,48,44,43,1,0,0,0,0.9773,2,低
2025-12,高雄林園,C,C級,低危害,檢點與危害告知,簽發前安全檢點,是否安全檢點,48,46,45,1,0,0,0,0.9783,2,低
2025-12,高雄林園,C,C級,低危害,檢點與危害告知,危害告知,是否危害告知,48,43,42,1,0,0,0,0.9767,2,低
2025-12,高雄林園,C,C級,低危害,危害排除與隔離,環境危害排除,是否設備管線危害物排除,48,45,43,2,1,0,0,0.9556,13,低
2025-12,高雄林園,C,C級,低危害,危害排除與隔離,隔離管制,設備管線是否加盲加鎖掛牌,48,41,40,1,0,0,0,0.9756,2,低
2025-12,高雄林園,C,C級,低危害,環境測定,氣體偵測數值,可燃性氣體%、氧氣%、一氧化碳PPM、硫化氫PPM,48,45,44,1,0,0,0,0.9778,2,低
2025-12,高雄林園,C,C級,低危害,環境測定,測定基準,可燃性氣體 < 20%LEL；氧氣>= 18%；一氧化碳<50 PPM；硫化氫<10 PPM,48,41,40,1,0,0,0,0.9756,2,低
2025-12,高雄林園,C,C級,低危害,環境測定,測定頻率,上、下午施工前測定；A級或高風險作業需重複或連續測定；每小時/每兩小時紀錄表,48,45,43,2,1,0,0,0.9556,13,低
2025-12,高雄林園,C,C級,低危害,防火防爆,消防設備,是否有消防設備,48,48,46,2,1,1,0,0.9583,16,中
2025-12,高雄林園,C,C級,低危害,防火防爆,防爆安全工具,是否使用防爆電氣設備及安全工具,48,45,44,1,0,0,0,0.9778,2,低
2025-12,高雄林園,C,C級,低危害,高處作業,防墜措施,設標準施工架、安全網、安全母索、安全帶,48,43,41,2,1,1,0,0.9535,16,中
2025-12,高雄林園,C,C級,低危害,安全保護,個人防護具,是否有防護口罩、防毒面具、SCBA、防護手套、安全眼鏡、耳塞,48,45,44,1,0,0,0,0.9778,2,低
2025-12,高雄林園,C,C級,低危害,警戒巡查,警戒標示,是否有警戒標示,48,45,44,1,0,0,0,0.9778,2,低
2025-12,高雄林園,C,C級,低危害,警戒巡查,巡查會簽,是否轄區、監造、安衛人員或工地負責人巡查會簽,48,47,46,1,0,0,0,0.9787,2,低
2025-12,高雄林園,C,C級,低危害,收工回簽,回簽收工確認,是否回簽時確認環境已整理並完成防護措施,48,44,43,1,0,0,0,0.9773,2,低
2025-12,高雄林園,C,C級,低危害,收工回簽,一般安全規定,是否遵守工安規定,48,39,38,1,0,0,0,0.9744,2,低
2025-12,高雄林園,C,C級,低危害,收工回簽,現場紀錄,是否拍照,48,41,40,1,0,0,0,0.9756,2,低
2026-01,高雄林園,A,A級,高危害,廠區,基本資料,工廠、日期、時間,35,33,32,1,0,0,0,0.9697,2,低
2026-01,高雄林園,A,A級,高危害,許可證,許可資訊,工程作業分級、申請時間、核准工作時間、工作許可證編號,35,32,31,1,0,0,0,0.9688,2,低
2026-01,高雄林園,A,A級,高危害,施工地點,場地關係人,施工部門、轄區部門、監造部門,35,33,32,1,0,0,0,0.9697,2,低
2026-01,高雄林園,A,A級,高危害,包商,承攬商與人員資格,承攬商、工作人數、車輛車號、工地負責人、安衛人員、特殊作業主管,35,33,31,2,0,1,0,0.9394,7,低
2026-01,高雄林園,A,A級,高危害,危害等級,作業等級,施工地點、工程案號、工作內容、許可工作項目、作業分級,35,35,34,1,0,0,0,0.9714,2,低
2026-01,高雄林園,A,A級,高危害,危害等級,管線設備危害物,可燃性氣體、易燃液體、有害性氣體、化學藥劑、酸鹼、熱水蒸氣、空氣、其他,35,32,31,1,0,0,0,0.9688,2,低
2026-01,高雄林園,A,A級,高危害,檢點與危害告知,簽發前安全檢點,是否安全檢點,35,29,28,1,0,0,0,0.9655,2,低
2026-01,高雄林園,A,A級,高危害,檢點與危害告知,危害告知,是否危害告知,35,30,29,1,0,0,0,0.9667,2,低
2026-01,高雄林園,A,A級,高危害,危害排除與隔離,環境危害排除,是否設備管線危害物排除,35,32,30,2,1,1,0,0.9375,16,中
2026-01,高雄林園,A,A級,高危害,危害排除與隔離,隔離管制,設備管線是否加盲加鎖掛牌,35,30,28,2,1,1,0,0.9333,16,中
2026-01,高雄林園,A,A級,高危害,環境測定,氣體偵測數值,可燃性氣體%、氧氣%、一氧化碳PPM、硫化氫PPM,35,30,28,2,1,1,0,0.9333,16,中
2026-01,高雄林園,A,A級,高危害,環境測定,測定基準,可燃性氣體 < 20%LEL；氧氣>= 18%；一氧化碳<50 PPM；硫化氫<10 PPM,35,35,32,3,1,1,0,0.9143,18,中
2026-01,高雄林園,A,A級,高危害,環境測定,測定頻率,上、下午施工前測定；A級或高風險作業需重複或連續測定；每小時/每兩小時紀錄表,35,34,31,3,1,1,0,0.9118,18,中
2026-01,高雄林園,A,A級,高危害,防火防爆,消防設備,是否有消防設備,35,34,31,3,1,1,0,0.9118,18,中
2026-01,高雄林園,A,A級,高危害,防火防爆,防爆安全工具,是否使用防爆電氣設備及安全工具,35,31,29,2,1,1,0,0.9355,16,中
2026-01,高雄林園,A,A級,高危害,高處作業,防墜措施,設標準施工架、安全網、安全母索、安全帶,35,34,32,2,1,1,0,0.9412,16,中
2026-01,高雄林園,A,A級,高危害,安全保護,個人防護具,是否有防護口罩、防毒面具、SCBA、防護手套、安全眼鏡、耳塞,35,31,29,2,0,1,0,0.9355,7,低
2026-01,高雄林園,A,A級,高危害,警戒巡查,警戒標示,是否有警戒標示,35,29,28,1,0,1,0,0.9655,5,低
2026-01,高雄林園,A,A級,高危害,警戒巡查,巡查會簽,是否轄區、監造、安衛人員或工地負責人巡查會簽,35,29,28,1,0,0,0,0.9655,2,低
2026-01,高雄林園,A,A級,高危害,收工回簽,回簽收工確認,是否回簽時確認環境已整理並完成防護措施,35,35,34,1,0,0,0,0.9714,2,低
2026-01,高雄林園,A,A級,高危害,收工回簽,一般安全規定,是否遵守工安規定,35,30,29,1,0,0,0,0.9667,2,低
2026-01,高雄林園,A,A級,高危害,收工回簽,現場紀錄,是否拍照,35,33,32,1,0,0,0,0.9697,2,低
2026-01,高雄林園,B,B級,中危害,廠區,基本資料,工廠、日期、時間,72,59,58,1,0,0,0,0.9831,2,低
2026-01,高雄林園,B,B級,中危害,許可證,許可資訊,工程作業分級、申請時間、核准工作時間、工作許可證編號,72,71,69,2,0,1,0,0.9718,7,低
2026-01,高雄林園,B,B級,中危害,施工地點,場地關係人,施工部門、轄區部門、監造部門,72,62,61,1,0,0,0,0.9839,2,低
2026-01,高雄林園,B,B級,中危害,包商,承攬商與人員資格,承攬商、工作人數、車輛車號、工地負責人、安衛人員、特殊作業主管,72,67,64,3,0,1,0,0.9552,9,低
2026-01,高雄林園,B,B級,中危害,危害等級,作業等級,施工地點、工程案號、工作內容、許可工作項目、作業分級,72,59,57,2,0,1,0,0.9661,7,低
2026-01,高雄林園,B,B級,中危害,危害等級,管線設備危害物,可燃性氣體、易燃液體、有害性氣體、化學藥劑、酸鹼、熱水蒸氣、空氣、其他,72,61,58,3,0,1,0,0.9508,9,低
2026-01,高雄林園,B,B級,中危害,檢點與危害告知,簽發前安全檢點,是否安全檢點,72,59,57,2,0,1,0,0.9661,7,低
2026-01,高雄林園,B,B級,中危害,檢點與危害告知,危害告知,是否危害告知,72,60,58,2,0,1,0,0.9667,7,低
2026-01,高雄林園,B,B級,中危害,危害排除與隔離,環境危害排除,是否設備管線危害物排除,72,63,61,2,1,1,0,0.9683,16,中
2026-01,高雄林園,B,B級,中危害,危害排除與隔離,隔離管制,設備管線是否加盲加鎖掛牌,72,68,66,2,1,1,0,0.9706,16,中
2026-01,高雄林園,B,B級,中危害,環境測定,氣體偵測數值,可燃性氣體%、氧氣%、一氧化碳PPM、硫化氫PPM,72,65,63,2,1,1,0,0.9692,16,中
2026-01,高雄林園,B,B級,中危害,環境測定,測定基準,可燃性氣體 < 20%LEL；氧氣>= 18%；一氧化碳<50 PPM；硫化氫<10 PPM,72,66,64,2,1,1,0,0.9697,16,中
2026-01,高雄林園,B,B級,中危害,環境測定,測定頻率,上、下午施工前測定；A級或高風險作業需重複或連續測定；每小時/每兩小時紀錄表,72,59,57,2,1,1,0,0.9661,16,中
2026-01,高雄林園,B,B級,中危害,防火防爆,消防設備,是否有消防設備,72,62,59,3,1,1,0,0.9516,18,中
2026-01,高雄林園,B,B級,中危害,防火防爆,防爆安全工具,是否使用防爆電氣設備及安全工具,72,65,62,3,1,1,0,0.9538,18,中
2026-01,高雄林園,B,B級,中危害,高處作業,防墜措施,設標準施工架、安全網、安全母索、安全帶,72,65,62,3,1,1,0,0.9538,18,中
2026-01,高雄林園,B,B級,中危害,安全保護,個人防護具,是否有防護口罩、防毒面具、SCBA、防護手套、安全眼鏡、耳塞,72,61,58,3,0,1,0,0.9508,9,低
2026-01,高雄林園,B,B級,中危害,警戒巡查,警戒標示,是否有警戒標示,72,60,58,2,0,1,0,0.9667,7,低
2026-01,高雄林園,B,B級,中危害,警戒巡查,巡查會簽,是否轄區、監造、安衛人員或工地負責人巡查會簽,72,64,62,2,0,1,0,0.9688,7,低
2026-01,高雄林園,B,B級,中危害,收工回簽,回簽收工確認,是否回簽時確認環境已整理並完成防護措施,72,68,66,2,0,1,0,0.9706,7,低
2026-01,高雄林園,B,B級,中危害,收工回簽,一般安全規定,是否遵守工安規定,72,69,67,2,0,1,0,0.971,7,低
2026-01,高雄林園,B,B級,中危害,收工回簽,現場紀錄,是否拍照,72,65,63,2,0,1,0,0.9692,7,低
2026-01,高雄林園,C,C級,低危害,廠區,基本資料,工廠、日期、時間,52,46,45,1,0,0,0,0.9783,2,低
2026-01,高雄林園,C,C級,低危害,許可證,許可資訊,工程作業分級、申請時間、核准工作時間、工作許可證編號,52,51,50,1,0,0,0,0.9804,2,低
2026-01,高雄林園,C,C級,低危害,施工地點,場地關係人,施工部門、轄區部門、監造部門,52,48,47,1,0,1,0,0.9792,5,低
2026-01,高雄林園,C,C級,低危害,包商,承攬商與人員資格,承攬商、工作人數、車輛車號、工地負責人、安衛人員、特殊作業主管,52,43,42,1,0,0,0,0.9767,2,低
2026-01,高雄林園,C,C級,低危害,危害等級,作業等級,施工地點、工程案號、工作內容、許可工作項目、作業分級,52,48,47,1,0,0,0,0.9792,2,低
2026-01,高雄林園,C,C級,低危害,危害等級,管線設備危害物,可燃性氣體、易燃液體、有害性氣體、化學藥劑、酸鹼、熱水蒸氣、空氣、其他,52,46,45,1,0,1,0,0.9783,5,低
2026-01,高雄林園,C,C級,低危害,檢點與危害告知,簽發前安全檢點,是否安全檢點,52,43,42,1,0,0,0,0.9767,2,低
2026-01,高雄林園,C,C級,低危害,檢點與危害告知,危害告知,是否危害告知,52,44,43,1,0,0,0,0.9773,2,低
2026-01,高雄林園,C,C級,低危害,危害排除與隔離,環境危害排除,是否設備管線危害物排除,52,45,43,2,1,0,0,0.9556,13,低
2026-01,高雄林園,C,C級,低危害,危害排除與隔離,隔離管制,設備管線是否加盲加鎖掛牌,52,46,44,2,1,0,0,0.9565,13,低
2026-01,高雄林園,C,C級,低危害,環境測定,氣體偵測數值,可燃性氣體%、氧氣%、一氧化碳PPM、硫化氫PPM,52,45,44,1,0,0,0,0.9778,2,低
2026-01,高雄林園,C,C級,低危害,環境測定,測定基準,可燃性氣體 < 20%LEL；氧氣>= 18%；一氧化碳<50 PPM；硫化氫<10 PPM,52,51,49,2,1,0,0,0.9608,13,低
2026-01,高雄林園,C,C級,低危害,環境測定,測定頻率,上、下午施工前測定；A級或高風險作業需重複或連續測定；每小時/每兩小時紀錄表,52,48,47,1,0,0,0,0.9792,2,低
2026-01,高雄林園,C,C級,低危害,防火防爆,消防設備,是否有消防設備,52,45,44,1,0,1,0,0.9778,5,低
2026-01,高雄林園,C,C級,低危害,防火防爆,防爆安全工具,是否使用防爆電氣設備及安全工具,52,50,48,2,1,1,0,0.96,16,中
2026-01,高雄林園,C,C級,低危害,高處作業,防墜措施,設標準施工架、安全網、安全母索、安全帶,52,51,49,2,1,1,0,0.9608,16,中
2026-01,高雄林園,C,C級,低危害,安全保護,個人防護具,是否有防護口罩、防毒面具、SCBA、防護手套、安全眼鏡、耳塞,52,51,50,1,0,0,0,0.9804,2,低
2026-01,高雄林園,C,C級,低危害,警戒巡查,警戒標示,是否有警戒標示,52,46,45,1,0,0,0,0.9783,2,低
2026-01,高雄林園,C,C級,低危害,警戒巡查,巡查會簽,是否轄區、監造、安衛人員或工地負責人巡查會簽,52,52,51,1,0,0,0,0.9808,2,低
2026-01,高雄林園,C,C級,低危害,收工回簽,回簽收工確認,是否回簽時確認環境已整理並完成防護措施,52,51,50,1,0,0,0,0.9804,2,低
2026-01,高雄林園,C,C級,低危害,收工回簽,一般安全規定,是否遵守工安規定,52,46,45,1,0,0,0,0.9783,2,低
2026-01,高雄林園,C,C級,低危害,收工回簽,現場紀錄,是否拍照,52,49,48,1,0,0,0,0.9796,2,低
2026-02,高雄林園,A,A級,高危害,廠區,基本資料,工廠、日期、時間,32,31,30,1,0,1,0,0.9677,5,低
2026-02,高雄林園,A,A級,高危害,許可證,許可資訊,工程作業分級、申請時間、核准工作時間、工作許可證編號,32,31,30,1,0,1,0,0.9677,5,低
2026-02,高雄林園,A,A級,高危害,施工地點,場地關係人,施工部門、轄區部門、監造部門,32,32,31,1,0,0,0,0.9688,2,低
2026-02,高雄林園,A,A級,高危害,包商,承攬商與人員資格,承攬商、工作人數、車輛車號、工地負責人、安衛人員、特殊作業主管,32,29,28,1,0,0,0,0.9655,2,低
2026-02,高雄林園,A,A級,高危害,危害等級,作業等級,施工地點、工程案號、工作內容、許可工作項目、作業分級,32,32,30,2,0,0,0,0.9375,4,低
2026-02,高雄林園,A,A級,高危害,危害等級,管線設備危害物,可燃性氣體、易燃液體、有害性氣體、化學藥劑、酸鹼、熱水蒸氣、空氣、其他,32,31,30,1,0,0,0,0.9677,2,低
2026-02,高雄林園,A,A級,高危害,檢點與危害告知,簽發前安全檢點,是否安全檢點,32,28,27,1,0,0,0,0.9643,2,低
2026-02,高雄林園,A,A級,高危害,檢點與危害告知,危害告知,是否危害告知,32,30,29,1,0,0,0,0.9667,2,低
2026-02,高雄林園,A,A級,高危害,危害排除與隔離,環境危害排除,是否設備管線危害物排除,32,30,28,2,1,1,0,0.9333,16,中
2026-02,高雄林園,A,A級,高危害,危害排除與隔離,隔離管制,設備管線是否加盲加鎖掛牌,32,31,29,2,1,1,0,0.9355,16,中
2026-02,高雄林園,A,A級,高危害,環境測定,氣體偵測數值,可燃性氣體%、氧氣%、一氧化碳PPM、硫化氫PPM,32,27,26,1,0,0,0,0.963,2,低
2026-02,高雄林園,A,A級,高危害,環境測定,測定基準,可燃性氣體 < 20%LEL；氧氣>= 18%；一氧化碳<50 PPM；硫化氫<10 PPM,32,28,26,2,1,1,0,0.9286,16,中
2026-02,高雄林園,A,A級,高危害,環境測定,測定頻率,上、下午施工前測定；A級或高風險作業需重複或連續測定；每小時/每兩小時紀錄表,32,31,29,2,1,1,0,0.9355,16,中
2026-02,高雄林園,A,A級,高危害,防火防爆,消防設備,是否有消防設備,32,30,28,2,1,1,0,0.9333,16,中
2026-02,高雄林園,A,A級,高危害,防火防爆,防爆安全工具,是否使用防爆電氣設備及安全工具,32,28,26,2,1,1,0,0.9286,16,中
2026-02,高雄林園,A,A級,高危害,高處作業,防墜措施,設標準施工架、安全網、安全母索、安全帶,32,29,28,1,0,0,0,0.9655,2,低
2026-02,高雄林園,A,A級,高危害,安全保護,個人防護具,是否有防護口罩、防毒面具、SCBA、防護手套、安全眼鏡、耳塞,32,30,29,1,0,0,0,0.9667,2,低
2026-02,高雄林園,A,A級,高危害,警戒巡查,警戒標示,是否有警戒標示,32,30,29,1,0,0,0,0.9667,2,低
2026-02,高雄林園,A,A級,高危害,警戒巡查,巡查會簽,是否轄區、監造、安衛人員或工地負責人巡查會簽,32,30,29,1,0,0,0,0.9667,2,低
2026-02,高雄林園,A,A級,高危害,收工回簽,回簽收工確認,是否回簽時確認環境已整理並完成防護措施,32,29,28,1,0,0,0,0.9655,2,低
2026-02,高雄林園,A,A級,高危害,收工回簽,一般安全規定,是否遵守工安規定,32,29,28,1,0,0,0,0.9655,2,低
2026-02,高雄林園,A,A級,高危害,收工回簽,現場紀錄,是否拍照,32,28,27,1,0,0,0,0.9643,2,低
2026-02,高雄林園,B,B級,中危害,廠區,基本資料,工廠、日期、時間,67,58,57,1,0,0,0,0.9828,2,低
2026-02,高雄林園,B,B級,中危害,許可證,許可資訊,工程作業分級、申請時間、核准工作時間、工作許可證編號,67,62,61,1,0,0,0,0.9839,2,低
2026-02,高雄林園,B,B級,中危害,施工地點,場地關係人,施工部門、轄區部門、監造部門,67,66,64,2,0,1,0,0.9697,7,低
2026-02,高雄林園,B,B級,中危害,包商,承攬商與人員資格,承攬商、工作人數、車輛車號、工地負責人、安衛人員、特殊作業主管,67,63,61,2,0,1,0,0.9683,7,低
2026-02,高雄林園,B,B級,中危害,危害等級,作業等級,施工地點、工程案號、工作內容、許可工作項目、作業分級,67,67,65,2,0,0,0,0.9701,4,低
2026-02,高雄林園,B,B級,中危害,危害等級,管線設備危害物,可燃性氣體、易燃液體、有害性氣體、化學藥劑、酸鹼、熱水蒸氣、空氣、其他,67,58,56,2,0,0,0,0.9655,4,低
2026-02,高雄林園,B,B級,中危害,檢點與危害告知,簽發前安全檢點,是否安全檢點,67,58,57,1,0,0,0,0.9828,2,低
2026-02,高雄林園,B,B級,中危害,檢點與危害告知,危害告知,是否危害告知,67,66,64,2,0,1,0,0.9697,7,低
2026-02,高雄林園,B,B級,中危害,危害排除與隔離,環境危害排除,是否設備管線危害物排除,67,63,61,2,1,1,0,0.9683,16,中
2026-02,高雄林園,B,B級,中危害,危害排除與隔離,隔離管制,設備管線是否加盲加鎖掛牌,67,55,53,2,1,0,0,0.9636,13,低
2026-02,高雄林園,B,B級,中危害,環境測定,氣體偵測數值,可燃性氣體%、氧氣%、一氧化碳PPM、硫化氫PPM,67,58,56,2,1,1,0,0.9655,16,中
2026-02,高雄林園,B,B級,中危害,環境測定,測定基準,可燃性氣體 < 20%LEL；氧氣>= 18%；一氧化碳<50 PPM；硫化氫<10 PPM,67,66,63,3,1,1,0,0.9545,18,中
2026-02,高雄林園,B,B級,中危害,環境測定,測定頻率,上、下午施工前測定；A級或高風險作業需重複或連續測定；每小時/每兩小時紀錄表,67,64,61,3,1,1,0,0.9531,18,中
2026-02,高雄林園,B,B級,中危害,防火防爆,消防設備,是否有消防設備,67,60,57,3,1,1,0,0.95,18,中
2026-02,高雄林園,B,B級,中危害,防火防爆,防爆安全工具,是否使用防爆電氣設備及安全工具,67,61,58,3,1,1,0,0.9508,18,中
2026-02,高雄林園,B,B級,中危害,高處作業,防墜措施,設標準施工架、安全網、安全母索、安全帶,67,62,60,2,1,1,0,0.9677,16,中
2026-02,高雄林園,B,B級,中危害,安全保護,個人防護具,是否有防護口罩、防毒面具、SCBA、防護手套、安全眼鏡、耳塞,67,62,60,2,0,1,0,0.9677,7,低
2026-02,高雄林園,B,B級,中危害,警戒巡查,警戒標示,是否有警戒標示,67,65,63,2,0,1,0,0.9692,7,低
2026-02,高雄林園,B,B級,中危害,警戒巡查,巡查會簽,是否轄區、監造、安衛人員或工地負責人巡查會簽,67,57,55,2,0,1,0,0.9649,7,低
2026-02,高雄林園,B,B級,中危害,收工回簽,回簽收工確認,是否回簽時確認環境已整理並完成防護措施,67,58,57,1,0,1,0,0.9828,5,低
2026-02,高雄林園,B,B級,中危害,收工回簽,一般安全規定,是否遵守工安規定,67,61,59,2,0,1,0,0.9672,7,低
2026-02,高雄林園,B,B級,中危害,收工回簽,現場紀錄,是否拍照,67,62,60,2,0,0,0,0.9677,4,低
2026-02,高雄林園,C,C級,低危害,廠區,基本資料,工廠、日期、時間,51,51,50,1,0,0,0,0.9804,2,低
2026-02,高雄林園,C,C級,低危害,許可證,許可資訊,工程作業分級、申請時間、核准工作時間、工作許可證編號,51,51,50,1,0,0,0,0.9804,2,低
2026-02,高雄林園,C,C級,低危害,施工地點,場地關係人,施工部門、轄區部門、監造部門,51,51,50,1,0,0,0,0.9804,2,低
2026-02,高雄林園,C,C級,低危害,包商,承攬商與人員資格,承攬商、工作人數、車輛車號、工地負責人、安衛人員、特殊作業主管,51,48,47,1,0,0,0,0.9792,2,低
2026-02,高雄林園,C,C級,低危害,危害等級,作業等級,施工地點、工程案號、工作內容、許可工作項目、作業分級,51,45,43,2,0,1,0,0.9556,7,低
2026-02,高雄林園,C,C級,低危害,危害等級,管線設備危害物,可燃性氣體、易燃液體、有害性氣體、化學藥劑、酸鹼、熱水蒸氣、空氣、其他,51,43,42,1,0,0,0,0.9767,2,低
2026-02,高雄林園,C,C級,低危害,檢點與危害告知,簽發前安全檢點,是否安全檢點,51,45,44,1,0,0,0,0.9778,2,低
2026-02,高雄林園,C,C級,低危害,檢點與危害告知,危害告知,是否危害告知,51,46,45,1,0,0,0,0.9783,2,低
2026-02,高雄林園,C,C級,低危害,危害排除與隔離,環境危害排除,是否設備管線危害物排除,51,47,45,2,1,1,0,0.9574,16,中
2026-02,高雄林園,C,C級,低危害,危害排除與隔離,隔離管制,設備管線是否加盲加鎖掛牌,51,47,45,2,1,1,0,0.9574,16,中
2026-02,高雄林園,C,C級,低危害,環境測定,氣體偵測數值,可燃性氣體%、氧氣%、一氧化碳PPM、硫化氫PPM,51,44,43,1,0,0,0,0.9773,2,低
2026-02,高雄林園,C,C級,低危害,環境測定,測定基準,可燃性氣體 < 20%LEL；氧氣>= 18%；一氧化碳<50 PPM；硫化氫<10 PPM,51,45,43,2,1,1,0,0.9556,16,中
2026-02,高雄林園,C,C級,低危害,環境測定,測定頻率,上、下午施工前測定；A級或高風險作業需重複或連續測定；每小時/每兩小時紀錄表,51,45,44,1,0,0,0,0.9778,2,低
2026-02,高雄林園,C,C級,低危害,防火防爆,消防設備,是否有消防設備,51,48,47,1,0,0,0,0.9792,2,低
2026-02,高雄林園,C,C級,低危害,防火防爆,防爆安全工具,是否使用防爆電氣設備及安全工具,51,44,42,2,1,1,0,0.9545,16,中
2026-02,高雄林園,C,C級,低危害,高處作業,防墜措施,設標準施工架、安全網、安全母索、安全帶,51,50,48,2,1,1,0,0.96,16,中
2026-02,高雄林園,C,C級,低危害,安全保護,個人防護具,是否有防護口罩、防毒面具、SCBA、防護手套、安全眼鏡、耳塞,51,48,46,2,0,1,0,0.9583,7,低
2026-02,高雄林園,C,C級,低危害,警戒巡查,警戒標示,是否有警戒標示,51,50,48,2,0,1,0,0.96,7,低
2026-02,高雄林園,C,C級,低危害,警戒巡查,巡查會簽,是否轄區、監造、安衛人員或工地負責人巡查會簽,51,44,43,1,0,0,0,0.9773,2,低
2026-02,高雄林園,C,C級,低危害,收工回簽,回簽收工確認,是否回簽時確認環境已整理並完成防護措施,51,43,42,1,0,1,0,0.9767,5,低
2026-02,高雄林園,C,C級,低危害,收工回簽,一般安全規定,是否遵守工安規定,51,49,48,1,0,0,0,0.9796,2,低
2026-02,高雄林園,C,C級,低危害,收工回簽,現場紀錄,是否拍照,51,48,47,1,0,0,0,0.9792,2,低
2026-03,高雄林園,A,A級,高危害,廠區,基本資料,工廠、日期、時間,35,30,29,1,0,0,0,0.9667,2,低
2026-03,高雄林園,A,A級,高危害,許可證,許可資訊,工程作業分級、申請時間、核准工作時間、工作許可證編號,35,34,33,1,0,0,0,0.9706,2,低
2026-03,高雄林園,A,A級,高危害,施工地點,場地關係人,施工部門、轄區部門、監造部門,35,33,32,1,0,0,0,0.9697,2,低
2026-03,高雄林園,A,A級,高危害,包商,承攬商與人員資格,承攬商、工作人數、車輛車號、工地負責人、安衛人員、特殊作業主管,35,34,32,2,0,1,0,0.9412,7,低
2026-03,高雄林園,A,A級,高危害,危害等級,作業等級,施工地點、工程案號、工作內容、許可工作項目、作業分級,35,30,29,1,0,0,0,0.9667,2,低
2026-03,高雄林園,A,A級,高危害,危害等級,管線設備危害物,可燃性氣體、易燃液體、有害性氣體、化學藥劑、酸鹼、熱水蒸氣、空氣、其他,35,29,28,1,0,1,0,0.9655,5,低
2026-03,高雄林園,A,A級,高危害,檢點與危害告知,簽發前安全檢點,是否安全檢點,35,33,32,1,0,0,0,0.9697,2,低
2026-03,高雄林園,A,A級,高危害,檢點與危害告知,危害告知,是否危害告知,35,33,32,1,0,0,0,0.9697,2,低
2026-03,高雄林園,A,A級,高危害,危害排除與隔離,環境危害排除,是否設備管線危害物排除,35,33,31,2,1,1,0,0.9394,16,中
2026-03,高雄林園,A,A級,高危害,危害排除與隔離,隔離管制,設備管線是否加盲加鎖掛牌,35,31,29,2,1,1,0,0.9355,16,中
2026-03,高雄林園,A,A級,高危害,環境測定,氣體偵測數值,可燃性氣體%、氧氣%、一氧化碳PPM、硫化氫PPM,35,29,27,2,1,1,0,0.931,16,中
2026-03,高雄林園,A,A級,高危害,環境測定,測定基準,可燃性氣體 < 20%LEL；氧氣>= 18%；一氧化碳<50 PPM；硫化氫<10 PPM,35,30,28,2,1,1,0,0.9333,16,中
2026-03,高雄林園,A,A級,高危害,環境測定,測定頻率,上、下午施工前測定；A級或高風險作業需重複或連續測定；每小時/每兩小時紀錄表,35,32,29,3,1,1,0,0.9062,18,中
2026-03,高雄林園,A,A級,高危害,防火防爆,消防設備,是否有消防設備,35,33,31,2,1,1,0,0.9394,16,中
2026-03,高雄林園,A,A級,高危害,防火防爆,防爆安全工具,是否使用防爆電氣設備及安全工具,35,34,31,3,1,1,0,0.9118,18,中
2026-03,高雄林園,A,A級,高危害,高處作業,防墜措施,設標準施工架、安全網、安全母索、安全帶,35,34,32,2,1,1,0,0.9412,16,中
2026-03,高雄林園,A,A級,高危害,安全保護,個人防護具,是否有防護口罩、防毒面具、SCBA、防護手套、安全眼鏡、耳塞,35,30,29,1,0,0,0,0.9667,2,低
2026-03,高雄林園,A,A級,高危害,警戒巡查,警戒標示,是否有警戒標示,35,32,31,1,0,0,0,0.9688,2,低
2026-03,高雄林園,A,A級,高危害,警戒巡查,巡查會簽,是否轄區、監造、安衛人員或工地負責人巡查會簽,35,34,33,1,0,0,0,0.9706,2,低
2026-03,高雄林園,A,A級,高危害,收工回簽,回簽收工確認,是否回簽時確認環境已整理並完成防護措施,35,33,32,1,0,0,0,0.9697,2,低
2026-03,高雄林園,A,A級,高危害,收工回簽,一般安全規定,是否遵守工安規定,35,32,31,1,0,0,0,0.9688,2,低
2026-03,高雄林園,A,A級,高危害,收工回簽,現場紀錄,是否拍照,35,30,29,1,0,0,0,0.9667,2,低
2026-03,高雄林園,B,B級,中危害,廠區,基本資料,工廠、日期、時間,69,59,57,2,0,1,0,0.9661,7,低
2026-03,高雄林園,B,B級,中危害,許可證,許可資訊,工程作業分級、申請時間、核准工作時間、工作許可證編號,69,61,60,1,0,1,0,0.9836,5,低
2026-03,高雄林園,B,B級,中危害,施工地點,場地關係人,施工部門、轄區部門、監造部門,69,65,63,2,0,1,0,0.9692,7,低
2026-03,高雄林園,B,B級,中危害,包商,承攬商與人員資格,承攬商、工作人數、車輛車號、工地負責人、安衛人員、特殊作業主管,69,59,57,2,0,1,0,0.9661,7,低
2026-03,高雄林園,B,B級,中危害,危害等級,作業等級,施工地點、工程案號、工作內容、許可工作項目、作業分級,69,61,59,2,0,1,0,0.9672,7,低
2026-03,高雄林園,B,B級,中危害,危害等級,管線設備危害物,可燃性氣體、易燃液體、有害性氣體、化學藥劑、酸鹼、熱水蒸氣、空氣、其他,69,60,57,3,0,1,0,0.95,9,低
2026-03,高雄林園,B,B級,中危害,檢點與危害告知,簽發前安全檢點,是否安全檢點,69,68,66,2,0,1,0,0.9706,7,低
2026-03,高雄林園,B,B級,中危害,檢點與危害告知,危害告知,是否危害告知,69,66,64,2,0,1,0,0.9697,7,低
2026-03,高雄林園,B,B級,中危害,危害排除與隔離,環境危害排除,是否設備管線危害物排除,69,57,55,2,1,1,0,0.9649,16,中
2026-03,高雄林園,B,B級,中危害,危害排除與隔離,隔離管制,設備管線是否加盲加鎖掛牌,69,62,59,3,1,1,0,0.9516,18,中
2026-03,高雄林園,B,B級,中危害,環境測定,氣體偵測數值,可燃性氣體%、氧氣%、一氧化碳PPM、硫化氫PPM,69,58,55,3,1,1,0,0.9483,18,中
2026-03,高雄林園,B,B級,中危害,環境測定,測定基準,可燃性氣體 < 20%LEL；氧氣>= 18%；一氧化碳<50 PPM；硫化氫<10 PPM,69,65,62,3,1,2,1,0.9538,26,中
2026-03,高雄林園,B,B級,中危害,環境測定,測定頻率,上、下午施工前測定；A級或高風險作業需重複或連續測定；每小時/每兩小時紀錄表,69,63,60,3,1,1,0,0.9524,18,中
2026-03,高雄林園,B,B級,中危害,防火防爆,消防設備,是否有消防設備,69,62,59,3,1,1,0,0.9516,18,中
2026-03,高雄林園,B,B級,中危害,防火防爆,防爆安全工具,是否使用防爆電氣設備及安全工具,69,58,55,3,1,1,0,0.9483,18,中
2026-03,高雄林園,B,B級,中危害,高處作業,防墜措施,設標準施工架、安全網、安全母索、安全帶,69,59,56,3,1,1,0,0.9492,18,中
2026-03,高雄林園,B,B級,中危害,安全保護,個人防護具,是否有防護口罩、防毒面具、SCBA、防護手套、安全眼鏡、耳塞,69,65,62,3,0,1,0,0.9538,9,低
2026-03,高雄林園,B,B級,中危害,警戒巡查,警戒標示,是否有警戒標示,69,59,57,2,0,1,0,0.9661,7,低
2026-03,高雄林園,B,B級,中危害,警戒巡查,巡查會簽,是否轄區、監造、安衛人員或工地負責人巡查會簽,69,66,64,2,0,1,0,0.9697,7,低
2026-03,高雄林園,B,B級,中危害,收工回簽,回簽收工確認,是否回簽時確認環境已整理並完成防護措施,69,60,58,2,0,1,0,0.9667,7,低
2026-03,高雄林園,B,B級,中危害,收工回簽,一般安全規定,是否遵守工安規定,69,57,55,2,0,1,0,0.9649,7,低
2026-03,高雄林園,B,B級,中危害,收工回簽,現場紀錄,是否拍照,69,60,58,2,0,0,0,0.9667,4,低
2026-03,高雄林園,C,C級,低危害,廠區,基本資料,工廠、日期、時間,56,53,52,1,0,0,0,0.9811,2,低
2026-03,高雄林園,C,C級,低危害,許可證,許可資訊,工程作業分級、申請時間、核准工作時間、工作許可證編號,56,49,48,1,0,0,0,0.9796,2,低
2026-03,高雄林園,C,C級,低危害,施工地點,場地關係人,施工部門、轄區部門、監造部門,56,53,52,1,0,0,0,0.9811,2,低
2026-03,高雄林園,C,C級,低危害,包商,承攬商與人員資格,承攬商、工作人數、車輛車號、工地負責人、安衛人員、特殊作業主管,56,51,50,1,0,0,0,0.9804,2,低
2026-03,高雄林園,C,C級,低危害,危害等級,作業等級,施工地點、工程案號、工作內容、許可工作項目、作業分級,56,49,48,1,0,1,0,0.9796,5,低
2026-03,高雄林園,C,C級,低危害,危害等級,管線設備危害物,可燃性氣體、易燃液體、有害性氣體、化學藥劑、酸鹼、熱水蒸氣、空氣、其他,56,48,47,1,0,0,0,0.9792,2,低
2026-03,高雄林園,C,C級,低危害,檢點與危害告知,簽發前安全檢點,是否安全檢點,56,56,55,1,0,0,0,0.9821,2,低
2026-03,高雄林園,C,C級,低危害,檢點與危害告知,危害告知,是否危害告知,56,55,54,1,0,0,0,0.9818,2,低
2026-03,高雄林園,C,C級,低危害,危害排除與隔離,環境危害排除,是否設備管線危害物排除,56,54,52,2,1,1,0,0.963,16,中
2026-03,高雄林園,C,C級,低危害,危害排除與隔離,隔離管制,設備管線是否加盲加鎖掛牌,56,56,54,2,1,1,0,0.9643,16,中
2026-03,高雄林園,C,C級,低危害,環境測定,氣體偵測數值,可燃性氣體%、氧氣%、一氧化碳PPM、硫化氫PPM,56,54,52,2,1,1,0,0.963,16,中
2026-03,高雄林園,C,C級,低危害,環境測定,測定基準,可燃性氣體 < 20%LEL；氧氣>= 18%；一氧化碳<50 PPM；硫化氫<10 PPM,56,55,53,2,1,1,0,0.9636,16,中
2026-03,高雄林園,C,C級,低危害,環境測定,測定頻率,上、下午施工前測定；A級或高風險作業需重複或連續測定；每小時/每兩小時紀錄表,56,48,47,1,0,0,0,0.9792,2,低
2026-03,高雄林園,C,C級,低危害,防火防爆,消防設備,是否有消防設備,56,52,50,2,1,1,0,0.9615,16,中
2026-03,高雄林園,C,C級,低危害,防火防爆,防爆安全工具,是否使用防爆電氣設備及安全工具,56,50,48,2,1,1,0,0.96,16,中
2026-03,高雄林園,C,C級,低危害,高處作業,防墜措施,設標準施工架、安全網、安全母索、安全帶,56,49,47,2,1,1,0,0.9592,16,中
2026-03,高雄林園,C,C級,低危害,安全保護,個人防護具,是否有防護口罩、防毒面具、SCBA、防護手套、安全眼鏡、耳塞,56,48,47,1,0,1,0,0.9792,5,低
2026-03,高雄林園,C,C級,低危害,警戒巡查,警戒標示,是否有警戒標示,56,55,53,2,0,1,0,0.9636,7,低
2026-03,高雄林園,C,C級,低危害,警戒巡查,巡查會簽,是否轄區、監造、安衛人員或工地負責人巡查會簽,56,47,46,1,0,0,0,0.9787,2,低
2026-03,高雄林園,C,C級,低危害,收工回簽,回簽收工確認,是否回簽時確認環境已整理並完成防護措施,56,53,52,1,0,0,0,0.9811,2,低
2026-03,高雄林園,C,C級,低危害,收工回簽,一般安全規定,是否遵守工安規定,56,53,52,1,0,0,0,0.9811,2,低
2026-03,高雄林園,C,C級,低危害,收工回簽,現場紀錄,是否拍照,56,51,50,1,0,0,0,0.9804,2,低
2026-04,高雄林園,A,A級,高危害,廠區,基本資料,工廠、日期、時間,35,31,30,1,0,0,0,0.9677,2,低
2026-04,高雄林園,A,A級,高危害,許可證,許可資訊,工程作業分級、申請時間、核准工作時間、工作許可證編號,35,31,30,1,0,1,0,0.9677,5,低
2026-04,高雄林園,A,A級,高危害,施工地點,場地關係人,施工部門、轄區部門、監造部門,35,30,29,1,0,1,0,0.9667,5,低
2026-04,高雄林園,A,A級,高危害,包商,承攬商與人員資格,承攬商、工作人數、車輛車號、工地負責人、安衛人員、特殊作業主管,35,34,32,2,0,1,0,0.9412,7,低
2026-04,高雄林園,A,A級,高危害,危害等級,作業等級,施工地點、工程案號、工作內容、許可工作項目、作業分級,35,29,28,1,0,0,0,0.9655,2,低
2026-04,高雄林園,A,A級,高危害,危害等級,管線設備危害物,可燃性氣體、易燃液體、有害性氣體、化學藥劑、酸鹼、熱水蒸氣、空氣、其他,35,33,31,2,0,1,0,0.9394,7,低
2026-04,高雄林園,A,A級,高危害,檢點與危害告知,簽發前安全檢點,是否安全檢點,35,33,32,1,0,0,0,0.9697,2,低
2026-04,高雄林園,A,A級,高危害,檢點與危害告知,危害告知,是否危害告知,35,32,31,1,0,0,0,0.9688,2,低
2026-04,高雄林園,A,A級,高危害,危害排除與隔離,環境危害排除,是否設備管線危害物排除,35,33,31,2,1,1,0,0.9394,16,中
2026-04,高雄林園,A,A級,高危害,危害排除與隔離,隔離管制,設備管線是否加盲加鎖掛牌,35,32,30,2,1,0,0,0.9375,13,低
2026-04,高雄林園,A,A級,高危害,環境測定,氣體偵測數值,可燃性氣體%、氧氣%、一氧化碳PPM、硫化氫PPM,35,30,28,2,1,1,0,0.9333,16,中
2026-04,高雄林園,A,A級,高危害,環境測定,測定基準,可燃性氣體 < 20%LEL；氧氣>= 18%；一氧化碳<50 PPM；硫化氫<10 PPM,35,30,28,2,1,1,0,0.9333,16,中
2026-04,高雄林園,A,A級,高危害,環境測定,測定頻率,上、下午施工前測定；A級或高風險作業需重複或連續測定；每小時/每兩小時紀錄表,35,30,27,3,1,1,0,0.9,18,中
2026-04,高雄林園,A,A級,高危害,防火防爆,消防設備,是否有消防設備,35,34,32,2,1,1,0,0.9412,16,中
2026-04,高雄林園,A,A級,高危害,防火防爆,防爆安全工具,是否使用防爆電氣設備及安全工具,35,32,30,2,1,1,0,0.9375,16,中
2026-04,高雄林園,A,A級,高危害,高處作業,防墜措施,設標準施工架、安全網、安全母索、安全帶,35,30,28,2,1,1,0,0.9333,16,中
2026-04,高雄林園,A,A級,高危害,安全保護,個人防護具,是否有防護口罩、防毒面具、SCBA、防護手套、安全眼鏡、耳塞,35,30,28,2,0,1,0,0.9333,7,低
2026-04,高雄林園,A,A級,高危害,警戒巡查,警戒標示,是否有警戒標示,35,35,34,1,0,0,0,0.9714,2,低
2026-04,高雄林園,A,A級,高危害,警戒巡查,巡查會簽,是否轄區、監造、安衛人員或工地負責人巡查會簽,35,35,34,1,0,0,0,0.9714,2,低
2026-04,高雄林園,A,A級,高危害,收工回簽,回簽收工確認,是否回簽時確認環境已整理並完成防護措施,35,30,29,1,0,0,0,0.9667,2,低
2026-04,高雄林園,A,A級,高危害,收工回簽,一般安全規定,是否遵守工安規定,35,30,29,1,0,1,0,0.9667,5,低
2026-04,高雄林園,A,A級,高危害,收工回簽,現場紀錄,是否拍照,35,34,33,1,0,0,0,0.9706,2,低
2026-04,高雄林園,B,B級,中危害,廠區,基本資料,工廠、日期、時間,73,72,70,2,0,1,0,0.9722,7,低
2026-04,高雄林園,B,B級,中危害,許可證,許可資訊,工程作業分級、申請時間、核准工作時間、工作許可證編號,73,72,70,2,0,1,0,0.9722,7,低
2026-04,高雄林園,B,B級,中危害,施工地點,場地關係人,施工部門、轄區部門、監造部門,73,60,58,2,0,1,0,0.9667,7,低
2026-04,高雄林園,B,B級,中危害,包商,承攬商與人員資格,承攬商、工作人數、車輛車號、工地負責人、安衛人員、特殊作業主管,73,64,62,2,0,1,0,0.9688,7,低
2026-04,高雄林園,B,B級,中危害,危害等級,作業等級,施工地點、工程案號、工作內容、許可工作項目、作業分級,73,64,62,2,0,1,0,0.9688,7,低
2026-04,高雄林園,B,B級,中危害,危害等級,管線設備危害物,可燃性氣體、易燃液體、有害性氣體、化學藥劑、酸鹼、熱水蒸氣、空氣、其他,73,64,62,2,0,0,0,0.9688,4,低
2026-04,高雄林園,B,B級,中危害,檢點與危害告知,簽發前安全檢點,是否安全檢點,73,62,60,2,0,1,0,0.9677,7,低
2026-04,高雄林園,B,B級,中危害,檢點與危害告知,危害告知,是否危害告知,73,72,70,2,0,0,0,0.9722,4,低
2026-04,高雄林園,B,B級,中危害,危害排除與隔離,環境危害排除,是否設備管線危害物排除,73,60,58,2,1,0,0,0.9667,13,低
2026-04,高雄林園,B,B級,中危害,危害排除與隔離,隔離管制,設備管線是否加盲加鎖掛牌,73,65,62,3,1,1,0,0.9538,18,中
2026-04,高雄林園,B,B級,中危害,環境測定,氣體偵測數值,可燃性氣體%、氧氣%、一氧化碳PPM、硫化氫PPM,73,71,68,3,1,1,0,0.9577,18,中
2026-04,高雄林園,B,B級,中危害,環境測定,測定基準,可燃性氣體 < 20%LEL；氧氣>= 18%；一氧化碳<50 PPM；硫化氫<10 PPM,73,64,62,2,1,1,0,0.9688,16,中
2026-04,高雄林園,B,B級,中危害,環境測定,測定頻率,上、下午施工前測定；A級或高風險作業需重複或連續測定；每小時/每兩小時紀錄表,73,62,59,3,1,1,0,0.9516,18,中
2026-04,高雄林園,B,B級,中危害,防火防爆,消防設備,是否有消防設備,73,72,69,3,1,1,0,0.9583,18,中
2026-04,高雄林園,B,B級,中危害,防火防爆,防爆安全工具,是否使用防爆電氣設備及安全工具,73,71,68,3,1,1,0,0.9577,18,中
2026-04,高雄林園,B,B級,中危害,高處作業,防墜措施,設標準施工架、安全網、安全母索、安全帶,73,70,67,3,1,1,0,0.9571,18,中
2026-04,高雄林園,B,B級,中危害,安全保護,個人防護具,是否有防護口罩、防毒面具、SCBA、防護手套、安全眼鏡、耳塞,73,61,59,2,0,1,0,0.9672,7,低
2026-04,高雄林園,B,B級,中危害,警戒巡查,警戒標示,是否有警戒標示,73,65,63,2,0,1,0,0.9692,7,低
2026-04,高雄林園,B,B級,中危害,警戒巡查,巡查會簽,是否轄區、監造、安衛人員或工地負責人巡查會簽,73,72,70,2,0,1,0,0.9722,7,低
2026-04,高雄林園,B,B級,中危害,收工回簽,回簽收工確認,是否回簽時確認環境已整理並完成防護措施,73,72,69,3,0,1,0,0.9583,9,低
2026-04,高雄林園,B,B級,中危害,收工回簽,一般安全規定,是否遵守工安規定,73,70,67,3,0,1,0,0.9571,9,低
2026-04,高雄林園,B,B級,中危害,收工回簽,現場紀錄,是否拍照,73,61,59,2,0,1,0,0.9672,7,低
2026-04,高雄林園,C,C級,低危害,廠區,基本資料,工廠、日期、時間,55,51,50,1,0,0,0,0.9804,2,低
2026-04,高雄林園,C,C級,低危害,許可證,許可資訊,工程作業分級、申請時間、核准工作時間、工作許可證編號,55,52,51,1,0,0,0,0.9808,2,低
2026-04,高雄林園,C,C級,低危害,施工地點,場地關係人,施工部門、轄區部門、監造部門,55,55,54,1,0,0,0,0.9818,2,低
2026-04,高雄林園,C,C級,低危害,包商,承攬商與人員資格,承攬商、工作人數、車輛車號、工地負責人、安衛人員、特殊作業主管,55,55,53,2,0,1,0,0.9636,7,低
2026-04,高雄林園,C,C級,低危害,危害等級,作業等級,施工地點、工程案號、工作內容、許可工作項目、作業分級,55,52,50,2,0,1,0,0.9615,7,低
2026-04,高雄林園,C,C級,低危害,危害等級,管線設備危害物,可燃性氣體、易燃液體、有害性氣體、化學藥劑、酸鹼、熱水蒸氣、空氣、其他,55,51,50,1,0,0,0,0.9804,2,低
2026-04,高雄林園,C,C級,低危害,檢點與危害告知,簽發前安全檢點,是否安全檢點,55,50,49,1,0,0,0,0.98,2,低
2026-04,高雄林園,C,C級,低危害,檢點與危害告知,危害告知,是否危害告知,55,52,51,1,0,0,0,0.9808,2,低
2026-04,高雄林園,C,C級,低危害,危害排除與隔離,環境危害排除,是否設備管線危害物排除,55,53,51,2,1,1,0,0.9623,16,中
2026-04,高雄林園,C,C級,低危害,危害排除與隔離,隔離管制,設備管線是否加盲加鎖掛牌,55,49,47,2,1,1,0,0.9592,16,中
2026-04,高雄林園,C,C級,低危害,環境測定,氣體偵測數值,可燃性氣體%、氧氣%、一氧化碳PPM、硫化氫PPM,55,46,45,1,0,0,0,0.9783,2,低
2026-04,高雄林園,C,C級,低危害,環境測定,測定基準,可燃性氣體 < 20%LEL；氧氣>= 18%；一氧化碳<50 PPM；硫化氫<10 PPM,55,52,50,2,1,1,0,0.9615,16,中
2026-04,高雄林園,C,C級,低危害,環境測定,測定頻率,上、下午施工前測定；A級或高風險作業需重複或連續測定；每小時/每兩小時紀錄表,55,53,51,2,1,1,0,0.9623,16,中
2026-04,高雄林園,C,C級,低危害,防火防爆,消防設備,是否有消防設備,55,46,45,1,0,0,0,0.9783,2,低
2026-04,高雄林園,C,C級,低危害,防火防爆,防爆安全工具,是否使用防爆電氣設備及安全工具,55,48,46,2,1,1,0,0.9583,16,中
2026-04,高雄林園,C,C級,低危害,高處作業,防墜措施,設標準施工架、安全網、安全母索、安全帶,55,49,47,2,1,1,0,0.9592,16,中
2026-04,高雄林園,C,C級,低危害,安全保護,個人防護具,是否有防護口罩、防毒面具、SCBA、防護手套、安全眼鏡、耳塞,55,51,49,2,0,1,0,0.9608,7,低
2026-04,高雄林園,C,C級,低危害,警戒巡查,警戒標示,是否有警戒標示,55,54,53,1,0,0,0,0.9815,2,低
2026-04,高雄林園,C,C級,低危害,警戒巡查,巡查會簽,是否轄區、監造、安衛人員或工地負責人巡查會簽,55,46,45,1,0,1,0,0.9783,5,低
2026-04,高雄林園,C,C級,低危害,收工回簽,回簽收工確認,是否回簽時確認環境已整理並完成防護措施,55,51,50,1,0,1,0,0.9804,5,低
2026-04,高雄林園,C,C級,低危害,收工回簽,一般安全規定,是否遵守工安規定,55,49,48,1,0,0,0,0.9796,2,低
2026-04,高雄林園,C,C級,低危害,收工回簽,現場紀錄,是否拍照,55,54,53,1,0,0,0,0.9815,2,低
2026-05,高雄林園,A,A級,高危害,廠區,基本資料,工廠、日期、時間,33,29,28,1,0,0,0,0.9655,2,低
2026-05,高雄林園,A,A級,高危害,許可證,許可資訊,工程作業分級、申請時間、核准工作時間、工作許可證編號,33,30,29,1,0,0,0,0.9667,2,低
2026-05,高雄林園,A,A級,高危害,施工地點,場地關係人,施工部門、轄區部門、監造部門,33,31,30,1,0,0,0,0.9677,2,低
2026-05,高雄林園,A,A級,高危害,包商,承攬商與人員資格,承攬商、工作人數、車輛車號、工地負責人、安衛人員、特殊作業主管,33,32,31,1,0,0,0,0.9688,2,低
2026-05,高雄林園,A,A級,高危害,危害等級,作業等級,施工地點、工程案號、工作內容、許可工作項目、作業分級,33,28,27,1,0,1,0,0.9643,5,低
2026-05,高雄林園,A,A級,高危害,危害等級,管線設備危害物,可燃性氣體、易燃液體、有害性氣體、化學藥劑、酸鹼、熱水蒸氣、空氣、其他,33,30,29,1,0,1,0,0.9667,5,低
2026-05,高雄林園,A,A級,高危害,檢點與危害告知,簽發前安全檢點,是否安全檢點,33,29,28,1,0,0,0,0.9655,2,低
2026-05,高雄林園,A,A級,高危害,檢點與危害告知,危害告知,是否危害告知,33,33,32,1,0,0,0,0.9697,2,低
2026-05,高雄林園,A,A級,高危害,危害排除與隔離,環境危害排除,是否設備管線危害物排除,33,31,29,2,1,0,0,0.9355,13,低
2026-05,高雄林園,A,A級,高危害,危害排除與隔離,隔離管制,設備管線是否加盲加鎖掛牌,33,31,29,2,1,1,0,0.9355,16,中
2026-05,高雄林園,A,A級,高危害,環境測定,氣體偵測數值,可燃性氣體%、氧氣%、一氧化碳PPM、硫化氫PPM,33,32,29,3,1,2,1,0.9062,26,中
2026-05,高雄林園,A,A級,高危害,環境測定,測定基準,可燃性氣體 < 20%LEL；氧氣>= 18%；一氧化碳<50 PPM；硫化氫<10 PPM,33,33,31,2,1,1,0,0.9394,16,中
2026-05,高雄林園,A,A級,高危害,環境測定,測定頻率,上、下午施工前測定；A級或高風險作業需重複或連續測定；每小時/每兩小時紀錄表,33,33,31,2,1,1,0,0.9394,16,中
2026-05,高雄林園,A,A級,高危害,防火防爆,消防設備,是否有消防設備,33,27,25,2,1,1,0,0.9259,16,中
2026-05,高雄林園,A,A級,高危害,防火防爆,防爆安全工具,是否使用防爆電氣設備及安全工具,33,28,26,2,1,0,0,0.9286,13,低
2026-05,高雄林園,A,A級,高危害,高處作業,防墜措施,設標準施工架、安全網、安全母索、安全帶,33,29,27,2,1,1,0,0.931,16,中
2026-05,高雄林園,A,A級,高危害,安全保護,個人防護具,是否有防護口罩、防毒面具、SCBA、防護手套、安全眼鏡、耳塞,33,29,28,1,0,0,0,0.9655,2,低
2026-05,高雄林園,A,A級,高危害,警戒巡查,警戒標示,是否有警戒標示,33,33,32,1,0,0,0,0.9697,2,低
2026-05,高雄林園,A,A級,高危害,警戒巡查,巡查會簽,是否轄區、監造、安衛人員或工地負責人巡查會簽,33,29,28,1,0,1,0,0.9655,5,低
2026-05,高雄林園,A,A級,高危害,收工回簽,回簽收工確認,是否回簽時確認環境已整理並完成防護措施,33,32,31,1,0,0,0,0.9688,2,低
2026-05,高雄林園,A,A級,高危害,收工回簽,一般安全規定,是否遵守工安規定,33,31,30,1,0,0,0,0.9677,2,低
2026-05,高雄林園,A,A級,高危害,收工回簽,現場紀錄,是否拍照,33,33,32,1,0,0,0,0.9697,2,低
2026-05,高雄林園,B,B級,中危害,廠區,基本資料,工廠、日期、時間,70,66,65,1,0,0,0,0.9848,2,低
2026-05,高雄林園,B,B級,中危害,許可證,許可資訊,工程作業分級、申請時間、核准工作時間、工作許可證編號,70,64,62,2,0,1,0,0.9688,7,低
2026-05,高雄林園,B,B級,中危害,施工地點,場地關係人,施工部門、轄區部門、監造部門,70,69,67,2,0,1,0,0.971,7,低
2026-05,高雄林園,B,B級,中危害,包商,承攬商與人員資格,承攬商、工作人數、車輛車號、工地負責人、安衛人員、特殊作業主管,70,63,60,3,1,1,0,0.9524,18,中
2026-05,高雄林園,B,B級,中危害,危害等級,作業等級,施工地點、工程案號、工作內容、許可工作項目、作業分級,70,59,57,2,0,1,0,0.9661,7,低
2026-05,高雄林園,B,B級,中危害,危害等級,管線設備危害物,可燃性氣體、易燃液體、有害性氣體、化學藥劑、酸鹼、熱水蒸氣、空氣、其他,70,70,68,2,0,0,0,0.9714,4,低
2026-05,高雄林園,B,B級,中危害,檢點與危害告知,簽發前安全檢點,是否安全檢點,70,66,64,2,0,1,0,0.9697,7,低
2026-05,高雄林園,B,B級,中危害,檢點與危害告知,危害告知,是否危害告知,70,59,57,2,0,1,0,0.9661,7,低
2026-05,高雄林園,B,B級,中危害,危害排除與隔離,環境危害排除,是否設備管線危害物排除,70,66,63,3,1,1,0,0.9545,18,中
2026-05,高雄林園,B,B級,中危害,危害排除與隔離,隔離管制,設備管線是否加盲加鎖掛牌,70,64,61,3,1,1,0,0.9531,18,中
2026-05,高雄林園,B,B級,中危害,環境測定,氣體偵測數值,可燃性氣體%、氧氣%、一氧化碳PPM、硫化氫PPM,70,67,64,3,1,1,0,0.9552,18,中
2026-05,高雄林園,B,B級,中危害,環境測定,測定基準,可燃性氣體 < 20%LEL；氧氣>= 18%；一氧化碳<50 PPM；硫化氫<10 PPM,70,62,60,2,1,1,0,0.9677,16,中
2026-05,高雄林園,B,B級,中危害,環境測定,測定頻率,上、下午施工前測定；A級或高風險作業需重複或連續測定；每小時/每兩小時紀錄表,70,65,62,3,1,1,0,0.9538,18,中
2026-05,高雄林園,B,B級,中危害,防火防爆,消防設備,是否有消防設備,70,63,60,3,1,1,0,0.9524,18,中
2026-05,高雄林園,B,B級,中危害,防火防爆,防爆安全工具,是否使用防爆電氣設備及安全工具,70,67,64,3,1,2,0,0.9552,21,中
2026-05,高雄林園,B,B級,中危害,高處作業,防墜措施,設標準施工架、安全網、安全母索、安全帶,70,60,58,2,1,1,0,0.9667,16,中
2026-05,高雄林園,B,B級,中危害,安全保護,個人防護具,是否有防護口罩、防毒面具、SCBA、防護手套、安全眼鏡、耳塞,70,65,62,3,0,1,0,0.9538,9,低
2026-05,高雄林園,B,B級,中危害,警戒巡查,警戒標示,是否有警戒標示,70,65,63,2,0,1,0,0.9692,7,低
2026-05,高雄林園,B,B級,中危害,警戒巡查,巡查會簽,是否轄區、監造、安衛人員或工地負責人巡查會簽,70,67,65,2,0,1,0,0.9701,7,低
2026-05,高雄林園,B,B級,中危害,收工回簽,回簽收工確認,是否回簽時確認環境已整理並完成防護措施,70,67,65,2,0,1,0,0.9701,7,低
2026-05,高雄林園,B,B級,中危害,收工回簽,一般安全規定,是否遵守工安規定,70,64,62,2,0,1,0,0.9688,7,低
2026-05,高雄林園,B,B級,中危害,收工回簽,現場紀錄,是否拍照,70,58,56,2,0,1,0,0.9655,7,低
2026-05,高雄林園,C,C級,低危害,廠區,基本資料,工廠、日期、時間,48,42,41,1,0,0,0,0.9762,2,低
2026-05,高雄林園,C,C級,低危害,許可證,許可資訊,工程作業分級、申請時間、核准工作時間、工作許可證編號,48,44,43,1,0,0,0,0.9773,2,低
2026-05,高雄林園,C,C級,低危害,施工地點,場地關係人,施工部門、轄區部門、監造部門,48,43,42,1,0,0,0,0.9767,2,低
2026-05,高雄林園,C,C級,低危害,包商,承攬商與人員資格,承攬商、工作人數、車輛車號、工地負責人、安衛人員、特殊作業主管,48,45,44,1,0,0,0,0.9778,2,低
2026-05,高雄林園,C,C級,低危害,危害等級,作業等級,施工地點、工程案號、工作內容、許可工作項目、作業分級,48,43,42,1,0,0,0,0.9767,2,低
2026-05,高雄林園,C,C級,低危害,危害等級,管線設備危害物,可燃性氣體、易燃液體、有害性氣體、化學藥劑、酸鹼、熱水蒸氣、空氣、其他,48,48,47,1,0,0,0,0.9792,2,低
2026-05,高雄林園,C,C級,低危害,檢點與危害告知,簽發前安全檢點,是否安全檢點,48,48,47,1,0,1,0,0.9792,5,低
2026-05,高雄林園,C,C級,低危害,檢點與危害告知,危害告知,是否危害告知,48,44,43,1,0,0,0,0.9773,2,低
2026-05,高雄林園,C,C級,低危害,危害排除與隔離,環境危害排除,是否設備管線危害物排除,48,41,40,1,0,0,0,0.9756,2,低
2026-05,高雄林園,C,C級,低危害,危害排除與隔離,隔離管制,設備管線是否加盲加鎖掛牌,48,40,39,1,0,0,0,0.975,2,低
2026-05,高雄林園,C,C級,低危害,環境測定,氣體偵測數值,可燃性氣體%、氧氣%、一氧化碳PPM、硫化氫PPM,48,46,44,2,1,0,0,0.9565,13,低
2026-05,高雄林園,C,C級,低危害,環境測定,測定基準,可燃性氣體 < 20%LEL；氧氣>= 18%；一氧化碳<50 PPM；硫化氫<10 PPM,48,48,46,2,1,1,0,0.9583,16,中
2026-05,高雄林園,C,C級,低危害,環境測定,測定頻率,上、下午施工前測定；A級或高風險作業需重複或連續測定；每小時/每兩小時紀錄表,48,47,45,2,1,1,0,0.9574,16,中
2026-05,高雄林園,C,C級,低危害,防火防爆,消防設備,是否有消防設備,48,43,42,1,0,0,0,0.9767,2,低
2026-05,高雄林園,C,C級,低危害,防火防爆,防爆安全工具,是否使用防爆電氣設備及安全工具,48,42,41,1,0,0,0,0.9762,2,低
2026-05,高雄林園,C,C級,低危害,高處作業,防墜措施,設標準施工架、安全網、安全母索、安全帶,48,39,38,1,0,0,0,0.9744,2,低
2026-05,高雄林園,C,C級,低危害,安全保護,個人防護具,是否有防護口罩、防毒面具、SCBA、防護手套、安全眼鏡、耳塞,48,44,43,1,0,0,0,0.9773,2,低
2026-05,高雄林園,C,C級,低危害,警戒巡查,警戒標示,是否有警戒標示,48,42,41,1,0,0,0,0.9762,2,低
2026-05,高雄林園,C,C級,低危害,警戒巡查,巡查會簽,是否轄區、監造、安衛人員或工地負責人巡查會簽,48,47,46,1,0,0,0,0.9787,2,低
2026-05,高雄林園,C,C級,低危害,收工回簽,回簽收工確認,是否回簽時確認環境已整理並完成防護措施,48,48,47,1,0,0,0,0.9792,2,低
2026-05,高雄林園,C,C級,低危害,收工回簽,一般安全規定,是否遵守工安規定,48,43,42,1,0,0,0,0.9767,2,低
2026-05,高雄林園,C,C級,低危害,收工回簽,現場紀錄,是否拍照,48,41,40,1,0,0,0,0.9756,2,低
2026-06,高雄林園,A,A級,高危害,廠區,基本資料,工廠、日期、時間,32,28,27,1,0,0,0,0.9643,2,低
2026-06,高雄林園,A,A級,高危害,許可證,許可資訊,工程作業分級、申請時間、核准工作時間、工作許可證編號,32,26,25,1,0,0,0,0.9615,2,低
2026-06,高雄林園,A,A級,高危害,施工地點,場地關係人,施工部門、轄區部門、監造部門,32,30,29,1,0,0,0,0.9667,2,低
2026-06,高雄林園,A,A級,高危害,包商,承攬商與人員資格,承攬商、工作人數、車輛車號、工地負責人、安衛人員、特殊作業主管,32,28,27,1,0,0,0,0.9643,2,低
2026-06,高雄林園,A,A級,高危害,危害等級,作業等級,施工地點、工程案號、工作內容、許可工作項目、作業分級,32,31,30,1,0,0,0,0.9677,2,低
2026-06,高雄林園,A,A級,高危害,危害等級,管線設備危害物,可燃性氣體、易燃液體、有害性氣體、化學藥劑、酸鹼、熱水蒸氣、空氣、其他,32,32,31,1,0,0,0,0.9688,2,低
2026-06,高雄林園,A,A級,高危害,檢點與危害告知,簽發前安全檢點,是否安全檢點,32,29,28,1,0,0,0,0.9655,2,低
2026-06,高雄林園,A,A級,高危害,檢點與危害告知,危害告知,是否危害告知,32,28,27,1,0,0,0,0.9643,2,低
2026-06,高雄林園,A,A級,高危害,危害排除與隔離,環境危害排除,是否設備管線危害物排除,32,31,29,2,1,1,0,0.9355,16,中
2026-06,高雄林園,A,A級,高危害,危害排除與隔離,隔離管制,設備管線是否加盲加鎖掛牌,32,27,25,2,1,1,0,0.9259,16,中
2026-06,高雄林園,A,A級,高危害,環境測定,氣體偵測數值,可燃性氣體%、氧氣%、一氧化碳PPM、硫化氫PPM,32,32,29,3,1,1,0,0.9062,18,中
2026-06,高雄林園,A,A級,高危害,環境測定,測定基準,可燃性氣體 < 20%LEL；氧氣>= 18%；一氧化碳<50 PPM；硫化氫<10 PPM,32,29,27,2,1,1,0,0.931,16,中
2026-06,高雄林園,A,A級,高危害,環境測定,測定頻率,上、下午施工前測定；A級或高風險作業需重複或連續測定；每小時/每兩小時紀錄表,32,26,24,2,1,1,0,0.9231,16,中
2026-06,高雄林園,A,A級,高危害,防火防爆,消防設備,是否有消防設備,32,27,25,2,1,1,0,0.9259,16,中
2026-06,高雄林園,A,A級,高危害,防火防爆,防爆安全工具,是否使用防爆電氣設備及安全工具,32,28,26,2,1,1,0,0.9286,16,中
2026-06,高雄林園,A,A級,高危害,高處作業,防墜措施,設標準施工架、安全網、安全母索、安全帶,32,29,27,2,1,1,0,0.931,16,中
2026-06,高雄林園,A,A級,高危害,安全保護,個人防護具,是否有防護口罩、防毒面具、SCBA、防護手套、安全眼鏡、耳塞,32,27,26,1,0,0,0,0.963,2,低
2026-06,高雄林園,A,A級,高危害,警戒巡查,警戒標示,是否有警戒標示,32,31,30,1,0,0,0,0.9677,2,低
2026-06,高雄林園,A,A級,高危害,警戒巡查,巡查會簽,是否轄區、監造、安衛人員或工地負責人巡查會簽,32,27,26,1,0,0,0,0.963,2,低
2026-06,高雄林園,A,A級,高危害,收工回簽,回簽收工確認,是否回簽時確認環境已整理並完成防護措施,32,27,26,1,0,0,0,0.963,2,低
2026-06,高雄林園,A,A級,高危害,收工回簽,一般安全規定,是否遵守工安規定,32,30,29,1,0,0,0,0.9667,2,低
2026-06,高雄林園,A,A級,高危害,收工回簽,現場紀錄,是否拍照,32,26,25,1,0,0,0,0.9615,2,低
2026-06,高雄林園,B,B級,中危害,廠區,基本資料,工廠、日期、時間,69,64,62,2,0,0,0,0.9688,4,低
2026-06,高雄林園,B,B級,中危害,許可證,許可資訊,工程作業分級、申請時間、核准工作時間、工作許可證編號,69,69,67,2,0,0,0,0.971,4,低
2026-06,高雄林園,B,B級,中危害,施工地點,場地關係人,施工部門、轄區部門、監造部門,69,66,64,2,0,1,0,0.9697,7,低
2026-06,高雄林園,B,B級,中危害,包商,承攬商與人員資格,承攬商、工作人數、車輛車號、工地負責人、安衛人員、特殊作業主管,69,62,60,2,0,0,0,0.9677,4,低
2026-06,高雄林園,B,B級,中危害,危害等級,作業等級,施工地點、工程案號、工作內容、許可工作項目、作業分級,69,60,58,2,0,1,0,0.9667,7,低
2026-06,高雄林園,B,B級,中危害,危害等級,管線設備危害物,可燃性氣體、易燃液體、有害性氣體、化學藥劑、酸鹼、熱水蒸氣、空氣、其他,69,67,65,2,0,1,0,0.9701,7,低
2026-06,高雄林園,B,B級,中危害,檢點與危害告知,簽發前安全檢點,是否安全檢點,69,65,63,2,0,0,0,0.9692,4,低
2026-06,高雄林園,B,B級,中危害,檢點與危害告知,危害告知,是否危害告知,69,62,60,2,0,0,0,0.9677,4,低
2026-06,高雄林園,B,B級,中危害,危害排除與隔離,環境危害排除,是否設備管線危害物排除,69,62,59,3,1,1,0,0.9516,18,中
2026-06,高雄林園,B,B級,中危害,危害排除與隔離,隔離管制,設備管線是否加盲加鎖掛牌,69,61,58,3,1,1,0,0.9508,18,中
2026-06,高雄林園,B,B級,中危害,環境測定,氣體偵測數值,可燃性氣體%、氧氣%、一氧化碳PPM、硫化氫PPM,69,61,58,3,1,1,0,0.9508,18,中
2026-06,高雄林園,B,B級,中危害,環境測定,測定基準,可燃性氣體 < 20%LEL；氧氣>= 18%；一氧化碳<50 PPM；硫化氫<10 PPM,69,64,62,2,1,1,0,0.9688,16,中
2026-06,高雄林園,B,B級,中危害,環境測定,測定頻率,上、下午施工前測定；A級或高風險作業需重複或連續測定；每小時/每兩小時紀錄表,69,62,60,2,1,1,0,0.9677,16,中
2026-06,高雄林園,B,B級,中危害,防火防爆,消防設備,是否有消防設備,69,66,63,3,1,1,0,0.9545,18,中
2026-06,高雄林園,B,B級,中危害,防火防爆,防爆安全工具,是否使用防爆電氣設備及安全工具,69,62,59,3,1,1,0,0.9516,18,中
2026-06,高雄林園,B,B級,中危害,高處作業,防墜措施,設標準施工架、安全網、安全母索、安全帶,69,57,54,3,1,1,0,0.9474,18,中
2026-06,高雄林園,B,B級,中危害,安全保護,個人防護具,是否有防護口罩、防毒面具、SCBA、防護手套、安全眼鏡、耳塞,69,63,60,3,0,1,0,0.9524,9,低
2026-06,高雄林園,B,B級,中危害,警戒巡查,警戒標示,是否有警戒標示,69,58,56,2,0,0,0,0.9655,4,低
2026-06,高雄林園,B,B級,中危害,警戒巡查,巡查會簽,是否轄區、監造、安衛人員或工地負責人巡查會簽,69,59,57,2,0,1,0,0.9661,7,低
2026-06,高雄林園,B,B級,中危害,收工回簽,回簽收工確認,是否回簽時確認環境已整理並完成防護措施,69,57,55,2,0,1,0,0.9649,7,低
2026-06,高雄林園,B,B級,中危害,收工回簽,一般安全規定,是否遵守工安規定,69,63,61,2,0,1,0,0.9683,7,低
2026-06,高雄林園,B,B級,中危害,收工回簽,現場紀錄,是否拍照,69,67,65,2,0,1,0,0.9701,7,低
2026-06,高雄林園,C,C級,低危害,廠區,基本資料,工廠、日期、時間,48,42,41,1,0,0,0,0.9762,2,低
2026-06,高雄林園,C,C級,低危害,許可證,許可資訊,工程作業分級、申請時間、核准工作時間、工作許可證編號,48,43,42,1,0,0,0,0.9767,2,低
2026-06,高雄林園,C,C級,低危害,施工地點,場地關係人,施工部門、轄區部門、監造部門,48,47,46,1,0,0,0,0.9787,2,低
2026-06,高雄林園,C,C級,低危害,包商,承攬商與人員資格,承攬商、工作人數、車輛車號、工地負責人、安衛人員、特殊作業主管,48,47,46,1,0,0,0,0.9787,2,低
2026-06,高雄林園,C,C級,低危害,危害等級,作業等級,施工地點、工程案號、工作內容、許可工作項目、作業分級,48,42,41,1,0,0,0,0.9762,2,低
2026-06,高雄林園,C,C級,低危害,危害等級,管線設備危害物,可燃性氣體、易燃液體、有害性氣體、化學藥劑、酸鹼、熱水蒸氣、空氣、其他,48,40,39,1,0,0,0,0.975,2,低
2026-06,高雄林園,C,C級,低危害,檢點與危害告知,簽發前安全檢點,是否安全檢點,48,44,43,1,0,0,0,0.9773,2,低
2026-06,高雄林園,C,C級,低危害,檢點與危害告知,危害告知,是否危害告知,48,44,43,1,0,0,0,0.9773,2,低
2026-06,高雄林園,C,C級,低危害,危害排除與隔離,環境危害排除,是否設備管線危害物排除,48,40,39,1,0,0,0,0.975,2,低
2026-06,高雄林園,C,C級,低危害,危害排除與隔離,隔離管制,設備管線是否加盲加鎖掛牌,48,46,44,2,1,1,0,0.9565,16,中
2026-06,高雄林園,C,C級,低危害,環境測定,氣體偵測數值,可燃性氣體%、氧氣%、一氧化碳PPM、硫化氫PPM,48,47,46,1,0,0,0,0.9787,2,低
2026-06,高雄林園,C,C級,低危害,環境測定,測定基準,可燃性氣體 < 20%LEL；氧氣>= 18%；一氧化碳<50 PPM；硫化氫<10 PPM,48,41,39,2,1,1,0,0.9512,16,中
2026-06,高雄林園,C,C級,低危害,環境測定,測定頻率,上、下午施工前測定；A級或高風險作業需重複或連續測定；每小時/每兩小時紀錄表,48,47,46,1,0,0,0,0.9787,2,低
2026-06,高雄林園,C,C級,低危害,防火防爆,消防設備,是否有消防設備,48,46,45,1,0,0,0,0.9783,2,低
2026-06,高雄林園,C,C級,低危害,防火防爆,防爆安全工具,是否使用防爆電氣設備及安全工具,48,42,40,2,1,1,0,0.9524,16,中
2026-06,高雄林園,C,C級,低危害,高處作業,防墜措施,設標準施工架、安全網、安全母索、安全帶,48,41,40,1,0,1,0,0.9756,5,低
2026-06,高雄林園,C,C級,低危害,安全保護,個人防護具,是否有防護口罩、防毒面具、SCBA、防護手套、安全眼鏡、耳塞,48,42,41,1,0,0,0,0.9762,2,低
2026-06,高雄林園,C,C級,低危害,警戒巡查,警戒標示,是否有警戒標示,48,44,43,1,0,0,0,0.9773,2,低
2026-06,高雄林園,C,C級,低危害,警戒巡查,巡查會簽,是否轄區、監造、安衛人員或工地負責人巡查會簽,48,42,41,1,0,0,0,0.9762,2,低
2026-06,高雄林園,C,C級,低危害,收工回簽,回簽收工確認,是否回簽時確認環境已整理並完成防護措施,48,45,44,1,0,0,0,0.9778,2,低
2026-06,高雄林園,C,C級,低危害,收工回簽,一般安全規定,是否遵守工安規定,48,47,46,1,0,0,0,0.9787,2,低
2026-06,高雄林園,C,C級,低危害,收工回簽,現場紀錄,是否拍照,48,43,42,1,0,0,0,0.9767,2,低
2026-07,高雄林園,A,A級,高危害,廠區,基本資料,工廠、日期、時間,31,27,26,1,0,0,0,0.963,2,低
2026-07,高雄林園,A,A級,高危害,許可證,許可資訊,工程作業分級、申請時間、核准工作時間、工作許可證編號,31,26,25,1,0,1,0,0.9615,5,低
2026-07,高雄林園,A,A級,高危害,施工地點,場地關係人,施工部門、轄區部門、監造部門,31,27,26,1,0,0,0,0.963,2,低
2026-07,高雄林園,A,A級,高危害,包商,承攬商與人員資格,承攬商、工作人數、車輛車號、工地負責人、安衛人員、特殊作業主管,31,29,28,1,0,0,0,0.9655,2,低
2026-07,高雄林園,A,A級,高危害,危害等級,作業等級,施工地點、工程案號、工作內容、許可工作項目、作業分級,31,27,26,1,0,0,0,0.963,2,低
2026-07,高雄林園,A,A級,高危害,危害等級,管線設備危害物,可燃性氣體、易燃液體、有害性氣體、化學藥劑、酸鹼、熱水蒸氣、空氣、其他,31,29,28,1,0,0,0,0.9655,2,低
2026-07,高雄林園,A,A級,高危害,檢點與危害告知,簽發前安全檢點,是否安全檢點,31,31,30,1,0,0,0,0.9677,2,低
2026-07,高雄林園,A,A級,高危害,檢點與危害告知,危害告知,是否危害告知,31,28,27,1,0,0,0,0.9643,2,低
2026-07,高雄林園,A,A級,高危害,危害排除與隔離,環境危害排除,是否設備管線危害物排除,31,29,27,2,1,1,0,0.931,16,中
2026-07,高雄林園,A,A級,高危害,危害排除與隔離,隔離管制,設備管線是否加盲加鎖掛牌,31,26,24,2,1,1,0,0.9231,16,中
2026-07,高雄林園,A,A級,高危害,環境測定,氣體偵測數值,可燃性氣體%、氧氣%、一氧化碳PPM、硫化氫PPM,31,26,25,1,0,0,0,0.9615,2,低
2026-07,高雄林園,A,A級,高危害,環境測定,測定基準,可燃性氣體 < 20%LEL；氧氣>= 18%；一氧化碳<50 PPM；硫化氫<10 PPM,31,27,26,1,0,0,0,0.963,2,低
2026-07,高雄林園,A,A級,高危害,環境測定,測定頻率,上、下午施工前測定；A級或高風險作業需重複或連續測定；每小時/每兩小時紀錄表,31,27,25,2,1,1,0,0.9259,16,中
2026-07,高雄林園,A,A級,高危害,防火防爆,消防設備,是否有消防設備,31,30,28,2,1,1,0,0.9333,16,中
2026-07,高雄林園,A,A級,高危害,防火防爆,防爆安全工具,是否使用防爆電氣設備及安全工具,31,26,24,2,1,1,0,0.9231,16,中
2026-07,高雄林園,A,A級,高危害,高處作業,防墜措施,設標準施工架、安全網、安全母索、安全帶,31,30,28,2,1,1,0,0.9333,16,中
2026-07,高雄林園,A,A級,高危害,安全保護,個人防護具,是否有防護口罩、防毒面具、SCBA、防護手套、安全眼鏡、耳塞,31,28,27,1,0,0,0,0.9643,2,低
2026-07,高雄林園,A,A級,高危害,警戒巡查,警戒標示,是否有警戒標示,31,26,25,1,0,1,0,0.9615,5,低
2026-07,高雄林園,A,A級,高危害,警戒巡查,巡查會簽,是否轄區、監造、安衛人員或工地負責人巡查會簽,31,29,28,1,0,0,0,0.9655,2,低
2026-07,高雄林園,A,A級,高危害,收工回簽,回簽收工確認,是否回簽時確認環境已整理並完成防護措施,31,26,25,1,0,0,0,0.9615,2,低
2026-07,高雄林園,A,A級,高危害,收工回簽,一般安全規定,是否遵守工安規定,31,26,25,1,0,0,0,0.9615,2,低
2026-07,高雄林園,A,A級,高危害,收工回簽,現場紀錄,是否拍照,31,30,29,1,0,0,0,0.9667,2,低
2026-07,高雄林園,B,B級,中危害,廠區,基本資料,工廠、日期、時間,66,64,63,1,0,0,0,0.9844,2,低
2026-07,高雄林園,B,B級,中危害,許可證,許可資訊,工程作業分級、申請時間、核准工作時間、工作許可證編號,66,62,61,1,0,0,0,0.9839,2,低
2026-07,高雄林園,B,B級,中危害,施工地點,場地關係人,施工部門、轄區部門、監造部門,66,63,61,2,0,1,0,0.9683,7,低
2026-07,高雄林園,B,B級,中危害,包商,承攬商與人員資格,承攬商、工作人數、車輛車號、工地負責人、安衛人員、特殊作業主管,66,59,57,2,0,1,0,0.9661,7,低
2026-07,高雄林園,B,B級,中危害,危害等級,作業等級,施工地點、工程案號、工作內容、許可工作項目、作業分級,66,55,53,2,0,1,0,0.9636,7,低
2026-07,高雄林園,B,B級,中危害,危害等級,管線設備危害物,可燃性氣體、易燃液體、有害性氣體、化學藥劑、酸鹼、熱水蒸氣、空氣、其他,66,57,55,2,0,1,0,0.9649,7,低
2026-07,高雄林園,B,B級,中危害,檢點與危害告知,簽發前安全檢點,是否安全檢點,66,66,64,2,0,1,0,0.9697,7,低
2026-07,高雄林園,B,B級,中危害,檢點與危害告知,危害告知,是否危害告知,66,59,57,2,0,1,0,0.9661,7,低
2026-07,高雄林園,B,B級,中危害,危害排除與隔離,環境危害排除,是否設備管線危害物排除,66,56,54,2,1,1,0,0.9643,16,中
2026-07,高雄林園,B,B級,中危害,危害排除與隔離,隔離管制,設備管線是否加盲加鎖掛牌,66,64,62,2,1,0,0,0.9688,13,低
2026-07,高雄林園,B,B級,中危害,環境測定,氣體偵測數值,可燃性氣體%、氧氣%、一氧化碳PPM、硫化氫PPM,66,63,60,3,1,1,0,0.9524,18,中
2026-07,高雄林園,B,B級,中危害,環境測定,測定基準,可燃性氣體 < 20%LEL；氧氣>= 18%；一氧化碳<50 PPM；硫化氫<10 PPM,66,63,61,2,1,1,0,0.9683,16,中
2026-07,高雄林園,B,B級,中危害,環境測定,測定頻率,上、下午施工前測定；A級或高風險作業需重複或連續測定；每小時/每兩小時紀錄表,66,60,58,2,1,1,0,0.9667,16,中
2026-07,高雄林園,B,B級,中危害,防火防爆,消防設備,是否有消防設備,66,59,56,3,1,1,0,0.9492,18,中
2026-07,高雄林園,B,B級,中危害,防火防爆,防爆安全工具,是否使用防爆電氣設備及安全工具,66,56,54,2,1,1,0,0.9643,16,中
2026-07,高雄林園,B,B級,中危害,高處作業,防墜措施,設標準施工架、安全網、安全母索、安全帶,66,57,55,2,1,1,0,0.9649,16,中
2026-07,高雄林園,B,B級,中危害,安全保護,個人防護具,是否有防護口罩、防毒面具、SCBA、防護手套、安全眼鏡、耳塞,66,55,53,2,0,0,0,0.9636,4,低
2026-07,高雄林園,B,B級,中危害,警戒巡查,警戒標示,是否有警戒標示,66,56,54,2,0,1,0,0.9643,7,低
2026-07,高雄林園,B,B級,中危害,警戒巡查,巡查會簽,是否轄區、監造、安衛人員或工地負責人巡查會簽,66,54,53,1,0,0,0,0.9815,2,低
2026-07,高雄林園,B,B級,中危害,收工回簽,回簽收工確認,是否回簽時確認環境已整理並完成防護措施,66,58,56,2,0,0,0,0.9655,4,低
2026-07,高雄林園,B,B級,中危害,收工回簽,一般安全規定,是否遵守工安規定,66,60,58,2,0,0,0,0.9667,4,低
2026-07,高雄林園,B,B級,中危害,收工回簽,現場紀錄,是否拍照,66,58,56,2,0,0,0,0.9655,4,低
2026-07,高雄林園,C,C級,低危害,廠區,基本資料,工廠、日期、時間,44,40,39,1,0,0,0,0.975,2,低
2026-07,高雄林園,C,C級,低危害,許可證,許可資訊,工程作業分級、申請時間、核准工作時間、工作許可證編號,44,42,41,1,0,0,0,0.9762,2,低
2026-07,高雄林園,C,C級,低危害,施工地點,場地關係人,施工部門、轄區部門、監造部門,44,44,43,1,0,0,0,0.9773,2,低
2026-07,高雄林園,C,C級,低危害,包商,承攬商與人員資格,承攬商、工作人數、車輛車號、工地負責人、安衛人員、特殊作業主管,44,38,37,1,0,0,0,0.9737,2,低
2026-07,高雄林園,C,C級,低危害,危害等級,作業等級,施工地點、工程案號、工作內容、許可工作項目、作業分級,44,40,39,1,0,0,0,0.975,2,低
2026-07,高雄林園,C,C級,低危害,危害等級,管線設備危害物,可燃性氣體、易燃液體、有害性氣體、化學藥劑、酸鹼、熱水蒸氣、空氣、其他,44,42,41,1,0,0,0,0.9762,2,低
2026-07,高雄林園,C,C級,低危害,檢點與危害告知,簽發前安全檢點,是否安全檢點,44,41,40,1,0,0,0,0.9756,2,低
2026-07,高雄林園,C,C級,低危害,檢點與危害告知,危害告知,是否危害告知,44,38,37,1,0,0,0,0.9737,2,低
2026-07,高雄林園,C,C級,低危害,危害排除與隔離,環境危害排除,是否設備管線危害物排除,44,37,36,1,0,0,0,0.973,2,低
2026-07,高雄林園,C,C級,低危害,危害排除與隔離,隔離管制,設備管線是否加盲加鎖掛牌,44,42,41,1,0,0,0,0.9762,2,低
2026-07,高雄林園,C,C級,低危害,環境測定,氣體偵測數值,可燃性氣體%、氧氣%、一氧化碳PPM、硫化氫PPM,44,42,41,1,0,0,0,0.9762,2,低
2026-07,高雄林園,C,C級,低危害,環境測定,測定基準,可燃性氣體 < 20%LEL；氧氣>= 18%；一氧化碳<50 PPM；硫化氫<10 PPM,44,36,35,1,0,0,0,0.9722,2,低
2026-07,高雄林園,C,C級,低危害,環境測定,測定頻率,上、下午施工前測定；A級或高風險作業需重複或連續測定；每小時/每兩小時紀錄表,44,37,36,1,0,0,0,0.973,2,低
2026-07,高雄林園,C,C級,低危害,防火防爆,消防設備,是否有消防設備,44,41,39,2,1,1,0,0.9512,16,中
2026-07,高雄林園,C,C級,低危害,防火防爆,防爆安全工具,是否使用防爆電氣設備及安全工具,44,40,39,1,0,0,0,0.975,2,低
2026-07,高雄林園,C,C級,低危害,高處作業,防墜措施,設標準施工架、安全網、安全母索、安全帶,44,40,38,2,1,1,0,0.95,16,中
2026-07,高雄林園,C,C級,低危害,安全保護,個人防護具,是否有防護口罩、防毒面具、SCBA、防護手套、安全眼鏡、耳塞,44,39,38,1,0,0,0,0.9744,2,低
2026-07,高雄林園,C,C級,低危害,警戒巡查,警戒標示,是否有警戒標示,44,40,39,1,0,0,0,0.975,2,低
2026-07,高雄林園,C,C級,低危害,警戒巡查,巡查會簽,是否轄區、監造、安衛人員或工地負責人巡查會簽,44,44,43,1,0,0,0,0.9773,2,低
2026-07,高雄林園,C,C級,低危害,收工回簽,回簽收工確認,是否回簽時確認環境已整理並完成防護措施,44,41,40,1,0,0,0,0.9756,2,低
2026-07,高雄林園,C,C級,低危害,收工回簽,一般安全規定,是否遵守工安規定,44,41,40,1,0,0,0,0.9756,2,低
2026-07,高雄林園,C,C級,低危害,收工回簽,現場紀錄,是否拍照,44,43,42,1,0,0,0,0.9767,2,低
2026-08,高雄林園,A,A級,高危害,廠區,基本資料,工廠、日期、時間,26,24,24,0,0,0,0,1.0,0,低
2026-08,高雄林園,A,A級,高危害,許可證,許可資訊,工程作業分級、申請時間、核准工作時間、工作許可證編號,26,24,23,1,0,0,0,0.9583,2,低
2026-08,高雄林園,A,A級,高危害,施工地點,場地關係人,施工部門、轄區部門、監造部門,26,23,22,1,0,0,0,0.9565,2,低
2026-08,高雄林園,A,A級,高危害,包商,承攬商與人員資格,承攬商、工作人數、車輛車號、工地負責人、安衛人員、特殊作業主管,26,24,23,1,0,0,0,0.9583,2,低
2026-08,高雄林園,A,A級,高危害,危害等級,作業等級,施工地點、工程案號、工作內容、許可工作項目、作業分級,26,26,25,1,0,0,0,0.9615,2,低
2026-08,高雄林園,A,A級,高危害,危害等級,管線設備危害物,可燃性氣體、易燃液體、有害性氣體、化學藥劑、酸鹼、熱水蒸氣、空氣、其他,26,24,23,1,0,0,0,0.9583,2,低
2026-08,高雄林園,A,A級,高危害,檢點與危害告知,簽發前安全檢點,是否安全檢點,26,24,23,1,0,0,0,0.9583,2,低
2026-08,高雄林園,A,A級,高危害,檢點與危害告知,危害告知,是否危害告知,26,26,25,1,0,0,0,0.9615,2,低
2026-08,高雄林園,A,A級,高危害,危害排除與隔離,環境危害排除,是否設備管線危害物排除,26,24,22,2,1,1,0,0.9167,16,中
2026-08,高雄林園,A,A級,高危害,危害排除與隔離,隔離管制,設備管線是否加盲加鎖掛牌,26,22,21,1,0,0,0,0.9545,2,低
2026-08,高雄林園,A,A級,高危害,環境測定,氣體偵測數值,可燃性氣體%、氧氣%、一氧化碳PPM、硫化氫PPM,26,24,22,2,1,1,0,0.9167,16,中
2026-08,高雄林園,A,A級,高危害,環境測定,測定基準,可燃性氣體 < 20%LEL；氧氣>= 18%；一氧化碳<50 PPM；硫化氫<10 PPM,26,23,22,1,0,0,0,0.9565,2,低
2026-08,高雄林園,A,A級,高危害,環境測定,測定頻率,上、下午施工前測定；A級或高風險作業需重複或連續測定；每小時/每兩小時紀錄表,26,23,21,2,1,1,0,0.913,16,中
2026-08,高雄林園,A,A級,高危害,防火防爆,消防設備,是否有消防設備,26,23,21,2,1,1,0,0.913,16,中
2026-08,高雄林園,A,A級,高危害,防火防爆,防爆安全工具,是否使用防爆電氣設備及安全工具,26,24,22,2,1,1,0,0.9167,16,中
2026-08,高雄林園,A,A級,高危害,高處作業,防墜措施,設標準施工架、安全網、安全母索、安全帶,26,25,24,1,0,0,0,0.96,2,低
2026-08,高雄林園,A,A級,高危害,安全保護,個人防護具,是否有防護口罩、防毒面具、SCBA、防護手套、安全眼鏡、耳塞,26,24,23,1,0,0,0,0.9583,2,低
2026-08,高雄林園,A,A級,高危害,警戒巡查,警戒標示,是否有警戒標示,26,24,23,1,0,0,0,0.9583,2,低
2026-08,高雄林園,A,A級,高危害,警戒巡查,巡查會簽,是否轄區、監造、安衛人員或工地負責人巡查會簽,26,25,24,1,0,0,0,0.96,2,低
2026-08,高雄林園,A,A級,高危害,收工回簽,回簽收工確認,是否回簽時確認環境已整理並完成防護措施,26,25,24,1,0,0,0,0.96,2,低
2026-08,高雄林園,A,A級,高危害,收工回簽,一般安全規定,是否遵守工安規定,26,24,23,1,0,1,0,0.9583,5,低
2026-08,高雄林園,A,A級,高危害,收工回簽,現場紀錄,是否拍照,26,23,22,1,0,0,0,0.9565,2,低
2026-08,高雄林園,B,B級,中危害,廠區,基本資料,工廠、日期、時間,60,54,53,1,0,0,0,0.9815,2,低
2026-08,高雄林園,B,B級,中危害,許可證,許可資訊,工程作業分級、申請時間、核准工作時間、工作許可證編號,60,55,53,2,0,1,0,0.9636,7,低
2026-08,高雄林園,B,B級,中危害,施工地點,場地關係人,施工部門、轄區部門、監造部門,60,54,52,2,0,1,0,0.963,7,低
2026-08,高雄林園,B,B級,中危害,包商,承攬商與人員資格,承攬商、工作人數、車輛車號、工地負責人、安衛人員、特殊作業主管,60,50,48,2,0,1,0,0.96,7,低
2026-08,高雄林園,B,B級,中危害,危害等級,作業等級,施工地點、工程案號、工作內容、許可工作項目、作業分級,60,53,51,2,0,1,0,0.9623,7,低
2026-08,高雄林園,B,B級,中危害,危害等級,管線設備危害物,可燃性氣體、易燃液體、有害性氣體、化學藥劑、酸鹼、熱水蒸氣、空氣、其他,60,54,52,2,0,1,0,0.963,7,低
2026-08,高雄林園,B,B級,中危害,檢點與危害告知,簽發前安全檢點,是否安全檢點,60,50,49,1,0,0,0,0.98,2,低
2026-08,高雄林園,B,B級,中危害,檢點與危害告知,危害告知,是否危害告知,60,50,49,1,0,0,0,0.98,2,低
2026-08,高雄林園,B,B級,中危害,危害排除與隔離,環境危害排除,是否設備管線危害物排除,60,50,48,2,1,1,0,0.96,16,中
2026-08,高雄林園,B,B級,中危害,危害排除與隔離,隔離管制,設備管線是否加盲加鎖掛牌,60,54,51,3,1,1,0,0.9444,18,中
2026-08,高雄林園,B,B級,中危害,環境測定,氣體偵測數值,可燃性氣體%、氧氣%、一氧化碳PPM、硫化氫PPM,60,56,54,2,1,0,0,0.9643,13,低
2026-08,高雄林園,B,B級,中危害,環境測定,測定基準,可燃性氣體 < 20%LEL；氧氣>= 18%；一氧化碳<50 PPM；硫化氫<10 PPM,60,57,54,3,1,1,0,0.9474,18,中
2026-08,高雄林園,B,B級,中危害,環境測定,測定頻率,上、下午施工前測定；A級或高風險作業需重複或連續測定；每小時/每兩小時紀錄表,60,58,55,3,1,2,1,0.9483,26,中
2026-08,高雄林園,B,B級,中危害,防火防爆,消防設備,是否有消防設備,60,52,50,2,1,1,0,0.9615,16,中
2026-08,高雄林園,B,B級,中危害,防火防爆,防爆安全工具,是否使用防爆電氣設備及安全工具,60,58,56,2,1,1,0,0.9655,16,中
2026-08,高雄林園,B,B級,中危害,高處作業,防墜措施,設標準施工架、安全網、安全母索、安全帶,60,54,52,2,1,0,0,0.963,13,低
2026-08,高雄林園,B,B級,中危害,安全保護,個人防護具,是否有防護口罩、防毒面具、SCBA、防護手套、安全眼鏡、耳塞,60,53,51,2,0,1,0,0.9623,7,低
2026-08,高雄林園,B,B級,中危害,警戒巡查,警戒標示,是否有警戒標示,60,51,49,2,0,1,0,0.9608,7,低
2026-08,高雄林園,B,B級,中危害,警戒巡查,巡查會簽,是否轄區、監造、安衛人員或工地負責人巡查會簽,60,57,55,2,0,1,0,0.9649,7,低
2026-08,高雄林園,B,B級,中危害,收工回簽,回簽收工確認,是否回簽時確認環境已整理並完成防護措施,60,58,56,2,0,0,0,0.9655,4,低
2026-08,高雄林園,B,B級,中危害,收工回簽,一般安全規定,是否遵守工安規定,60,54,52,2,0,1,0,0.963,7,低
2026-08,高雄林園,B,B級,中危害,收工回簽,現場紀錄,是否拍照,60,59,57,2,0,1,0,0.9661,7,低
2026-08,高雄林園,C,C級,低危害,廠區,基本資料,工廠、日期、時間,46,42,41,1,0,0,0,0.9762,2,低
2026-08,高雄林園,C,C級,低危害,許可證,許可資訊,工程作業分級、申請時間、核准工作時間、工作許可證編號,46,39,38,1,0,0,0,0.9744,2,低
2026-08,高雄林園,C,C級,低危害,施工地點,場地關係人,施工部門、轄區部門、監造部門,46,40,39,1,0,0,0,0.975,2,低
2026-08,高雄林園,C,C級,低危害,包商,承攬商與人員資格,承攬商、工作人數、車輛車號、工地負責人、安衛人員、特殊作業主管,46,45,44,1,0,0,0,0.9778,2,低
2026-08,高雄林園,C,C級,低危害,危害等級,作業等級,施工地點、工程案號、工作內容、許可工作項目、作業分級,46,38,37,1,0,0,0,0.9737,2,低
2026-08,高雄林園,C,C級,低危害,危害等級,管線設備危害物,可燃性氣體、易燃液體、有害性氣體、化學藥劑、酸鹼、熱水蒸氣、空氣、其他,46,40,39,1,0,0,0,0.975,2,低
2026-08,高雄林園,C,C級,低危害,檢點與危害告知,簽發前安全檢點,是否安全檢點,46,45,44,1,0,0,0,0.9778,2,低
2026-08,高雄林園,C,C級,低危害,檢點與危害告知,危害告知,是否危害告知,46,45,44,1,0,0,0,0.9778,2,低
2026-08,高雄林園,C,C級,低危害,危害排除與隔離,環境危害排除,是否設備管線危害物排除,46,42,41,1,0,0,0,0.9762,2,低
2026-08,高雄林園,C,C級,低危害,危害排除與隔離,隔離管制,設備管線是否加盲加鎖掛牌,46,46,44,2,1,1,0,0.9565,16,中
2026-08,高雄林園,C,C級,低危害,環境測定,氣體偵測數值,可燃性氣體%、氧氣%、一氧化碳PPM、硫化氫PPM,46,40,39,1,0,0,0,0.975,2,低
2026-08,高雄林園,C,C級,低危害,環境測定,測定基準,可燃性氣體 < 20%LEL；氧氣>= 18%；一氧化碳<50 PPM；硫化氫<10 PPM,46,40,39,1,0,1,0,0.975,5,低
2026-08,高雄林園,C,C級,低危害,環境測定,測定頻率,上、下午施工前測定；A級或高風險作業需重複或連續測定；每小時/每兩小時紀錄表,46,43,41,2,1,0,0,0.9535,13,低
2026-08,高雄林園,C,C級,低危害,防火防爆,消防設備,是否有消防設備,46,41,40,1,0,0,0,0.9756,2,低
2026-08,高雄林園,C,C級,低危害,防火防爆,防爆安全工具,是否使用防爆電氣設備及安全工具,46,43,41,2,1,0,0,0.9535,13,低
2026-08,高雄林園,C,C級,低危害,高處作業,防墜措施,設標準施工架、安全網、安全母索、安全帶,46,45,44,1,0,0,0,0.9778,2,低
2026-08,高雄林園,C,C級,低危害,安全保護,個人防護具,是否有防護口罩、防毒面具、SCBA、防護手套、安全眼鏡、耳塞,46,39,38,1,0,0,0,0.9744,2,低
2026-08,高雄林園,C,C級,低危害,警戒巡查,警戒標示,是否有警戒標示,46,44,43,1,0,0,0,0.9773,2,低
2026-08,高雄林園,C,C級,低危害,警戒巡查,巡查會簽,是否轄區、監造、安衛人員或工地負責人巡查會簽,46,44,43,1,0,0,0,0.9773,2,低
2026-08,高雄林園,C,C級,低危害,收工回簽,回簽收工確認,是否回簽時確認環境已整理並完成防護措施,46,45,44,1,0,0,0,0.9778,2,低
2026-08,高雄林園,C,C級,低危害,收工回簽,一般安全規定,是否遵守工安規定,46,44,43,1,0,0,0,0.9773,2,低
2026-08,高雄林園,C,C級,低危害,收工回簽,現場紀錄,是否拍照,46,46,45,1,0,0,0,0.9783,2,低
2026-09,高雄林園,A,A級,高危害,廠區,基本資料,工廠、日期、時間,30,28,27,1,0,0,0,0.9643,2,低
2026-09,高雄林園,A,A級,高危害,許可證,許可資訊,工程作業分級、申請時間、核准工作時間、工作許可證編號,30,30,29,1,0,0,0,0.9667,2,低
2026-09,高雄林園,A,A級,高危害,施工地點,場地關係人,施工部門、轄區部門、監造部門,30,26,25,1,0,0,0,0.9615,2,低
2026-09,高雄林園,A,A級,高危害,包商,承攬商與人員資格,承攬商、工作人數、車輛車號、工地負責人、安衛人員、特殊作業主管,30,29,28,1,0,0,0,0.9655,2,低
2026-09,高雄林園,A,A級,高危害,危害等級,作業等級,施工地點、工程案號、工作內容、許可工作項目、作業分級,30,29,28,1,0,0,0,0.9655,2,低
2026-09,高雄林園,A,A級,高危害,危害等級,管線設備危害物,可燃性氣體、易燃液體、有害性氣體、化學藥劑、酸鹼、熱水蒸氣、空氣、其他,30,29,28,1,0,0,0,0.9655,2,低
2026-09,高雄林園,A,A級,高危害,檢點與危害告知,簽發前安全檢點,是否安全檢點,30,29,28,1,0,0,0,0.9655,2,低
2026-09,高雄林園,A,A級,高危害,檢點與危害告知,危害告知,是否危害告知,30,30,29,1,0,0,0,0.9667,2,低
2026-09,高雄林園,A,A級,高危害,危害排除與隔離,環境危害排除,是否設備管線危害物排除,30,27,25,2,1,0,0,0.9259,13,低
2026-09,高雄林園,A,A級,高危害,危害排除與隔離,隔離管制,設備管線是否加盲加鎖掛牌,30,26,25,1,0,0,0,0.9615,2,低
2026-09,高雄林園,A,A級,高危害,環境測定,氣體偵測數值,可燃性氣體%、氧氣%、一氧化碳PPM、硫化氫PPM,30,27,25,2,1,1,0,0.9259,16,中
2026-09,高雄林園,A,A級,高危害,環境測定,測定基準,可燃性氣體 < 20%LEL；氧氣>= 18%；一氧化碳<50 PPM；硫化氫<10 PPM,30,25,23,2,1,1,0,0.92,16,中
2026-09,高雄林園,A,A級,高危害,環境測定,測定頻率,上、下午施工前測定；A級或高風險作業需重複或連續測定；每小時/每兩小時紀錄表,30,25,23,2,1,0,0,0.92,13,低
2026-09,高雄林園,A,A級,高危害,防火防爆,消防設備,是否有消防設備,30,25,23,2,1,1,0,0.92,16,中
2026-09,高雄林園,A,A級,高危害,防火防爆,防爆安全工具,是否使用防爆電氣設備及安全工具,30,28,26,2,1,1,0,0.9286,16,中
2026-09,高雄林園,A,A級,高危害,高處作業,防墜措施,設標準施工架、安全網、安全母索、安全帶,30,29,27,2,1,1,0,0.931,16,中
2026-09,高雄林園,A,A級,高危害,安全保護,個人防護具,是否有防護口罩、防毒面具、SCBA、防護手套、安全眼鏡、耳塞,30,28,27,1,0,0,0,0.9643,2,低
2026-09,高雄林園,A,A級,高危害,警戒巡查,警戒標示,是否有警戒標示,30,30,29,1,0,0,0,0.9667,2,低
2026-09,高雄林園,A,A級,高危害,警戒巡查,巡查會簽,是否轄區、監造、安衛人員或工地負責人巡查會簽,30,29,28,1,0,0,0,0.9655,2,低
2026-09,高雄林園,A,A級,高危害,收工回簽,回簽收工確認,是否回簽時確認環境已整理並完成防護措施,30,25,24,1,0,0,0,0.96,2,低
2026-09,高雄林園,A,A級,高危害,收工回簽,一般安全規定,是否遵守工安規定,30,29,28,1,0,0,0,0.9655,2,低
2026-09,高雄林園,A,A級,高危害,收工回簽,現場紀錄,是否拍照,30,28,27,1,0,0,0,0.9643,2,低
2026-09,高雄林園,B,B級,中危害,廠區,基本資料,工廠、日期、時間,63,57,56,1,0,0,0,0.9825,2,低
2026-09,高雄林園,B,B級,中危害,許可證,許可資訊,工程作業分級、申請時間、核准工作時間、工作許可證編號,63,54,52,2,0,1,0,0.963,7,低
2026-09,高雄林園,B,B級,中危害,施工地點,場地關係人,施工部門、轄區部門、監造部門,63,53,52,1,0,0,0,0.9811,2,低
2026-09,高雄林園,B,B級,中危害,包商,承攬商與人員資格,承攬商、工作人數、車輛車號、工地負責人、安衛人員、特殊作業主管,63,59,57,2,0,1,0,0.9661,7,低
2026-09,高雄林園,B,B級,中危害,危害等級,作業等級,施工地點、工程案號、工作內容、許可工作項目、作業分級,63,63,61,2,0,0,0,0.9683,4,低
2026-09,高雄林園,B,B級,中危害,危害等級,管線設備危害物,可燃性氣體、易燃液體、有害性氣體、化學藥劑、酸鹼、熱水蒸氣、空氣、其他,63,60,58,2,0,1,0,0.9667,7,低
2026-09,高雄林園,B,B級,中危害,檢點與危害告知,簽發前安全檢點,是否安全檢點,63,52,50,2,0,0,0,0.9615,4,低
2026-09,高雄林園,B,B級,中危害,檢點與危害告知,危害告知,是否危害告知,63,61,59,2,0,1,0,0.9672,7,低
2026-09,高雄林園,B,B級,中危害,危害排除與隔離,環境危害排除,是否設備管線危害物排除,63,61,58,3,1,1,0,0.9508,18,中
2026-09,高雄林園,B,B級,中危害,危害排除與隔離,隔離管制,設備管線是否加盲加鎖掛牌,63,52,49,3,1,1,0,0.9423,18,中
2026-09,高雄林園,B,B級,中危害,環境測定,氣體偵測數值,可燃性氣體%、氧氣%、一氧化碳PPM、硫化氫PPM,63,58,55,3,1,1,0,0.9483,18,中
2026-09,高雄林園,B,B級,中危害,環境測定,測定基準,可燃性氣體 < 20%LEL；氧氣>= 18%；一氧化碳<50 PPM；硫化氫<10 PPM,63,52,49,3,1,1,0,0.9423,18,中
2026-09,高雄林園,B,B級,中危害,環境測定,測定頻率,上、下午施工前測定；A級或高風險作業需重複或連續測定；每小時/每兩小時紀錄表,63,60,57,3,1,1,0,0.95,18,中
2026-09,高雄林園,B,B級,中危害,防火防爆,消防設備,是否有消防設備,63,61,58,3,1,1,0,0.9508,18,中
2026-09,高雄林園,B,B級,中危害,防火防爆,防爆安全工具,是否使用防爆電氣設備及安全工具,63,60,57,3,1,1,0,0.95,18,中
2026-09,高雄林園,B,B級,中危害,高處作業,防墜措施,設標準施工架、安全網、安全母索、安全帶,63,58,56,2,1,1,0,0.9655,16,中
2026-09,高雄林園,B,B級,中危害,安全保護,個人防護具,是否有防護口罩、防毒面具、SCBA、防護手套、安全眼鏡、耳塞,63,55,53,2,0,1,0,0.9636,7,低
2026-09,高雄林園,B,B級,中危害,警戒巡查,警戒標示,是否有警戒標示,63,58,56,2,0,1,0,0.9655,7,低
2026-09,高雄林園,B,B級,中危害,警戒巡查,巡查會簽,是否轄區、監造、安衛人員或工地負責人巡查會簽,63,58,56,2,0,1,0,0.9655,7,低
2026-09,高雄林園,B,B級,中危害,收工回簽,回簽收工確認,是否回簽時確認環境已整理並完成防護措施,63,56,54,2,0,1,0,0.9643,7,低
2026-09,高雄林園,B,B級,中危害,收工回簽,一般安全規定,是否遵守工安規定,63,62,60,2,0,1,0,0.9677,7,低
2026-09,高雄林園,B,B級,中危害,收工回簽,現場紀錄,是否拍照,63,58,56,2,0,1,0,0.9655,7,低
2026-09,高雄林園,C,C級,低危害,廠區,基本資料,工廠、日期、時間,46,39,38,1,0,0,0,0.9744,2,低
2026-09,高雄林園,C,C級,低危害,許可證,許可資訊,工程作業分級、申請時間、核准工作時間、工作許可證編號,46,38,37,1,0,0,0,0.9737,2,低
2026-09,高雄林園,C,C級,低危害,施工地點,場地關係人,施工部門、轄區部門、監造部門,46,40,39,1,0,0,0,0.975,2,低
2026-09,高雄林園,C,C級,低危害,包商,承攬商與人員資格,承攬商、工作人數、車輛車號、工地負責人、安衛人員、特殊作業主管,46,41,40,1,0,0,0,0.9756,2,低
2026-09,高雄林園,C,C級,低危害,危害等級,作業等級,施工地點、工程案號、工作內容、許可工作項目、作業分級,46,42,41,1,0,0,0,0.9762,2,低
2026-09,高雄林園,C,C級,低危害,危害等級,管線設備危害物,可燃性氣體、易燃液體、有害性氣體、化學藥劑、酸鹼、熱水蒸氣、空氣、其他,46,40,39,1,0,0,0,0.975,2,低
2026-09,高雄林園,C,C級,低危害,檢點與危害告知,簽發前安全檢點,是否安全檢點,46,45,44,1,0,0,0,0.9778,2,低
2026-09,高雄林園,C,C級,低危害,檢點與危害告知,危害告知,是否危害告知,46,45,44,1,0,0,0,0.9778,2,低
2026-09,高雄林園,C,C級,低危害,危害排除與隔離,環境危害排除,是否設備管線危害物排除,46,39,38,1,0,1,0,0.9744,5,低
2026-09,高雄林園,C,C級,低危害,危害排除與隔離,隔離管制,設備管線是否加盲加鎖掛牌,46,38,37,1,0,0,0,0.9737,2,低
2026-09,高雄林園,C,C級,低危害,環境測定,氣體偵測數值,可燃性氣體%、氧氣%、一氧化碳PPM、硫化氫PPM,46,45,43,2,1,1,0,0.9556,16,中
2026-09,高雄林園,C,C級,低危害,環境測定,測定基準,可燃性氣體 < 20%LEL；氧氣>= 18%；一氧化碳<50 PPM；硫化氫<10 PPM,46,45,43,2,1,1,0,0.9556,16,中
2026-09,高雄林園,C,C級,低危害,環境測定,測定頻率,上、下午施工前測定；A級或高風險作業需重複或連續測定；每小時/每兩小時紀錄表,46,45,44,1,0,0,0,0.9778,2,低
2026-09,高雄林園,C,C級,低危害,防火防爆,消防設備,是否有消防設備,46,38,36,2,1,1,0,0.9474,16,中
2026-09,高雄林園,C,C級,低危害,防火防爆,防爆安全工具,是否使用防爆電氣設備及安全工具,46,46,44,2,1,1,0,0.9565,16,中
2026-09,高雄林園,C,C級,低危害,高處作業,防墜措施,設標準施工架、安全網、安全母索、安全帶,46,44,43,1,0,0,0,0.9773,2,低
2026-09,高雄林園,C,C級,低危害,安全保護,個人防護具,是否有防護口罩、防毒面具、SCBA、防護手套、安全眼鏡、耳塞,46,40,39,1,0,0,0,0.975,2,低
2026-09,高雄林園,C,C級,低危害,警戒巡查,警戒標示,是否有警戒標示,46,43,42,1,0,0,0,0.9767,2,低
2026-09,高雄林園,C,C級,低危害,警戒巡查,巡查會簽,是否轄區、監造、安衛人員或工地負責人巡查會簽,46,41,40,1,0,0,0,0.9756,2,低
2026-09,高雄林園,C,C級,低危害,收工回簽,回簽收工確認,是否回簽時確認環境已整理並完成防護措施,46,38,37,1,0,0,0,0.9737,2,低
2026-09,高雄林園,C,C級,低危害,收工回簽,一般安全規定,是否遵守工安規定,46,38,37,1,0,0,0,0.9737,2,低
2026-09,高雄林園,C,C級,低危害,收工回簽,現場紀錄,是否拍照,46,41,40,1,0,0,0,0.9756,2,低
2026-10,高雄林園,A,A級,高危害,廠區,基本資料,工廠、日期、時間,24,24,23,1,0,0,0,0.9583,2,低
2026-10,高雄林園,A,A級,高危害,許可證,許可資訊,工程作業分級、申請時間、核准工作時間、工作許可證編號,24,23,22,1,0,0,0,0.9565,2,低
2026-10,高雄林園,A,A級,高危害,施工地點,場地關係人,施工部門、轄區部門、監造部門,24,21,20,1,0,0,0,0.9524,2,低
2026-10,高雄林園,A,A級,高危害,包商,承攬商與人員資格,承攬商、工作人數、車輛車號、工地負責人、安衛人員、特殊作業主管,24,22,21,1,0,0,0,0.9545,2,低
2026-10,高雄林園,A,A級,高危害,危害等級,作業等級,施工地點、工程案號、工作內容、許可工作項目、作業分級,24,21,20,1,0,0,0,0.9524,2,低
2026-10,高雄林園,A,A級,高危害,危害等級,管線設備危害物,可燃性氣體、易燃液體、有害性氣體、化學藥劑、酸鹼、熱水蒸氣、空氣、其他,24,20,19,1,0,0,0,0.95,2,低
2026-10,高雄林園,A,A級,高危害,檢點與危害告知,簽發前安全檢點,是否安全檢點,24,20,19,1,0,0,0,0.95,2,低
2026-10,高雄林園,A,A級,高危害,檢點與危害告知,危害告知,是否危害告知,24,21,20,1,0,0,0,0.9524,2,低
2026-10,高雄林園,A,A級,高危害,危害排除與隔離,環境危害排除,是否設備管線危害物排除,24,22,20,2,1,0,0,0.9091,13,低
2026-10,高雄林園,A,A級,高危害,危害排除與隔離,隔離管制,設備管線是否加盲加鎖掛牌,24,20,19,1,0,0,0,0.95,2,低
2026-10,高雄林園,A,A級,高危害,環境測定,氣體偵測數值,可燃性氣體%、氧氣%、一氧化碳PPM、硫化氫PPM,24,23,22,1,0,0,0,0.9565,2,低
2026-10,高雄林園,A,A級,高危害,環境測定,測定基準,可燃性氣體 < 20%LEL；氧氣>= 18%；一氧化碳<50 PPM；硫化氫<10 PPM,24,22,20,2,1,1,0,0.9091,16,中
2026-10,高雄林園,A,A級,高危害,環境測定,測定頻率,上、下午施工前測定；A級或高風險作業需重複或連續測定；每小時/每兩小時紀錄表,24,20,19,1,0,0,0,0.95,2,低
2026-10,高雄林園,A,A級,高危害,防火防爆,消防設備,是否有消防設備,24,22,20,2,1,1,0,0.9091,16,中
2026-10,高雄林園,A,A級,高危害,防火防爆,防爆安全工具,是否使用防爆電氣設備及安全工具,24,23,21,2,1,1,0,0.913,16,中
2026-10,高雄林園,A,A級,高危害,高處作業,防墜措施,設標準施工架、安全網、安全母索、安全帶,24,21,20,1,0,0,0,0.9524,2,低
2026-10,高雄林園,A,A級,高危害,安全保護,個人防護具,是否有防護口罩、防毒面具、SCBA、防護手套、安全眼鏡、耳塞,24,22,21,1,0,0,0,0.9545,2,低
2026-10,高雄林園,A,A級,高危害,警戒巡查,警戒標示,是否有警戒標示,24,24,23,1,0,0,0,0.9583,2,低
2026-10,高雄林園,A,A級,高危害,警戒巡查,巡查會簽,是否轄區、監造、安衛人員或工地負責人巡查會簽,24,20,19,1,0,0,0,0.95,2,低
2026-10,高雄林園,A,A級,高危害,收工回簽,回簽收工確認,是否回簽時確認環境已整理並完成防護措施,24,23,22,1,0,0,0,0.9565,2,低
2026-10,高雄林園,A,A級,高危害,收工回簽,一般安全規定,是否遵守工安規定,24,22,21,1,0,0,0,0.9545,2,低
2026-10,高雄林園,A,A級,高危害,收工回簽,現場紀錄,是否拍照,24,24,23,1,0,1,0,0.9583,5,低
2026-10,高雄林園,B,B級,中危害,廠區,基本資料,工廠、日期、時間,61,57,56,1,0,0,0,0.9825,2,低
2026-10,高雄林園,B,B級,中危害,許可證,許可資訊,工程作業分級、申請時間、核准工作時間、工作許可證編號,61,58,56,2,0,1,0,0.9655,7,低
2026-10,高雄林園,B,B級,中危害,施工地點,場地關係人,施工部門、轄區部門、監造部門,61,57,56,1,0,0,0,0.9825,2,低
2026-10,高雄林園,B,B級,中危害,包商,承攬商與人員資格,承攬商、工作人數、車輛車號、工地負責人、安衛人員、特殊作業主管,61,56,55,1,0,0,0,0.9821,2,低
2026-10,高雄林園,B,B級,中危害,危害等級,作業等級,施工地點、工程案號、工作內容、許可工作項目、作業分級,61,52,50,2,0,0,0,0.9615,4,低
2026-10,高雄林園,B,B級,中危害,危害等級,管線設備危害物,可燃性氣體、易燃液體、有害性氣體、化學藥劑、酸鹼、熱水蒸氣、空氣、其他,61,52,50,2,0,1,0,0.9615,7,低
2026-10,高雄林園,B,B級,中危害,檢點與危害告知,簽發前安全檢點,是否安全檢點,61,59,57,2,0,1,0,0.9661,7,低
2026-10,高雄林園,B,B級,中危害,檢點與危害告知,危害告知,是否危害告知,61,57,55,2,0,1,0,0.9649,7,低
2026-10,高雄林園,B,B級,中危害,危害排除與隔離,環境危害排除,是否設備管線危害物排除,61,56,53,3,1,1,0,0.9464,18,中
2026-10,高雄林園,B,B級,中危害,危害排除與隔離,隔離管制,設備管線是否加盲加鎖掛牌,61,51,49,2,1,1,0,0.9608,16,中
2026-10,高雄林園,B,B級,中危害,環境測定,氣體偵測數值,可燃性氣體%、氧氣%、一氧化碳PPM、硫化氫PPM,61,57,54,3,1,1,0,0.9474,18,中
2026-10,高雄林園,B,B級,中危害,環境測定,測定基準,可燃性氣體 < 20%LEL；氧氣>= 18%；一氧化碳<50 PPM；硫化氫<10 PPM,61,56,53,3,1,1,0,0.9464,18,中
2026-10,高雄林園,B,B級,中危害,環境測定,測定頻率,上、下午施工前測定；A級或高風險作業需重複或連續測定；每小時/每兩小時紀錄表,61,59,56,3,1,2,1,0.9492,26,中
2026-10,高雄林園,B,B級,中危害,防火防爆,消防設備,是否有消防設備,61,60,57,3,1,1,0,0.95,18,中
2026-10,高雄林園,B,B級,中危害,防火防爆,防爆安全工具,是否使用防爆電氣設備及安全工具,61,51,49,2,1,1,0,0.9608,16,中
2026-10,高雄林園,B,B級,中危害,高處作業,防墜措施,設標準施工架、安全網、安全母索、安全帶,61,54,52,2,1,1,0,0.963,16,中
2026-10,高雄林園,B,B級,中危害,安全保護,個人防護具,是否有防護口罩、防毒面具、SCBA、防護手套、安全眼鏡、耳塞,61,59,57,2,0,0,0,0.9661,4,低
2026-10,高雄林園,B,B級,中危害,警戒巡查,警戒標示,是否有警戒標示,61,51,50,1,0,0,0,0.9804,2,低
2026-10,高雄林園,B,B級,中危害,警戒巡查,巡查會簽,是否轄區、監造、安衛人員或工地負責人巡查會簽,61,59,57,2,0,1,0,0.9661,7,低
2026-10,高雄林園,B,B級,中危害,收工回簽,回簽收工確認,是否回簽時確認環境已整理並完成防護措施,61,54,52,2,0,1,0,0.963,7,低
2026-10,高雄林園,B,B級,中危害,收工回簽,一般安全規定,是否遵守工安規定,61,59,57,2,0,0,0,0.9661,4,低
2026-10,高雄林園,B,B級,中危害,收工回簽,現場紀錄,是否拍照,61,54,52,2,0,1,0,0.963,7,低
2026-10,高雄林園,C,C級,低危害,廠區,基本資料,工廠、日期、時間,45,41,40,1,0,0,0,0.9756,2,低
2026-10,高雄林園,C,C級,低危害,許可證,許可資訊,工程作業分級、申請時間、核准工作時間、工作許可證編號,45,40,39,1,0,0,0,0.975,2,低
2026-10,高雄林園,C,C級,低危害,施工地點,場地關係人,施工部門、轄區部門、監造部門,45,39,38,1,0,0,0,0.9744,2,低
2026-10,高雄林園,C,C級,低危害,包商,承攬商與人員資格,承攬商、工作人數、車輛車號、工地負責人、安衛人員、特殊作業主管,45,42,41,1,0,0,0,0.9762,2,低
2026-10,高雄林園,C,C級,低危害,危害等級,作業等級,施工地點、工程案號、工作內容、許可工作項目、作業分級,45,43,42,1,0,0,0,0.9767,2,低
2026-10,高雄林園,C,C級,低危害,危害等級,管線設備危害物,可燃性氣體、易燃液體、有害性氣體、化學藥劑、酸鹼、熱水蒸氣、空氣、其他,45,44,43,1,0,0,0,0.9773,2,低
2026-10,高雄林園,C,C級,低危害,檢點與危害告知,簽發前安全檢點,是否安全檢點,45,41,40,1,0,0,0,0.9756,2,低
2026-10,高雄林園,C,C級,低危害,檢點與危害告知,危害告知,是否危害告知,45,43,42,1,0,0,0,0.9767,2,低
2026-10,高雄林園,C,C級,低危害,危害排除與隔離,環境危害排除,是否設備管線危害物排除,45,40,39,1,0,0,0,0.975,2,低
2026-10,高雄林園,C,C級,低危害,危害排除與隔離,隔離管制,設備管線是否加盲加鎖掛牌,45,38,37,1,0,0,0,0.9737,2,低
2026-10,高雄林園,C,C級,低危害,環境測定,氣體偵測數值,可燃性氣體%、氧氣%、一氧化碳PPM、硫化氫PPM,45,40,38,2,1,1,0,0.95,16,中
2026-10,高雄林園,C,C級,低危害,環境測定,測定基準,可燃性氣體 < 20%LEL；氧氣>= 18%；一氧化碳<50 PPM；硫化氫<10 PPM,45,40,39,1,0,0,0,0.975,2,低
2026-10,高雄林園,C,C級,低危害,環境測定,測定頻率,上、下午施工前測定；A級或高風險作業需重複或連續測定；每小時/每兩小時紀錄表,45,44,42,2,1,1,0,0.9545,16,中
2026-10,高雄林園,C,C級,低危害,防火防爆,消防設備,是否有消防設備,45,40,39,1,0,0,0,0.975,2,低
2026-10,高雄林園,C,C級,低危害,防火防爆,防爆安全工具,是否使用防爆電氣設備及安全工具,45,39,38,1,0,0,0,0.9744,2,低
2026-10,高雄林園,C,C級,低危害,高處作業,防墜措施,設標準施工架、安全網、安全母索、安全帶,45,44,43,1,0,0,0,0.9773,2,低
2026-10,高雄林園,C,C級,低危害,安全保護,個人防護具,是否有防護口罩、防毒面具、SCBA、防護手套、安全眼鏡、耳塞,45,42,41,1,0,0,0,0.9762,2,低
2026-10,高雄林園,C,C級,低危害,警戒巡查,警戒標示,是否有警戒標示,45,38,37,1,0,0,0,0.9737,2,低
2026-10,高雄林園,C,C級,低危害,警戒巡查,巡查會簽,是否轄區、監造、安衛人員或工地負責人巡查會簽,45,39,38,1,0,0,0,0.9744,2,低
2026-10,高雄林園,C,C級,低危害,收工回簽,回簽收工確認,是否回簽時確認環境已整理並完成防護措施,45,43,42,1,0,0,0,0.9767,2,低
2026-10,高雄林園,C,C級,低危害,收工回簽,一般安全規定,是否遵守工安規定,45,39,38,1,0,0,0,0.9744,2,低
2026-10,高雄林園,C,C級,低危害,收工回簽,現場紀錄,是否拍照,45,39,38,1,0,0,0,0.9744,2,低
2026-11,高雄林園,A,A級,高危害,廠區,基本資料,工廠、日期、時間,30,26,25,1,0,0,0,0.9615,2,低
2026-11,高雄林園,A,A級,高危害,許可證,許可資訊,工程作業分級、申請時間、核准工作時間、工作許可證編號,30,30,29,1,0,0,0,0.9667,2,低
2026-11,高雄林園,A,A級,高危害,施工地點,場地關係人,施工部門、轄區部門、監造部門,30,28,27,1,0,0,0,0.9643,2,低
2026-11,高雄林園,A,A級,高危害,包商,承攬商與人員資格,承攬商、工作人數、車輛車號、工地負責人、安衛人員、特殊作業主管,30,25,24,1,0,0,0,0.96,2,低
2026-11,高雄林園,A,A級,高危害,危害等級,作業等級,施工地點、工程案號、工作內容、許可工作項目、作業分級,30,26,25,1,0,0,0,0.9615,2,低
2026-11,高雄林園,A,A級,高危害,危害等級,管線設備危害物,可燃性氣體、易燃液體、有害性氣體、化學藥劑、酸鹼、熱水蒸氣、空氣、其他,30,28,27,1,0,0,0,0.9643,2,低
2026-11,高雄林園,A,A級,高危害,檢點與危害告知,簽發前安全檢點,是否安全檢點,30,26,25,1,0,0,0,0.9615,2,低
2026-11,高雄林園,A,A級,高危害,檢點與危害告知,危害告知,是否危害告知,30,26,25,1,0,0,0,0.9615,2,低
2026-11,高雄林園,A,A級,高危害,危害排除與隔離,環境危害排除,是否設備管線危害物排除,30,30,28,2,1,1,0,0.9333,16,中
2026-11,高雄林園,A,A級,高危害,危害排除與隔離,隔離管制,設備管線是否加盲加鎖掛牌,30,26,24,2,1,1,0,0.9231,16,中
2026-11,高雄林園,A,A級,高危害,環境測定,氣體偵測數值,可燃性氣體%、氧氣%、一氧化碳PPM、硫化氫PPM,30,30,28,2,1,1,0,0.9333,16,中
2026-11,高雄林園,A,A級,高危害,環境測定,測定基準,可燃性氣體 < 20%LEL；氧氣>= 18%；一氧化碳<50 PPM；硫化氫<10 PPM,30,30,28,2,1,1,0,0.9333,16,中
2026-11,高雄林園,A,A級,高危害,環境測定,測定頻率,上、下午施工前測定；A級或高風險作業需重複或連續測定；每小時/每兩小時紀錄表,30,28,26,2,1,1,0,0.9286,16,中
2026-11,高雄林園,A,A級,高危害,防火防爆,消防設備,是否有消防設備,30,25,24,1,0,0,0,0.96,2,低
2026-11,高雄林園,A,A級,高危害,防火防爆,防爆安全工具,是否使用防爆電氣設備及安全工具,30,25,24,1,0,0,0,0.96,2,低
2026-11,高雄林園,A,A級,高危害,高處作業,防墜措施,設標準施工架、安全網、安全母索、安全帶,30,28,27,1,0,0,0,0.9643,2,低
2026-11,高雄林園,A,A級,高危害,安全保護,個人防護具,是否有防護口罩、防毒面具、SCBA、防護手套、安全眼鏡、耳塞,30,26,25,1,0,0,0,0.9615,2,低
2026-11,高雄林園,A,A級,高危害,警戒巡查,警戒標示,是否有警戒標示,30,27,26,1,0,1,0,0.963,5,低
2026-11,高雄林園,A,A級,高危害,警戒巡查,巡查會簽,是否轄區、監造、安衛人員或工地負責人巡查會簽,30,25,24,1,0,0,0,0.96,2,低
2026-11,高雄林園,A,A級,高危害,收工回簽,回簽收工確認,是否回簽時確認環境已整理並完成防護措施,30,30,29,1,0,0,0,0.9667,2,低
2026-11,高雄林園,A,A級,高危害,收工回簽,一般安全規定,是否遵守工安規定,30,29,28,1,0,0,0,0.9655,2,低
2026-11,高雄林園,A,A級,高危害,收工回簽,現場紀錄,是否拍照,30,25,24,1,0,0,0,0.96,2,低
2026-11,高雄林園,B,B級,中危害,廠區,基本資料,工廠、日期、時間,63,61,60,1,0,0,0,0.9836,2,低
2026-11,高雄林園,B,B級,中危害,許可證,許可資訊,工程作業分級、申請時間、核准工作時間、工作許可證編號,63,59,58,1,0,0,0,0.9831,2,低
2026-11,高雄林園,B,B級,中危害,施工地點,場地關係人,施工部門、轄區部門、監造部門,63,56,55,1,0,0,0,0.9821,2,低
2026-11,高雄林園,B,B級,中危害,包商,承攬商與人員資格,承攬商、工作人數、車輛車號、工地負責人、安衛人員、特殊作業主管,63,52,51,1,0,0,0,0.9808,2,低
2026-11,高雄林園,B,B級,中危害,危害等級,作業等級,施工地點、工程案號、工作內容、許可工作項目、作業分級,63,59,57,2,0,1,0,0.9661,7,低
2026-11,高雄林園,B,B級,中危害,危害等級,管線設備危害物,可燃性氣體、易燃液體、有害性氣體、化學藥劑、酸鹼、熱水蒸氣、空氣、其他,63,54,52,2,0,1,0,0.963,7,低
2026-11,高雄林園,B,B級,中危害,檢點與危害告知,簽發前安全檢點,是否安全檢點,63,63,61,2,0,1,0,0.9683,7,低
2026-11,高雄林園,B,B級,中危害,檢點與危害告知,危害告知,是否危害告知,63,53,51,2,0,1,0,0.9623,7,低
2026-11,高雄林園,B,B級,中危害,危害排除與隔離,環境危害排除,是否設備管線危害物排除,63,59,56,3,1,2,1,0.9492,26,中
2026-11,高雄林園,B,B級,中危害,危害排除與隔離,隔離管制,設備管線是否加盲加鎖掛牌,63,55,53,2,1,1,0,0.9636,16,中
2026-11,高雄林園,B,B級,中危害,環境測定,氣體偵測數值,可燃性氣體%、氧氣%、一氧化碳PPM、硫化氫PPM,63,58,56,2,1,0,0,0.9655,13,低
2026-11,高雄林園,B,B級,中危害,環境測定,測定基準,可燃性氣體 < 20%LEL；氧氣>= 18%；一氧化碳<50 PPM；硫化氫<10 PPM,63,58,55,3,1,1,0,0.9483,18,中
2026-11,高雄林園,B,B級,中危害,環境測定,測定頻率,上、下午施工前測定；A級或高風險作業需重複或連續測定；每小時/每兩小時紀錄表,63,59,56,3,1,1,0,0.9492,18,中
2026-11,高雄林園,B,B級,中危害,防火防爆,消防設備,是否有消防設備,63,61,59,2,1,0,0,0.9672,13,低
2026-11,高雄林園,B,B級,中危害,防火防爆,防爆安全工具,是否使用防爆電氣設備及安全工具,63,54,52,2,1,0,0,0.963,13,低
2026-11,高雄林園,B,B級,中危害,高處作業,防墜措施,設標準施工架、安全網、安全母索、安全帶,63,54,51,3,1,1,0,0.9444,18,中
2026-11,高雄林園,B,B級,中危害,安全保護,個人防護具,是否有防護口罩、防毒面具、SCBA、防護手套、安全眼鏡、耳塞,63,62,59,3,0,1,0,0.9516,9,低
2026-11,高雄林園,B,B級,中危害,警戒巡查,警戒標示,是否有警戒標示,63,59,57,2,0,0,0,0.9661,4,低
2026-11,高雄林園,B,B級,中危害,警戒巡查,巡查會簽,是否轄區、監造、安衛人員或工地負責人巡查會簽,63,61,59,2,0,1,0,0.9672,7,低
2026-11,高雄林園,B,B級,中危害,收工回簽,回簽收工確認,是否回簽時確認環境已整理並完成防護措施,63,52,50,2,0,1,0,0.9615,7,低
2026-11,高雄林園,B,B級,中危害,收工回簽,一般安全規定,是否遵守工安規定,63,60,58,2,0,1,0,0.9667,7,低
2026-11,高雄林園,B,B級,中危害,收工回簽,現場紀錄,是否拍照,63,63,61,2,0,0,0,0.9683,4,低
2026-11,高雄林園,C,C級,低危害,廠區,基本資料,工廠、日期、時間,45,38,37,1,0,0,0,0.9737,2,低
2026-11,高雄林園,C,C級,低危害,許可證,許可資訊,工程作業分級、申請時間、核准工作時間、工作許可證編號,45,41,40,1,0,0,0,0.9756,2,低
2026-11,高雄林園,C,C級,低危害,施工地點,場地關係人,施工部門、轄區部門、監造部門,45,43,42,1,0,0,0,0.9767,2,低
2026-11,高雄林園,C,C級,低危害,包商,承攬商與人員資格,承攬商、工作人數、車輛車號、工地負責人、安衛人員、特殊作業主管,45,38,37,1,0,0,0,0.9737,2,低
2026-11,高雄林園,C,C級,低危害,危害等級,作業等級,施工地點、工程案號、工作內容、許可工作項目、作業分級,45,41,40,1,0,0,0,0.9756,2,低
2026-11,高雄林園,C,C級,低危害,危害等級,管線設備危害物,可燃性氣體、易燃液體、有害性氣體、化學藥劑、酸鹼、熱水蒸氣、空氣、其他,45,43,42,1,0,1,0,0.9767,5,低
2026-11,高雄林園,C,C級,低危害,檢點與危害告知,簽發前安全檢點,是否安全檢點,45,42,41,1,0,0,0,0.9762,2,低
2026-11,高雄林園,C,C級,低危害,檢點與危害告知,危害告知,是否危害告知,45,42,41,1,0,0,0,0.9762,2,低
2026-11,高雄林園,C,C級,低危害,危害排除與隔離,環境危害排除,是否設備管線危害物排除,45,37,36,1,0,0,0,0.973,2,低
2026-11,高雄林園,C,C級,低危害,危害排除與隔離,隔離管制,設備管線是否加盲加鎖掛牌,45,43,41,2,1,1,0,0.9535,16,中
2026-11,高雄林園,C,C級,低危害,環境測定,氣體偵測數值,可燃性氣體%、氧氣%、一氧化碳PPM、硫化氫PPM,45,39,38,1,0,1,0,0.9744,5,低
2026-11,高雄林園,C,C級,低危害,環境測定,測定基準,可燃性氣體 < 20%LEL；氧氣>= 18%；一氧化碳<50 PPM；硫化氫<10 PPM,45,40,38,2,1,1,0,0.95,16,中
2026-11,高雄林園,C,C級,低危害,環境測定,測定頻率,上、下午施工前測定；A級或高風險作業需重複或連續測定；每小時/每兩小時紀錄表,45,39,38,1,0,0,0,0.9744,2,低
2026-11,高雄林園,C,C級,低危害,防火防爆,消防設備,是否有消防設備,45,43,42,1,0,0,0,0.9767,2,低
2026-11,高雄林園,C,C級,低危害,防火防爆,防爆安全工具,是否使用防爆電氣設備及安全工具,45,43,41,2,1,1,0,0.9535,16,中
2026-11,高雄林園,C,C級,低危害,高處作業,防墜措施,設標準施工架、安全網、安全母索、安全帶,45,41,40,1,0,1,0,0.9756,5,低
2026-11,高雄林園,C,C級,低危害,安全保護,個人防護具,是否有防護口罩、防毒面具、SCBA、防護手套、安全眼鏡、耳塞,45,37,36,1,0,0,0,0.973,2,低
2026-11,高雄林園,C,C級,低危害,警戒巡查,警戒標示,是否有警戒標示,45,42,41,1,0,0,0,0.9762,2,低
2026-11,高雄林園,C,C級,低危害,警戒巡查,巡查會簽,是否轄區、監造、安衛人員或工地負責人巡查會簽,45,45,44,1,0,0,0,0.9778,2,低
2026-11,高雄林園,C,C級,低危害,收工回簽,回簽收工確認,是否回簽時確認環境已整理並完成防護措施,45,41,40,1,0,0,0,0.9756,2,低
2026-11,高雄林園,C,C級,低危害,收工回簽,一般安全規定,是否遵守工安規定,45,38,37,1,0,0,0,0.9737,2,低
2026-11,高雄林園,C,C級,低危害,收工回簽,現場紀錄,是否拍照,45,41,40,1,0,0,0,0.9756,2,低
2026-12,高雄林園,A,A級,高危害,廠區,基本資料,工廠、日期、時間,27,26,25,1,0,0,0,0.9615,2,低
2026-12,高雄林園,A,A級,高危害,許可證,許可資訊,工程作業分級、申請時間、核准工作時間、工作許可證編號,27,24,23,1,0,1,0,0.9583,5,低
2026-12,高雄林園,A,A級,高危害,施工地點,場地關係人,施工部門、轄區部門、監造部門,27,22,21,1,0,0,0,0.9545,2,低
2026-12,高雄林園,A,A級,高危害,包商,承攬商與人員資格,承攬商、工作人數、車輛車號、工地負責人、安衛人員、特殊作業主管,27,25,24,1,0,0,0,0.96,2,低
2026-12,高雄林園,A,A級,高危害,危害等級,作業等級,施工地點、工程案號、工作內容、許可工作項目、作業分級,27,27,26,1,0,0,0,0.963,2,低
2026-12,高雄林園,A,A級,高危害,危害等級,管線設備危害物,可燃性氣體、易燃液體、有害性氣體、化學藥劑、酸鹼、熱水蒸氣、空氣、其他,27,25,24,1,0,0,0,0.96,2,低
2026-12,高雄林園,A,A級,高危害,檢點與危害告知,簽發前安全檢點,是否安全檢點,27,23,22,1,0,0,0,0.9565,2,低
2026-12,高雄林園,A,A級,高危害,檢點與危害告知,危害告知,是否危害告知,27,25,24,1,0,0,0,0.96,2,低
2026-12,高雄林園,A,A級,高危害,危害排除與隔離,環境危害排除,是否設備管線危害物排除,27,23,22,1,0,0,0,0.9565,2,低
2026-12,高雄林園,A,A級,高危害,危害排除與隔離,隔離管制,設備管線是否加盲加鎖掛牌,27,24,23,1,0,0,0,0.9583,2,低
2026-12,高雄林園,A,A級,高危害,環境測定,氣體偵測數值,可燃性氣體%、氧氣%、一氧化碳PPM、硫化氫PPM,27,24,23,1,0,0,0,0.9583,2,低
2026-12,高雄林園,A,A級,高危害,環境測定,測定基準,可燃性氣體 < 20%LEL；氧氣>= 18%；一氧化碳<50 PPM；硫化氫<10 PPM,27,26,24,2,1,1,0,0.9231,16,中
2026-12,高雄林園,A,A級,高危害,環境測定,測定頻率,上、下午施工前測定；A級或高風險作業需重複或連續測定；每小時/每兩小時紀錄表,27,26,24,2,1,1,0,0.9231,16,中
2026-12,高雄林園,A,A級,高危害,防火防爆,消防設備,是否有消防設備,27,24,22,2,1,1,0,0.9167,16,中
2026-12,高雄林園,A,A級,高危害,防火防爆,防爆安全工具,是否使用防爆電氣設備及安全工具,27,26,24,2,1,0,0,0.9231,13,低
2026-12,高雄林園,A,A級,高危害,高處作業,防墜措施,設標準施工架、安全網、安全母索、安全帶,27,24,23,1,0,0,0,0.9583,2,低
2026-12,高雄林園,A,A級,高危害,安全保護,個人防護具,是否有防護口罩、防毒面具、SCBA、防護手套、安全眼鏡、耳塞,27,26,25,1,0,0,0,0.9615,2,低
2026-12,高雄林園,A,A級,高危害,警戒巡查,警戒標示,是否有警戒標示,27,23,22,1,0,0,0,0.9565,2,低
2026-12,高雄林園,A,A級,高危害,警戒巡查,巡查會簽,是否轄區、監造、安衛人員或工地負責人巡查會簽,27,24,23,1,0,0,0,0.9583,2,低
2026-12,高雄林園,A,A級,高危害,收工回簽,回簽收工確認,是否回簽時確認環境已整理並完成防護措施,27,25,24,1,0,0,0,0.96,2,低
2026-12,高雄林園,A,A級,高危害,收工回簽,一般安全規定,是否遵守工安規定,27,24,23,1,0,0,0,0.9583,2,低
2026-12,高雄林園,A,A級,高危害,收工回簽,現場紀錄,是否拍照,27,23,22,1,0,0,0,0.9565,2,低
2026-12,高雄林園,B,B級,中危害,廠區,基本資料,工廠、日期、時間,69,58,57,1,0,0,0,0.9828,2,低
2026-12,高雄林園,B,B級,中危害,許可證,許可資訊,工程作業分級、申請時間、核准工作時間、工作許可證編號,69,58,57,1,0,0,0,0.9828,2,低
2026-12,高雄林園,B,B級,中危害,施工地點,場地關係人,施工部門、轄區部門、監造部門,69,62,60,2,0,1,0,0.9677,7,低
2026-12,高雄林園,B,B級,中危害,包商,承攬商與人員資格,承攬商、工作人數、車輛車號、工地負責人、安衛人員、特殊作業主管,69,66,64,2,0,1,0,0.9697,7,低
2026-12,高雄林園,B,B級,中危害,危害等級,作業等級,施工地點、工程案號、工作內容、許可工作項目、作業分級,69,58,56,2,0,1,0,0.9655,7,低
2026-12,高雄林園,B,B級,中危害,危害等級,管線設備危害物,可燃性氣體、易燃液體、有害性氣體、化學藥劑、酸鹼、熱水蒸氣、空氣、其他,69,59,57,2,0,1,0,0.9661,7,低
2026-12,高雄林園,B,B級,中危害,檢點與危害告知,簽發前安全檢點,是否安全檢點,69,69,67,2,0,0,0,0.971,4,低
2026-12,高雄林園,B,B級,中危害,檢點與危害告知,危害告知,是否危害告知,69,61,59,2,0,0,0,0.9672,4,低
2026-12,高雄林園,B,B級,中危害,危害排除與隔離,環境危害排除,是否設備管線危害物排除,69,57,54,3,1,1,0,0.9474,18,中
2026-12,高雄林園,B,B級,中危害,危害排除與隔離,隔離管制,設備管線是否加盲加鎖掛牌,69,57,55,2,1,0,0,0.9649,13,低
2026-12,高雄林園,B,B級,中危害,環境測定,氣體偵測數值,可燃性氣體%、氧氣%、一氧化碳PPM、硫化氫PPM,69,65,61,4,1,2,1,0.9385,28,中
2026-12,高雄林園,B,B級,中危害,環境測定,測定基準,可燃性氣體 < 20%LEL；氧氣>= 18%；一氧化碳<50 PPM；硫化氫<10 PPM,69,61,58,3,1,1,0,0.9508,18,中
2026-12,高雄林園,B,B級,中危害,環境測定,測定頻率,上、下午施工前測定；A級或高風險作業需重複或連續測定；每小時/每兩小時紀錄表,69,58,55,3,1,2,1,0.9483,26,中
2026-12,高雄林園,B,B級,中危害,防火防爆,消防設備,是否有消防設備,69,57,55,2,1,1,0,0.9649,16,中
2026-12,高雄林園,B,B級,中危害,防火防爆,防爆安全工具,是否使用防爆電氣設備及安全工具,69,62,59,3,1,1,0,0.9516,18,中
2026-12,高雄林園,B,B級,中危害,高處作業,防墜措施,設標準施工架、安全網、安全母索、安全帶,69,67,65,2,1,1,0,0.9701,16,中
2026-12,高雄林園,B,B級,中危害,安全保護,個人防護具,是否有防護口罩、防毒面具、SCBA、防護手套、安全眼鏡、耳塞,69,60,58,2,0,0,0,0.9667,4,低
2026-12,高雄林園,B,B級,中危害,警戒巡查,警戒標示,是否有警戒標示,69,63,61,2,0,0,0,0.9683,4,低
2026-12,高雄林園,B,B級,中危害,警戒巡查,巡查會簽,是否轄區、監造、安衛人員或工地負責人巡查會簽,69,66,63,3,0,1,0,0.9545,9,低
2026-12,高雄林園,B,B級,中危害,收工回簽,回簽收工確認,是否回簽時確認環境已整理並完成防護措施,69,58,56,2,0,1,0,0.9655,7,低
2026-12,高雄林園,B,B級,中危害,收工回簽,一般安全規定,是否遵守工安規定,69,63,61,2,0,1,0,0.9683,7,低
2026-12,高雄林園,B,B級,中危害,收工回簽,現場紀錄,是否拍照,69,62,61,1,0,0,0,0.9839,2,低
2026-12,高雄林園,C,C級,低危害,廠區,基本資料,工廠、日期、時間,49,41,40,1,0,0,0,0.9756,2,低
2026-12,高雄林園,C,C級,低危害,許可證,許可資訊,工程作業分級、申請時間、核准工作時間、工作許可證編號,49,48,47,1,0,0,0,0.9792,2,低
2026-12,高雄林園,C,C級,低危害,施工地點,場地關係人,施工部門、轄區部門、監造部門,49,49,48,1,0,0,0,0.9796,2,低
2026-12,高雄林園,C,C級,低危害,包商,承攬商與人員資格,承攬商、工作人數、車輛車號、工地負責人、安衛人員、特殊作業主管,49,46,45,1,0,0,0,0.9783,2,低
2026-12,高雄林園,C,C級,低危害,危害等級,作業等級,施工地點、工程案號、工作內容、許可工作項目、作業分級,49,47,45,2,0,1,0,0.9574,7,低
2026-12,高雄林園,C,C級,低危害,危害等級,管線設備危害物,可燃性氣體、易燃液體、有害性氣體、化學藥劑、酸鹼、熱水蒸氣、空氣、其他,49,47,46,1,0,0,0,0.9787,2,低
2026-12,高雄林園,C,C級,低危害,檢點與危害告知,簽發前安全檢點,是否安全檢點,49,47,46,1,0,0,0,0.9787,2,低
2026-12,高雄林園,C,C級,低危害,檢點與危害告知,危害告知,是否危害告知,49,48,47,1,0,0,0,0.9792,2,低
2026-12,高雄林園,C,C級,低危害,危害排除與隔離,環境危害排除,是否設備管線危害物排除,49,44,42,2,1,1,0,0.9545,16,中
2026-12,高雄林園,C,C級,低危害,危害排除與隔離,隔離管制,設備管線是否加盲加鎖掛牌,49,45,44,1,0,1,0,0.9778,5,低
2026-12,高雄林園,C,C級,低危害,環境測定,氣體偵測數值,可燃性氣體%、氧氣%、一氧化碳PPM、硫化氫PPM,49,44,43,1,0,0,0,0.9773,2,低
2026-12,高雄林園,C,C級,低危害,環境測定,測定基準,可燃性氣體 < 20%LEL；氧氣>= 18%；一氧化碳<50 PPM；硫化氫<10 PPM,49,42,40,2,1,1,0,0.9524,16,中
2026-12,高雄林園,C,C級,低危害,環境測定,測定頻率,上、下午施工前測定；A級或高風險作業需重複或連續測定；每小時/每兩小時紀錄表,49,42,41,1,0,0,0,0.9762,2,低
2026-12,高雄林園,C,C級,低危害,防火防爆,消防設備,是否有消防設備,49,47,45,2,1,1,0,0.9574,16,中
2026-12,高雄林園,C,C級,低危害,防火防爆,防爆安全工具,是否使用防爆電氣設備及安全工具,49,43,41,2,1,1,0,0.9535,16,中
2026-12,高雄林園,C,C級,低危害,高處作業,防墜措施,設標準施工架、安全網、安全母索、安全帶,49,41,40,1,0,0,0,0.9756,2,低
2026-12,高雄林園,C,C級,低危害,安全保護,個人防護具,是否有防護口罩、防毒面具、SCBA、防護手套、安全眼鏡、耳塞,49,42,41,1,0,0,0,0.9762,2,低
2026-12,高雄林園,C,C級,低危害,警戒巡查,警戒標示,是否有警戒標示,49,42,41,1,0,1,0,0.9762,5,低
2026-12,高雄林園,C,C級,低危害,警戒巡查,巡查會簽,是否轄區、監造、安衛人員或工地負責人巡查會簽,49,44,43,1,0,0,0,0.9773,2,低
2026-12,高雄林園,C,C級,低危害,收工回簽,回簽收工確認,是否回簽時確認環境已整理並完成防護措施,49,43,42,1,0,0,0,0.9767,2,低
2026-12,高雄林園,C,C級,低危害,收工回簽,一般安全規定,是否遵守工安規定,49,42,41,1,0,0,0,0.9762,2,低
2026-12,高雄林園,C,C級,低危害,收工回簽,現場紀錄,是否拍照,49,45,44,1,0,0,0,0.9778,2,低
